run,stage,model,direction,batch,q,steps,arm,cut,policy,sample,e2e_ms,prefill_ms,decode_mean_ms,first_errors,last_errors
experiments/inferrelay_two_node/results/t3-125m-a-b-02,t3,opt-125m,A-B,1,32,8,Cresident,2,priority,1,23.177141666412354,3.625382423400879,2.791774204799107,"{'tokens_exact': True, 'logits_max_abs': 0.0, 'kv_max_abs': 0.0}","{'tokens_exact': True, 'logits_max_abs': 0.0, 'kv_max_abs': 0.0}"
experiments/inferrelay_two_node/results/t3-125m-a-b-02,t3,opt-125m,A-B,1,32,8,Cresident,2,priority,2,25.03339910507202,4.085982799530029,2.990715708051409,"{'tokens_exact': True, 'logits_max_abs': 0.0, 'kv_max_abs': 0.0}","{'tokens_exact': True, 'logits_max_abs': 0.0, 'kv_max_abs': 0.0}"
experiments/inferrelay_two_node/results/t3-125m-a-b-02,t3,opt-125m,A-B,1,32,8,Cresident,2,priority,3,27.497591018676758,4.363673686981201,3.3028171403067454,"{'tokens_exact': True, 'logits_max_abs': 0.0, 'kv_max_abs': 0.0}","{'tokens_exact': True, 'logits_max_abs': 0.0, 'kv_max_abs': 0.0}"
experiments/inferrelay_two_node/results/t3-125m-a-b-02,t3,opt-125m,A-B,1,32,8,Rresident,2,priority,1,34.591224193573,5.061034202575684,4.216991560799735,"{'tokens_exact': True, 'logits_max_abs': 0.0, 'kv_max_abs': 0.0}","{'tokens_exact': True, 'logits_max_abs': 0.0, 'kv_max_abs': 0.0}"
experiments/inferrelay_two_node/results/t3-125m-a-b-02,t3,opt-125m,A-B,1,32,8,Rresident,2,priority,2,33.800432205200195,6.007970809936523,3.9683835165841237,"{'tokens_exact': True, 'logits_max_abs': 0.0, 'kv_max_abs': 0.0}","{'tokens_exact': True, 'logits_max_abs': 0.0, 'kv_max_abs': 0.0}"
experiments/inferrelay_two_node/results/t3-125m-a-b-02,t3,opt-125m,A-B,1,32,8,Rresident,2,priority,3,32.9256157875061,6.007574558258057,3.843378475734166,"{'tokens_exact': True, 'logits_max_abs': 0.0, 'kv_max_abs': 0.0}","{'tokens_exact': True, 'logits_max_abs': 0.0, 'kv_max_abs': 0.0}"
experiments/inferrelay_two_node/results/t3-125m-a-b-02,t3,opt-125m,A-B,1,32,8,C0,2,window2,1,130.9103183746338,15.203372478485107,16.505571910313197,"{'tokens_exact': True, 'logits_max_abs': 0.0, 'kv_max_abs': 0.0}","{'tokens_exact': True, 'logits_max_abs': 0.0, 'kv_max_abs': 0.0}"
experiments/inferrelay_two_node/results/t3-125m-a-b-02,t3,opt-125m,A-B,1,32,8,C0,2,window2,2,139.4562644958496,17.073489665985107,17.44665895189558,"{'tokens_exact': True, 'logits_max_abs': 0.0, 'kv_max_abs': 0.0}","{'tokens_exact': True, 'logits_max_abs': 0.0, 'kv_max_abs': 0.0}"
experiments/inferrelay_two_node/results/t3-125m-a-b-02,t3,opt-125m,A-B,1,32,8,C0,2,window2,3,139.71489810943604,16.96579599380493,17.494197504861013,"{'tokens_exact': True, 'logits_max_abs': 0.0, 'kv_max_abs': 0.0}","{'tokens_exact': True, 'logits_max_abs': 0.0, 'kv_max_abs': 0.0}"
experiments/inferrelay_two_node/results/t3-125m-a-b-02,t3,opt-125m,A-B,1,32,8,R0,2,window2,1,135.45096731185913,17.014644145965576,16.895318167550222,"{'tokens_exact': True, 'logits_max_abs': 0.0, 'kv_max_abs': 0.0}","{'tokens_exact': True, 'logits_max_abs': 0.0, 'kv_max_abs': 0.0}"
experiments/inferrelay_two_node/results/t3-125m-a-b-02,t3,opt-125m,A-B,1,32,8,R0,2,window2,2,131.4555468559265,16.395265102386475,16.414157390594482,"{'tokens_exact': True, 'logits_max_abs': 0.0, 'kv_max_abs': 0.0}","{'tokens_exact': True, 'logits_max_abs': 0.0, 'kv_max_abs': 0.0}"
experiments/inferrelay_two_node/results/t3-125m-a-b-02,t3,opt-125m,A-B,1,32,8,R0,2,window2,3,131.81533098220825,16.527514934539795,16.445459978921072,"{'tokens_exact': True, 'logits_max_abs': 0.0, 'kv_max_abs': 0.0}","{'tokens_exact': True, 'logits_max_abs': 0.0, 'kv_max_abs': 0.0}"
experiments/inferrelay_two_node/results/t3-125m-a-b-02,t3,opt-125m,A-B,1,32,8,C1,1,priority,1,63.35228204727173,13.6233229637146,7.010855947222028,"{'tokens_exact': True, 'logits_max_abs': 0.0, 'kv_max_abs': 0.0}","{'tokens_exact': True, 'logits_max_abs': 0.0, 'kv_max_abs': 0.0}"
experiments/inferrelay_two_node/results/t3-125m-a-b-02,t3,opt-125m,A-B,1,32,8,C1,1,priority,2,57.51762914657593,11.553443908691406,6.472477912902832,"{'tokens_exact': True, 'logits_max_abs': 0.0, 'kv_max_abs': 0.0}","{'tokens_exact': True, 'logits_max_abs': 0.0, 'kv_max_abs': 0.0}"
experiments/inferrelay_two_node/results/t3-125m-a-b-02,t3,opt-125m,A-B,1,32,8,C1,1,priority,3,73.96075677871704,15.187274932861328,8.270786830357142,"{'tokens_exact': True, 'logits_max_abs': 0.0, 'kv_max_abs': 0.0}","{'tokens_exact': True, 'logits_max_abs': 0.0, 'kv_max_abs': 0.0}"
experiments/inferrelay_two_node/results/t3-125m-a-b-02,t3,opt-125m,A-B,1,32,8,C1,2,priority,1,60.35237693786621,12.159895420074463,6.8378079278128485,"{'tokens_exact': True, 'logits_max_abs': 0.0, 'kv_max_abs': 0.0}","{'tokens_exact': True, 'logits_max_abs': 0.0, 'kv_max_abs': 0.0}"
experiments/inferrelay_two_node/results/t3-125m-a-b-02,t3,opt-125m,A-B,1,32,8,C1,2,priority,2,58.5761513710022,10.65096378326416,6.80108778817313,"{'tokens_exact': True, 'logits_max_abs': 0.0, 'kv_max_abs': 0.0}","{'tokens_exact': True, 'logits_max_abs': 0.0, 'kv_max_abs': 0.0}"
experiments/inferrelay_two_node/results/t3-125m-a-b-02,t3,opt-125m,A-B,1,32,8,C1,2,priority,3,59.97001123428345,11.708187103271484,6.8620211737496515,"{'tokens_exact': True, 'logits_max_abs': 0.0, 'kv_max_abs': 0.0}","{'tokens_exact': True, 'logits_max_abs': 0.0, 'kv_max_abs': 0.0}"
experiments/inferrelay_two_node/results/t3-125m-a-b-02,t3,opt-125m,A-B,1,32,8,C1,3,priority,1,89.9493522644043,15.69057035446167,10.536545889718193,"{'tokens_exact': True, 'logits_max_abs': 0.0, 'kv_max_abs': 0.0}","{'tokens_exact': True, 'logits_max_abs': 0.0, 'kv_max_abs': 0.0}"
experiments/inferrelay_two_node/results/t3-125m-a-b-02,t3,opt-125m,A-B,1,32,8,C1,3,priority,2,89.4950041770935,17.6163911819458,10.211582865033831,"{'tokens_exact': True, 'logits_max_abs': 0.0, 'kv_max_abs': 0.0}","{'tokens_exact': True, 'logits_max_abs': 0.0, 'kv_max_abs': 0.0}"
experiments/inferrelay_two_node/results/t3-125m-a-b-02,t3,opt-125m,A-B,1,32,8,C1,3,priority,3,88.08979034423828,14.49163293838501,10.462039470672607,"{'tokens_exact': True, 'logits_max_abs': 0.0, 'kv_max_abs': 0.0}","{'tokens_exact': True, 'logits_max_abs': 0.0, 'kv_max_abs': 0.0}"
experiments/inferrelay_two_node/results/t3-125m-a-b-02,t3,opt-125m,A-B,1,32,8,R1,2,priority,1,60.703163623809814,11.878365993499756,6.922263894762311,"{'tokens_exact': True, 'logits_max_abs': 0.0, 'kv_max_abs': 0.0}","{'tokens_exact': True, 'logits_max_abs': 0.0, 'kv_max_abs': 0.0}"
experiments/inferrelay_two_node/results/t3-125m-a-b-02,t3,opt-125m,A-B,1,32,8,R1,2,priority,2,60.12252140045166,11.104267597198486,6.975677762712751,"{'tokens_exact': True, 'logits_max_abs': 0.0, 'kv_max_abs': 0.0}","{'tokens_exact': True, 'logits_max_abs': 0.0, 'kv_max_abs': 0.0}"
experiments/inferrelay_two_node/results/t3-125m-a-b-02,t3,opt-125m,A-B,1,32,8,R1,2,priority,3,59.74916696548462,10.211503982543945,7.052196502685547,"{'tokens_exact': True, 'logits_max_abs': 0.0, 'kv_max_abs': 0.0}","{'tokens_exact': True, 'logits_max_abs': 0.0, 'kv_max_abs': 0.0}"
experiments/inferrelay_two_node/results/t3-125m-a-b-02,t3,opt-125m,A-B,1,32,8,C1,1,window2,1,57.281653881073,10.702336311340332,6.545202732086182,"{'tokens_exact': True, 'logits_max_abs': 0.0, 'kv_max_abs': 0.0}","{'tokens_exact': True, 'logits_max_abs': 0.0, 'kv_max_abs': 0.0}"
experiments/inferrelay_two_node/results/t3-125m-a-b-02,t3,opt-125m,A-B,1,32,8,C1,1,window2,2,66.6513786315918,14.095635890960693,7.391647406986782,"{'tokens_exact': True, 'logits_max_abs': 0.0, 'kv_max_abs': 0.0}","{'tokens_exact': True, 'logits_max_abs': 0.0, 'kv_max_abs': 0.0}"
experiments/inferrelay_two_node/results/t3-125m-a-b-02,t3,opt-125m,A-B,1,32,8,C1,1,window2,3,70.55449628829956,14.013113975524902,7.943675654275077,"{'tokens_exact': True, 'logits_max_abs': 0.0, 'kv_max_abs': 0.0}","{'tokens_exact': True, 'logits_max_abs': 0.0, 'kv_max_abs': 0.0}"
experiments/inferrelay_two_node/results/t3-125m-a-b-02,t3,opt-125m,A-B,1,32,8,C1,2,window2,1,60.093392848968506,11.899721622467041,6.855565275464739,"{'tokens_exact': True, 'logits_max_abs': 0.0, 'kv_max_abs': 0.0}","{'tokens_exact': True, 'logits_max_abs': 0.0, 'kv_max_abs': 0.0}"
experiments/inferrelay_two_node/results/t3-125m-a-b-02,t3,opt-125m,A-B,1,32,8,C1,2,window2,2,59.77440118789673,14.43342399597168,6.378016131264823,"{'tokens_exact': True, 'logits_max_abs': 0.0, 'kv_max_abs': 0.0}","{'tokens_exact': True, 'logits_max_abs': 0.0, 'kv_max_abs': 0.0}"
experiments/inferrelay_two_node/results/t3-125m-a-b-02,t3,opt-125m,A-B,1,32,8,C1,2,window2,3,58.514060974121094,10.793842315673828,6.78294917515346,"{'tokens_exact': True, 'logits_max_abs': 0.0, 'kv_max_abs': 0.0}","{'tokens_exact': True, 'logits_max_abs': 0.0, 'kv_max_abs': 0.0}"
experiments/inferrelay_two_node/results/t3-125m-a-b-02,t3,opt-125m,A-B,1,32,8,C1,3,window2,1,87.67630815505981,15.022181034088135,10.310407842908587,"{'tokens_exact': True, 'logits_max_abs': 0.0, 'kv_max_abs': 0.0}","{'tokens_exact': True, 'logits_max_abs': 0.0, 'kv_max_abs': 0.0}"
experiments/inferrelay_two_node/results/t3-125m-a-b-02,t3,opt-125m,A-B,1,32,8,C1,3,window2,2,87.26829671859741,15.096176147460938,10.24461283002581,"{'tokens_exact': True, 'logits_max_abs': 0.0, 'kv_max_abs': 0.0}","{'tokens_exact': True, 'logits_max_abs': 0.0, 'kv_max_abs': 0.0}"
experiments/inferrelay_two_node/results/t3-125m-a-b-02,t3,opt-125m,A-B,1,32,8,C1,3,window2,3,88.94219493865967,18.12108087539673,10.046220575060163,"{'tokens_exact': True, 'logits_max_abs': 0.0, 'kv_max_abs': 0.0}","{'tokens_exact': True, 'logits_max_abs': 0.0, 'kv_max_abs': 0.0}"
experiments/inferrelay_two_node/results/t3-125m-a-b-02,t3,opt-125m,A-B,1,32,8,R1,2,window2,1,76.95769929885864,11.874774932861328,9.257106236049108,"{'tokens_exact': True, 'logits_max_abs': 0.0, 'kv_max_abs': 0.0}","{'tokens_exact': True, 'logits_max_abs': 0.0, 'kv_max_abs': 0.0}"
experiments/inferrelay_two_node/results/t3-125m-a-b-02,t3,opt-125m,A-B,1,32,8,R1,2,window2,2,71.49876737594604,15.940876960754395,7.879779951913016,"{'tokens_exact': True, 'logits_max_abs': 0.0, 'kv_max_abs': 0.0}","{'tokens_exact': True, 'logits_max_abs': 0.0, 'kv_max_abs': 0.0}"
experiments/inferrelay_two_node/results/t3-125m-a-b-02,t3,opt-125m,A-B,1,32,8,R1,2,window2,3,76.90014696121216,16.80495023727417,8.551223959241595,"{'tokens_exact': True, 'logits_max_abs': 0.0, 'kv_max_abs': 0.0}","{'tokens_exact': True, 'logits_max_abs': 0.0, 'kv_max_abs': 0.0}"
experiments/inferrelay_two_node/results/t3-125m-a-b-02,t3,opt-125m,A-B,1,128,4,Cresident,2,priority,1,11.606901168823242,3.82603120803833,2.5914182662963867,"{'tokens_exact': True, 'logits_max_abs': 0.0, 'kv_max_abs': 0.0}","{'tokens_exact': True, 'logits_max_abs': 0.0, 'kv_max_abs': 0.0}"
experiments/inferrelay_two_node/results/t3-125m-a-b-02,t3,opt-125m,A-B,1,128,4,Cresident,2,priority,2,12.09036111831665,3.94679594039917,2.7123754819234214,"{'tokens_exact': True, 'logits_max_abs': 0.0, 'kv_max_abs': 0.0}","{'tokens_exact': True, 'logits_max_abs': 0.0, 'kv_max_abs': 0.0}"
experiments/inferrelay_two_node/results/t3-125m-a-b-02,t3,opt-125m,A-B,1,128,4,Cresident,2,priority,3,13.553228378295898,4.321298122406006,3.074510097503662,"{'tokens_exact': True, 'logits_max_abs': 0.0, 'kv_max_abs': 0.0}","{'tokens_exact': True, 'logits_max_abs': 0.0, 'kv_max_abs': 0.0}"
experiments/inferrelay_two_node/results/t3-125m-a-b-02,t3,opt-125m,A-B,1,128,4,Rresident,2,priority,1,15.658313751220703,5.899068832397461,3.250972112019857,"{'tokens_exact': True, 'logits_max_abs': 0.0, 'kv_max_abs': 0.0}","{'tokens_exact': True, 'logits_max_abs': 0.0, 'kv_max_abs': 0.0}"
experiments/inferrelay_two_node/results/t3-125m-a-b-02,t3,opt-125m,A-B,1,128,4,Rresident,2,priority,2,16.966571807861328,6.377552509307861,3.5271546045939126,"{'tokens_exact': True, 'logits_max_abs': 0.0, 'kv_max_abs': 0.0}","{'tokens_exact': True, 'logits_max_abs': 0.0, 'kv_max_abs': 0.0}"
experiments/inferrelay_two_node/results/t3-125m-a-b-02,t3,opt-125m,A-B,1,128,4,Rresident,2,priority,3,17.828745365142822,6.5458455085754395,3.7582764625549316,"{'tokens_exact': True, 'logits_max_abs': 0.0, 'kv_max_abs': 0.0}","{'tokens_exact': True, 'logits_max_abs': 0.0, 'kv_max_abs': 0.0}"
experiments/inferrelay_two_node/results/t3-125m-a-b-02,t3,opt-125m,A-B,1,128,4,C0,2,window2,1,60.98475742340088,15.484986305236816,15.14656146367391,"{'tokens_exact': True, 'logits_max_abs': 0.0, 'kv_max_abs': 0.0}","{'tokens_exact': True, 'logits_max_abs': 0.0, 'kv_max_abs': 0.0}"
experiments/inferrelay_two_node/results/t3-125m-a-b-02,t3,opt-125m,A-B,1,128,4,C0,2,window2,2,62.37190866470337,15.980125904083252,15.441097736358643,"{'tokens_exact': True, 'logits_max_abs': 0.0, 'kv_max_abs': 0.0}","{'tokens_exact': True, 'logits_max_abs': 0.0, 'kv_max_abs': 0.0}"
experiments/inferrelay_two_node/results/t3-125m-a-b-02,t3,opt-125m,A-B,1,128,4,C0,2,window2,3,62.46134567260742,15.963343143463135,15.474601904551188,"{'tokens_exact': True, 'logits_max_abs': 0.0, 'kv_max_abs': 0.0}","{'tokens_exact': True, 'logits_max_abs': 0.0, 'kv_max_abs': 0.0}"
experiments/inferrelay_two_node/results/t3-125m-a-b-02,t3,opt-125m,A-B,1,128,4,R0,2,window2,1,63.29020404815674,16.926112174987793,15.436966101328531,"{'tokens_exact': True, 'logits_max_abs': 0.0, 'kv_max_abs': 0.0}","{'tokens_exact': True, 'logits_max_abs': 0.0, 'kv_max_abs': 0.0}"
experiments/inferrelay_two_node/results/t3-125m-a-b-02,t3,opt-125m,A-B,1,128,4,R0,2,window2,2,63.7198920249939,17.28630304336548,15.45906670888265,"{'tokens_exact': True, 'logits_max_abs': 0.0, 'kv_max_abs': 0.0}","{'tokens_exact': True, 'logits_max_abs': 0.0, 'kv_max_abs': 0.0}"
experiments/inferrelay_two_node/results/t3-125m-a-b-02,t3,opt-125m,A-B,1,128,4,R0,2,window2,3,65.81156349182129,17.71485996246338,16.011162439982098,"{'tokens_exact': True, 'logits_max_abs': 0.0, 'kv_max_abs': 0.0}","{'tokens_exact': True, 'logits_max_abs': 0.0, 'kv_max_abs': 0.0}"
experiments/inferrelay_two_node/results/t3-125m-a-b-02,t3,opt-125m,A-B,1,128,4,C1,1,priority,1,37.94199085235596,14.28191089630127,7.677298863728841,"{'tokens_exact': True, 'logits_max_abs': 0.0, 'kv_max_abs': 0.0}","{'tokens_exact': True, 'logits_max_abs': 0.0, 'kv_max_abs': 0.0}"
experiments/inferrelay_two_node/results/t3-125m-a-b-02,t3,opt-125m,A-B,1,128,4,C1,1,priority,2,49.47324323654175,15.148930072784424,11.263495763142904,"{'tokens_exact': True, 'logits_max_abs': 0.0, 'kv_max_abs': 0.0}","{'tokens_exact': True, 'logits_max_abs': 0.0, 'kv_max_abs': 0.0}"
experiments/inferrelay_two_node/results/t3-125m-a-b-02,t3,opt-125m,A-B,1,128,4,C1,1,priority,3,46.949241161346436,17.70295286178589,9.469111760457357,"{'tokens_exact': True, 'logits_max_abs': 0.0, 'kv_max_abs': 0.0}","{'tokens_exact': True, 'logits_max_abs': 0.0, 'kv_max_abs': 0.0}"
experiments/inferrelay_two_node/results/t3-125m-a-b-02,t3,opt-125m,A-B,1,128,4,C1,2,priority,1,32.061434745788574,12.189094066619873,6.549350420633952,"{'tokens_exact': True, 'logits_max_abs': 0.0, 'kv_max_abs': 0.0}","{'tokens_exact': True, 'logits_max_abs': 0.0, 'kv_max_abs': 0.0}"
experiments/inferrelay_two_node/results/t3-125m-a-b-02,t3,opt-125m,A-B,1,128,4,C1,2,priority,2,31.688241958618164,11.120333194732666,6.79898468653361,"{'tokens_exact': True, 'logits_max_abs': 0.0, 'kv_max_abs': 0.0}","{'tokens_exact': True, 'logits_max_abs': 0.0, 'kv_max_abs': 0.0}"
experiments/inferrelay_two_node/results/t3-125m-a-b-02,t3,opt-125m,A-B,1,128,4,C1,2,priority,3,31.81553316116333,12.946406841278076,6.227536201477051,"{'tokens_exact': True, 'logits_max_abs': 0.0, 'kv_max_abs': 0.0}","{'tokens_exact': True, 'logits_max_abs': 0.0, 'kv_max_abs': 0.0}"
experiments/inferrelay_two_node/results/t3-125m-a-b-02,t3,opt-125m,A-B,1,128,4,C1,3,priority,1,49.40631914138794,18.48745822906494,10.161460081736246,"{'tokens_exact': True, 'logits_max_abs': 0.0, 'kv_max_abs': 0.0}","{'tokens_exact': True, 'logits_max_abs': 0.0, 'kv_max_abs': 0.0}"
experiments/inferrelay_two_node/results/t3-125m-a-b-02,t3,opt-125m,A-B,1,128,4,C1,3,priority,2,50.513378620147705,20.042367935180664,9.957075595855713,"{'tokens_exact': True, 'logits_max_abs': 0.0, 'kv_max_abs': 0.0}","{'tokens_exact': True, 'logits_max_abs': 0.0, 'kv_max_abs': 0.0}"
experiments/inferrelay_two_node/results/t3-125m-a-b-02,t3,opt-125m,A-B,1,128,4,C1,3,priority,3,50.45701885223389,19.9881010055542,9.998204708099365,"{'tokens_exact': True, 'logits_max_abs': 0.0, 'kv_max_abs': 0.0}","{'tokens_exact': True, 'logits_max_abs': 0.0, 'kv_max_abs': 0.0}"
experiments/inferrelay_two_node/results/t3-125m-a-b-02,t3,opt-125m,A-B,1,128,4,R1,2,priority,1,33.04503107070923,15.096746921539307,5.887007554372151,"{'tokens_exact': True, 'logits_max_abs': 0.0, 'kv_max_abs': 0.0}","{'tokens_exact': True, 'logits_max_abs': 0.0, 'kv_max_abs': 0.0}"
experiments/inferrelay_two_node/results/t3-125m-a-b-02,t3,opt-125m,A-B,1,128,4,R1,2,priority,2,30.967039108276367,11.159831047058105,6.526347001393636,"{'tokens_exact': True, 'logits_max_abs': 0.0, 'kv_max_abs': 0.0}","{'tokens_exact': True, 'logits_max_abs': 0.0, 'kv_max_abs': 0.0}"
experiments/inferrelay_two_node/results/t3-125m-a-b-02,t3,opt-125m,A-B,1,128,4,R1,2,priority,3,31.29303789138794,12.342031955718994,6.259255727132161,"{'tokens_exact': True, 'logits_max_abs': 0.0, 'kv_max_abs': 0.0}","{'tokens_exact': True, 'logits_max_abs': 0.0, 'kv_max_abs': 0.0}"
experiments/inferrelay_two_node/results/t3-125m-a-b-02,t3,opt-125m,A-B,1,128,4,C1,1,window2,1,33.21772527694702,13.131235599517822,6.494473457336426,"{'tokens_exact': True, 'logits_max_abs': 0.0, 'kv_max_abs': 0.0}","{'tokens_exact': True, 'logits_max_abs': 0.0, 'kv_max_abs': 0.0}"
experiments/inferrelay_two_node/results/t3-125m-a-b-02,t3,opt-125m,A-B,1,128,4,C1,1,window2,2,50.75415325164795,14.96817922592163,11.675695419311523,"{'tokens_exact': True, 'logits_max_abs': 0.0, 'kv_max_abs': 0.0}","{'tokens_exact': True, 'logits_max_abs': 0.0, 'kv_max_abs': 0.0}"
experiments/inferrelay_two_node/results/t3-125m-a-b-02,t3,opt-125m,A-B,1,128,4,C1,1,window2,3,43.91703939437866,15.91683053970337,9.137131055196127,"{'tokens_exact': True, 'logits_max_abs': 0.0, 'kv_max_abs': 0.0}","{'tokens_exact': True, 'logits_max_abs': 0.0, 'kv_max_abs': 0.0}"
experiments/inferrelay_two_node/results/t3-125m-a-b-02,t3,opt-125m,A-B,1,128,4,C1,2,window2,1,33.37608051300049,12.32196044921875,6.948037147521973,"{'tokens_exact': True, 'logits_max_abs': 0.0, 'kv_max_abs': 0.0}","{'tokens_exact': True, 'logits_max_abs': 0.0, 'kv_max_abs': 0.0}"
experiments/inferrelay_two_node/results/t3-125m-a-b-02,t3,opt-125m,A-B,1,128,4,C1,2,window2,2,31.728163719177246,13.750916481018066,5.903633276621501,"{'tokens_exact': True, 'logits_max_abs': 0.0, 'kv_max_abs': 0.0}","{'tokens_exact': True, 'logits_max_abs': 0.0, 'kv_max_abs': 0.0}"
experiments/inferrelay_two_node/results/t3-125m-a-b-02,t3,opt-125m,A-B,1,128,4,C1,2,window2,3,32.73995304107666,11.932671070098877,6.8931121826171875,"{'tokens_exact': True, 'logits_max_abs': 0.0, 'kv_max_abs': 0.0}","{'tokens_exact': True, 'logits_max_abs': 0.0, 'kv_max_abs': 0.0}"
experiments/inferrelay_two_node/results/t3-125m-a-b-02,t3,opt-125m,A-B,1,128,4,C1,3,window2,1,46.28543663024902,16.986933708190918,9.679848988850912,"{'tokens_exact': True, 'logits_max_abs': 0.0, 'kv_max_abs': 0.0}","{'tokens_exact': True, 'logits_max_abs': 0.0, 'kv_max_abs': 0.0}"
experiments/inferrelay_two_node/results/t3-125m-a-b-02,t3,opt-125m,A-B,1,128,4,C1,3,window2,2,51.431849002838135,18.485984802246094,10.82584555943807,"{'tokens_exact': True, 'logits_max_abs': 0.0, 'kv_max_abs': 0.0}","{'tokens_exact': True, 'logits_max_abs': 0.0, 'kv_max_abs': 0.0}"
experiments/inferrelay_two_node/results/t3-125m-a-b-02,t3,opt-125m,A-B,1,128,4,C1,3,window2,3,48.17392921447754,18.61338758468628,9.612694581349691,"{'tokens_exact': True, 'logits_max_abs': 0.0, 'kv_max_abs': 0.0}","{'tokens_exact': True, 'logits_max_abs': 0.0, 'kv_max_abs': 0.0}"
experiments/inferrelay_two_node/results/t3-125m-a-b-02,t3,opt-125m,A-B,1,128,4,R1,2,window2,1,38.28498888015747,16.481523990631104,7.197923024495442,"{'tokens_exact': True, 'logits_max_abs': 0.0, 'kv_max_abs': 0.0}","{'tokens_exact': True, 'logits_max_abs': 0.0, 'kv_max_abs': 0.0}"
experiments/inferrelay_two_node/results/t3-125m-a-b-02,t3,opt-125m,A-B,1,128,4,R1,2,window2,2,34.88208627700806,13.300108432769775,7.14126443862915,"{'tokens_exact': True, 'logits_max_abs': 0.0, 'kv_max_abs': 0.0}","{'tokens_exact': True, 'logits_max_abs': 0.0, 'kv_max_abs': 0.0}"
experiments/inferrelay_two_node/results/t3-125m-a-b-02,t3,opt-125m,A-B,1,128,4,R1,2,window2,3,40.49193334579468,17.573832988739014,7.562806447347005,"{'tokens_exact': True, 'logits_max_abs': 0.0, 'kv_max_abs': 0.0}","{'tokens_exact': True, 'logits_max_abs': 0.0, 'kv_max_abs': 0.0}"
experiments/inferrelay_two_node/results/t3-125m-a-b-02,t3,opt-125m,A-B,4,256,4,Cresident,2,priority,1,32.71009302139282,15.960885047912598,5.576045831044515,"{'tokens_exact': True, 'logits_max_abs': 0.0, 'kv_max_abs': 0.0}","{'tokens_exact': True, 'logits_max_abs': 0.0, 'kv_max_abs': 0.0}"
experiments/inferrelay_two_node/results/t3-125m-a-b-02,t3,opt-125m,A-B,4,256,4,Cresident,2,priority,2,39.33955001831055,17.84676742553711,7.15109395980835,"{'tokens_exact': True, 'logits_max_abs': 0.0, 'kv_max_abs': 0.0}","{'tokens_exact': True, 'logits_max_abs': 0.0, 'kv_max_abs': 0.0}"
experiments/inferrelay_two_node/results/t3-125m-a-b-02,t3,opt-125m,A-B,4,256,4,Cresident,2,priority,3,40.26356077194214,18.173019886016846,7.350123882293701,"{'tokens_exact': True, 'logits_max_abs': 0.0, 'kv_max_abs': 0.0}","{'tokens_exact': True, 'logits_max_abs': 0.0, 'kv_max_abs': 0.0}"
experiments/inferrelay_two_node/results/t3-125m-a-b-02,t3,opt-125m,A-B,4,256,4,Rresident,2,priority,1,64.63421773910522,34.307488441467285,10.098844687143961,"{'tokens_exact': True, 'logits_max_abs': 0.0, 'kv_max_abs': 0.0}","{'tokens_exact': True, 'logits_max_abs': 0.0, 'kv_max_abs': 0.0}"
experiments/inferrelay_two_node/results/t3-125m-a-b-02,t3,opt-125m,A-B,4,256,4,Rresident,2,priority,2,73.74382400512695,31.833831310272217,13.948819001515707,"{'tokens_exact': True, 'logits_max_abs': 0.0, 'kv_max_abs': 0.0}","{'tokens_exact': True, 'logits_max_abs': 0.0, 'kv_max_abs': 0.0}"
experiments/inferrelay_two_node/results/t3-125m-a-b-02,t3,opt-125m,A-B,4,256,4,Rresident,2,priority,3,63.843846797943115,32.03754377365112,10.590393702189127,"{'tokens_exact': True, 'logits_max_abs': 0.0, 'kv_max_abs': 0.0}","{'tokens_exact': True, 'logits_max_abs': 0.0, 'kv_max_abs': 0.0}"
experiments/inferrelay_two_node/results/t3-125m-a-b-02,t3,opt-125m,A-B,4,256,4,C0,2,window2,1,74.86442708969116,25.547985076904297,16.387345631917317,"{'tokens_exact': True, 'logits_max_abs': 0.0, 'kv_max_abs': 0.0}","{'tokens_exact': True, 'logits_max_abs': 0.0, 'kv_max_abs': 0.0}"
experiments/inferrelay_two_node/results/t3-125m-a-b-02,t3,opt-125m,A-B,4,256,4,C0,2,window2,2,79.22962999343872,26.512789726257324,17.504111131032307,"{'tokens_exact': True, 'logits_max_abs': 0.0, 'kv_max_abs': 0.0}","{'tokens_exact': True, 'logits_max_abs': 0.0, 'kv_max_abs': 0.0}"
experiments/inferrelay_two_node/results/t3-125m-a-b-02,t3,opt-125m,A-B,4,256,4,C0,2,window2,3,79.930335521698,27.185739994049072,17.505652109781902,"{'tokens_exact': True, 'logits_max_abs': 0.0, 'kv_max_abs': 0.0}","{'tokens_exact': True, 'logits_max_abs': 0.0, 'kv_max_abs': 0.0}"
experiments/inferrelay_two_node/results/t3-125m-a-b-02,t3,opt-125m,A-B,4,256,4,R0,2,window2,1,94.29428577423096,39.15685415267944,18.325311024983723,"{'tokens_exact': True, 'logits_max_abs': 0.0, 'kv_max_abs': 0.0}","{'tokens_exact': True, 'logits_max_abs': 0.0, 'kv_max_abs': 0.0}"
experiments/inferrelay_two_node/results/t3-125m-a-b-02,t3,opt-125m,A-B,4,256,4,R0,2,window2,2,125.190420627594,42.2454137802124,27.570463180541992,"{'tokens_exact': True, 'logits_max_abs': 0.0, 'kv_max_abs': 0.0}","{'tokens_exact': True, 'logits_max_abs': 0.0, 'kv_max_abs': 0.0}"
experiments/inferrelay_two_node/results/t3-125m-a-b-02,t3,opt-125m,A-B,4,256,4,R0,2,window2,3,109.76552438735962,42.58948612213135,22.311413129170734,"{'tokens_exact': True, 'logits_max_abs': 0.0, 'kv_max_abs': 0.0}","{'tokens_exact': True, 'logits_max_abs': 0.0, 'kv_max_abs': 0.0}"
experiments/inferrelay_two_node/results/t3-125m-a-b-02,t3,opt-125m,A-B,4,256,4,C1,1,priority,1,47.13132190704346,22.488300323486328,7.850117365519206,"{'tokens_exact': True, 'logits_max_abs': 0.0, 'kv_max_abs': 0.0}","{'tokens_exact': True, 'logits_max_abs': 0.0, 'kv_max_abs': 0.0}"
experiments/inferrelay_two_node/results/t3-125m-a-b-02,t3,opt-125m,A-B,4,256,4,C1,1,priority,2,52.3522367477417,24.367966175079346,9.03941551844279,"{'tokens_exact': True, 'logits_max_abs': 0.0, 'kv_max_abs': 0.0}","{'tokens_exact': True, 'logits_max_abs': 0.0, 'kv_max_abs': 0.0}"
experiments/inferrelay_two_node/results/t3-125m-a-b-02,t3,opt-125m,A-B,4,256,4,C1,1,priority,3,48.75107002258301,23.79913902282715,8.061258792877197,"{'tokens_exact': True, 'logits_max_abs': 0.0, 'kv_max_abs': 0.0}","{'tokens_exact': True, 'logits_max_abs': 0.0, 'kv_max_abs': 0.0}"
experiments/inferrelay_two_node/results/t3-125m-a-b-02,t3,opt-125m,A-B,4,256,4,C1,2,priority,1,40.108909130096436,21.832571029663086,5.964444478352864,"{'tokens_exact': True, 'logits_max_abs': 0.0, 'kv_max_abs': 0.0}","{'tokens_exact': True, 'logits_max_abs': 0.0, 'kv_max_abs': 0.0}"
experiments/inferrelay_two_node/results/t3-125m-a-b-02,t3,opt-125m,A-B,4,256,4,C1,2,priority,2,41.617218017578125,21.364314079284668,6.606692632039388,"{'tokens_exact': True, 'logits_max_abs': 0.0, 'kv_max_abs': 0.0}","{'tokens_exact': True, 'logits_max_abs': 0.0, 'kv_max_abs': 0.0}"
experiments/inferrelay_two_node/results/t3-125m-a-b-02,t3,opt-125m,A-B,4,256,4,C1,2,priority,3,49.58978223800659,24.546273708343506,8.153499921162924,"{'tokens_exact': True, 'logits_max_abs': 0.0, 'kv_max_abs': 0.0}","{'tokens_exact': True, 'logits_max_abs': 0.0, 'kv_max_abs': 0.0}"
experiments/inferrelay_two_node/results/t3-125m-a-b-02,t3,opt-125m,A-B,4,256,4,C1,3,priority,1,67.22718620300293,27.84700298309326,12.861732323964437,"{'tokens_exact': True, 'logits_max_abs': 0.0, 'kv_max_abs': 0.0}","{'tokens_exact': True, 'logits_max_abs': 0.0, 'kv_max_abs': 0.0}"
experiments/inferrelay_two_node/results/t3-125m-a-b-02,t3,opt-125m,A-B,4,256,4,C1,3,priority,2,62.59770393371582,28.445224285125732,11.066888332366943,"{'tokens_exact': True, 'logits_max_abs': 0.0, 'kv_max_abs': 0.0}","{'tokens_exact': True, 'logits_max_abs': 0.0, 'kv_max_abs': 0.0}"
experiments/inferrelay_two_node/results/t3-125m-a-b-02,t3,opt-125m,A-B,4,256,4,C1,3,priority,3,63.65939426422119,28.10889434814453,11.508710543314615,"{'tokens_exact': True, 'logits_max_abs': 0.0, 'kv_max_abs': 0.0}","{'tokens_exact': True, 'logits_max_abs': 0.0, 'kv_max_abs': 0.0}"
experiments/inferrelay_two_node/results/t3-125m-a-b-02,t3,opt-125m,A-B,4,256,4,R1,2,priority,1,81.02732706069946,36.40372562408447,14.710721651713053,"{'tokens_exact': True, 'logits_max_abs': 0.0, 'kv_max_abs': 0.0}","{'tokens_exact': True, 'logits_max_abs': 0.0, 'kv_max_abs': 0.0}"
experiments/inferrelay_two_node/results/t3-125m-a-b-02,t3,opt-125m,A-B,4,256,4,R1,2,priority,2,72.96408128738403,35.49409008026123,12.19634215037028,"{'tokens_exact': True, 'logits_max_abs': 0.0, 'kv_max_abs': 0.0}","{'tokens_exact': True, 'logits_max_abs': 0.0, 'kv_max_abs': 0.0}"
experiments/inferrelay_two_node/results/t3-125m-a-b-02,t3,opt-125m,A-B,4,256,4,R1,2,priority,3,82.2862958908081,37.6251745223999,14.596506118774414,"{'tokens_exact': True, 'logits_max_abs': 0.0, 'kv_max_abs': 0.0}","{'tokens_exact': True, 'logits_max_abs': 0.0, 'kv_max_abs': 0.0}"
experiments/inferrelay_two_node/results/t3-125m-a-b-02,t3,opt-125m,A-B,4,256,4,C1,1,window2,1,47.5012149810791,23.35963201522827,7.783814271291097,"{'tokens_exact': True, 'logits_max_abs': 0.0, 'kv_max_abs': 0.0}","{'tokens_exact': True, 'logits_max_abs': 0.0, 'kv_max_abs': 0.0}"
experiments/inferrelay_two_node/results/t3-125m-a-b-02,t3,opt-125m,A-B,4,256,4,C1,1,window2,2,48.00572395324707,23.11108112335205,8.043749968210856,"{'tokens_exact': True, 'logits_max_abs': 0.0, 'kv_max_abs': 0.0}","{'tokens_exact': True, 'logits_max_abs': 0.0, 'kv_max_abs': 0.0}"
experiments/inferrelay_two_node/results/t3-125m-a-b-02,t3,opt-125m,A-B,4,256,4,C1,1,window2,3,47.55373811721802,23.027149200439453,7.919285774230957,"{'tokens_exact': True, 'logits_max_abs': 0.0, 'kv_max_abs': 0.0}","{'tokens_exact': True, 'logits_max_abs': 0.0, 'kv_max_abs': 0.0}"
experiments/inferrelay_two_node/results/t3-125m-a-b-02,t3,opt-125m,A-B,4,256,4,C1,2,window2,1,40.79659986495972,21.906872272491455,6.111287752787272,"{'tokens_exact': True, 'logits_max_abs': 0.0, 'kv_max_abs': 0.0}","{'tokens_exact': True, 'logits_max_abs': 0.0, 'kv_max_abs': 0.0}"
experiments/inferrelay_two_node/results/t3-125m-a-b-02,t3,opt-125m,A-B,4,256,4,C1,2,window2,2,41.361658573150635,21.92719841003418,6.284635702768962,"{'tokens_exact': True, 'logits_max_abs': 0.0, 'kv_max_abs': 0.0}","{'tokens_exact': True, 'logits_max_abs': 0.0, 'kv_max_abs': 0.0}"
experiments/inferrelay_two_node/results/t3-125m-a-b-02,t3,opt-125m,A-B,4,256,4,C1,2,window2,3,39.961031436920166,21.310548782348633,6.0051811536153155,"{'tokens_exact': True, 'logits_max_abs': 0.0, 'kv_max_abs': 0.0}","{'tokens_exact': True, 'logits_max_abs': 0.0, 'kv_max_abs': 0.0}"
experiments/inferrelay_two_node/results/t3-125m-a-b-02,t3,opt-125m,A-B,4,256,4,C1,3,window2,1,55.77370548248291,24.275325775146484,10.167839686075846,"{'tokens_exact': True, 'logits_max_abs': 0.0, 'kv_max_abs': 0.0}","{'tokens_exact': True, 'logits_max_abs': 0.0, 'kv_max_abs': 0.0}"
experiments/inferrelay_two_node/results/t3-125m-a-b-02,t3,opt-125m,A-B,4,256,4,C1,3,window2,2,55.14654350280762,23.8333740234375,10.069754282633463,"{'tokens_exact': True, 'logits_max_abs': 0.0, 'kv_max_abs': 0.0}","{'tokens_exact': True, 'logits_max_abs': 0.0, 'kv_max_abs': 0.0}"
experiments/inferrelay_two_node/results/t3-125m-a-b-02,t3,opt-125m,A-B,4,256,4,C1,3,window2,3,64.44557189941406,28.02143955230713,11.819537003835043,"{'tokens_exact': True, 'logits_max_abs': 0.0, 'kv_max_abs': 0.0}","{'tokens_exact': True, 'logits_max_abs': 0.0, 'kv_max_abs': 0.0}"
experiments/inferrelay_two_node/results/t3-125m-a-b-02,t3,opt-125m,A-B,4,256,4,R1,2,window2,1,70.84382343292236,34.252938747406006,11.931938012441,"{'tokens_exact': True, 'logits_max_abs': 0.0, 'kv_max_abs': 0.0}","{'tokens_exact': True, 'logits_max_abs': 0.0, 'kv_max_abs': 0.0}"
experiments/inferrelay_two_node/results/t3-125m-a-b-02,t3,opt-125m,A-B,4,256,4,R1,2,window2,2,79.6030740737915,37.54433250427246,13.722420374552408,"{'tokens_exact': True, 'logits_max_abs': 0.0, 'kv_max_abs': 0.0}","{'tokens_exact': True, 'logits_max_abs': 0.0, 'kv_max_abs': 0.0}"
experiments/inferrelay_two_node/results/t3-125m-a-b-02,t3,opt-125m,A-B,4,256,4,R1,2,window2,3,84.3234190940857,40.65450668334961,14.267887751261393,"{'tokens_exact': True, 'logits_max_abs': 0.0, 'kv_max_abs': 0.0}","{'tokens_exact': True, 'logits_max_abs': 0.0, 'kv_max_abs': 0.0}"
experiments/inferrelay_two_node/results/t3-125m-b-a-02,t3,opt-125m,B-A,1,32,8,Cresident,2,priority,1,23.21793007850647,3.5319039821624756,2.8109857695443288,"{'tokens_exact': True, 'logits_max_abs': 0.0, 'kv_max_abs': 0.0}","{'tokens_exact': True, 'logits_max_abs': 0.0, 'kv_max_abs': 0.0}"
experiments/inferrelay_two_node/results/t3-125m-b-a-02,t3,opt-125m,B-A,1,32,8,Cresident,2,priority,2,26.23127508163452,4.410550832748413,3.1154422419411794,"{'tokens_exact': True, 'logits_max_abs': 0.0, 'kv_max_abs': 0.0}","{'tokens_exact': True, 'logits_max_abs': 0.0, 'kv_max_abs': 0.0}"
experiments/inferrelay_two_node/results/t3-125m-b-a-02,t3,opt-125m,B-A,1,32,8,Cresident,2,priority,3,26.773788928985596,4.521849155426025,3.1769382613045827,"{'tokens_exact': True, 'logits_max_abs': 0.0, 'kv_max_abs': 0.0}","{'tokens_exact': True, 'logits_max_abs': 0.0, 'kv_max_abs': 0.0}"
experiments/inferrelay_two_node/results/t3-125m-b-a-02,t3,opt-125m,B-A,1,32,8,Rresident,2,priority,1,31.40554189682007,5.014352798461914,3.7686145646231517,"{'tokens_exact': True, 'logits_max_abs': 0.0, 'kv_max_abs': 0.0}","{'tokens_exact': True, 'logits_max_abs': 0.0, 'kv_max_abs': 0.0}"
experiments/inferrelay_two_node/results/t3-125m-b-a-02,t3,opt-125m,B-A,1,32,8,Rresident,2,priority,2,33.99144411087036,5.7930028438568115,4.026388815471104,"{'tokens_exact': True, 'logits_max_abs': 0.0, 'kv_max_abs': 0.0}","{'tokens_exact': True, 'logits_max_abs': 0.0, 'kv_max_abs': 0.0}"
experiments/inferrelay_two_node/results/t3-125m-b-a-02,t3,opt-125m,B-A,1,32,8,Rresident,2,priority,3,35.1617271900177,6.209572076797485,4.133776051657541,"{'tokens_exact': True, 'logits_max_abs': 0.0, 'kv_max_abs': 0.0}","{'tokens_exact': True, 'logits_max_abs': 0.0, 'kv_max_abs': 0.0}"
experiments/inferrelay_two_node/results/t3-125m-b-a-02,t3,opt-125m,B-A,1,32,8,C0,2,window2,1,138.46127104759216,16.554136991500854,17.363781213760376,"{'tokens_exact': True, 'logits_max_abs': 0.0, 'kv_max_abs': 0.0}","{'tokens_exact': True, 'logits_max_abs': 0.0, 'kv_max_abs': 0.0}"
experiments/inferrelay_two_node/results/t3-125m-b-a-02,t3,opt-125m,B-A,1,32,8,C0,2,window2,2,141.60670495033264,16.99565601348877,17.749591588974,"{'tokens_exact': True, 'logits_max_abs': 0.0, 'kv_max_abs': 0.0}","{'tokens_exact': True, 'logits_max_abs': 0.0, 'kv_max_abs': 0.0}"
experiments/inferrelay_two_node/results/t3-125m-b-a-02,t3,opt-125m,B-A,1,32,8,C0,2,window2,3,190.64217281341553,20.417746782302856,24.26720871244158,"{'tokens_exact': True, 'logits_max_abs': 0.0, 'kv_max_abs': 0.0}","{'tokens_exact': True, 'logits_max_abs': 0.0, 'kv_max_abs': 0.0}"
experiments/inferrelay_two_node/results/t3-125m-b-a-02,t3,opt-125m,B-A,1,32,8,R0,2,window2,1,143.178729057312,18.270837783813477,17.80707825933184,"{'tokens_exact': True, 'logits_max_abs': 0.0, 'kv_max_abs': 0.0}","{'tokens_exact': True, 'logits_max_abs': 0.0, 'kv_max_abs': 0.0}"
experiments/inferrelay_two_node/results/t3-125m-b-a-02,t3,opt-125m,B-A,1,32,8,R0,2,window2,2,144.48637080192566,18.749864101409912,17.916562693459646,"{'tokens_exact': True, 'logits_max_abs': 0.0, 'kv_max_abs': 0.0}","{'tokens_exact': True, 'logits_max_abs': 0.0, 'kv_max_abs': 0.0}"
experiments/inferrelay_two_node/results/t3-125m-b-a-02,t3,opt-125m,B-A,1,32,8,R0,2,window2,3,142.49767804145813,18.488624095916748,17.677434750965663,"{'tokens_exact': True, 'logits_max_abs': 0.0, 'kv_max_abs': 0.0}","{'tokens_exact': True, 'logits_max_abs': 0.0, 'kv_max_abs': 0.0}"
experiments/inferrelay_two_node/results/t3-125m-b-a-02,t3,opt-125m,B-A,1,32,8,C1,1,priority,1,91.47058391571045,14.382980108261108,10.889982393809728,"{'tokens_exact': True, 'logits_max_abs': 0.0, 'kv_max_abs': 0.0}","{'tokens_exact': True, 'logits_max_abs': 0.0, 'kv_max_abs': 0.0}"
experiments/inferrelay_two_node/results/t3-125m-b-a-02,t3,opt-125m,B-A,1,32,8,C1,1,priority,2,88.40744590759277,13.806981801986694,10.532465832574028,"{'tokens_exact': True, 'logits_max_abs': 0.0, 'kv_max_abs': 0.0}","{'tokens_exact': True, 'logits_max_abs': 0.0, 'kv_max_abs': 0.0}"
experiments/inferrelay_two_node/results/t3-125m-b-a-02,t3,opt-125m,B-A,1,32,8,C1,1,priority,3,87.94891595840454,13.439134120941162,10.522075993674141,"{'tokens_exact': True, 'logits_max_abs': 0.0, 'kv_max_abs': 0.0}","{'tokens_exact': True, 'logits_max_abs': 0.0, 'kv_max_abs': 0.0}"
experiments/inferrelay_two_node/results/t3-125m-b-a-02,t3,opt-125m,B-A,1,32,8,C1,2,priority,1,64.64880895614624,13.423357009887695,7.23779000554766,"{'tokens_exact': True, 'logits_max_abs': 0.0, 'kv_max_abs': 0.0}","{'tokens_exact': True, 'logits_max_abs': 0.0, 'kv_max_abs': 0.0}"
experiments/inferrelay_two_node/results/t3-125m-b-a-02,t3,opt-125m,B-A,1,32,8,C1,2,priority,2,63.19291400909424,12.755131006240845,7.094289268766131,"{'tokens_exact': True, 'logits_max_abs': 0.0, 'kv_max_abs': 0.0}","{'tokens_exact': True, 'logits_max_abs': 0.0, 'kv_max_abs': 0.0}"
experiments/inferrelay_two_node/results/t3-125m-b-a-02,t3,opt-125m,B-A,1,32,8,C1,2,priority,3,61.73511791229248,11.871384859085083,7.017889431544712,"{'tokens_exact': True, 'logits_max_abs': 0.0, 'kv_max_abs': 0.0}","{'tokens_exact': True, 'logits_max_abs': 0.0, 'kv_max_abs': 0.0}"
experiments/inferrelay_two_node/results/t3-125m-b-a-02,t3,opt-125m,B-A,1,32,8,C1,3,priority,1,60.335957050323486,15.766018152236938,6.192875521523612,"{'tokens_exact': True, 'logits_max_abs': 0.0, 'kv_max_abs': 0.0}","{'tokens_exact': True, 'logits_max_abs': 0.0, 'kv_max_abs': 0.0}"
experiments/inferrelay_two_node/results/t3-125m-b-a-02,t3,opt-125m,B-A,1,32,8,C1,3,priority,2,53.95177698135376,10.687758207321167,6.119005237306867,"{'tokens_exact': True, 'logits_max_abs': 0.0, 'kv_max_abs': 0.0}","{'tokens_exact': True, 'logits_max_abs': 0.0, 'kv_max_abs': 0.0}"
experiments/inferrelay_two_node/results/t3-125m-b-a-02,t3,opt-125m,B-A,1,32,8,C1,3,priority,3,49.85812187194824,8.293916940689087,5.896808249609811,"{'tokens_exact': True, 'logits_max_abs': 0.0, 'kv_max_abs': 0.0}","{'tokens_exact': True, 'logits_max_abs': 0.0, 'kv_max_abs': 0.0}"
experiments/inferrelay_two_node/results/t3-125m-b-a-02,t3,opt-125m,B-A,1,32,8,R1,2,priority,1,60.06702899932861,11.289654970169067,6.879877192633493,"{'tokens_exact': True, 'logits_max_abs': 0.0, 'kv_max_abs': 0.0}","{'tokens_exact': True, 'logits_max_abs': 0.0, 'kv_max_abs': 0.0}"
experiments/inferrelay_two_node/results/t3-125m-b-a-02,t3,opt-125m,B-A,1,32,8,R1,2,priority,2,74.31012725830078,13.21574091911316,8.635893412998744,"{'tokens_exact': True, 'logits_max_abs': 0.0, 'kv_max_abs': 0.0}","{'tokens_exact': True, 'logits_max_abs': 0.0, 'kv_max_abs': 0.0}"
experiments/inferrelay_two_node/results/t3-125m-b-a-02,t3,opt-125m,B-A,1,32,8,R1,2,priority,3,66.85495209693909,15.89182996749878,7.124997275216239,"{'tokens_exact': True, 'logits_max_abs': 0.0, 'kv_max_abs': 0.0}","{'tokens_exact': True, 'logits_max_abs': 0.0, 'kv_max_abs': 0.0}"
experiments/inferrelay_two_node/results/t3-125m-b-a-02,t3,opt-125m,B-A,1,32,8,C1,1,window2,1,90.36981201171875,14.83929991722107,10.660716601780482,"{'tokens_exact': True, 'logits_max_abs': 0.0, 'kv_max_abs': 0.0}","{'tokens_exact': True, 'logits_max_abs': 0.0, 'kv_max_abs': 0.0}"
experiments/inferrelay_two_node/results/t3-125m-b-a-02,t3,opt-125m,B-A,1,32,8,C1,1,window2,2,89.97383999824524,14.623547792434692,10.64327529498509,"{'tokens_exact': True, 'logits_max_abs': 0.0, 'kv_max_abs': 0.0}","{'tokens_exact': True, 'logits_max_abs': 0.0, 'kv_max_abs': 0.0}"
experiments/inferrelay_two_node/results/t3-125m-b-a-02,t3,opt-125m,B-A,1,32,8,C1,1,window2,3,90.35561800003052,14.85430097579956,10.635751417704991,"{'tokens_exact': True, 'logits_max_abs': 0.0, 'kv_max_abs': 0.0}","{'tokens_exact': True, 'logits_max_abs': 0.0, 'kv_max_abs': 0.0}"
experiments/inferrelay_two_node/results/t3-125m-b-a-02,t3,opt-125m,B-A,1,32,8,C1,2,window2,1,62.05550408363342,10.491448163986206,7.256866659436907,"{'tokens_exact': True, 'logits_max_abs': 0.0, 'kv_max_abs': 0.0}","{'tokens_exact': True, 'logits_max_abs': 0.0, 'kv_max_abs': 0.0}"
experiments/inferrelay_two_node/results/t3-125m-b-a-02,t3,opt-125m,B-A,1,32,8,C1,2,window2,2,66.0234968662262,11.641075849533081,7.657609598977225,"{'tokens_exact': True, 'logits_max_abs': 0.0, 'kv_max_abs': 0.0}","{'tokens_exact': True, 'logits_max_abs': 0.0, 'kv_max_abs': 0.0}"
experiments/inferrelay_two_node/results/t3-125m-b-a-02,t3,opt-125m,B-A,1,32,8,C1,2,window2,3,62.262266874313354,10.788715839385986,7.2475239889962335,"{'tokens_exact': True, 'logits_max_abs': 0.0, 'kv_max_abs': 0.0}","{'tokens_exact': True, 'logits_max_abs': 0.0, 'kv_max_abs': 0.0}"
experiments/inferrelay_two_node/results/t3-125m-b-a-02,t3,opt-125m,B-A,1,32,8,C1,3,window2,1,75.17600512504578,14.335489988327026,8.587799140385219,"{'tokens_exact': True, 'logits_max_abs': 0.0, 'kv_max_abs': 0.0}","{'tokens_exact': True, 'logits_max_abs': 0.0, 'kv_max_abs': 0.0}"
experiments/inferrelay_two_node/results/t3-125m-b-a-02,t3,opt-125m,B-A,1,32,8,C1,3,window2,2,84.51480102539062,16.792770862579346,9.4998220375606,"{'tokens_exact': True, 'logits_max_abs': 0.0, 'kv_max_abs': 0.0}","{'tokens_exact': True, 'logits_max_abs': 0.0, 'kv_max_abs': 0.0}"
experiments/inferrelay_two_node/results/t3-125m-b-a-02,t3,opt-125m,B-A,1,32,8,C1,3,window2,3,64.63075923919678,16.642820119857788,6.679812022617885,"{'tokens_exact': True, 'logits_max_abs': 0.0, 'kv_max_abs': 0.0}","{'tokens_exact': True, 'logits_max_abs': 0.0, 'kv_max_abs': 0.0}"
experiments/inferrelay_two_node/results/t3-125m-b-a-02,t3,opt-125m,B-A,1,32,8,R1,2,window2,1,84.33726382255554,16.690995931625366,9.551584141595024,"{'tokens_exact': True, 'logits_max_abs': 0.0, 'kv_max_abs': 0.0}","{'tokens_exact': True, 'logits_max_abs': 0.0, 'kv_max_abs': 0.0}"
experiments/inferrelay_two_node/results/t3-125m-b-a-02,t3,opt-125m,B-A,1,32,8,R1,2,window2,2,90.6888518333435,15.299576044082642,10.658848013196673,"{'tokens_exact': True, 'logits_max_abs': 0.0, 'kv_max_abs': 0.0}","{'tokens_exact': True, 'logits_max_abs': 0.0, 'kv_max_abs': 0.0}"
experiments/inferrelay_two_node/results/t3-125m-b-a-02,t3,opt-125m,B-A,1,32,8,R1,2,window2,3,87.91630506515503,16.440930128097534,10.102417434964861,"{'tokens_exact': True, 'logits_max_abs': 0.0, 'kv_max_abs': 0.0}","{'tokens_exact': True, 'logits_max_abs': 0.0, 'kv_max_abs': 0.0}"
experiments/inferrelay_two_node/results/t3-125m-b-a-02,t3,opt-125m,B-A,1,128,4,Cresident,2,priority,1,11.515789985656738,3.7990739345550537,2.5701183478037515,"{'tokens_exact': True, 'logits_max_abs': 0.0, 'kv_max_abs': 0.0}","{'tokens_exact': True, 'logits_max_abs': 0.0, 'kv_max_abs': 0.0}"
experiments/inferrelay_two_node/results/t3-125m-b-a-02,t3,opt-125m,B-A,1,128,4,Cresident,2,priority,2,12.631911039352417,4.14012885093689,2.828167676925659,"{'tokens_exact': True, 'logits_max_abs': 0.0, 'kv_max_abs': 0.0}","{'tokens_exact': True, 'logits_max_abs': 0.0, 'kv_max_abs': 0.0}"
experiments/inferrelay_two_node/results/t3-125m-b-a-02,t3,opt-125m,B-A,1,128,4,Cresident,2,priority,3,14.005293846130371,4.471750020980835,3.1749821503957114,"{'tokens_exact': True, 'logits_max_abs': 0.0, 'kv_max_abs': 0.0}","{'tokens_exact': True, 'logits_max_abs': 0.0, 'kv_max_abs': 0.0}"
experiments/inferrelay_two_node/results/t3-125m-b-a-02,t3,opt-125m,B-A,1,128,4,Rresident,2,priority,1,16.015106201171875,5.905081033706665,3.3679646650950112,"{'tokens_exact': True, 'logits_max_abs': 0.0, 'kv_max_abs': 0.0}","{'tokens_exact': True, 'logits_max_abs': 0.0, 'kv_max_abs': 0.0}"
experiments/inferrelay_two_node/results/t3-125m-b-a-02,t3,opt-125m,B-A,1,128,4,Rresident,2,priority,2,18.656116724014282,6.674761056900024,3.990929047266642,"{'tokens_exact': True, 'logits_max_abs': 0.0, 'kv_max_abs': 0.0}","{'tokens_exact': True, 'logits_max_abs': 0.0, 'kv_max_abs': 0.0}"
experiments/inferrelay_two_node/results/t3-125m-b-a-02,t3,opt-125m,B-A,1,128,4,Rresident,2,priority,3,19.149404048919678,7.067882061004639,4.0241076946258545,"{'tokens_exact': True, 'logits_max_abs': 0.0, 'kv_max_abs': 0.0}","{'tokens_exact': True, 'logits_max_abs': 0.0, 'kv_max_abs': 0.0}"
experiments/inferrelay_two_node/results/t3-125m-b-a-02,t3,opt-125m,B-A,1,128,4,C0,2,window2,1,63.034162759780884,15.957825183868408,15.65622591972351,"{'tokens_exact': True, 'logits_max_abs': 0.0, 'kv_max_abs': 0.0}","{'tokens_exact': True, 'logits_max_abs': 0.0, 'kv_max_abs': 0.0}"
experiments/inferrelay_two_node/results/t3-125m-b-a-02,t3,opt-125m,B-A,1,128,4,C0,2,window2,2,66.41843318939209,16.599988222122192,16.555026690165203,"{'tokens_exact': True, 'logits_max_abs': 0.0, 'kv_max_abs': 0.0}","{'tokens_exact': True, 'logits_max_abs': 0.0, 'kv_max_abs': 0.0}"
experiments/inferrelay_two_node/results/t3-125m-b-a-02,t3,opt-125m,B-A,1,128,4,C0,2,window2,3,66.49372220039368,16.73764729499817,16.52979524930318,"{'tokens_exact': True, 'logits_max_abs': 0.0, 'kv_max_abs': 0.0}","{'tokens_exact': True, 'logits_max_abs': 0.0, 'kv_max_abs': 0.0}"
experiments/inferrelay_two_node/results/t3-125m-b-a-02,t3,opt-125m,B-A,1,128,4,R0,2,window2,1,68.46726417541504,18.172210216522217,16.735342502593994,"{'tokens_exact': True, 'logits_max_abs': 0.0, 'kv_max_abs': 0.0}","{'tokens_exact': True, 'logits_max_abs': 0.0, 'kv_max_abs': 0.0}"
experiments/inferrelay_two_node/results/t3-125m-b-a-02,t3,opt-125m,B-A,1,128,4,R0,2,window2,2,70.82540106773376,19.089417219161987,17.205151478449505,"{'tokens_exact': True, 'logits_max_abs': 0.0, 'kv_max_abs': 0.0}","{'tokens_exact': True, 'logits_max_abs': 0.0, 'kv_max_abs': 0.0}"
experiments/inferrelay_two_node/results/t3-125m-b-a-02,t3,opt-125m,B-A,1,128,4,R0,2,window2,3,74.10305309295654,19.678840160369873,18.072453260421753,"{'tokens_exact': True, 'logits_max_abs': 0.0, 'kv_max_abs': 0.0}","{'tokens_exact': True, 'logits_max_abs': 0.0, 'kv_max_abs': 0.0}"
experiments/inferrelay_two_node/results/t3-125m-b-a-02,t3,opt-125m,B-A,1,128,4,C1,1,priority,1,46.872090101242065,14.573100090026855,10.522472937901815,"{'tokens_exact': True, 'logits_max_abs': 0.0, 'kv_max_abs': 0.0}","{'tokens_exact': True, 'logits_max_abs': 0.0, 'kv_max_abs': 0.0}"
experiments/inferrelay_two_node/results/t3-125m-b-a-02,t3,opt-125m,B-A,1,128,4,C1,1,priority,2,48.58526396751404,16.689908027648926,10.342307885487875,"{'tokens_exact': True, 'logits_max_abs': 0.0, 'kv_max_abs': 0.0}","{'tokens_exact': True, 'logits_max_abs': 0.0, 'kv_max_abs': 0.0}"
experiments/inferrelay_two_node/results/t3-125m-b-a-02,t3,opt-125m,B-A,1,128,4,C1,1,priority,3,46.44012904167175,14.009334802627563,10.581158320109049,"{'tokens_exact': True, 'logits_max_abs': 0.0, 'kv_max_abs': 0.0}","{'tokens_exact': True, 'logits_max_abs': 0.0, 'kv_max_abs': 0.0}"
experiments/inferrelay_two_node/results/t3-125m-b-a-02,t3,opt-125m,B-A,1,128,4,C1,2,priority,1,29.96537184715271,8.511931896209717,7.068773110707601,"{'tokens_exact': True, 'logits_max_abs': 0.0, 'kv_max_abs': 0.0}","{'tokens_exact': True, 'logits_max_abs': 0.0, 'kv_max_abs': 0.0}"
experiments/inferrelay_two_node/results/t3-125m-b-a-02,t3,opt-125m,B-A,1,128,4,C1,2,priority,2,32.307045221328735,10.267130136489868,7.211865981419881,"{'tokens_exact': True, 'logits_max_abs': 0.0, 'kv_max_abs': 0.0}","{'tokens_exact': True, 'logits_max_abs': 0.0, 'kv_max_abs': 0.0}"
experiments/inferrelay_two_node/results/t3-125m-b-a-02,t3,opt-125m,B-A,1,128,4,C1,2,priority,3,32.780595779418945,11.65348505973816,6.90076208114624,"{'tokens_exact': True, 'logits_max_abs': 0.0, 'kv_max_abs': 0.0}","{'tokens_exact': True, 'logits_max_abs': 0.0, 'kv_max_abs': 0.0}"
experiments/inferrelay_two_node/results/t3-125m-b-a-02,t3,opt-125m,B-A,1,128,4,C1,3,priority,1,26.647706985473633,9.122228860855103,5.76140832901001,"{'tokens_exact': True, 'logits_max_abs': 0.0, 'kv_max_abs': 0.0}","{'tokens_exact': True, 'logits_max_abs': 0.0, 'kv_max_abs': 0.0}"
experiments/inferrelay_two_node/results/t3-125m-b-a-02,t3,opt-125m,B-A,1,128,4,C1,3,priority,2,26.051335096359253,9.989176034927368,5.300628264745076,"{'tokens_exact': True, 'logits_max_abs': 0.0, 'kv_max_abs': 0.0}","{'tokens_exact': True, 'logits_max_abs': 0.0, 'kv_max_abs': 0.0}"
experiments/inferrelay_two_node/results/t3-125m-b-a-02,t3,opt-125m,B-A,1,128,4,C1,3,priority,3,26.522344827651978,9.47184705734253,5.636812925338745,"{'tokens_exact': True, 'logits_max_abs': 0.0, 'kv_max_abs': 0.0}","{'tokens_exact': True, 'logits_max_abs': 0.0, 'kv_max_abs': 0.0}"
experiments/inferrelay_two_node/results/t3-125m-b-a-02,t3,opt-125m,B-A,1,128,4,R1,2,priority,1,32.973714113235474,10.94024109840393,7.2368749777476,"{'tokens_exact': True, 'logits_max_abs': 0.0, 'kv_max_abs': 0.0}","{'tokens_exact': True, 'logits_max_abs': 0.0, 'kv_max_abs': 0.0}"
experiments/inferrelay_two_node/results/t3-125m-b-a-02,t3,opt-125m,B-A,1,128,4,R1,2,priority,2,32.34863209724426,13.274331092834473,6.209407011667888,"{'tokens_exact': True, 'logits_max_abs': 0.0, 'kv_max_abs': 0.0}","{'tokens_exact': True, 'logits_max_abs': 0.0, 'kv_max_abs': 0.0}"
experiments/inferrelay_two_node/results/t3-125m-b-a-02,t3,opt-125m,B-A,1,128,4,R1,2,priority,3,30.45313811302185,11.629355192184448,6.196093400319417,"{'tokens_exact': True, 'logits_max_abs': 0.0, 'kv_max_abs': 0.0}","{'tokens_exact': True, 'logits_max_abs': 0.0, 'kv_max_abs': 0.0}"
experiments/inferrelay_two_node/results/t3-125m-b-a-02,t3,opt-125m,B-A,1,128,4,C1,1,window2,1,48.982372999191284,15.361263036727905,10.955376307169596,"{'tokens_exact': True, 'logits_max_abs': 0.0, 'kv_max_abs': 0.0}","{'tokens_exact': True, 'logits_max_abs': 0.0, 'kv_max_abs': 0.0}"
experiments/inferrelay_two_node/results/t3-125m-b-a-02,t3,opt-125m,B-A,1,128,4,C1,1,window2,2,46.56846022605896,13.898833751678467,10.59824824333191,"{'tokens_exact': True, 'logits_max_abs': 0.0, 'kv_max_abs': 0.0}","{'tokens_exact': True, 'logits_max_abs': 0.0, 'kv_max_abs': 0.0}"
experiments/inferrelay_two_node/results/t3-125m-b-a-02,t3,opt-125m,B-A,1,128,4,C1,1,window2,3,47.26923680305481,14.683665037155151,10.601478974024454,"{'tokens_exact': True, 'logits_max_abs': 0.0, 'kv_max_abs': 0.0}","{'tokens_exact': True, 'logits_max_abs': 0.0, 'kv_max_abs': 0.0}"
experiments/inferrelay_two_node/results/t3-125m-b-a-02,t3,opt-125m,B-A,1,128,4,C1,2,window2,1,30.873707056045532,8.89749002456665,7.2413186232248945,"{'tokens_exact': True, 'logits_max_abs': 0.0, 'kv_max_abs': 0.0}","{'tokens_exact': True, 'logits_max_abs': 0.0, 'kv_max_abs': 0.0}"
experiments/inferrelay_two_node/results/t3-125m-b-a-02,t3,opt-125m,B-A,1,128,4,C1,2,window2,2,32.397907972335815,10.286834955215454,7.218785921732585,"{'tokens_exact': True, 'logits_max_abs': 0.0, 'kv_max_abs': 0.0}","{'tokens_exact': True, 'logits_max_abs': 0.0, 'kv_max_abs': 0.0}"
experiments/inferrelay_two_node/results/t3-125m-b-a-02,t3,opt-125m,B-A,1,128,4,C1,2,window2,3,32.34340691566467,10.334112882614136,7.212005774180095,"{'tokens_exact': True, 'logits_max_abs': 0.0, 'kv_max_abs': 0.0}","{'tokens_exact': True, 'logits_max_abs': 0.0, 'kv_max_abs': 0.0}"
experiments/inferrelay_two_node/results/t3-125m-b-a-02,t3,opt-125m,B-A,1,128,4,C1,3,window2,1,26.52416491508484,10.001036167144775,5.431885719299316,"{'tokens_exact': True, 'logits_max_abs': 0.0, 'kv_max_abs': 0.0}","{'tokens_exact': True, 'logits_max_abs': 0.0, 'kv_max_abs': 0.0}"
experiments/inferrelay_two_node/results/t3-125m-b-a-02,t3,opt-125m,B-A,1,128,4,C1,3,window2,2,28.097005128860474,9.460182666778564,6.152646064758301,"{'tokens_exact': True, 'logits_max_abs': 0.0, 'kv_max_abs': 0.0}","{'tokens_exact': True, 'logits_max_abs': 0.0, 'kv_max_abs': 0.0}"
experiments/inferrelay_two_node/results/t3-125m-b-a-02,t3,opt-125m,B-A,1,128,4,C1,3,window2,3,30.634762048721313,11.392842054367065,6.328612407048543,"{'tokens_exact': True, 'logits_max_abs': 0.0, 'kv_max_abs': 0.0}","{'tokens_exact': True, 'logits_max_abs': 0.0, 'kv_max_abs': 0.0}"
experiments/inferrelay_two_node/results/t3-125m-b-a-02,t3,opt-125m,B-A,1,128,4,R1,2,window2,1,47.1363639831543,17.478455066680908,9.795506000518799,"{'tokens_exact': True, 'logits_max_abs': 0.0, 'kv_max_abs': 0.0}","{'tokens_exact': True, 'logits_max_abs': 0.0, 'kv_max_abs': 0.0}"
experiments/inferrelay_two_node/results/t3-125m-b-a-02,t3,opt-125m,B-A,1,128,4,R1,2,window2,2,48.25754189491272,17.743660926818848,10.031136671702066,"{'tokens_exact': True, 'logits_max_abs': 0.0, 'kv_max_abs': 0.0}","{'tokens_exact': True, 'logits_max_abs': 0.0, 'kv_max_abs': 0.0}"
experiments/inferrelay_two_node/results/t3-125m-b-a-02,t3,opt-125m,B-A,1,128,4,R1,2,window2,3,50.08336806297302,17.90754795074463,10.553934256235758,"{'tokens_exact': True, 'logits_max_abs': 0.0, 'kv_max_abs': 0.0}","{'tokens_exact': True, 'logits_max_abs': 0.0, 'kv_max_abs': 0.0}"
experiments/inferrelay_two_node/results/t3-125m-b-a-02,t3,opt-125m,B-A,4,256,4,Cresident,2,priority,1,32.50907516479492,16.053623914718628,5.47832465171814,"{'tokens_exact': True, 'logits_max_abs': 0.0, 'kv_max_abs': 0.0}","{'tokens_exact': True, 'logits_max_abs': 0.0, 'kv_max_abs': 0.0}"
experiments/inferrelay_two_node/results/t3-125m-b-a-02,t3,opt-125m,B-A,4,256,4,Cresident,2,priority,2,39.609453201293945,18.246279001235962,7.1087108453114825,"{'tokens_exact': True, 'logits_max_abs': 0.0, 'kv_max_abs': 0.0}","{'tokens_exact': True, 'logits_max_abs': 0.0, 'kv_max_abs': 0.0}"
experiments/inferrelay_two_node/results/t3-125m-b-a-02,t3,opt-125m,B-A,4,256,4,Cresident,2,priority,3,40.79811215400696,18.17777681350708,7.527853329976399,"{'tokens_exact': True, 'logits_max_abs': 0.0, 'kv_max_abs': 0.0}","{'tokens_exact': True, 'logits_max_abs': 0.0, 'kv_max_abs': 0.0}"
experiments/inferrelay_two_node/results/t3-125m-b-a-02,t3,opt-125m,B-A,4,256,4,Rresident,2,priority,1,53.129611015319824,29.061916828155518,8.014205376307169,"{'tokens_exact': True, 'logits_max_abs': 0.0, 'kv_max_abs': 0.0}","{'tokens_exact': True, 'logits_max_abs': 0.0, 'kv_max_abs': 0.0}"
experiments/inferrelay_two_node/results/t3-125m-b-a-02,t3,opt-125m,B-A,4,256,4,Rresident,2,priority,2,59.94624996185303,31.696775197982788,9.405197381973267,"{'tokens_exact': True, 'logits_max_abs': 0.0, 'kv_max_abs': 0.0}","{'tokens_exact': True, 'logits_max_abs': 0.0, 'kv_max_abs': 0.0}"
experiments/inferrelay_two_node/results/t3-125m-b-a-02,t3,opt-125m,B-A,4,256,4,Rresident,2,priority,3,60.06684684753418,31.53881287574768,9.499411424001059,"{'tokens_exact': True, 'logits_max_abs': 0.0, 'kv_max_abs': 0.0}","{'tokens_exact': True, 'logits_max_abs': 0.0, 'kv_max_abs': 0.0}"
experiments/inferrelay_two_node/results/t3-125m-b-a-02,t3,opt-125m,B-A,4,256,4,C0,2,window2,1,83.80885291099548,26.984446048736572,18.865058581034344,"{'tokens_exact': True, 'logits_max_abs': 0.0, 'kv_max_abs': 0.0}","{'tokens_exact': True, 'logits_max_abs': 0.0, 'kv_max_abs': 0.0}"
experiments/inferrelay_two_node/results/t3-125m-b-a-02,t3,opt-125m,B-A,4,256,4,C0,2,window2,2,85.65241408348083,28.475139141082764,18.980096260706585,"{'tokens_exact': True, 'logits_max_abs': 0.0, 'kv_max_abs': 0.0}","{'tokens_exact': True, 'logits_max_abs': 0.0, 'kv_max_abs': 0.0}"
experiments/inferrelay_two_node/results/t3-125m-b-a-02,t3,opt-125m,B-A,4,256,4,C0,2,window2,3,85.1334547996521,27.58302617073059,19.1056813398997,"{'tokens_exact': True, 'logits_max_abs': 0.0, 'kv_max_abs': 0.0}","{'tokens_exact': True, 'logits_max_abs': 0.0, 'kv_max_abs': 0.0}"
experiments/inferrelay_two_node/results/t3-125m-b-a-02,t3,opt-125m,B-A,4,256,4,R0,2,window2,1,103.69230508804321,42.06383204460144,20.46499228477478,"{'tokens_exact': True, 'logits_max_abs': 0.0, 'kv_max_abs': 0.0}","{'tokens_exact': True, 'logits_max_abs': 0.0, 'kv_max_abs': 0.0}"
experiments/inferrelay_two_node/results/t3-125m-b-a-02,t3,opt-125m,B-A,4,256,4,R0,2,window2,2,105.58210730552673,42.22628593444824,21.037357091903687,"{'tokens_exact': True, 'logits_max_abs': 0.0, 'kv_max_abs': 0.0}","{'tokens_exact': True, 'logits_max_abs': 0.0, 'kv_max_abs': 0.0}"
experiments/inferrelay_two_node/results/t3-125m-b-a-02,t3,opt-125m,B-A,4,256,4,R0,2,window2,3,104.5281388759613,41.645050048828125,20.887096802393597,"{'tokens_exact': True, 'logits_max_abs': 0.0, 'kv_max_abs': 0.0}","{'tokens_exact': True, 'logits_max_abs': 0.0, 'kv_max_abs': 0.0}"
experiments/inferrelay_two_node/results/t3-125m-b-a-02,t3,opt-125m,B-A,4,256,4,C1,1,priority,1,55.46542310714722,23.593635082244873,10.372300386428833,"{'tokens_exact': True, 'logits_max_abs': 0.0, 'kv_max_abs': 0.0}","{'tokens_exact': True, 'logits_max_abs': 0.0, 'kv_max_abs': 0.0}"
experiments/inferrelay_two_node/results/t3-125m-b-a-02,t3,opt-125m,B-A,4,256,4,C1,1,priority,2,56.12829399108887,23.749643087387085,10.516963322957357,"{'tokens_exact': True, 'logits_max_abs': 0.0, 'kv_max_abs': 0.0}","{'tokens_exact': True, 'logits_max_abs': 0.0, 'kv_max_abs': 0.0}"
experiments/inferrelay_two_node/results/t3-125m-b-a-02,t3,opt-125m,B-A,4,256,4,C1,1,priority,3,57.39076590538025,23.959537982940674,10.870734930038452,"{'tokens_exact': True, 'logits_max_abs': 0.0, 'kv_max_abs': 0.0}","{'tokens_exact': True, 'logits_max_abs': 0.0, 'kv_max_abs': 0.0}"
experiments/inferrelay_two_node/results/t3-125m-b-a-02,t3,opt-125m,B-A,4,256,4,C1,2,priority,1,64.76060700416565,22.589592933654785,13.769843022028605,"{'tokens_exact': True, 'logits_max_abs': 0.0, 'kv_max_abs': 0.0}","{'tokens_exact': True, 'logits_max_abs': 0.0, 'kv_max_abs': 0.0}"
experiments/inferrelay_two_node/results/t3-125m-b-a-02,t3,opt-125m,B-A,4,256,4,C1,2,priority,2,52.97455883026123,24.401581048965454,9.24103307723999,"{'tokens_exact': True, 'logits_max_abs': 0.0, 'kv_max_abs': 0.0}","{'tokens_exact': True, 'logits_max_abs': 0.0, 'kv_max_abs': 0.0}"
experiments/inferrelay_two_node/results/t3-125m-b-a-02,t3,opt-125m,B-A,4,256,4,C1,2,priority,3,48.73618507385254,23.096585750579834,8.33862559000651,"{'tokens_exact': True, 'logits_max_abs': 0.0, 'kv_max_abs': 0.0}","{'tokens_exact': True, 'logits_max_abs': 0.0, 'kv_max_abs': 0.0}"
experiments/inferrelay_two_node/results/t3-125m-b-a-02,t3,opt-125m,B-A,4,256,4,C1,3,priority,1,55.47858905792236,25.436617136001587,9.652576526006063,"{'tokens_exact': True, 'logits_max_abs': 0.0, 'kv_max_abs': 0.0}","{'tokens_exact': True, 'logits_max_abs': 0.0, 'kv_max_abs': 0.0}"
experiments/inferrelay_two_node/results/t3-125m-b-a-02,t3,opt-125m,B-A,4,256,4,C1,3,priority,2,63.193700075149536,27.189731121063232,11.692718346913656,"{'tokens_exact': True, 'logits_max_abs': 0.0, 'kv_max_abs': 0.0}","{'tokens_exact': True, 'logits_max_abs': 0.0, 'kv_max_abs': 0.0}"
experiments/inferrelay_two_node/results/t3-125m-b-a-02,t3,opt-125m,B-A,4,256,4,C1,3,priority,3,59.68207836151123,25.547569274902344,11.064000209172567,"{'tokens_exact': True, 'logits_max_abs': 0.0, 'kv_max_abs': 0.0}","{'tokens_exact': True, 'logits_max_abs': 0.0, 'kv_max_abs': 0.0}"
experiments/inferrelay_two_node/results/t3-125m-b-a-02,t3,opt-125m,B-A,4,256,4,R1,2,priority,1,68.17186427116394,34.55365610122681,10.90360697110494,"{'tokens_exact': True, 'logits_max_abs': 0.0, 'kv_max_abs': 0.0}","{'tokens_exact': True, 'logits_max_abs': 0.0, 'kv_max_abs': 0.0}"
experiments/inferrelay_two_node/results/t3-125m-b-a-02,t3,opt-125m,B-A,4,256,4,R1,2,priority,2,65.09375596046448,35.930031061172485,9.480799992879232,"{'tokens_exact': True, 'logits_max_abs': 0.0, 'kv_max_abs': 0.0}","{'tokens_exact': True, 'logits_max_abs': 0.0, 'kv_max_abs': 0.0}"
experiments/inferrelay_two_node/results/t3-125m-b-a-02,t3,opt-125m,B-A,4,256,4,R1,2,priority,3,86.7132818698883,35.75042986869812,16.697433789571125,"{'tokens_exact': True, 'logits_max_abs': 0.0, 'kv_max_abs': 0.0}","{'tokens_exact': True, 'logits_max_abs': 0.0, 'kv_max_abs': 0.0}"
experiments/inferrelay_two_node/results/t3-125m-b-a-02,t3,opt-125m,B-A,4,256,4,C1,1,window2,1,56.22143507003784,23.84743905067444,10.49624220530192,"{'tokens_exact': True, 'logits_max_abs': 0.0, 'kv_max_abs': 0.0}","{'tokens_exact': True, 'logits_max_abs': 0.0, 'kv_max_abs': 0.0}"
experiments/inferrelay_two_node/results/t3-125m-b-a-02,t3,opt-125m,B-A,4,256,4,C1,1,window2,2,54.94617414474487,23.49456787109375,10.289076089859009,"{'tokens_exact': True, 'logits_max_abs': 0.0, 'kv_max_abs': 0.0}","{'tokens_exact': True, 'logits_max_abs': 0.0, 'kv_max_abs': 0.0}"
experiments/inferrelay_two_node/results/t3-125m-b-a-02,t3,opt-125m,B-A,4,256,4,C1,1,window2,3,60.546765089035034,25.56426191329956,11.403434991836548,"{'tokens_exact': True, 'logits_max_abs': 0.0, 'kv_max_abs': 0.0}","{'tokens_exact': True, 'logits_max_abs': 0.0, 'kv_max_abs': 0.0}"
experiments/inferrelay_two_node/results/t3-125m-b-a-02,t3,opt-125m,B-A,4,256,4,C1,2,window2,1,48.13087296485901,22.665470838546753,8.205776929855347,"{'tokens_exact': True, 'logits_max_abs': 0.0, 'kv_max_abs': 0.0}","{'tokens_exact': True, 'logits_max_abs': 0.0, 'kv_max_abs': 0.0}"
experiments/inferrelay_two_node/results/t3-125m-b-a-02,t3,opt-125m,B-A,4,256,4,C1,2,window2,2,50.939091205596924,22.614916801452637,9.164276917775473,"{'tokens_exact': True, 'logits_max_abs': 0.0, 'kv_max_abs': 0.0}","{'tokens_exact': True, 'logits_max_abs': 0.0, 'kv_max_abs': 0.0}"
experiments/inferrelay_two_node/results/t3-125m-b-a-02,t3,opt-125m,B-A,4,256,4,C1,2,window2,3,70.73121500015259,22.677892208099365,15.721248308817545,"{'tokens_exact': True, 'logits_max_abs': 0.0, 'kv_max_abs': 0.0}","{'tokens_exact': True, 'logits_max_abs': 0.0, 'kv_max_abs': 0.0}"
experiments/inferrelay_two_node/results/t3-125m-b-a-02,t3,opt-125m,B-A,4,256,4,C1,3,window2,1,47.442848205566406,22.375035047531128,8.078634023666382,"{'tokens_exact': True, 'logits_max_abs': 0.0, 'kv_max_abs': 0.0}","{'tokens_exact': True, 'logits_max_abs': 0.0, 'kv_max_abs': 0.0}"
experiments/inferrelay_two_node/results/t3-125m-b-a-02,t3,opt-125m,B-A,4,256,4,C1,3,window2,2,72.65970301628113,24.860450983047485,15.690927982330322,"{'tokens_exact': True, 'logits_max_abs': 0.0, 'kv_max_abs': 0.0}","{'tokens_exact': True, 'logits_max_abs': 0.0, 'kv_max_abs': 0.0}"
experiments/inferrelay_two_node/results/t3-125m-b-a-02,t3,opt-125m,B-A,4,256,4,C1,3,window2,3,59.60252380371094,25.26457405090332,11.185457468032837,"{'tokens_exact': True, 'logits_max_abs': 0.0, 'kv_max_abs': 0.0}","{'tokens_exact': True, 'logits_max_abs': 0.0, 'kv_max_abs': 0.0}"
experiments/inferrelay_two_node/results/t3-125m-b-a-02,t3,opt-125m,B-A,4,256,4,R1,2,window2,1,69.07483386993408,36.59223914146423,10.592596689860025,"{'tokens_exact': True, 'logits_max_abs': 0.0, 'kv_max_abs': 0.0}","{'tokens_exact': True, 'logits_max_abs': 0.0, 'kv_max_abs': 0.0}"
experiments/inferrelay_two_node/results/t3-125m-b-a-02,t3,opt-125m,B-A,4,256,4,R1,2,window2,2,73.99994015693665,37.11206793785095,12.075501680374146,"{'tokens_exact': True, 'logits_max_abs': 0.0, 'kv_max_abs': 0.0}","{'tokens_exact': True, 'logits_max_abs': 0.0, 'kv_max_abs': 0.0}"
experiments/inferrelay_two_node/results/t3-125m-b-a-02,t3,opt-125m,B-A,4,256,4,R1,2,window2,3,65.81819200515747,37.40843200683594,9.182354211807251,"{'tokens_exact': True, 'logits_max_abs': 0.0, 'kv_max_abs': 0.0}","{'tokens_exact': True, 'logits_max_abs': 0.0, 'kv_max_abs': 0.0}"
experiments/inferrelay_two_node/results/t3-13b-a-b-02,t3,opt-1.3b,A-B,1,32,8,Cresident,2,priority,1,78.89698553085327,11.680556774139404,9.598006861550468,"{'tokens_exact': True, 'logits_max_abs': 0.0, 'kv_max_abs': 0.0}","{'tokens_exact': True, 'logits_max_abs': 0.0, 'kv_max_abs': 0.0}"
experiments/inferrelay_two_node/results/t3-13b-a-b-02,t3,opt-1.3b,A-B,1,32,8,Cresident,2,priority,2,76.8459963798523,10.958420276641846,9.408857004983085,"{'tokens_exact': True, 'logits_max_abs': 0.0, 'kv_max_abs': 0.0}","{'tokens_exact': True, 'logits_max_abs': 0.0, 'kv_max_abs': 0.0}"
experiments/inferrelay_two_node/results/t3-13b-a-b-02,t3,opt-1.3b,A-B,1,32,8,Cresident,2,priority,3,74.29176759719849,10.654973030090332,9.087763581957136,"{'tokens_exact': True, 'logits_max_abs': 0.0, 'kv_max_abs': 0.0}","{'tokens_exact': True, 'logits_max_abs': 0.0, 'kv_max_abs': 0.0}"
experiments/inferrelay_two_node/results/t3-13b-a-b-02,t3,opt-1.3b,A-B,1,32,8,Rresident,2,priority,1,80.9878396987915,12.761614799499512,9.743925639561244,"{'tokens_exact': True, 'logits_max_abs': 0.0, 'kv_max_abs': 0.0}","{'tokens_exact': True, 'logits_max_abs': 0.0, 'kv_max_abs': 0.0}"
experiments/inferrelay_two_node/results/t3-13b-a-b-02,t3,opt-1.3b,A-B,1,32,8,Rresident,2,priority,2,78.4676022529602,11.452919960021973,9.571804250989642,"{'tokens_exact': True, 'logits_max_abs': 0.0, 'kv_max_abs': 0.0}","{'tokens_exact': True, 'logits_max_abs': 0.0, 'kv_max_abs': 0.0}"
experiments/inferrelay_two_node/results/t3-13b-a-b-02,t3,opt-1.3b,A-B,1,32,8,Rresident,2,priority,3,80.50478410720825,12.279780864715576,9.74404798235212,"{'tokens_exact': True, 'logits_max_abs': 0.0, 'kv_max_abs': 0.0}","{'tokens_exact': True, 'logits_max_abs': 0.0, 'kv_max_abs': 0.0}"
experiments/inferrelay_two_node/results/t3-13b-a-b-02,t3,opt-1.3b,A-B,1,32,8,C0,2,window2,1,1220.1997547149658,152.89819383621216,152.21679360525948,"{'tokens_exact': True, 'logits_max_abs': 0.0, 'kv_max_abs': 0.0}","{'tokens_exact': True, 'logits_max_abs': 0.0, 'kv_max_abs': 0.0}"
experiments/inferrelay_two_node/results/t3-13b-a-b-02,t3,opt-1.3b,A-B,1,32,8,C0,2,window2,2,1222.2420778274536,152.7327904701233,152.50370836257935,"{'tokens_exact': True, 'logits_max_abs': 0.0, 'kv_max_abs': 0.0}","{'tokens_exact': True, 'logits_max_abs': 0.0, 'kv_max_abs': 0.0}"
experiments/inferrelay_two_node/results/t3-13b-a-b-02,t3,opt-1.3b,A-B,1,32,8,C0,2,window2,3,1222.3796091079712,152.81325960159302,152.5217789241246,"{'tokens_exact': True, 'logits_max_abs': 0.0, 'kv_max_abs': 0.0}","{'tokens_exact': True, 'logits_max_abs': 0.0, 'kv_max_abs': 0.0}"
experiments/inferrelay_two_node/results/t3-13b-a-b-02,t3,opt-1.3b,A-B,1,32,8,R0,2,window2,1,1246.3970861434937,156.54288530349731,155.49396998541695,"{'tokens_exact': True, 'logits_max_abs': 0.0, 'kv_max_abs': 0.0}","{'tokens_exact': True, 'logits_max_abs': 0.0, 'kv_max_abs': 0.0}"
experiments/inferrelay_two_node/results/t3-13b-a-b-02,t3,opt-1.3b,A-B,1,32,8,R0,2,window2,2,1246.9824800491333,156.78617238998413,155.5372005190168,"{'tokens_exact': True, 'logits_max_abs': 0.0, 'kv_max_abs': 0.0}","{'tokens_exact': True, 'logits_max_abs': 0.0, 'kv_max_abs': 0.0}"
experiments/inferrelay_two_node/results/t3-13b-a-b-02,t3,opt-1.3b,A-B,1,32,8,R0,2,window2,3,1249.0398149490356,157.95870542526245,155.68220703942436,"{'tokens_exact': True, 'logits_max_abs': 0.0, 'kv_max_abs': 0.0}","{'tokens_exact': True, 'logits_max_abs': 0.0, 'kv_max_abs': 0.0}"
experiments/inferrelay_two_node/results/t3-13b-a-b-02,t3,opt-1.3b,A-B,1,32,8,C1,1,priority,1,640.2394504547119,82.63533687591553,79.31834936141968,"{'tokens_exact': True, 'logits_max_abs': 0.0, 'kv_max_abs': 0.0}","{'tokens_exact': True, 'logits_max_abs': 0.0, 'kv_max_abs': 0.0}"
experiments/inferrelay_two_node/results/t3-13b-a-b-02,t3,opt-1.3b,A-B,1,32,8,C1,1,priority,2,638.6008267402649,81.9932050704956,79.18755238396781,"{'tokens_exact': True, 'logits_max_abs': 0.0, 'kv_max_abs': 0.0}","{'tokens_exact': True, 'logits_max_abs': 0.0, 'kv_max_abs': 0.0}"
experiments/inferrelay_two_node/results/t3-13b-a-b-02,t3,opt-1.3b,A-B,1,32,8,C1,1,priority,3,638.8213806152344,81.98293924331665,79.22004406792777,"{'tokens_exact': True, 'logits_max_abs': 0.0, 'kv_max_abs': 0.0}","{'tokens_exact': True, 'logits_max_abs': 0.0, 'kv_max_abs': 0.0}"
experiments/inferrelay_two_node/results/t3-13b-a-b-02,t3,opt-1.3b,A-B,1,32,8,C1,2,priority,1,773.3444085121155,108.17230129241943,94.75438390459333,"{'tokens_exact': True, 'logits_max_abs': 0.0, 'kv_max_abs': 0.0}","{'tokens_exact': True, 'logits_max_abs': 0.0, 'kv_max_abs': 0.0}"
experiments/inferrelay_two_node/results/t3-13b-a-b-02,t3,opt-1.3b,A-B,1,32,8,C1,2,priority,2,774.4413890838623,107.56425714492798,95.01407112394061,"{'tokens_exact': True, 'logits_max_abs': 0.0, 'kv_max_abs': 0.0}","{'tokens_exact': True, 'logits_max_abs': 0.0, 'kv_max_abs': 0.0}"
experiments/inferrelay_two_node/results/t3-13b-a-b-02,t3,opt-1.3b,A-B,1,32,8,C1,2,priority,3,775.4961643218994,108.33080816268921,94.78706427982875,"{'tokens_exact': True, 'logits_max_abs': 0.0, 'kv_max_abs': 0.0}","{'tokens_exact': True, 'logits_max_abs': 0.0, 'kv_max_abs': 0.0}"
experiments/inferrelay_two_node/results/t3-13b-a-b-02,t3,opt-1.3b,A-B,1,32,8,C1,3,priority,1,1149.0365290641785,153.52469682693481,141.98515721729822,"{'tokens_exact': True, 'logits_max_abs': 0.0, 'kv_max_abs': 0.0}","{'tokens_exact': True, 'logits_max_abs': 0.0, 'kv_max_abs': 0.0}"
experiments/inferrelay_two_node/results/t3-13b-a-b-02,t3,opt-1.3b,A-B,1,32,8,C1,3,priority,2,1149.2010869979858,152.17473125457764,142.15180383409773,"{'tokens_exact': True, 'logits_max_abs': 0.0, 'kv_max_abs': 0.0}","{'tokens_exact': True, 'logits_max_abs': 0.0, 'kv_max_abs': 0.0}"
experiments/inferrelay_two_node/results/t3-13b-a-b-02,t3,opt-1.3b,A-B,1,32,8,C1,3,priority,3,1148.313537120819,153.37233209609985,141.8808994293213,"{'tokens_exact': True, 'logits_max_abs': 0.0, 'kv_max_abs': 0.0}","{'tokens_exact': True, 'logits_max_abs': 0.0, 'kv_max_abs': 0.0}"
experiments/inferrelay_two_node/results/t3-13b-a-b-02,t3,opt-1.3b,A-B,1,32,8,R1,2,priority,1,775.7499585151672,101.73516750335693,96.08328417369297,"{'tokens_exact': True, 'logits_max_abs': 0.0, 'kv_max_abs': 0.0}","{'tokens_exact': True, 'logits_max_abs': 0.0, 'kv_max_abs': 0.0}"
experiments/inferrelay_two_node/results/t3-13b-a-b-02,t3,opt-1.3b,A-B,1,32,8,R1,2,priority,2,773.7034149169922,102.06810998916626,95.75639268330166,"{'tokens_exact': True, 'logits_max_abs': 0.0, 'kv_max_abs': 0.0}","{'tokens_exact': True, 'logits_max_abs': 0.0, 'kv_max_abs': 0.0}"
experiments/inferrelay_two_node/results/t3-13b-a-b-02,t3,opt-1.3b,A-B,1,32,8,R1,2,priority,3,772.7658982276917,101.47729682922363,95.68485062462943,"{'tokens_exact': True, 'logits_max_abs': 0.0, 'kv_max_abs': 0.0}","{'tokens_exact': True, 'logits_max_abs': 0.0, 'kv_max_abs': 0.0}"
experiments/inferrelay_two_node/results/t3-13b-a-b-02,t3,opt-1.3b,A-B,1,32,8,C1,1,window2,1,620.0777721405029,80.81297874450684,76.7246788569859,"{'tokens_exact': True, 'logits_max_abs': 0.0, 'kv_max_abs': 0.0}","{'tokens_exact': True, 'logits_max_abs': 0.0, 'kv_max_abs': 0.0}"
experiments/inferrelay_two_node/results/t3-13b-a-b-02,t3,opt-1.3b,A-B,1,32,8,C1,1,window2,2,620.9439220428467,81.01700830459595,76.80115570340838,"{'tokens_exact': True, 'logits_max_abs': 0.0, 'kv_max_abs': 0.0}","{'tokens_exact': True, 'logits_max_abs': 0.0, 'kv_max_abs': 0.0}"
experiments/inferrelay_two_node/results/t3-13b-a-b-02,t3,opt-1.3b,A-B,1,32,8,C1,1,window2,3,619.2996459007263,80.4272403717041,76.68271882193429,"{'tokens_exact': True, 'logits_max_abs': 0.0, 'kv_max_abs': 0.0}","{'tokens_exact': True, 'logits_max_abs': 0.0, 'kv_max_abs': 0.0}"
experiments/inferrelay_two_node/results/t3-13b-a-b-02,t3,opt-1.3b,A-B,1,32,8,C1,2,window2,1,760.5044631958008,107.50426483154297,93.1534196308681,"{'tokens_exact': True, 'logits_max_abs': 0.0, 'kv_max_abs': 0.0}","{'tokens_exact': True, 'logits_max_abs': 0.0, 'kv_max_abs': 0.0}"
experiments/inferrelay_two_node/results/t3-13b-a-b-02,t3,opt-1.3b,A-B,1,32,8,C1,2,window2,2,759.8330426216125,112.54864358901978,92.33169630595616,"{'tokens_exact': True, 'logits_max_abs': 0.0, 'kv_max_abs': 0.0}","{'tokens_exact': True, 'logits_max_abs': 0.0, 'kv_max_abs': 0.0}"
experiments/inferrelay_two_node/results/t3-13b-a-b-02,t3,opt-1.3b,A-B,1,32,8,C1,2,window2,3,762.2198104858398,106.62754106521606,93.42495489120483,"{'tokens_exact': True, 'logits_max_abs': 0.0, 'kv_max_abs': 0.0}","{'tokens_exact': True, 'logits_max_abs': 0.0, 'kv_max_abs': 0.0}"
experiments/inferrelay_two_node/results/t3-13b-a-b-02,t3,opt-1.3b,A-B,1,32,8,C1,3,window2,1,1133.7994437217712,150.45775079727173,140.0323760168893,"{'tokens_exact': True, 'logits_max_abs': 0.0, 'kv_max_abs': 0.0}","{'tokens_exact': True, 'logits_max_abs': 0.0, 'kv_max_abs': 0.0}"
experiments/inferrelay_two_node/results/t3-13b-a-b-02,t3,opt-1.3b,A-B,1,32,8,C1,3,window2,2,1134.2256751060486,150.25168800354004,139.89178017207556,"{'tokens_exact': True, 'logits_max_abs': 0.0, 'kv_max_abs': 0.0}","{'tokens_exact': True, 'logits_max_abs': 0.0, 'kv_max_abs': 0.0}"
experiments/inferrelay_two_node/results/t3-13b-a-b-02,t3,opt-1.3b,A-B,1,32,8,C1,3,window2,3,1131.2732372283936,150.89722299575806,139.81234863826208,"{'tokens_exact': True, 'logits_max_abs': 0.0, 'kv_max_abs': 0.0}","{'tokens_exact': True, 'logits_max_abs': 0.0, 'kv_max_abs': 0.0}"
experiments/inferrelay_two_node/results/t3-13b-a-b-02,t3,opt-1.3b,A-B,1,32,8,R1,2,window2,1,755.7301750183105,149.93706369400024,86.28163930347988,"{'tokens_exact': True, 'logits_max_abs': 0.0, 'kv_max_abs': 0.0}","{'tokens_exact': True, 'logits_max_abs': 0.0, 'kv_max_abs': 0.0}"
experiments/inferrelay_two_node/results/t3-13b-a-b-02,t3,opt-1.3b,A-B,1,32,8,R1,2,window2,2,755.055657863617,148.0296220779419,86.57261902945382,"{'tokens_exact': True, 'logits_max_abs': 0.0, 'kv_max_abs': 0.0}","{'tokens_exact': True, 'logits_max_abs': 0.0, 'kv_max_abs': 0.0}"
experiments/inferrelay_two_node/results/t3-13b-a-b-02,t3,opt-1.3b,A-B,1,32,8,R1,2,window2,3,757.9621334075928,148.58574533462524,86.81532233101981,"{'tokens_exact': True, 'logits_max_abs': 0.0, 'kv_max_abs': 0.0}","{'tokens_exact': True, 'logits_max_abs': 0.0, 'kv_max_abs': 0.0}"
experiments/inferrelay_two_node/results/t3-13b-a-b-02,t3,opt-1.3b,A-B,1,128,4,Cresident,2,priority,1,41.22383689880371,13.76233196258545,9.149405797322592,"{'tokens_exact': True, 'logits_max_abs': 0.0, 'kv_max_abs': 0.0}","{'tokens_exact': True, 'logits_max_abs': 0.0, 'kv_max_abs': 0.0}"
experiments/inferrelay_two_node/results/t3-13b-a-b-02,t3,opt-1.3b,A-B,1,128,4,Cresident,2,priority,2,40.60018873214722,13.60109567642212,8.99476401011149,"{'tokens_exact': True, 'logits_max_abs': 0.0, 'kv_max_abs': 0.0}","{'tokens_exact': True, 'logits_max_abs': 0.0, 'kv_max_abs': 0.0}"
experiments/inferrelay_two_node/results/t3-13b-a-b-02,t3,opt-1.3b,A-B,1,128,4,Cresident,2,priority,3,40.220664501190186,13.60808801651001,8.866857528686523,"{'tokens_exact': True, 'logits_max_abs': 0.0, 'kv_max_abs': 0.0}","{'tokens_exact': True, 'logits_max_abs': 0.0, 'kv_max_abs': 0.0}"
experiments/inferrelay_two_node/results/t3-13b-a-b-02,t3,opt-1.3b,A-B,1,128,4,Rresident,2,priority,1,49.81561470031738,18.636579990386963,10.388498624165853,"{'tokens_exact': True, 'logits_max_abs': 0.0, 'kv_max_abs': 0.0}","{'tokens_exact': True, 'logits_max_abs': 0.0, 'kv_max_abs': 0.0}"
experiments/inferrelay_two_node/results/t3-13b-a-b-02,t3,opt-1.3b,A-B,1,128,4,Rresident,2,priority,2,50.03146028518677,18.527271270751953,10.49694045384725,"{'tokens_exact': True, 'logits_max_abs': 0.0, 'kv_max_abs': 0.0}","{'tokens_exact': True, 'logits_max_abs': 0.0, 'kv_max_abs': 0.0}"
experiments/inferrelay_two_node/results/t3-13b-a-b-02,t3,opt-1.3b,A-B,1,128,4,Rresident,2,priority,3,48.4261269569397,18.358932495117188,10.018180847167969,"{'tokens_exact': True, 'logits_max_abs': 0.0, 'kv_max_abs': 0.0}","{'tokens_exact': True, 'logits_max_abs': 0.0, 'kv_max_abs': 0.0}"
experiments/inferrelay_two_node/results/t3-13b-a-b-02,t3,opt-1.3b,A-B,1,128,4,C0,2,window2,1,615.1973977088928,156.2009358406067,152.60131533940634,"{'tokens_exact': True, 'logits_max_abs': 0.0, 'kv_max_abs': 0.0}","{'tokens_exact': True, 'logits_max_abs': 0.0, 'kv_max_abs': 0.0}"
experiments/inferrelay_two_node/results/t3-13b-a-b-02,t3,opt-1.3b,A-B,1,128,4,C0,2,window2,2,614.883020401001,155.93120098114014,152.58197259902954,"{'tokens_exact': True, 'logits_max_abs': 0.0, 'kv_max_abs': 0.0}","{'tokens_exact': True, 'logits_max_abs': 0.0, 'kv_max_abs': 0.0}"
experiments/inferrelay_two_node/results/t3-13b-a-b-02,t3,opt-1.3b,A-B,1,128,4,C0,2,window2,3,614.2707829475403,155.74274587631226,152.4405419031779,"{'tokens_exact': True, 'logits_max_abs': 0.0, 'kv_max_abs': 0.0}","{'tokens_exact': True, 'logits_max_abs': 0.0, 'kv_max_abs': 0.0}"
experiments/inferrelay_two_node/results/t3-13b-a-b-02,t3,opt-1.3b,A-B,1,128,4,R0,2,window2,1,631.851902961731,163.6434645652771,155.84547646840414,"{'tokens_exact': True, 'logits_max_abs': 0.0, 'kv_max_abs': 0.0}","{'tokens_exact': True, 'logits_max_abs': 0.0, 'kv_max_abs': 0.0}"
experiments/inferrelay_two_node/results/t3-13b-a-b-02,t3,opt-1.3b,A-B,1,128,4,R0,2,window2,2,633.0709748268127,163.72542715072632,156.20828501383463,"{'tokens_exact': True, 'logits_max_abs': 0.0, 'kv_max_abs': 0.0}","{'tokens_exact': True, 'logits_max_abs': 0.0, 'kv_max_abs': 0.0}"
experiments/inferrelay_two_node/results/t3-13b-a-b-02,t3,opt-1.3b,A-B,1,128,4,R0,2,window2,3,633.9832720756531,164.52366304397583,156.23660691579184,"{'tokens_exact': True, 'logits_max_abs': 0.0, 'kv_max_abs': 0.0}","{'tokens_exact': True, 'logits_max_abs': 0.0, 'kv_max_abs': 0.0}"
experiments/inferrelay_two_node/results/t3-13b-a-b-02,t3,opt-1.3b,A-B,1,128,4,C1,1,priority,1,324.5016860961914,85.67263460159302,79.1583906809489,"{'tokens_exact': True, 'logits_max_abs': 0.0, 'kv_max_abs': 0.0}","{'tokens_exact': True, 'logits_max_abs': 0.0, 'kv_max_abs': 0.0}"
experiments/inferrelay_two_node/results/t3-13b-a-b-02,t3,opt-1.3b,A-B,1,128,4,C1,1,priority,2,325.0096459388733,85.68660402297974,79.229394753774,"{'tokens_exact': True, 'logits_max_abs': 0.0, 'kv_max_abs': 0.0}","{'tokens_exact': True, 'logits_max_abs': 0.0, 'kv_max_abs': 0.0}"
experiments/inferrelay_two_node/results/t3-13b-a-b-02,t3,opt-1.3b,A-B,1,128,4,C1,1,priority,3,325.1790738105774,85.89305686950684,79.25996589660645,"{'tokens_exact': True, 'logits_max_abs': 0.0, 'kv_max_abs': 0.0}","{'tokens_exact': True, 'logits_max_abs': 0.0, 'kv_max_abs': 0.0}"
experiments/inferrelay_two_node/results/t3-13b-a-b-02,t3,opt-1.3b,A-B,1,128,4,C1,2,priority,1,396.27639389038086,116.86949300765991,92.57968600591023,"{'tokens_exact': True, 'logits_max_abs': 0.0, 'kv_max_abs': 0.0}","{'tokens_exact': True, 'logits_max_abs': 0.0, 'kv_max_abs': 0.0}"
experiments/inferrelay_two_node/results/t3-13b-a-b-02,t3,opt-1.3b,A-B,1,128,4,C1,2,priority,2,393.90767669677734,110.3659143447876,94.27663469314575,"{'tokens_exact': True, 'logits_max_abs': 0.0, 'kv_max_abs': 0.0}","{'tokens_exact': True, 'logits_max_abs': 0.0, 'kv_max_abs': 0.0}"
experiments/inferrelay_two_node/results/t3-13b-a-b-02,t3,opt-1.3b,A-B,1,128,4,C1,2,priority,3,393.3410048484802,109.81413173675537,94.30406824747722,"{'tokens_exact': True, 'logits_max_abs': 0.0, 'kv_max_abs': 0.0}","{'tokens_exact': True, 'logits_max_abs': 0.0, 'kv_max_abs': 0.0}"
experiments/inferrelay_two_node/results/t3-13b-a-b-02,t3,opt-1.3b,A-B,1,128,4,C1,3,priority,1,580.1476135253906,154.72168016433716,141.5695220629374,"{'tokens_exact': True, 'logits_max_abs': 0.0, 'kv_max_abs': 0.0}","{'tokens_exact': True, 'logits_max_abs': 0.0, 'kv_max_abs': 0.0}"
experiments/inferrelay_two_node/results/t3-13b-a-b-02,t3,opt-1.3b,A-B,1,128,4,C1,3,priority,2,580.334894657135,154.45348978042603,141.7176602681478,"{'tokens_exact': True, 'logits_max_abs': 0.0, 'kv_max_abs': 0.0}","{'tokens_exact': True, 'logits_max_abs': 0.0, 'kv_max_abs': 0.0}"
experiments/inferrelay_two_node/results/t3-13b-a-b-02,t3,opt-1.3b,A-B,1,128,4,C1,3,priority,3,580.2661261558533,154.03494691848755,141.82065693537393,"{'tokens_exact': True, 'logits_max_abs': 0.0, 'kv_max_abs': 0.0}","{'tokens_exact': True, 'logits_max_abs': 0.0, 'kv_max_abs': 0.0}"
experiments/inferrelay_two_node/results/t3-13b-a-b-02,t3,opt-1.3b,A-B,1,128,4,R1,2,priority,1,394.1359362602234,104.83275604248047,96.24283949534099,"{'tokens_exact': True, 'logits_max_abs': 0.0, 'kv_max_abs': 0.0}","{'tokens_exact': True, 'logits_max_abs': 0.0, 'kv_max_abs': 0.0}"
experiments/inferrelay_two_node/results/t3-13b-a-b-02,t3,opt-1.3b,A-B,1,128,4,R1,2,priority,2,395.21120834350586,105.26566696166992,96.10060834884644,"{'tokens_exact': True, 'logits_max_abs': 0.0, 'kv_max_abs': 0.0}","{'tokens_exact': True, 'logits_max_abs': 0.0, 'kv_max_abs': 0.0}"
experiments/inferrelay_two_node/results/t3-13b-a-b-02,t3,opt-1.3b,A-B,1,128,4,R1,2,priority,3,393.00752115249634,104.80956935882568,95.87220080693562,"{'tokens_exact': True, 'logits_max_abs': 0.0, 'kv_max_abs': 0.0}","{'tokens_exact': True, 'logits_max_abs': 0.0, 'kv_max_abs': 0.0}"
experiments/inferrelay_two_node/results/t3-13b-a-b-02,t3,opt-1.3b,A-B,1,128,4,C1,1,window2,1,316.32227325439453,84.15321588516235,76.88037649790446,"{'tokens_exact': True, 'logits_max_abs': 0.0, 'kv_max_abs': 0.0}","{'tokens_exact': True, 'logits_max_abs': 0.0, 'kv_max_abs': 0.0}"
experiments/inferrelay_two_node/results/t3-13b-a-b-02,t3,opt-1.3b,A-B,1,128,4,C1,1,window2,2,316.1441316604614,84.14727401733398,76.81756480534871,"{'tokens_exact': True, 'logits_max_abs': 0.0, 'kv_max_abs': 0.0}","{'tokens_exact': True, 'logits_max_abs': 0.0, 'kv_max_abs': 0.0}"
experiments/inferrelay_two_node/results/t3-13b-a-b-02,t3,opt-1.3b,A-B,1,128,4,C1,1,window2,3,315.3640103340149,83.72879981994629,76.71488793690999,"{'tokens_exact': True, 'logits_max_abs': 0.0, 'kv_max_abs': 0.0}","{'tokens_exact': True, 'logits_max_abs': 0.0, 'kv_max_abs': 0.0}"
experiments/inferrelay_two_node/results/t3-13b-a-b-02,t3,opt-1.3b,A-B,1,128,4,C1,2,window2,1,388.36587715148926,108.19117164611816,93.02415386835735,"{'tokens_exact': True, 'logits_max_abs': 0.0, 'kv_max_abs': 0.0}","{'tokens_exact': True, 'logits_max_abs': 0.0, 'kv_max_abs': 0.0}"
experiments/inferrelay_two_node/results/t3-13b-a-b-02,t3,opt-1.3b,A-B,1,128,4,C1,2,window2,2,388.2914628982544,108.67086505889893,93.04228401184082,"{'tokens_exact': True, 'logits_max_abs': 0.0, 'kv_max_abs': 0.0}","{'tokens_exact': True, 'logits_max_abs': 0.0, 'kv_max_abs': 0.0}"
experiments/inferrelay_two_node/results/t3-13b-a-b-02,t3,opt-1.3b,A-B,1,128,4,C1,2,window2,3,387.61985635757446,108.3621335029602,92.513023853302,"{'tokens_exact': True, 'logits_max_abs': 0.0, 'kv_max_abs': 0.0}","{'tokens_exact': True, 'logits_max_abs': 0.0, 'kv_max_abs': 0.0}"
experiments/inferrelay_two_node/results/t3-13b-a-b-02,t3,opt-1.3b,A-B,1,128,4,C1,3,window2,1,571.675509929657,152.48979091644287,139.45790004730225,"{'tokens_exact': True, 'logits_max_abs': 0.0, 'kv_max_abs': 0.0}","{'tokens_exact': True, 'logits_max_abs': 0.0, 'kv_max_abs': 0.0}"
experiments/inferrelay_two_node/results/t3-13b-a-b-02,t3,opt-1.3b,A-B,1,128,4,C1,3,window2,2,572.7230429649353,152.3362340927124,139.45787318547568,"{'tokens_exact': True, 'logits_max_abs': 0.0, 'kv_max_abs': 0.0}","{'tokens_exact': True, 'logits_max_abs': 0.0, 'kv_max_abs': 0.0}"
experiments/inferrelay_two_node/results/t3-13b-a-b-02,t3,opt-1.3b,A-B,1,128,4,C1,3,window2,3,572.2437210083008,152.77570724487305,139.1916659673055,"{'tokens_exact': True, 'logits_max_abs': 0.0, 'kv_max_abs': 0.0}","{'tokens_exact': True, 'logits_max_abs': 0.0, 'kv_max_abs': 0.0}"
experiments/inferrelay_two_node/results/t3-13b-a-b-02,t3,opt-1.3b,A-B,1,128,4,R1,2,window2,1,385.26970195770264,149.86659288406372,78.12449900309245,"{'tokens_exact': True, 'logits_max_abs': 0.0, 'kv_max_abs': 0.0}","{'tokens_exact': True, 'logits_max_abs': 0.0, 'kv_max_abs': 0.0}"
experiments/inferrelay_two_node/results/t3-13b-a-b-02,t3,opt-1.3b,A-B,1,128,4,R1,2,window2,2,382.90499353408813,149.37363958358765,77.48438199361165,"{'tokens_exact': True, 'logits_max_abs': 0.0, 'kv_max_abs': 0.0}","{'tokens_exact': True, 'logits_max_abs': 0.0, 'kv_max_abs': 0.0}"
experiments/inferrelay_two_node/results/t3-13b-a-b-02,t3,opt-1.3b,A-B,1,128,4,R1,2,window2,3,382.53129053115845,149.4732060432434,77.36076243718465,"{'tokens_exact': True, 'logits_max_abs': 0.0, 'kv_max_abs': 0.0}","{'tokens_exact': True, 'logits_max_abs': 0.0, 'kv_max_abs': 0.0}"
experiments/inferrelay_two_node/results/t3-13b-a-b-02,t3,opt-1.3b,A-B,4,256,4,Cresident,2,priority,1,137.39130687713623,92.49004077911377,14.95284096399943,"{'tokens_exact': True, 'logits_max_abs': 0.0, 'kv_max_abs': 0.0}","{'tokens_exact': True, 'logits_max_abs': 0.0, 'kv_max_abs': 0.0}"
experiments/inferrelay_two_node/results/t3-13b-a-b-02,t3,opt-1.3b,A-B,4,256,4,Cresident,2,priority,2,137.08059740066528,92.3805570602417,14.88639465967814,"{'tokens_exact': True, 'logits_max_abs': 0.0, 'kv_max_abs': 0.0}","{'tokens_exact': True, 'logits_max_abs': 0.0, 'kv_max_abs': 0.0}"
experiments/inferrelay_two_node/results/t3-13b-a-b-02,t3,opt-1.3b,A-B,4,256,4,Cresident,2,priority,3,135.39585638046265,91.53041124343872,14.615511099497477,"{'tokens_exact': True, 'logits_max_abs': 0.0, 'kv_max_abs': 0.0}","{'tokens_exact': True, 'logits_max_abs': 0.0, 'kv_max_abs': 0.0}"
experiments/inferrelay_two_node/results/t3-13b-a-b-02,t3,opt-1.3b,A-B,4,256,4,Rresident,2,priority,1,171.3547077178955,123.47109603881836,15.948101679484049,"{'tokens_exact': True, 'logits_max_abs': 0.0, 'kv_max_abs': 0.0}","{'tokens_exact': True, 'logits_max_abs': 0.0, 'kv_max_abs': 0.0}"
experiments/inferrelay_two_node/results/t3-13b-a-b-02,t3,opt-1.3b,A-B,4,256,4,Rresident,2,priority,2,174.72614002227783,123.20083093643188,17.161452770233154,"{'tokens_exact': True, 'logits_max_abs': 0.0, 'kv_max_abs': 0.0}","{'tokens_exact': True, 'logits_max_abs': 0.0, 'kv_max_abs': 0.0}"
experiments/inferrelay_two_node/results/t3-13b-a-b-02,t3,opt-1.3b,A-B,4,256,4,Rresident,2,priority,3,169.93044900894165,123.27266120910645,15.538733959197998,"{'tokens_exact': True, 'logits_max_abs': 0.0, 'kv_max_abs': 0.0}","{'tokens_exact': True, 'logits_max_abs': 0.0, 'kv_max_abs': 0.0}"
experiments/inferrelay_two_node/results/t3-13b-a-b-02,t3,opt-1.3b,A-B,4,256,4,C0,2,window2,1,661.1442604064941,202.53808116912842,152.35343837738037,"{'tokens_exact': True, 'logits_max_abs': 0.0, 'kv_max_abs': 0.0}","{'tokens_exact': True, 'logits_max_abs': 0.0, 'kv_max_abs': 0.0}"
experiments/inferrelay_two_node/results/t3-13b-a-b-02,t3,opt-1.3b,A-B,4,256,4,C0,2,window2,2,661.2311520576477,202.24523973464966,152.4980092048645,"{'tokens_exact': True, 'logits_max_abs': 0.0, 'kv_max_abs': 0.0}","{'tokens_exact': True, 'logits_max_abs': 0.0, 'kv_max_abs': 0.0}"
experiments/inferrelay_two_node/results/t3-13b-a-b-02,t3,opt-1.3b,A-B,4,256,4,C0,2,window2,3,660.8966031074524,202.2759690284729,152.34037971496582,"{'tokens_exact': True, 'logits_max_abs': 0.0, 'kv_max_abs': 0.0}","{'tokens_exact': True, 'logits_max_abs': 0.0, 'kv_max_abs': 0.0}"
experiments/inferrelay_two_node/results/t3-13b-a-b-02,t3,opt-1.3b,A-B,4,256,4,R0,2,window2,1,735.5455040931702,266.08118438720703,156.02199427286783,"{'tokens_exact': True, 'logits_max_abs': 0.0, 'kv_max_abs': 0.0}","{'tokens_exact': True, 'logits_max_abs': 0.0, 'kv_max_abs': 0.0}"
experiments/inferrelay_two_node/results/t3-13b-a-b-02,t3,opt-1.3b,A-B,4,256,4,R0,2,window2,2,735.6152930259705,265.9834041595459,156.08738962809244,"{'tokens_exact': True, 'logits_max_abs': 0.0, 'kv_max_abs': 0.0}","{'tokens_exact': True, 'logits_max_abs': 0.0, 'kv_max_abs': 0.0}"
experiments/inferrelay_two_node/results/t3-13b-a-b-02,t3,opt-1.3b,A-B,4,256,4,R0,2,window2,3,735.7634673118591,265.8647928237915,156.19710699717203,"{'tokens_exact': True, 'logits_max_abs': 0.0, 'kv_max_abs': 0.0}","{'tokens_exact': True, 'logits_max_abs': 0.0, 'kv_max_abs': 0.0}"
experiments/inferrelay_two_node/results/t3-13b-a-b-02,t3,opt-1.3b,A-B,4,256,4,C1,1,priority,1,387.76758575439453,148.5152587890625,79.24370368321736,"{'tokens_exact': True, 'logits_max_abs': 0.0, 'kv_max_abs': 0.0}","{'tokens_exact': True, 'logits_max_abs': 0.0, 'kv_max_abs': 0.0}"
experiments/inferrelay_two_node/results/t3-13b-a-b-02,t3,opt-1.3b,A-B,4,256,4,C1,1,priority,2,387.4015164375305,148.33873081207275,79.1354095141093,"{'tokens_exact': True, 'logits_max_abs': 0.0, 'kv_max_abs': 0.0}","{'tokens_exact': True, 'logits_max_abs': 0.0, 'kv_max_abs': 0.0}"
experiments/inferrelay_two_node/results/t3-13b-a-b-02,t3,opt-1.3b,A-B,4,256,4,C1,1,priority,3,388.7992596626282,148.49988842010498,79.53571081161499,"{'tokens_exact': True, 'logits_max_abs': 0.0, 'kv_max_abs': 0.0}","{'tokens_exact': True, 'logits_max_abs': 0.0, 'kv_max_abs': 0.0}"
experiments/inferrelay_two_node/results/t3-13b-a-b-02,t3,opt-1.3b,A-B,4,256,4,C1,2,priority,1,410.4161801338196,168.8856725692749,79.9307074546814,"{'tokens_exact': True, 'logits_max_abs': 0.0, 'kv_max_abs': 0.0}","{'tokens_exact': True, 'logits_max_abs': 0.0, 'kv_max_abs': 0.0}"
experiments/inferrelay_two_node/results/t3-13b-a-b-02,t3,opt-1.3b,A-B,4,256,4,C1,2,priority,2,410.30541372299194,168.7045521736145,79.98272196451823,"{'tokens_exact': True, 'logits_max_abs': 0.0, 'kv_max_abs': 0.0}","{'tokens_exact': True, 'logits_max_abs': 0.0, 'kv_max_abs': 0.0}"
experiments/inferrelay_two_node/results/t3-13b-a-b-02,t3,opt-1.3b,A-B,4,256,4,C1,2,priority,3,410.3640570640564,169.3983235359192,79.76901165644328,"{'tokens_exact': True, 'logits_max_abs': 0.0, 'kv_max_abs': 0.0}","{'tokens_exact': True, 'logits_max_abs': 0.0, 'kv_max_abs': 0.0}"
experiments/inferrelay_two_node/results/t3-13b-a-b-02,t3,opt-1.3b,A-B,4,256,4,C1,3,priority,1,597.0383291244507,198.47238731384277,132.23971843719482,"{'tokens_exact': True, 'logits_max_abs': 0.0, 'kv_max_abs': 0.0}","{'tokens_exact': True, 'logits_max_abs': 0.0, 'kv_max_abs': 0.0}"
experiments/inferrelay_two_node/results/t3-13b-a-b-02,t3,opt-1.3b,A-B,4,256,4,C1,3,priority,2,599.5172452926636,199.42535066604614,132.802681128184,"{'tokens_exact': True, 'logits_max_abs': 0.0, 'kv_max_abs': 0.0}","{'tokens_exact': True, 'logits_max_abs': 0.0, 'kv_max_abs': 0.0}"
experiments/inferrelay_two_node/results/t3-13b-a-b-02,t3,opt-1.3b,A-B,4,256,4,C1,3,priority,3,599.1528844833374,198.90038633346558,132.30344025293985,"{'tokens_exact': True, 'logits_max_abs': 0.0, 'kv_max_abs': 0.0}","{'tokens_exact': True, 'logits_max_abs': 0.0, 'kv_max_abs': 0.0}"
experiments/inferrelay_two_node/results/t3-13b-a-b-02,t3,opt-1.3b,A-B,4,256,4,R1,2,priority,1,426.97674226760864,170.05382204055786,85.14464648564656,"{'tokens_exact': True, 'logits_max_abs': 0.0, 'kv_max_abs': 0.0}","{'tokens_exact': True, 'logits_max_abs': 0.0, 'kv_max_abs': 0.0}"
experiments/inferrelay_two_node/results/t3-13b-a-b-02,t3,opt-1.3b,A-B,4,256,4,R1,2,priority,2,425.92398166656494,169.46582412719727,85.02053594589233,"{'tokens_exact': True, 'logits_max_abs': 0.0, 'kv_max_abs': 0.0}","{'tokens_exact': True, 'logits_max_abs': 0.0, 'kv_max_abs': 0.0}"
experiments/inferrelay_two_node/results/t3-13b-a-b-02,t3,opt-1.3b,A-B,4,256,4,R1,2,priority,3,425.4491949081421,169.5474328994751,84.8116291364034,"{'tokens_exact': True, 'logits_max_abs': 0.0, 'kv_max_abs': 0.0}","{'tokens_exact': True, 'logits_max_abs': 0.0, 'kv_max_abs': 0.0}"
experiments/inferrelay_two_node/results/t3-13b-a-b-02,t3,opt-1.3b,A-B,4,256,4,C1,1,window2,1,377.5409450531006,145.65903425216675,76.73319848378499,"{'tokens_exact': True, 'logits_max_abs': 0.0, 'kv_max_abs': 0.0}","{'tokens_exact': True, 'logits_max_abs': 0.0, 'kv_max_abs': 0.0}"
experiments/inferrelay_two_node/results/t3-13b-a-b-02,t3,opt-1.3b,A-B,4,256,4,C1,1,window2,2,378.093017578125,146.02932691574097,76.795982837677,"{'tokens_exact': True, 'logits_max_abs': 0.0, 'kv_max_abs': 0.0}","{'tokens_exact': True, 'logits_max_abs': 0.0, 'kv_max_abs': 0.0}"
experiments/inferrelay_two_node/results/t3-13b-a-b-02,t3,opt-1.3b,A-B,4,256,4,C1,1,window2,3,378.7323651313782,146.6434783935547,76.85748465855916,"{'tokens_exact': True, 'logits_max_abs': 0.0, 'kv_max_abs': 0.0}","{'tokens_exact': True, 'logits_max_abs': 0.0, 'kv_max_abs': 0.0}"
experiments/inferrelay_two_node/results/t3-13b-a-b-02,t3,opt-1.3b,A-B,4,256,4,C1,2,window2,1,388.4585690498352,166.30826902389526,73.21434370676677,"{'tokens_exact': True, 'logits_max_abs': 0.0, 'kv_max_abs': 0.0}","{'tokens_exact': True, 'logits_max_abs': 0.0, 'kv_max_abs': 0.0}"
experiments/inferrelay_two_node/results/t3-13b-a-b-02,t3,opt-1.3b,A-B,4,256,4,C1,2,window2,2,388.0951600074768,166.89941501617432,73.15316661198933,"{'tokens_exact': True, 'logits_max_abs': 0.0, 'kv_max_abs': 0.0}","{'tokens_exact': True, 'logits_max_abs': 0.0, 'kv_max_abs': 0.0}"
experiments/inferrelay_two_node/results/t3-13b-a-b-02,t3,opt-1.3b,A-B,4,256,4,C1,2,window2,3,388.51735067367554,167.72268390655518,73.00872294108073,"{'tokens_exact': True, 'logits_max_abs': 0.0, 'kv_max_abs': 0.0}","{'tokens_exact': True, 'logits_max_abs': 0.0, 'kv_max_abs': 0.0}"
experiments/inferrelay_two_node/results/t3-13b-a-b-02,t3,opt-1.3b,A-B,4,256,4,C1,3,window2,1,573.5102796554565,196.19184112548828,125.16770966847737,"{'tokens_exact': True, 'logits_max_abs': 0.0, 'kv_max_abs': 0.0}","{'tokens_exact': True, 'logits_max_abs': 0.0, 'kv_max_abs': 0.0}"
experiments/inferrelay_two_node/results/t3-13b-a-b-02,t3,opt-1.3b,A-B,4,256,4,C1,3,window2,2,573.5738658905029,197.92325687408447,124.58706553777058,"{'tokens_exact': True, 'logits_max_abs': 0.0, 'kv_max_abs': 0.0}","{'tokens_exact': True, 'logits_max_abs': 0.0, 'kv_max_abs': 0.0}"
experiments/inferrelay_two_node/results/t3-13b-a-b-02,t3,opt-1.3b,A-B,4,256,4,C1,3,window2,3,572.3053140640259,195.95564556121826,124.71167691548665,"{'tokens_exact': True, 'logits_max_abs': 0.0, 'kv_max_abs': 0.0}","{'tokens_exact': True, 'logits_max_abs': 0.0, 'kv_max_abs': 0.0}"
experiments/inferrelay_two_node/results/t3-13b-a-b-02,t3,opt-1.3b,A-B,4,256,4,R1,2,window2,1,406.76652240753174,197.45125102996826,68.9756031036377,"{'tokens_exact': True, 'logits_max_abs': 0.0, 'kv_max_abs': 0.0}","{'tokens_exact': True, 'logits_max_abs': 0.0, 'kv_max_abs': 0.0}"
experiments/inferrelay_two_node/results/t3-13b-a-b-02,t3,opt-1.3b,A-B,4,256,4,R1,2,window2,2,403.58569622039795,196.64231872558594,68.35996786753337,"{'tokens_exact': True, 'logits_max_abs': 0.0, 'kv_max_abs': 0.0}","{'tokens_exact': True, 'logits_max_abs': 0.0, 'kv_max_abs': 0.0}"
experiments/inferrelay_two_node/results/t3-13b-a-b-02,t3,opt-1.3b,A-B,4,256,4,R1,2,window2,3,403.9830689430237,197.07347774505615,68.43986638387044,"{'tokens_exact': True, 'logits_max_abs': 0.0, 'kv_max_abs': 0.0}","{'tokens_exact': True, 'logits_max_abs': 0.0, 'kv_max_abs': 0.0}"
experiments/inferrelay_two_node/results/t3-13b-b-a-02,t3,opt-1.3b,B-A,1,32,8,Cresident,2,priority,1,79.18185305595398,11.77998399734497,9.624995299748011,"{'tokens_exact': True, 'logits_max_abs': 0.0, 'kv_max_abs': 0.0}","{'tokens_exact': True, 'logits_max_abs': 0.0, 'kv_max_abs': 0.0}"
experiments/inferrelay_two_node/results/t3-13b-b-a-02,t3,opt-1.3b,B-A,1,32,8,Cresident,2,priority,2,77.24191904067993,11.132483005523682,9.440489053726196,"{'tokens_exact': True, 'logits_max_abs': 0.0, 'kv_max_abs': 0.0}","{'tokens_exact': True, 'logits_max_abs': 0.0, 'kv_max_abs': 0.0}"
experiments/inferrelay_two_node/results/t3-13b-b-a-02,t3,opt-1.3b,B-A,1,32,8,Cresident,2,priority,3,76.71080780029297,10.889491081237793,9.399563959666661,"{'tokens_exact': True, 'logits_max_abs': 0.0, 'kv_max_abs': 0.0}","{'tokens_exact': True, 'logits_max_abs': 0.0, 'kv_max_abs': 0.0}"
experiments/inferrelay_two_node/results/t3-13b-b-a-02,t3,opt-1.3b,B-A,1,32,8,Rresident,2,priority,1,82.68513774871826,12.995798110961914,9.95301628112793,"{'tokens_exact': True, 'logits_max_abs': 0.0, 'kv_max_abs': 0.0}","{'tokens_exact': True, 'logits_max_abs': 0.0, 'kv_max_abs': 0.0}"
experiments/inferrelay_two_node/results/t3-13b-b-a-02,t3,opt-1.3b,B-A,1,32,8,Rresident,2,priority,2,83.75532388687134,13.244664192199707,10.070304189409528,"{'tokens_exact': True, 'logits_max_abs': 0.0, 'kv_max_abs': 0.0}","{'tokens_exact': True, 'logits_max_abs': 0.0, 'kv_max_abs': 0.0}"
experiments/inferrelay_two_node/results/t3-13b-b-a-02,t3,opt-1.3b,B-A,1,32,8,Rresident,2,priority,3,83.25558185577393,12.851169109344482,10.055307762963432,"{'tokens_exact': True, 'logits_max_abs': 0.0, 'kv_max_abs': 0.0}","{'tokens_exact': True, 'logits_max_abs': 0.0, 'kv_max_abs': 0.0}"
experiments/inferrelay_two_node/results/t3-13b-b-a-02,t3,opt-1.3b,B-A,1,32,8,C0,2,window2,1,1222.6711938381195,153.0434558391571,152.4928914478847,"{'tokens_exact': True, 'logits_max_abs': 0.0, 'kv_max_abs': 0.0}","{'tokens_exact': True, 'logits_max_abs': 0.0, 'kv_max_abs': 0.0}"
experiments/inferrelay_two_node/results/t3-13b-b-a-02,t3,opt-1.3b,B-A,1,32,8,C0,2,window2,2,1224.2719402313232,153.103511095047,152.6316295691899,"{'tokens_exact': True, 'logits_max_abs': 0.0, 'kv_max_abs': 0.0}","{'tokens_exact': True, 'logits_max_abs': 0.0, 'kv_max_abs': 0.0}"
experiments/inferrelay_two_node/results/t3-13b-b-a-02,t3,opt-1.3b,B-A,1,32,8,C0,2,window2,3,1221.7958221435547,153.15831685066223,152.29687227521623,"{'tokens_exact': True, 'logits_max_abs': 0.0, 'kv_max_abs': 0.0}","{'tokens_exact': True, 'logits_max_abs': 0.0, 'kv_max_abs': 0.0}"
experiments/inferrelay_two_node/results/t3-13b-b-a-02,t3,opt-1.3b,B-A,1,32,8,R0,2,window2,1,1249.4308109283447,157.77810192108154,155.67018130847387,"{'tokens_exact': True, 'logits_max_abs': 0.0, 'kv_max_abs': 0.0}","{'tokens_exact': True, 'logits_max_abs': 0.0, 'kv_max_abs': 0.0}"
experiments/inferrelay_two_node/results/t3-13b-b-a-02,t3,opt-1.3b,B-A,1,32,8,R0,2,window2,2,1250.1474342346191,158.16836071014404,155.65411581311906,"{'tokens_exact': True, 'logits_max_abs': 0.0, 'kv_max_abs': 0.0}","{'tokens_exact': True, 'logits_max_abs': 0.0, 'kv_max_abs': 0.0}"
experiments/inferrelay_two_node/results/t3-13b-b-a-02,t3,opt-1.3b,B-A,1,32,8,R0,2,window2,3,1248.2674677371979,157.7590789794922,155.49553315980094,"{'tokens_exact': True, 'logits_max_abs': 0.0, 'kv_max_abs': 0.0}","{'tokens_exact': True, 'logits_max_abs': 0.0, 'kv_max_abs': 0.0}"
experiments/inferrelay_two_node/results/t3-13b-b-a-02,t3,opt-1.3b,B-A,1,32,8,C1,1,priority,1,1155.173423051834,144.48272609710693,144.08148554393225,"{'tokens_exact': True, 'logits_max_abs': 0.0, 'kv_max_abs': 0.0}","{'tokens_exact': True, 'logits_max_abs': 0.0, 'kv_max_abs': 0.0}"
experiments/inferrelay_two_node/results/t3-13b-b-a-02,t3,opt-1.3b,B-A,1,32,8,C1,1,priority,2,1151.823175907135,144.4912350177765,143.5763840334756,"{'tokens_exact': True, 'logits_max_abs': 0.0, 'kv_max_abs': 0.0}","{'tokens_exact': True, 'logits_max_abs': 0.0, 'kv_max_abs': 0.0}"
experiments/inferrelay_two_node/results/t3-13b-b-a-02,t3,opt-1.3b,B-A,1,32,8,C1,1,priority,3,1151.6347992420197,144.01625204086304,143.57671468598502,"{'tokens_exact': True, 'logits_max_abs': 0.0, 'kv_max_abs': 0.0}","{'tokens_exact': True, 'logits_max_abs': 0.0, 'kv_max_abs': 0.0}"
experiments/inferrelay_two_node/results/t3-13b-b-a-02,t3,opt-1.3b,B-A,1,32,8,C1,2,priority,1,774.7626020908356,95.47149395942688,96.549964427948,"{'tokens_exact': True, 'logits_max_abs': 0.0, 'kv_max_abs': 0.0}","{'tokens_exact': True, 'logits_max_abs': 0.0, 'kv_max_abs': 0.0}"
experiments/inferrelay_two_node/results/t3-13b-b-a-02,t3,opt-1.3b,B-A,1,32,8,C1,2,priority,2,772.3486120700836,95.13922691345215,96.23400572368077,"{'tokens_exact': True, 'logits_max_abs': 0.0, 'kv_max_abs': 0.0}","{'tokens_exact': True, 'logits_max_abs': 0.0, 'kv_max_abs': 0.0}"
experiments/inferrelay_two_node/results/t3-13b-b-a-02,t3,opt-1.3b,B-A,1,32,8,C1,2,priority,3,772.7348868846893,95.23022627830505,96.29073200907025,"{'tokens_exact': True, 'logits_max_abs': 0.0, 'kv_max_abs': 0.0}","{'tokens_exact': True, 'logits_max_abs': 0.0, 'kv_max_abs': 0.0}"
experiments/inferrelay_two_node/results/t3-13b-b-a-02,t3,opt-1.3b,B-A,1,32,8,C1,3,priority,1,636.5903198719025,84.3700590133667,78.66460861478534,"{'tokens_exact': True, 'logits_max_abs': 0.0, 'kv_max_abs': 0.0}","{'tokens_exact': True, 'logits_max_abs': 0.0, 'kv_max_abs': 0.0}"
experiments/inferrelay_two_node/results/t3-13b-b-a-02,t3,opt-1.3b,B-A,1,32,8,C1,3,priority,2,636.0533907413483,84.14427018165588,78.61165489469256,"{'tokens_exact': True, 'logits_max_abs': 0.0, 'kv_max_abs': 0.0}","{'tokens_exact': True, 'logits_max_abs': 0.0, 'kv_max_abs': 0.0}"
experiments/inferrelay_two_node/results/t3-13b-b-a-02,t3,opt-1.3b,B-A,1,32,8,C1,3,priority,3,633.0161690711975,84.23469114303589,78.17647658075605,"{'tokens_exact': True, 'logits_max_abs': 0.0, 'kv_max_abs': 0.0}","{'tokens_exact': True, 'logits_max_abs': 0.0, 'kv_max_abs': 0.0}"
experiments/inferrelay_two_node/results/t3-13b-b-a-02,t3,opt-1.3b,B-A,1,32,8,R1,2,priority,1,777.057868719101,97.16811013221741,96.77440840857369,"{'tokens_exact': True, 'logits_max_abs': 0.0, 'kv_max_abs': 0.0}","{'tokens_exact': True, 'logits_max_abs': 0.0, 'kv_max_abs': 0.0}"
experiments/inferrelay_two_node/results/t3-13b-b-a-02,t3,opt-1.3b,B-A,1,32,8,R1,2,priority,2,776.1554551124573,95.62394189834595,96.74483333315167,"{'tokens_exact': True, 'logits_max_abs': 0.0, 'kv_max_abs': 0.0}","{'tokens_exact': True, 'logits_max_abs': 0.0, 'kv_max_abs': 0.0}"
experiments/inferrelay_two_node/results/t3-13b-b-a-02,t3,opt-1.3b,B-A,1,32,8,R1,2,priority,3,775.9476969242096,96.69208407402039,96.63070828574044,"{'tokens_exact': True, 'logits_max_abs': 0.0, 'kv_max_abs': 0.0}","{'tokens_exact': True, 'logits_max_abs': 0.0, 'kv_max_abs': 0.0}"
experiments/inferrelay_two_node/results/t3-13b-b-a-02,t3,opt-1.3b,B-A,1,32,8,C1,1,window2,1,1131.182557106018,142.2237069606781,140.95294070243835,"{'tokens_exact': True, 'logits_max_abs': 0.0, 'kv_max_abs': 0.0}","{'tokens_exact': True, 'logits_max_abs': 0.0, 'kv_max_abs': 0.0}"
experiments/inferrelay_two_node/results/t3-13b-b-a-02,t3,opt-1.3b,B-A,1,32,8,C1,1,window2,2,1131.1885459423065,142.04852271080017,140.98100740568978,"{'tokens_exact': True, 'logits_max_abs': 0.0, 'kv_max_abs': 0.0}","{'tokens_exact': True, 'logits_max_abs': 0.0, 'kv_max_abs': 0.0}"
experiments/inferrelay_two_node/results/t3-13b-b-a-02,t3,opt-1.3b,B-A,1,32,8,C1,1,window2,3,1131.2077939510345,142.4014630317688,140.93405423845564,"{'tokens_exact': True, 'logits_max_abs': 0.0, 'kv_max_abs': 0.0}","{'tokens_exact': True, 'logits_max_abs': 0.0, 'kv_max_abs': 0.0}"
experiments/inferrelay_two_node/results/t3-13b-b-a-02,t3,opt-1.3b,B-A,1,32,8,C1,2,window2,1,760.9373557567596,96.80542302131653,94.48338113512311,"{'tokens_exact': True, 'logits_max_abs': 0.0, 'kv_max_abs': 0.0}","{'tokens_exact': True, 'logits_max_abs': 0.0, 'kv_max_abs': 0.0}"
experiments/inferrelay_two_node/results/t3-13b-b-a-02,t3,opt-1.3b,B-A,1,32,8,C1,2,window2,2,760.2230780124664,95.8847770690918,94.44141687665667,"{'tokens_exact': True, 'logits_max_abs': 0.0, 'kv_max_abs': 0.0}","{'tokens_exact': True, 'logits_max_abs': 0.0, 'kv_max_abs': 0.0}"
experiments/inferrelay_two_node/results/t3-13b-b-a-02,t3,opt-1.3b,B-A,1,32,8,C1,2,window2,3,760.0087168216705,96.08660626411438,94.4145907333919,"{'tokens_exact': True, 'logits_max_abs': 0.0, 'kv_max_abs': 0.0}","{'tokens_exact': True, 'logits_max_abs': 0.0, 'kv_max_abs': 0.0}"
experiments/inferrelay_two_node/results/t3-13b-b-a-02,t3,opt-1.3b,B-A,1,32,8,C1,3,window2,1,617.8883142471313,92.01882791519165,74.45297643116542,"{'tokens_exact': True, 'logits_max_abs': 0.0, 'kv_max_abs': 0.0}","{'tokens_exact': True, 'logits_max_abs': 0.0, 'kv_max_abs': 0.0}"
experiments/inferrelay_two_node/results/t3-13b-b-a-02,t3,opt-1.3b,B-A,1,32,8,C1,3,window2,2,615.0828578472137,95.1768651008606,74.0231136253902,"{'tokens_exact': True, 'logits_max_abs': 0.0, 'kv_max_abs': 0.0}","{'tokens_exact': True, 'logits_max_abs': 0.0, 'kv_max_abs': 0.0}"
experiments/inferrelay_two_node/results/t3-13b-b-a-02,t3,opt-1.3b,B-A,1,32,8,C1,3,window2,3,618.443460226059,94.55822515487671,74.16270872524807,"{'tokens_exact': True, 'logits_max_abs': 0.0, 'kv_max_abs': 0.0}","{'tokens_exact': True, 'logits_max_abs': 0.0, 'kv_max_abs': 0.0}"
experiments/inferrelay_two_node/results/t3-13b-b-a-02,t3,opt-1.3b,B-A,1,32,8,R1,2,window2,1,788.350878238678,141.75984525680542,92.07948623384748,"{'tokens_exact': True, 'logits_max_abs': 0.0, 'kv_max_abs': 0.0}","{'tokens_exact': True, 'logits_max_abs': 0.0, 'kv_max_abs': 0.0}"
experiments/inferrelay_two_node/results/t3-13b-b-a-02,t3,opt-1.3b,B-A,1,32,8,R1,2,window2,2,783.8789060115814,141.7214548587799,91.42880031040737,"{'tokens_exact': True, 'logits_max_abs': 0.0, 'kv_max_abs': 0.0}","{'tokens_exact': True, 'logits_max_abs': 0.0, 'kv_max_abs': 0.0}"
experiments/inferrelay_two_node/results/t3-13b-b-a-02,t3,opt-1.3b,B-A,1,32,8,R1,2,window2,3,783.273490190506,141.69777393341064,91.36710579054696,"{'tokens_exact': True, 'logits_max_abs': 0.0, 'kv_max_abs': 0.0}","{'tokens_exact': True, 'logits_max_abs': 0.0, 'kv_max_abs': 0.0}"
experiments/inferrelay_two_node/results/t3-13b-b-a-02,t3,opt-1.3b,B-A,1,128,4,Cresident,2,priority,1,40.71782088279724,13.621652841567993,9.027542352676392,"{'tokens_exact': True, 'logits_max_abs': 0.0, 'kv_max_abs': 0.0}","{'tokens_exact': True, 'logits_max_abs': 0.0, 'kv_max_abs': 0.0}"
experiments/inferrelay_two_node/results/t3-13b-b-a-02,t3,opt-1.3b,B-A,1,128,4,Cresident,2,priority,2,41.209717988967896,13.759346723556519,9.145150581995646,"{'tokens_exact': True, 'logits_max_abs': 0.0, 'kv_max_abs': 0.0}","{'tokens_exact': True, 'logits_max_abs': 0.0, 'kv_max_abs': 0.0}"
experiments/inferrelay_two_node/results/t3-13b-b-a-02,t3,opt-1.3b,B-A,1,128,4,Cresident,2,priority,3,41.77992606163025,13.759835004806519,9.334695736567179,"{'tokens_exact': True, 'logits_max_abs': 0.0, 'kv_max_abs': 0.0}","{'tokens_exact': True, 'logits_max_abs': 0.0, 'kv_max_abs': 0.0}"
experiments/inferrelay_two_node/results/t3-13b-b-a-02,t3,opt-1.3b,B-A,1,128,4,Rresident,2,priority,1,51.78132200241089,19.060398817062378,10.902035792668661,"{'tokens_exact': True, 'logits_max_abs': 0.0, 'kv_max_abs': 0.0}","{'tokens_exact': True, 'logits_max_abs': 0.0, 'kv_max_abs': 0.0}"
experiments/inferrelay_two_node/results/t3-13b-b-a-02,t3,opt-1.3b,B-A,1,128,4,Rresident,2,priority,2,50.22249174118042,18.863868951797485,10.448614597320557,"{'tokens_exact': True, 'logits_max_abs': 0.0, 'kv_max_abs': 0.0}","{'tokens_exact': True, 'logits_max_abs': 0.0, 'kv_max_abs': 0.0}"
experiments/inferrelay_two_node/results/t3-13b-b-a-02,t3,opt-1.3b,B-A,1,128,4,Rresident,2,priority,3,49.66556000709534,18.61265206336975,10.34607728322347,"{'tokens_exact': True, 'logits_max_abs': 0.0, 'kv_max_abs': 0.0}","{'tokens_exact': True, 'logits_max_abs': 0.0, 'kv_max_abs': 0.0}"
experiments/inferrelay_two_node/results/t3-13b-b-a-02,t3,opt-1.3b,B-A,1,128,4,C0,2,window2,1,615.1226990222931,155.91033411026,152.57996662457785,"{'tokens_exact': True, 'logits_max_abs': 0.0, 'kv_max_abs': 0.0}","{'tokens_exact': True, 'logits_max_abs': 0.0, 'kv_max_abs': 0.0}"
experiments/inferrelay_two_node/results/t3-13b-b-a-02,t3,opt-1.3b,B-A,1,128,4,C0,2,window2,2,616.6605379581451,156.16239309310913,153.0066200097402,"{'tokens_exact': True, 'logits_max_abs': 0.0, 'kv_max_abs': 0.0}","{'tokens_exact': True, 'logits_max_abs': 0.0, 'kv_max_abs': 0.0}"
experiments/inferrelay_two_node/results/t3-13b-b-a-02,t3,opt-1.3b,B-A,1,128,4,C0,2,window2,3,616.7327041625977,157.55519795417786,152.56930541992188,"{'tokens_exact': True, 'logits_max_abs': 0.0, 'kv_max_abs': 0.0}","{'tokens_exact': True, 'logits_max_abs': 0.0, 'kv_max_abs': 0.0}"
experiments/inferrelay_two_node/results/t3-13b-b-a-02,t3,opt-1.3b,B-A,1,128,4,R0,2,window2,1,633.5835959911346,164.20749473571777,156.00259884198508,"{'tokens_exact': True, 'logits_max_abs': 0.0, 'kv_max_abs': 0.0}","{'tokens_exact': True, 'logits_max_abs': 0.0, 'kv_max_abs': 0.0}"
experiments/inferrelay_two_node/results/t3-13b-b-a-02,t3,opt-1.3b,B-A,1,128,4,R0,2,window2,2,633.990914106369,164.14795875549316,156.15696223576865,"{'tokens_exact': True, 'logits_max_abs': 0.0, 'kv_max_abs': 0.0}","{'tokens_exact': True, 'logits_max_abs': 0.0, 'kv_max_abs': 0.0}"
experiments/inferrelay_two_node/results/t3-13b-b-a-02,t3,opt-1.3b,B-A,1,128,4,R0,2,window2,3,633.0587258338928,164.12640690803528,155.8701643149058,"{'tokens_exact': True, 'logits_max_abs': 0.0, 'kv_max_abs': 0.0}","{'tokens_exact': True, 'logits_max_abs': 0.0, 'kv_max_abs': 0.0}"
experiments/inferrelay_two_node/results/t3-13b-b-a-02,t3,opt-1.3b,B-A,1,128,4,C1,1,priority,1,578.6622006893158,145.54649806022644,143.8550325234731,"{'tokens_exact': True, 'logits_max_abs': 0.0, 'kv_max_abs': 0.0}","{'tokens_exact': True, 'logits_max_abs': 0.0, 'kv_max_abs': 0.0}"
experiments/inferrelay_two_node/results/t3-13b-b-a-02,t3,opt-1.3b,B-A,1,128,4,C1,1,priority,2,578.101567029953,145.47773671150208,143.70668832461038,"{'tokens_exact': True, 'logits_max_abs': 0.0, 'kv_max_abs': 0.0}","{'tokens_exact': True, 'logits_max_abs': 0.0, 'kv_max_abs': 0.0}"
experiments/inferrelay_two_node/results/t3-13b-b-a-02,t3,opt-1.3b,B-A,1,128,4,C1,1,priority,3,578.2308850288391,144.83914279937744,143.82446765899658,"{'tokens_exact': True, 'logits_max_abs': 0.0, 'kv_max_abs': 0.0}","{'tokens_exact': True, 'logits_max_abs': 0.0, 'kv_max_abs': 0.0}"
experiments/inferrelay_two_node/results/t3-13b-b-a-02,t3,opt-1.3b,B-A,1,128,4,C1,2,priority,1,388.4484179019928,96.52228784561157,96.49907032648723,"{'tokens_exact': True, 'logits_max_abs': 0.0, 'kv_max_abs': 0.0}","{'tokens_exact': True, 'logits_max_abs': 0.0, 'kv_max_abs': 0.0}"
experiments/inferrelay_two_node/results/t3-13b-b-a-02,t3,opt-1.3b,B-A,1,128,4,C1,2,priority,2,387.12158489227295,96.56236910820007,96.10836871465047,"{'tokens_exact': True, 'logits_max_abs': 0.0, 'kv_max_abs': 0.0}","{'tokens_exact': True, 'logits_max_abs': 0.0, 'kv_max_abs': 0.0}"
experiments/inferrelay_two_node/results/t3-13b-b-a-02,t3,opt-1.3b,B-A,1,128,4,C1,2,priority,3,388.01536893844604,96.90107488632202,96.35541359583537,"{'tokens_exact': True, 'logits_max_abs': 0.0, 'kv_max_abs': 0.0}","{'tokens_exact': True, 'logits_max_abs': 0.0, 'kv_max_abs': 0.0}"
experiments/inferrelay_two_node/results/t3-13b-b-a-02,t3,opt-1.3b,B-A,1,128,4,C1,3,priority,1,322.8170258998871,86.80753207206726,78.41436608632405,"{'tokens_exact': True, 'logits_max_abs': 0.0, 'kv_max_abs': 0.0}","{'tokens_exact': True, 'logits_max_abs': 0.0, 'kv_max_abs': 0.0}"
experiments/inferrelay_two_node/results/t3-13b-b-a-02,t3,opt-1.3b,B-A,1,128,4,C1,3,priority,2,323.23849511146545,86.96431398391724,78.25571966171265,"{'tokens_exact': True, 'logits_max_abs': 0.0, 'kv_max_abs': 0.0}","{'tokens_exact': True, 'logits_max_abs': 0.0, 'kv_max_abs': 0.0}"
experiments/inferrelay_two_node/results/t3-13b-b-a-02,t3,opt-1.3b,B-A,1,128,4,C1,3,priority,3,322.29580998420715,86.7346670627594,78.27070466677348,"{'tokens_exact': True, 'logits_max_abs': 0.0, 'kv_max_abs': 0.0}","{'tokens_exact': True, 'logits_max_abs': 0.0, 'kv_max_abs': 0.0}"
experiments/inferrelay_two_node/results/t3-13b-b-a-02,t3,opt-1.3b,B-A,1,128,4,R1,2,priority,1,390.8000020980835,97.83081007003784,96.8929447333018,"{'tokens_exact': True, 'logits_max_abs': 0.0, 'kv_max_abs': 0.0}","{'tokens_exact': True, 'logits_max_abs': 0.0, 'kv_max_abs': 0.0}"
experiments/inferrelay_two_node/results/t3-13b-b-a-02,t3,opt-1.3b,B-A,1,128,4,R1,2,priority,2,390.81490993499756,98.46791481971741,96.67772698402405,"{'tokens_exact': True, 'logits_max_abs': 0.0, 'kv_max_abs': 0.0}","{'tokens_exact': True, 'logits_max_abs': 0.0, 'kv_max_abs': 0.0}"
experiments/inferrelay_two_node/results/t3-13b-b-a-02,t3,opt-1.3b,B-A,1,128,4,R1,2,priority,3,391.2723460197449,98.55090999603271,96.84513640403748,"{'tokens_exact': True, 'logits_max_abs': 0.0, 'kv_max_abs': 0.0}","{'tokens_exact': True, 'logits_max_abs': 0.0, 'kv_max_abs': 0.0}"
experiments/inferrelay_two_node/results/t3-13b-b-a-02,t3,opt-1.3b,B-A,1,128,4,C1,1,window2,1,568.742842912674,143.85488080978394,141.1028400262197,"{'tokens_exact': True, 'logits_max_abs': 0.0, 'kv_max_abs': 0.0}","{'tokens_exact': True, 'logits_max_abs': 0.0, 'kv_max_abs': 0.0}"
experiments/inferrelay_two_node/results/t3-13b-b-a-02,t3,opt-1.3b,B-A,1,128,4,C1,1,window2,2,569.02401304245,144.1361632347107,141.03448049227396,"{'tokens_exact': True, 'logits_max_abs': 0.0, 'kv_max_abs': 0.0}","{'tokens_exact': True, 'logits_max_abs': 0.0, 'kv_max_abs': 0.0}"
experiments/inferrelay_two_node/results/t3-13b-b-a-02,t3,opt-1.3b,B-A,1,128,4,C1,1,window2,3,568.0362317562103,143.21430921554565,141.0826654434204,"{'tokens_exact': True, 'logits_max_abs': 0.0, 'kv_max_abs': 0.0}","{'tokens_exact': True, 'logits_max_abs': 0.0, 'kv_max_abs': 0.0}"
experiments/inferrelay_two_node/results/t3-13b-b-a-02,t3,opt-1.3b,B-A,1,128,4,C1,2,window2,1,384.52547311782837,98.04150891304016,94.74034857749939,"{'tokens_exact': True, 'logits_max_abs': 0.0, 'kv_max_abs': 0.0}","{'tokens_exact': True, 'logits_max_abs': 0.0, 'kv_max_abs': 0.0}"
experiments/inferrelay_two_node/results/t3-13b-b-a-02,t3,opt-1.3b,B-A,1,128,4,C1,2,window2,2,384.340194940567,97.54364109039307,94.81876436869304,"{'tokens_exact': True, 'logits_max_abs': 0.0, 'kv_max_abs': 0.0}","{'tokens_exact': True, 'logits_max_abs': 0.0, 'kv_max_abs': 0.0}"
experiments/inferrelay_two_node/results/t3-13b-b-a-02,t3,opt-1.3b,B-A,1,128,4,C1,2,window2,3,384.1526801586151,97.56550407409668,94.7475581963857,"{'tokens_exact': True, 'logits_max_abs': 0.0, 'kv_max_abs': 0.0}","{'tokens_exact': True, 'logits_max_abs': 0.0, 'kv_max_abs': 0.0}"
experiments/inferrelay_two_node/results/t3-13b-b-a-02,t3,opt-1.3b,B-A,1,128,4,C1,3,window2,1,312.001305103302,97.25949573516846,71.3284026781718,"{'tokens_exact': True, 'logits_max_abs': 0.0, 'kv_max_abs': 0.0}","{'tokens_exact': True, 'logits_max_abs': 0.0, 'kv_max_abs': 0.0}"
experiments/inferrelay_two_node/results/t3-13b-b-a-02,t3,opt-1.3b,B-A,1,128,4,C1,3,window2,2,311.9037380218506,97.03987693786621,71.4041158358256,"{'tokens_exact': True, 'logits_max_abs': 0.0, 'kv_max_abs': 0.0}","{'tokens_exact': True, 'logits_max_abs': 0.0, 'kv_max_abs': 0.0}"
experiments/inferrelay_two_node/results/t3-13b-b-a-02,t3,opt-1.3b,B-A,1,128,4,C1,3,window2,3,312.21960377693176,97.00539994239807,71.49125536282857,"{'tokens_exact': True, 'logits_max_abs': 0.0, 'kv_max_abs': 0.0}","{'tokens_exact': True, 'logits_max_abs': 0.0, 'kv_max_abs': 0.0}"
experiments/inferrelay_two_node/results/t3-13b-b-a-02,t3,opt-1.3b,B-A,1,128,4,R1,2,window2,1,398.277969121933,142.77205801010132,84.62158370018005,"{'tokens_exact': True, 'logits_max_abs': 0.0, 'kv_max_abs': 0.0}","{'tokens_exact': True, 'logits_max_abs': 0.0, 'kv_max_abs': 0.0}"
experiments/inferrelay_two_node/results/t3-13b-b-a-02,t3,opt-1.3b,B-A,1,128,4,R1,2,window2,2,398.9320571422577,142.8659212589264,84.85809016227722,"{'tokens_exact': True, 'logits_max_abs': 0.0, 'kv_max_abs': 0.0}","{'tokens_exact': True, 'logits_max_abs': 0.0, 'kv_max_abs': 0.0}"
experiments/inferrelay_two_node/results/t3-13b-b-a-02,t3,opt-1.3b,B-A,1,128,4,R1,2,window2,3,398.0671479701996,142.71050477027893,84.61666345596313,"{'tokens_exact': True, 'logits_max_abs': 0.0, 'kv_max_abs': 0.0}","{'tokens_exact': True, 'logits_max_abs': 0.0, 'kv_max_abs': 0.0}"
experiments/inferrelay_two_node/results/t3-13b-b-a-02,t3,opt-1.3b,B-A,4,256,4,Cresident,2,priority,1,136.86944484710693,92.68042612075806,14.714001337687174,"{'tokens_exact': True, 'logits_max_abs': 0.0, 'kv_max_abs': 0.0}","{'tokens_exact': True, 'logits_max_abs': 0.0, 'kv_max_abs': 0.0}"
experiments/inferrelay_two_node/results/t3-13b-b-a-02,t3,opt-1.3b,B-A,4,256,4,Cresident,2,priority,2,137.62759470939636,92.45909380912781,15.042464892069498,"{'tokens_exact': True, 'logits_max_abs': 0.0, 'kv_max_abs': 0.0}","{'tokens_exact': True, 'logits_max_abs': 0.0, 'kv_max_abs': 0.0}"
experiments/inferrelay_two_node/results/t3-13b-b-a-02,t3,opt-1.3b,B-A,4,256,4,Cresident,2,priority,3,136.07998991012573,92.32786917686462,14.570443709691366,"{'tokens_exact': True, 'logits_max_abs': 0.0, 'kv_max_abs': 0.0}","{'tokens_exact': True, 'logits_max_abs': 0.0, 'kv_max_abs': 0.0}"
experiments/inferrelay_two_node/results/t3-13b-b-a-02,t3,opt-1.3b,B-A,4,256,4,Rresident,2,priority,1,172.38411283493042,123.6284122467041,16.23899793624878,"{'tokens_exact': True, 'logits_max_abs': 0.0, 'kv_max_abs': 0.0}","{'tokens_exact': True, 'logits_max_abs': 0.0, 'kv_max_abs': 0.0}"
experiments/inferrelay_two_node/results/t3-13b-b-a-02,t3,opt-1.3b,B-A,4,256,4,Rresident,2,priority,2,171.38069415092468,123.93646287918091,15.802254676818848,"{'tokens_exact': True, 'logits_max_abs': 0.0, 'kv_max_abs': 0.0}","{'tokens_exact': True, 'logits_max_abs': 0.0, 'kv_max_abs': 0.0}"
experiments/inferrelay_two_node/results/t3-13b-b-a-02,t3,opt-1.3b,B-A,4,256,4,Rresident,2,priority,3,171.8167929649353,123.13778710365295,16.211689869562786,"{'tokens_exact': True, 'logits_max_abs': 0.0, 'kv_max_abs': 0.0}","{'tokens_exact': True, 'logits_max_abs': 0.0, 'kv_max_abs': 0.0}"
experiments/inferrelay_two_node/results/t3-13b-b-a-02,t3,opt-1.3b,B-A,4,256,4,C0,2,window2,1,661.4765689373016,202.61843085289001,152.4635656674703,"{'tokens_exact': True, 'logits_max_abs': 0.0, 'kv_max_abs': 0.0}","{'tokens_exact': True, 'logits_max_abs': 0.0, 'kv_max_abs': 0.0}"
experiments/inferrelay_two_node/results/t3-13b-b-a-02,t3,opt-1.3b,B-A,4,256,4,C0,2,window2,2,661.3982441425323,202.3760690689087,152.5112456480662,"{'tokens_exact': True, 'logits_max_abs': 0.0, 'kv_max_abs': 0.0}","{'tokens_exact': True, 'logits_max_abs': 0.0, 'kv_max_abs': 0.0}"
experiments/inferrelay_two_node/results/t3-13b-b-a-02,t3,opt-1.3b,B-A,4,256,4,C0,2,window2,3,661.4354310035706,202.6069459915161,152.44260954856873,"{'tokens_exact': True, 'logits_max_abs': 0.0, 'kv_max_abs': 0.0}","{'tokens_exact': True, 'logits_max_abs': 0.0, 'kv_max_abs': 0.0}"
experiments/inferrelay_two_node/results/t3-13b-b-a-02,t3,opt-1.3b,B-A,4,256,4,R0,2,window2,1,735.0095191001892,266.0128722190857,155.84029905001321,"{'tokens_exact': True, 'logits_max_abs': 0.0, 'kv_max_abs': 0.0}","{'tokens_exact': True, 'logits_max_abs': 0.0, 'kv_max_abs': 0.0}"
experiments/inferrelay_two_node/results/t3-13b-b-a-02,t3,opt-1.3b,B-A,4,256,4,R0,2,window2,2,735.6227028369904,266.1858251094818,155.90805570284525,"{'tokens_exact': True, 'logits_max_abs': 0.0, 'kv_max_abs': 0.0}","{'tokens_exact': True, 'logits_max_abs': 0.0, 'kv_max_abs': 0.0}"
experiments/inferrelay_two_node/results/t3-13b-b-a-02,t3,opt-1.3b,B-A,4,256,4,R0,2,window2,3,736.0012772083282,266.7576401233673,155.92405406634012,"{'tokens_exact': True, 'logits_max_abs': 0.0, 'kv_max_abs': 0.0}","{'tokens_exact': True, 'logits_max_abs': 0.0, 'kv_max_abs': 0.0}"
experiments/inferrelay_two_node/results/t3-13b-b-a-02,t3,opt-1.3b,B-A,4,256,4,C1,1,priority,1,598.2608978748322,165.12725186347961,143.8374707698822,"{'tokens_exact': True, 'logits_max_abs': 0.0, 'kv_max_abs': 0.0}","{'tokens_exact': True, 'logits_max_abs': 0.0, 'kv_max_abs': 0.0}"
experiments/inferrelay_two_node/results/t3-13b-b-a-02,t3,opt-1.3b,B-A,4,256,4,C1,1,priority,2,597.8610241413116,164.0415141582489,143.77067240079245,"{'tokens_exact': True, 'logits_max_abs': 0.0, 'kv_max_abs': 0.0}","{'tokens_exact': True, 'logits_max_abs': 0.0, 'kv_max_abs': 0.0}"
experiments/inferrelay_two_node/results/t3-13b-b-a-02,t3,opt-1.3b,B-A,4,256,4,C1,1,priority,3,597.6978271007538,164.6741349697113,143.7901510397593,"{'tokens_exact': True, 'logits_max_abs': 0.0, 'kv_max_abs': 0.0}","{'tokens_exact': True, 'logits_max_abs': 0.0, 'kv_max_abs': 0.0}"
experiments/inferrelay_two_node/results/t3-13b-b-a-02,t3,opt-1.3b,B-A,4,256,4,C1,2,priority,1,419.9150722026825,126.78239011764526,96.81002068519592,"{'tokens_exact': True, 'logits_max_abs': 0.0, 'kv_max_abs': 0.0}","{'tokens_exact': True, 'logits_max_abs': 0.0, 'kv_max_abs': 0.0}"
experiments/inferrelay_two_node/results/t3-13b-b-a-02,t3,opt-1.3b,B-A,4,256,4,C1,2,priority,2,419.2628080844879,126.8889410495758,96.61425908406575,"{'tokens_exact': True, 'logits_max_abs': 0.0, 'kv_max_abs': 0.0}","{'tokens_exact': True, 'logits_max_abs': 0.0, 'kv_max_abs': 0.0}"
experiments/inferrelay_two_node/results/t3-13b-b-a-02,t3,opt-1.3b,B-A,4,256,4,C1,2,priority,3,420.84282398223877,126.75984215736389,97.1759459177653,"{'tokens_exact': True, 'logits_max_abs': 0.0, 'kv_max_abs': 0.0}","{'tokens_exact': True, 'logits_max_abs': 0.0, 'kv_max_abs': 0.0}"
experiments/inferrelay_two_node/results/t3-13b-b-a-02,t3,opt-1.3b,B-A,4,256,4,C1,3,priority,1,339.7150151729584,134.26594591140747,67.92160129547119,"{'tokens_exact': True, 'logits_max_abs': 0.0, 'kv_max_abs': 0.0}","{'tokens_exact': True, 'logits_max_abs': 0.0, 'kv_max_abs': 0.0}"
experiments/inferrelay_two_node/results/t3-13b-b-a-02,t3,opt-1.3b,B-A,4,256,4,C1,3,priority,2,339.6774501800537,134.13719606399536,67.7994049390157,"{'tokens_exact': True, 'logits_max_abs': 0.0, 'kv_max_abs': 0.0}","{'tokens_exact': True, 'logits_max_abs': 0.0, 'kv_max_abs': 0.0}"
experiments/inferrelay_two_node/results/t3-13b-b-a-02,t3,opt-1.3b,B-A,4,256,4,C1,3,priority,3,339.3091471195221,133.86860609054565,67.88792045911153,"{'tokens_exact': True, 'logits_max_abs': 0.0, 'kv_max_abs': 0.0}","{'tokens_exact': True, 'logits_max_abs': 0.0, 'kv_max_abs': 0.0}"
experiments/inferrelay_two_node/results/t3-13b-b-a-02,t3,opt-1.3b,B-A,4,256,4,R1,2,priority,1,426.60319781303406,148.94407987594604,91.77809460957845,"{'tokens_exact': True, 'logits_max_abs': 0.0, 'kv_max_abs': 0.0}","{'tokens_exact': True, 'logits_max_abs': 0.0, 'kv_max_abs': 0.0}"
experiments/inferrelay_two_node/results/t3-13b-b-a-02,t3,opt-1.3b,B-A,4,256,4,R1,2,priority,2,425.575058221817,148.49421501159668,91.60157171885173,"{'tokens_exact': True, 'logits_max_abs': 0.0, 'kv_max_abs': 0.0}","{'tokens_exact': True, 'logits_max_abs': 0.0, 'kv_max_abs': 0.0}"
experiments/inferrelay_two_node/results/t3-13b-b-a-02,t3,opt-1.3b,B-A,4,256,4,R1,2,priority,3,426.0429711341858,148.62792205810547,91.6348090171814,"{'tokens_exact': True, 'logits_max_abs': 0.0, 'kv_max_abs': 0.0}","{'tokens_exact': True, 'logits_max_abs': 0.0, 'kv_max_abs': 0.0}"
experiments/inferrelay_two_node/results/t3-13b-b-a-02,t3,opt-1.3b,B-A,4,256,4,C1,1,window2,1,604.5800549983978,180.81547689437866,140.7413132985433,"{'tokens_exact': True, 'logits_max_abs': 0.0, 'kv_max_abs': 0.0}","{'tokens_exact': True, 'logits_max_abs': 0.0, 'kv_max_abs': 0.0}"
experiments/inferrelay_two_node/results/t3-13b-b-a-02,t3,opt-1.3b,B-A,4,256,4,C1,1,window2,2,605.6750380992889,180.8960931301117,141.09311469395956,"{'tokens_exact': True, 'logits_max_abs': 0.0, 'kv_max_abs': 0.0}","{'tokens_exact': True, 'logits_max_abs': 0.0, 'kv_max_abs': 0.0}"
experiments/inferrelay_two_node/results/t3-13b-b-a-02,t3,opt-1.3b,B-A,4,256,4,C1,1,window2,3,604.401535987854,180.52499294281006,140.7687899271647,"{'tokens_exact': True, 'logits_max_abs': 0.0, 'kv_max_abs': 0.0}","{'tokens_exact': True, 'logits_max_abs': 0.0, 'kv_max_abs': 0.0}"
experiments/inferrelay_two_node/results/t3-13b-b-a-02,t3,opt-1.3b,B-A,4,256,4,C1,2,window2,1,418.2999691963196,132.0609929561615,94.5148495833079,"{'tokens_exact': True, 'logits_max_abs': 0.0, 'kv_max_abs': 0.0}","{'tokens_exact': True, 'logits_max_abs': 0.0, 'kv_max_abs': 0.0}"
experiments/inferrelay_two_node/results/t3-13b-b-a-02,t3,opt-1.3b,B-A,4,256,4,C1,2,window2,2,420.22244691848755,132.43298387527466,95.02359851201375,"{'tokens_exact': True, 'logits_max_abs': 0.0, 'kv_max_abs': 0.0}","{'tokens_exact': True, 'logits_max_abs': 0.0, 'kv_max_abs': 0.0}"
experiments/inferrelay_two_node/results/t3-13b-b-a-02,t3,opt-1.3b,B-A,4,256,4,C1,2,window2,3,419.2520809173584,132.3523669242859,94.76472393671672,"{'tokens_exact': True, 'logits_max_abs': 0.0, 'kv_max_abs': 0.0}","{'tokens_exact': True, 'logits_max_abs': 0.0, 'kv_max_abs': 0.0}"
experiments/inferrelay_two_node/results/t3-13b-b-a-02,t3,opt-1.3b,B-A,4,256,4,C1,3,window2,1,320.73915100097656,131.61527490615845,62.499078353246055,"{'tokens_exact': True, 'logits_max_abs': 0.0, 'kv_max_abs': 0.0}","{'tokens_exact': True, 'logits_max_abs': 0.0, 'kv_max_abs': 0.0}"
experiments/inferrelay_two_node/results/t3-13b-b-a-02,t3,opt-1.3b,B-A,4,256,4,C1,3,window2,2,321.55134415626526,131.82763695716858,62.637282848358154,"{'tokens_exact': True, 'logits_max_abs': 0.0, 'kv_max_abs': 0.0}","{'tokens_exact': True, 'logits_max_abs': 0.0, 'kv_max_abs': 0.0}"
experiments/inferrelay_two_node/results/t3-13b-b-a-02,t3,opt-1.3b,B-A,4,256,4,C1,3,window2,3,320.3604578971863,131.37615084648132,62.45955228805542,"{'tokens_exact': True, 'logits_max_abs': 0.0, 'kv_max_abs': 0.0}","{'tokens_exact': True, 'logits_max_abs': 0.0, 'kv_max_abs': 0.0}"
experiments/inferrelay_two_node/results/t3-13b-b-a-02,t3,opt-1.3b,B-A,4,256,4,R1,2,window2,1,436.1396641731262,180.873379945755,84.33871793746948,"{'tokens_exact': True, 'logits_max_abs': 0.0, 'kv_max_abs': 0.0}","{'tokens_exact': True, 'logits_max_abs': 0.0, 'kv_max_abs': 0.0}"
experiments/inferrelay_two_node/results/t3-13b-b-a-02,t3,opt-1.3b,B-A,4,256,4,R1,2,window2,2,440.295695066452,180.36180114746094,85.90066234270732,"{'tokens_exact': True, 'logits_max_abs': 0.0, 'kv_max_abs': 0.0}","{'tokens_exact': True, 'logits_max_abs': 0.0, 'kv_max_abs': 0.0}"
experiments/inferrelay_two_node/results/t3-13b-b-a-02,t3,opt-1.3b,B-A,4,256,4,R1,2,window2,3,439.04248094558716,180.61415886878967,85.36574403444926,"{'tokens_exact': True, 'logits_max_abs': 0.0, 'kv_max_abs': 0.0}","{'tokens_exact': True, 'logits_max_abs': 0.0, 'kv_max_abs': 0.0}"
