sample,cuda_ms,wall_ms,kind,phase,group,layout,host,weight_bytes,pinned_source_live_bytes,q,past,batch,semantic
0,1.2953280210494995,1.3182694092392921,measured,h2d,1,actual_tensors,pageable,14175744,14175744,,,,
1,1.2527040243148804,1.262082252651453,measured,h2d,1,actual_tensors,pageable,14175744,14175744,,,,
2,1.261728048324585,1.2703873217105865,measured,h2d,1,actual_tensors,pageable,14175744,14175744,,,,
3,1.2538880109786987,1.2625837698578835,measured,h2d,1,actual_tensors,pageable,14175744,14175744,,,,
4,1.2549760341644287,1.2636883184313774,measured,h2d,1,actual_tensors,pageable,14175744,14175744,,,,
5,1.2552640438079834,1.2639728374779224,measured,h2d,1,actual_tensors,pageable,14175744,14175744,,,,
6,1.2778559923171997,1.286288257688284,measured,h2d,1,actual_tensors,pageable,14175744,14175744,,,,
7,1.2700159549713135,1.2783249840140343,measured,h2d,1,actual_tensors,pageable,14175744,14175744,,,,
8,1.2914559841156006,1.3017370365560055,measured,h2d,1,actual_tensors,pageable,14175744,14175744,,,,
9,1.2976640462875366,1.3060546480119228,measured,h2d,1,actual_tensors,pageable,14175744,14175744,,,,
10,1.270527958869934,1.2785028666257858,measured,h2d,1,actual_tensors,pageable,14175744,14175744,,,,
11,1.2448320388793945,1.2529822997748852,measured,h2d,1,actual_tensors,pageable,14175744,14175744,,,,
12,1.2418880462646484,1.2500169686973095,measured,h2d,1,actual_tensors,pageable,14175744,14175744,,,,
13,1.2537920475006104,1.2621823698282242,measured,h2d,1,actual_tensors,pageable,14175744,14175744,,,,
14,1.2376320362091064,1.2458870187401772,measured,h2d,1,actual_tensors,pageable,14175744,14175744,,,,
15,1.2447680234909058,1.2529329396784306,measured,h2d,1,actual_tensors,pageable,14175744,14175744,,,,
16,1.2446399927139282,1.2527680955827236,measured,h2d,1,actual_tensors,pageable,14175744,14175744,,,,
17,1.2406079769134521,1.248620916157961,measured,h2d,1,actual_tensors,pageable,14175744,14175744,,,,
18,1.247040033340454,1.254900824278593,measured,h2d,1,actual_tensors,pageable,14175744,14175744,,,,
19,1.2406079769134521,1.2487620115280151,measured,h2d,1,actual_tensors,pageable,14175744,14175744,,,,
20,1.2416640520095825,1.249722670763731,measured,h2d,1,actual_tensors,pageable,14175744,14175744,,,,
21,1.241536021232605,1.2498791329562664,measured,h2d,1,actual_tensors,pageable,14175744,14175744,,,,
22,1.2461440563201904,1.2539960443973541,measured,h2d,1,actual_tensors,pageable,14175744,14175744,,,,
23,1.2418559789657593,1.2500877492129803,measured,h2d,1,actual_tensors,pageable,14175744,14175744,,,,
0,1.1164480447769165,1.1297217570245266,measured,h2d,1,actual_tensors,pinned,14175744,14175744,,,,
1,1.113919973373413,1.1223643086850643,measured,h2d,1,actual_tensors,pinned,14175744,14175744,,,,
2,1.1145919561386108,1.1225403286516666,measured,h2d,1,actual_tensors,pinned,14175744,14175744,,,,
3,1.1139520406723022,1.121582929044962,measured,h2d,1,actual_tensors,pinned,14175744,14175744,,,,
4,1.1132160425186157,1.1211219243705273,measured,h2d,1,actual_tensors,pinned,14175744,14175744,,,,
5,1.1142079830169678,1.121841836720705,measured,h2d,1,actual_tensors,pinned,14175744,14175744,,,,
6,1.1144319772720337,1.1226721107959747,measured,h2d,1,actual_tensors,pinned,14175744,14175744,,,,
7,1.1134079694747925,1.120992936193943,measured,h2d,1,actual_tensors,pinned,14175744,14175744,,,,
8,1.1145600080490112,1.1226250790059566,measured,h2d,1,actual_tensors,pinned,14175744,14175744,,,,
9,1.1144640445709229,1.1219419538974762,measured,h2d,1,actual_tensors,pinned,14175744,14175744,,,,
10,1.1137280464172363,1.121773850172758,measured,h2d,1,actual_tensors,pinned,14175744,14175744,,,,
11,1.1134400367736816,1.120924949645996,measured,h2d,1,actual_tensors,pinned,14175744,14175744,,,,
12,1.1134400367736816,1.1214213445782661,measured,h2d,1,actual_tensors,pinned,14175744,14175744,,,,
13,1.116096019744873,1.1241231113672256,measured,h2d,1,actual_tensors,pinned,14175744,14175744,,,,
14,1.1193920373916626,1.1275098659098148,measured,h2d,1,actual_tensors,pinned,14175744,14175744,,,,
15,1.1144319772720337,1.1220169253647327,measured,h2d,1,actual_tensors,pinned,14175744,14175744,,,,
16,1.1133439540863037,1.1215470731258392,measured,h2d,1,actual_tensors,pinned,14175744,14175744,,,,
17,1.1151679754257202,1.1230427771806717,measured,h2d,1,actual_tensors,pinned,14175744,14175744,,,,
18,1.1212799549102783,1.1290237307548523,measured,h2d,1,actual_tensors,pinned,14175744,14175744,,,,
19,1.1146240234375,1.1221016757190228,measured,h2d,1,actual_tensors,pinned,14175744,14175744,,,,
20,1.1154240369796753,1.1229552328586578,measured,h2d,1,actual_tensors,pinned,14175744,14175744,,,,
21,1.1136959791183472,1.1213729158043861,measured,h2d,1,actual_tensors,pinned,14175744,14175744,,,,
22,1.1138559579849243,1.1221249587833881,measured,h2d,1,actual_tensors,pinned,14175744,14175744,,,,
23,1.1139520406723022,1.121371053159237,measured,h2d,1,actual_tensors,pinned,14175744,14175744,,,,
24,1.1138880252838135,1.1217431165277958,measured,h2d,1,actual_tensors,pinned,14175744,14175744,,,,
25,1.1157439947128296,1.1229650117456913,measured,h2d,1,actual_tensors,pinned,14175744,14175744,,,,
26,1.116320013999939,1.1246358044445515,measured,h2d,1,actual_tensors,pinned,14175744,14175744,,,,
0,1.2096320390701294,1.228890847414732,measured,h2d,1,contiguous_slab,pageable,14175744,14175744,,,,
1,1.1751359701156616,1.1843657121062279,measured,h2d,1,contiguous_slab,pageable,14175744,14175744,,,,
2,1.1721919775009155,1.1805999092757702,measured,h2d,1,contiguous_slab,pageable,14175744,14175744,,,,
3,1.172160029411316,1.180371269583702,measured,h2d,1,contiguous_slab,pageable,14175744,14175744,,,,
4,1.1711039543151855,1.1791707947850227,measured,h2d,1,contiguous_slab,pageable,14175744,14175744,,,,
5,1.1708799600601196,1.1789319105446339,measured,h2d,1,contiguous_slab,pageable,14175744,14175744,,,,
6,1.1720000505447388,1.1802660301327705,measured,h2d,1,contiguous_slab,pageable,14175744,14175744,,,,
7,1.1698880195617676,1.17802107706666,measured,h2d,1,contiguous_slab,pageable,14175744,14175744,,,,
8,1.169983983039856,1.1777719482779503,measured,h2d,1,contiguous_slab,pageable,14175744,14175744,,,,
9,1.1874239444732666,1.1955080553889275,measured,h2d,1,contiguous_slab,pageable,14175744,14175744,,,,
10,1.1712640523910522,1.1794250458478928,measured,h2d,1,contiguous_slab,pageable,14175744,14175744,,,,
11,1.1682239770889282,1.1761896312236786,measured,h2d,1,contiguous_slab,pageable,14175744,14175744,,,,
12,1.166592001914978,1.1742720380425453,measured,h2d,1,contiguous_slab,pageable,14175744,14175744,,,,
13,1.1667840480804443,1.1746110394597054,measured,h2d,1,contiguous_slab,pageable,14175744,14175744,,,,
14,1.187391996383667,1.195515040308237,measured,h2d,1,contiguous_slab,pageable,14175744,14175744,,,,
15,1.1667840480804443,1.1746017262339592,measured,h2d,1,contiguous_slab,pageable,14175744,14175744,,,,
16,1.1662720441818237,1.1743968352675438,measured,h2d,1,contiguous_slab,pageable,14175744,14175744,,,,
17,1.1656960248947144,1.1981921270489693,measured,h2d,1,contiguous_slab,pageable,14175744,14175744,,,,
18,1.1694719791412354,1.177484169602394,measured,h2d,1,contiguous_slab,pageable,14175744,14175744,,,,
19,1.174496054649353,1.1826390400528908,measured,h2d,1,contiguous_slab,pageable,14175744,14175744,,,,
20,1.1683520078659058,1.1760639026761055,measured,h2d,1,contiguous_slab,pageable,14175744,14175744,,,,
21,1.1673920154571533,1.1751609854400158,measured,h2d,1,contiguous_slab,pageable,14175744,14175744,,,,
22,1.1666879653930664,1.1744583025574684,measured,h2d,1,contiguous_slab,pageable,14175744,14175744,,,,
23,1.1687040328979492,1.1765370145440102,measured,h2d,1,contiguous_slab,pageable,14175744,14175744,,,,
24,1.167199969291687,1.1752457357943058,measured,h2d,1,contiguous_slab,pageable,14175744,14175744,,,,
25,1.1665600538253784,1.1745328083634377,measured,h2d,1,contiguous_slab,pageable,14175744,14175744,,,,
0,1.1000959873199463,1.1190548539161682,measured,h2d,1,contiguous_slab,pinned,14175744,28351488,,,,
1,1.095296025276184,1.1039539240300655,measured,h2d,1,contiguous_slab,pinned,14175744,28351488,,,,
2,1.0965759754180908,1.1047711595892906,measured,h2d,1,contiguous_slab,pinned,14175744,28351488,,,,
3,1.0958720445632935,1.1036829091608524,measured,h2d,1,contiguous_slab,pinned,14175744,28351488,,,,
4,1.0962879657745361,1.1038840748369694,measured,h2d,1,contiguous_slab,pinned,14175744,28351488,,,,
5,1.0961600542068481,1.1038281954824924,measured,h2d,1,contiguous_slab,pinned,14175744,28351488,,,,
6,1.095136046409607,1.1032088659703732,measured,h2d,1,contiguous_slab,pinned,14175744,28351488,,,,
7,1.0974400043487549,1.1057010851800442,measured,h2d,1,contiguous_slab,pinned,14175744,28351488,,,,
8,1.0960320234298706,1.1037560179829597,measured,h2d,1,contiguous_slab,pinned,14175744,28351488,,,,
9,1.0969599485397339,1.1046677827835083,measured,h2d,1,contiguous_slab,pinned,14175744,28351488,,,,
10,1.0963200330734253,1.103685237467289,measured,h2d,1,contiguous_slab,pinned,14175744,28351488,,,,
11,1.096127986907959,1.103400718420744,measured,h2d,1,contiguous_slab,pinned,14175744,28351488,,,,
12,1.0968639850616455,1.1047432199120522,measured,h2d,1,contiguous_slab,pinned,14175744,28351488,,,,
13,1.096384048461914,1.1040330864489079,measured,h2d,1,contiguous_slab,pinned,14175744,28351488,,,,
14,1.0955519676208496,1.1031031608581543,measured,h2d,1,contiguous_slab,pinned,14175744,28351488,,,,
15,1.096384048461914,1.1037960648536682,measured,h2d,1,contiguous_slab,pinned,14175744,28351488,,,,
16,1.0949759483337402,1.1026682332158089,measured,h2d,1,contiguous_slab,pinned,14175744,28351488,,,,
17,1.0974719524383545,1.1065811850130558,measured,h2d,1,contiguous_slab,pinned,14175744,28351488,,,,
18,1.1033920049667358,1.110860612243414,measured,h2d,1,contiguous_slab,pinned,14175744,28351488,,,,
19,1.0955519676208496,1.102964859455824,measured,h2d,1,contiguous_slab,pinned,14175744,28351488,,,,
20,1.0968960523605347,1.104517374187708,measured,h2d,1,contiguous_slab,pinned,14175744,28351488,,,,
21,1.0961600542068481,1.1050407774746418,measured,h2d,1,contiguous_slab,pinned,14175744,28351488,,,,
22,1.0958720445632935,1.1032680049538612,measured,h2d,1,contiguous_slab,pinned,14175744,28351488,,,,
23,1.0958399772644043,1.1038458906114101,measured,h2d,1,contiguous_slab,pinned,14175744,28351488,,,,
24,1.0953919887542725,1.103198155760765,measured,h2d,1,contiguous_slab,pinned,14175744,28351488,,,,
25,1.0968960523605347,1.1043380945920944,measured,h2d,1,contiguous_slab,pinned,14175744,28351488,,,,
26,1.0967040061950684,1.1041359975934029,measured,h2d,1,contiguous_slab,pinned,14175744,28351488,,,,
27,1.0967999696731567,1.1044442653656006,measured,h2d,1,contiguous_slab,pinned,14175744,28351488,,,,
0,0.15423999726772308,0.17399340867996216,measured,compute,1,,,14175744,,16,0,1,short_prefill_proxy
1,0.14230400323867798,0.1526186242699623,measured,compute,1,,,14175744,,16,0,1,short_prefill_proxy
2,0.13283200562000275,0.1424369402229786,measured,compute,1,,,14175744,,16,0,1,short_prefill_proxy
3,0.1613759994506836,0.17239665612578392,measured,compute,1,,,14175744,,16,0,1,short_prefill_proxy
4,0.1276800036430359,0.13710325583815575,measured,compute,1,,,14175744,,16,0,1,short_prefill_proxy
5,0.1257600039243698,0.13479497283697128,measured,compute,1,,,14175744,,16,0,1,short_prefill_proxy
6,0.12857599556446075,0.13713771477341652,measured,compute,1,,,14175744,,16,0,1,short_prefill_proxy
7,0.12624000012874603,0.13474607840180397,measured,compute,1,,,14175744,,16,0,1,short_prefill_proxy
8,0.12627199292182922,0.1346399076282978,measured,compute,1,,,14175744,,16,0,1,short_prefill_proxy
9,0.12678399682044983,0.13582129031419754,measured,compute,1,,,14175744,,16,0,1,short_prefill_proxy
10,0.1292479932308197,0.1382371410727501,measured,compute,1,,,14175744,,16,0,1,short_prefill_proxy
11,0.12521600723266602,0.13422872871160507,measured,compute,1,,,14175744,,16,0,1,short_prefill_proxy
12,0.1263040006160736,0.13498961925506592,measured,compute,1,,,14175744,,16,0,1,short_prefill_proxy
13,0.125791996717453,0.13460498303174973,measured,compute,1,,,14175744,,16,0,1,short_prefill_proxy
14,0.12508800625801086,0.13397587463259697,measured,compute,1,,,14175744,,16,0,1,short_prefill_proxy
15,0.1252799928188324,0.13384781777858734,measured,compute,1,,,14175744,,16,0,1,short_prefill_proxy
16,0.12383999675512314,0.13260403648018837,measured,compute,1,,,14175744,,16,0,1,short_prefill_proxy
17,0.1266240030527115,0.13511395081877708,measured,compute,1,,,14175744,,16,0,1,short_prefill_proxy
18,0.1250240057706833,0.13413699343800545,measured,compute,1,,,14175744,,16,0,1,short_prefill_proxy
19,0.12476799637079239,0.1334957778453827,measured,compute,1,,,14175744,,16,0,1,short_prefill_proxy
20,0.12515200674533844,0.13395072892308235,measured,compute,1,,,14175744,,16,0,1,short_prefill_proxy
21,0.12511999905109406,0.1336820423603058,measured,compute,1,,,14175744,,16,0,1,short_prefill_proxy
22,0.12601600587368011,0.13480009511113167,measured,compute,1,,,14175744,,16,0,1,short_prefill_proxy
23,0.12508800625801086,0.1336471177637577,measured,compute,1,,,14175744,,16,0,1,short_prefill_proxy
24,0.1289599984884262,0.13792887330055237,measured,compute,1,,,14175744,,16,0,1,short_prefill_proxy
25,0.12454400211572647,0.13334210962057114,measured,compute,1,,,14175744,,16,0,1,short_prefill_proxy
26,0.12540799379348755,0.1345910131931305,measured,compute,1,,,14175744,,16,0,1,short_prefill_proxy
27,0.12377600371837616,0.13230321928858757,measured,compute,1,,,14175744,,16,0,1,short_prefill_proxy
28,0.12540799379348755,0.1341886818408966,measured,compute,1,,,14175744,,16,0,1,short_prefill_proxy
29,0.12371200323104858,0.13238657265901566,measured,compute,1,,,14175744,,16,0,1,short_prefill_proxy
30,0.12521600723266602,0.13390369713306427,measured,compute,1,,,14175744,,16,0,1,short_prefill_proxy
31,0.1223360002040863,0.13103196397423744,measured,compute,1,,,14175744,,16,0,1,short_prefill_proxy
32,0.15356799960136414,0.16211019828915596,measured,compute,1,,,14175744,,16,0,1,short_prefill_proxy
33,0.12851199507713318,0.13717589899897575,measured,compute,1,,,14175744,,16,0,1,short_prefill_proxy
34,0.12495999783277512,0.1338459551334381,measured,compute,1,,,14175744,,16,0,1,short_prefill_proxy
35,0.1226240023970604,0.13131694868206978,measured,compute,1,,,14175744,,16,0,1,short_prefill_proxy
36,0.12303999811410904,0.13183709233999252,measured,compute,1,,,14175744,,16,0,1,short_prefill_proxy
37,0.12380799651145935,0.1324489712715149,measured,compute,1,,,14175744,,16,0,1,short_prefill_proxy
38,0.13920000195503235,0.147984828799963,measured,compute,1,,,14175744,,16,0,1,short_prefill_proxy
39,0.13942399621009827,0.14800997450947762,measured,compute,1,,,14175744,,16,0,1,short_prefill_proxy
40,0.1284160017967224,0.13742595911026,measured,compute,1,,,14175744,,16,0,1,short_prefill_proxy
41,0.12377600371837616,0.13248715549707413,measured,compute,1,,,14175744,,16,0,1,short_prefill_proxy
42,0.12297599762678146,0.13143988326191902,measured,compute,1,,,14175744,,16,0,1,short_prefill_proxy
43,0.12185599654912949,0.13046106323599815,measured,compute,1,,,14175744,,16,0,1,short_prefill_proxy
44,0.1233920007944107,0.13217702507972717,measured,compute,1,,,14175744,,16,0,1,short_prefill_proxy
45,0.13436800241470337,0.14316290616989136,measured,compute,1,,,14175744,,16,0,1,short_prefill_proxy
46,0.15081599354743958,0.15939213335514069,measured,compute,1,,,14175744,,16,0,1,short_prefill_proxy
47,0.12678399682044983,0.13564107939600945,measured,compute,1,,,14175744,,16,0,1,short_prefill_proxy
48,0.12467200309038162,0.13325922191143036,measured,compute,1,,,14175744,,16,0,1,short_prefill_proxy
49,0.12486399710178375,0.13371603563427925,measured,compute,1,,,14175744,,16,0,1,short_prefill_proxy
50,0.12460800260305405,0.13366015627980232,measured,compute,1,,,14175744,,16,0,1,short_prefill_proxy
51,0.12508800625801086,0.13377005234360695,measured,compute,1,,,14175744,,16,0,1,short_prefill_proxy
52,0.12230399996042252,0.13115396723151207,measured,compute,1,,,14175744,,16,0,1,short_prefill_proxy
53,0.1276800036430359,0.13626925647258759,measured,compute,1,,,14175744,,16,0,1,short_prefill_proxy
54,0.1252480000257492,0.13376493006944656,measured,compute,1,,,14175744,,16,0,1,short_prefill_proxy
55,0.12211199849843979,0.13067107647657394,measured,compute,1,,,14175744,,16,0,1,short_prefill_proxy
56,0.1252799928188324,0.13447413221001625,measured,compute,1,,,14175744,,16,0,1,short_prefill_proxy
57,0.12508800625801086,0.13373279944062233,measured,compute,1,,,14175744,,16,0,1,short_prefill_proxy
58,0.12483199685811996,0.13364432379603386,measured,compute,1,,,14175744,,16,0,1,short_prefill_proxy
59,0.12505599856376648,0.13367878273129463,measured,compute,1,,,14175744,,16,0,1,short_prefill_proxy
60,0.12617599964141846,0.13492396101355553,measured,compute,1,,,14175744,,16,0,1,short_prefill_proxy
61,0.12492799758911133,0.13366993516683578,measured,compute,1,,,14175744,,16,0,1,short_prefill_proxy
62,0.12518399953842163,0.13373978435993195,measured,compute,1,,,14175744,,16,0,1,short_prefill_proxy
63,0.12495999783277512,0.13373000547289848,measured,compute,1,,,14175744,,16,0,1,short_prefill_proxy
64,0.12614400684833527,0.13487506657838821,measured,compute,1,,,14175744,,16,0,1,short_prefill_proxy
65,0.12595200538635254,0.13459939509630203,measured,compute,1,,,14175744,,16,0,1,short_prefill_proxy
66,0.12403199821710587,0.13272790238261223,measured,compute,1,,,14175744,,16,0,1,short_prefill_proxy
67,0.12486399710178375,0.13342173770070076,measured,compute,1,,,14175744,,16,0,1,short_prefill_proxy
68,0.12860800325870514,0.13705110177397728,measured,compute,1,,,14175744,,16,0,1,short_prefill_proxy
69,0.12703999876976013,0.13569137081503868,measured,compute,1,,,14175744,,16,0,1,short_prefill_proxy
70,0.12624000012874603,0.13565365225076675,measured,compute,1,,,14175744,,16,0,1,short_prefill_proxy
71,0.12495999783277512,0.1338520087301731,measured,compute,1,,,14175744,,16,0,1,short_prefill_proxy
72,0.12646399438381195,0.1354510895907879,measured,compute,1,,,14175744,,16,0,1,short_prefill_proxy
73,0.12591999769210815,0.13454491272568703,measured,compute,1,,,14175744,,16,0,1,short_prefill_proxy
74,0.12390399724245071,0.13257935643196106,measured,compute,1,,,14175744,,16,0,1,short_prefill_proxy
75,0.14959999918937683,0.1581711694598198,measured,compute,1,,,14175744,,16,0,1,short_prefill_proxy
76,0.14800000190734863,0.1566922292113304,measured,compute,1,,,14175744,,16,0,1,short_prefill_proxy
77,0.13792000710964203,0.14679832383990288,measured,compute,1,,,14175744,,16,0,1,short_prefill_proxy
78,0.13571199774742126,0.14476804062724113,measured,compute,1,,,14175744,,16,0,1,short_prefill_proxy
79,0.12479999661445618,0.1333639957010746,measured,compute,1,,,14175744,,16,0,1,short_prefill_proxy
80,0.1260800063610077,0.1347661018371582,measured,compute,1,,,14175744,,16,0,1,short_prefill_proxy
81,0.12515200674533844,0.13380823656916618,measured,compute,1,,,14175744,,16,0,1,short_prefill_proxy
82,0.12515200674533844,0.13379286974668503,measured,compute,1,,,14175744,,16,0,1,short_prefill_proxy
83,0.1228799968957901,0.1314510591328144,measured,compute,1,,,14175744,,16,0,1,short_prefill_proxy
84,0.12310399860143661,0.13150926679372787,measured,compute,1,,,14175744,,16,0,1,short_prefill_proxy
85,0.12316799908876419,0.13190088793635368,measured,compute,1,,,14175744,,16,0,1,short_prefill_proxy
86,0.12457600235939026,0.13293838128447533,measured,compute,1,,,14175744,,16,0,1,short_prefill_proxy
87,0.1244800016283989,0.13289181515574455,measured,compute,1,,,14175744,,16,0,1,short_prefill_proxy
88,0.12319999933242798,0.13179006054997444,measured,compute,1,,,14175744,,16,0,1,short_prefill_proxy
89,0.12476799637079239,0.1333155669271946,measured,compute,1,,,14175744,,16,0,1,short_prefill_proxy
90,0.12428800016641617,0.13268180191516876,measured,compute,1,,,14175744,,16,0,1,short_prefill_proxy
91,0.1247360035777092,0.1332671381533146,measured,compute,1,,,14175744,,16,0,1,short_prefill_proxy
92,0.12291199713945389,0.13132812455296516,measured,compute,1,,,14175744,,16,0,1,short_prefill_proxy
93,0.1255359947681427,0.1340070739388466,measured,compute,1,,,14175744,,16,0,1,short_prefill_proxy
94,0.1260479986667633,0.13477308675646782,measured,compute,1,,,14175744,,16,0,1,short_prefill_proxy
95,0.12415999919176102,0.13277586549520493,measured,compute,1,,,14175744,,16,0,1,short_prefill_proxy
96,0.12361600250005722,0.13206806033849716,measured,compute,1,,,14175744,,16,0,1,short_prefill_proxy
97,0.12880000472068787,0.13736402615904808,measured,compute,1,,,14175744,,16,0,1,short_prefill_proxy
98,0.1226240023970604,0.13116421177983284,measured,compute,1,,,14175744,,16,0,1,short_prefill_proxy
99,0.1247360035777092,0.13335933908820152,measured,compute,1,,,14175744,,16,0,1,short_prefill_proxy
100,0.12505599856376648,0.1335260458290577,measured,compute,1,,,14175744,,16,0,1,short_prefill_proxy
101,0.12511999905109406,0.13361917808651924,measured,compute,1,,,14175744,,16,0,1,short_prefill_proxy
102,0.12678399682044983,0.13520289212465286,measured,compute,1,,,14175744,,16,0,1,short_prefill_proxy
103,0.12531200051307678,0.13378402218222618,measured,compute,1,,,14175744,,16,0,1,short_prefill_proxy
104,0.12748800218105316,0.1358240842819214,measured,compute,1,,,14175744,,16,0,1,short_prefill_proxy
105,0.12511999905109406,0.13380590826272964,measured,compute,1,,,14175744,,16,0,1,short_prefill_proxy
106,0.12291199713945389,0.13148505240678787,measured,compute,1,,,14175744,,16,0,1,short_prefill_proxy
107,0.1255359947681427,0.13391859829425812,measured,compute,1,,,14175744,,16,0,1,short_prefill_proxy
108,0.1252799928188324,0.13377517461776733,measured,compute,1,,,14175744,,16,0,1,short_prefill_proxy
109,0.12521600723266602,0.1336643472313881,measured,compute,1,,,14175744,,16,0,1,short_prefill_proxy
110,0.12451200187206268,0.13287784531712532,measured,compute,1,,,14175744,,16,0,1,short_prefill_proxy
111,0.1388159990310669,0.1476658508181572,measured,compute,1,,,14175744,,16,0,1,short_prefill_proxy
112,0.1257600039243698,0.13545528054237366,measured,compute,1,,,14175744,,16,0,1,short_prefill_proxy
113,0.12364800274372101,0.13249274343252182,measured,compute,1,,,14175744,,16,0,1,short_prefill_proxy
114,0.12326399981975555,0.13185106217861176,measured,compute,1,,,14175744,,16,0,1,short_prefill_proxy
115,0.1244800016283989,0.1329490914940834,measured,compute,1,,,14175744,,16,0,1,short_prefill_proxy
116,0.12537600100040436,0.13386597856879234,measured,compute,1,,,14175744,,16,0,1,short_prefill_proxy
117,0.12518399953842163,0.1337430439889431,measured,compute,1,,,14175744,,16,0,1,short_prefill_proxy
118,0.12905600666999817,0.13797497376799583,measured,compute,1,,,14175744,,16,0,1,short_prefill_proxy
119,0.1534080058336258,0.16110297292470932,measured,compute,1,,,14175744,,16,0,1,short_prefill_proxy
120,0.12329600006341934,0.13184500858187675,measured,compute,1,,,14175744,,16,0,1,short_prefill_proxy
121,0.1233920007944107,0.13209832832217216,measured,compute,1,,,14175744,,16,0,1,short_prefill_proxy
122,0.13279999792575836,0.1415587030351162,measured,compute,1,,,14175744,,16,0,1,short_prefill_proxy
123,0.12569600343704224,0.1344890333712101,measured,compute,1,,,14175744,,16,0,1,short_prefill_proxy
124,0.12495999783277512,0.13349857181310654,measured,compute,1,,,14175744,,16,0,1,short_prefill_proxy
125,0.12265600264072418,0.13112323358654976,measured,compute,1,,,14175744,,16,0,1,short_prefill_proxy
126,0.12540799379348755,0.1340806484222412,measured,compute,1,,,14175744,,16,0,1,short_prefill_proxy
127,0.12432000041007996,0.13298587873578072,measured,compute,1,,,14175744,,16,0,1,short_prefill_proxy
128,0.12323199957609177,0.1318119466304779,measured,compute,1,,,14175744,,16,0,1,short_prefill_proxy
129,0.12438400089740753,0.13302918523550034,measured,compute,1,,,14175744,,16,0,1,short_prefill_proxy
130,0.12588800489902496,0.13425666838884354,measured,compute,1,,,14175744,,16,0,1,short_prefill_proxy
131,0.1244800016283989,0.13315165415406227,measured,compute,1,,,14175744,,16,0,1,short_prefill_proxy
132,0.12495999783277512,0.13332394883036613,measured,compute,1,,,14175744,,16,0,1,short_prefill_proxy
133,0.12544000148773193,0.13411790132522583,measured,compute,1,,,14175744,,16,0,1,short_prefill_proxy
134,0.12428800016641617,0.1328401267528534,measured,compute,1,,,14175744,,16,0,1,short_prefill_proxy
135,0.12275200337171555,0.13139517977833748,measured,compute,1,,,14175744,,16,0,1,short_prefill_proxy
136,0.12406399846076965,0.13239821419119835,measured,compute,1,,,14175744,,16,0,1,short_prefill_proxy
137,0.12547199428081512,0.13372022658586502,measured,compute,1,,,14175744,,16,0,1,short_prefill_proxy
138,0.12537600100040436,0.13375701382756233,measured,compute,1,,,14175744,,16,0,1,short_prefill_proxy
139,0.12323199957609177,0.1315898261964321,measured,compute,1,,,14175744,,16,0,1,short_prefill_proxy
140,0.12521600723266602,0.13357680290937424,measured,compute,1,,,14175744,,16,0,1,short_prefill_proxy
141,0.12467200309038162,0.13322103768587112,measured,compute,1,,,14175744,,16,0,1,short_prefill_proxy
142,0.12422399967908859,0.13272417709231377,measured,compute,1,,,14175744,,16,0,1,short_prefill_proxy
143,0.12383999675512314,0.13227201998233795,measured,compute,1,,,14175744,,16,0,1,short_prefill_proxy
144,0.12489599734544754,0.13324012979865074,measured,compute,1,,,14175744,,16,0,1,short_prefill_proxy
145,0.12540799379348755,0.13378402218222618,measured,compute,1,,,14175744,,16,0,1,short_prefill_proxy
146,0.12479999661445618,0.13328297063708305,measured,compute,1,,,14175744,,16,0,1,short_prefill_proxy
147,0.12323199957609177,0.13169320300221443,measured,compute,1,,,14175744,,16,0,1,short_prefill_proxy
148,0.1456640064716339,0.15413528308272362,measured,compute,1,,,14175744,,16,0,1,short_prefill_proxy
149,0.12675200402736664,0.13657519593834877,measured,compute,1,,,14175744,,16,0,1,short_prefill_proxy
150,0.1252799928188324,0.1338329166173935,measured,compute,1,,,14175744,,16,0,1,short_prefill_proxy
151,0.1252480000257492,0.13373233377933502,measured,compute,1,,,14175744,,16,0,1,short_prefill_proxy
152,0.1255040019750595,0.13384828343987465,measured,compute,1,,,14175744,,16,0,1,short_prefill_proxy
153,0.12435200065374374,0.13272371143102646,measured,compute,1,,,14175744,,16,0,1,short_prefill_proxy
154,0.12358400225639343,0.13201171532273293,measured,compute,1,,,14175744,,16,0,1,short_prefill_proxy
155,0.1271360069513321,0.13570720329880714,measured,compute,1,,,14175744,,16,0,1,short_prefill_proxy
156,0.12556800246238708,0.13391906395554543,measured,compute,1,,,14175744,,16,0,1,short_prefill_proxy
157,0.12441600114107132,0.13260170817375183,measured,compute,1,,,14175744,,16,0,1,short_prefill_proxy
158,0.12441600114107132,0.13273535296320915,measured,compute,1,,,14175744,,16,0,1,short_prefill_proxy
159,0.12332800030708313,0.13156700879335403,measured,compute,1,,,14175744,,16,0,1,short_prefill_proxy
160,0.12191999703645706,0.1303190365433693,measured,compute,1,,,14175744,,16,0,1,short_prefill_proxy
161,0.12425599992275238,0.1324731856584549,measured,compute,1,,,14175744,,16,0,1,short_prefill_proxy
162,0.1265919953584671,0.13477588072419167,measured,compute,1,,,14175744,,16,0,1,short_prefill_proxy
163,0.1239359974861145,0.13259612023830414,measured,compute,1,,,14175744,,16,0,1,short_prefill_proxy
164,0.12201599776744843,0.13037538155913353,measured,compute,1,,,14175744,,16,0,1,short_prefill_proxy
165,0.12291199713945389,0.13112416490912437,measured,compute,1,,,14175744,,16,0,1,short_prefill_proxy
166,0.12432000041007996,0.132816843688488,measured,compute,1,,,14175744,,16,0,1,short_prefill_proxy
167,0.12457600235939026,0.1328829675912857,measured,compute,1,,,14175744,,16,0,1,short_prefill_proxy
168,0.12352000176906586,0.13172393664717674,measured,compute,1,,,14175744,,16,0,1,short_prefill_proxy
169,0.12432000041007996,0.1327856443822384,measured,compute,1,,,14175744,,16,0,1,short_prefill_proxy
170,0.12751999497413635,0.13586506247520447,measured,compute,1,,,14175744,,16,0,1,short_prefill_proxy
171,0.12518399953842163,0.1336350105702877,measured,compute,1,,,14175744,,16,0,1,short_prefill_proxy
172,0.12345600128173828,0.13173464685678482,measured,compute,1,,,14175744,,16,0,1,short_prefill_proxy
173,0.12665599584579468,0.1350552774965763,measured,compute,1,,,14175744,,16,0,1,short_prefill_proxy
174,0.1252799928188324,0.1336769200861454,measured,compute,1,,,14175744,,16,0,1,short_prefill_proxy
175,0.13676799833774567,0.14553498476743698,measured,compute,1,,,14175744,,16,0,1,short_prefill_proxy
176,0.1656000018119812,0.17440924420952797,measured,compute,1,,,14175744,,16,0,1,short_prefill_proxy
177,0.13184000551700592,0.14058314263820648,measured,compute,1,,,14175744,,16,0,1,short_prefill_proxy
178,0.12352000176906586,0.13218587264418602,measured,compute,1,,,14175744,,16,0,1,short_prefill_proxy
179,0.1263359934091568,0.13514189049601555,measured,compute,1,,,14175744,,16,0,1,short_prefill_proxy
180,0.12291199713945389,0.1312997192144394,measured,compute,1,,,14175744,,16,0,1,short_prefill_proxy
181,0.12489599734544754,0.1332731917500496,measured,compute,1,,,14175744,,16,0,1,short_prefill_proxy
182,0.12479999661445618,0.13344595208764076,measured,compute,1,,,14175744,,16,0,1,short_prefill_proxy
183,0.12422399967908859,0.132865272462368,measured,compute,1,,,14175744,,16,0,1,short_prefill_proxy
184,0.12601600587368011,0.13442989438772202,measured,compute,1,,,14175744,,16,0,1,short_prefill_proxy
185,0.12556800246238708,0.13407738879323006,measured,compute,1,,,14175744,,16,0,1,short_prefill_proxy
186,0.12307199835777283,0.1313970424234867,measured,compute,1,,,14175744,,16,0,1,short_prefill_proxy
187,0.12489599734544754,0.13322290033102036,measured,compute,1,,,14175744,,16,0,1,short_prefill_proxy
188,0.12297599762678146,0.13164617121219635,measured,compute,1,,,14175744,,16,0,1,short_prefill_proxy
189,0.12345600128173828,0.13182498514652252,measured,compute,1,,,14175744,,16,0,1,short_prefill_proxy
190,0.12518399953842163,0.13383105397224426,measured,compute,1,,,14175744,,16,0,1,short_prefill_proxy
191,0.1607999950647354,0.1694178208708763,measured,compute,1,,,14175744,,16,0,1,short_prefill_proxy
192,0.13043199479579926,0.138911884278059,measured,compute,1,,,14175744,,16,0,1,short_prefill_proxy
193,0.13996799290180206,0.1484360545873642,measured,compute,1,,,14175744,,16,0,1,short_prefill_proxy
194,0.12275200337171555,0.13151206076145172,measured,compute,1,,,14175744,,16,0,1,short_prefill_proxy
195,0.12438400089740753,0.13282941654324532,measured,compute,1,,,14175744,,16,0,1,short_prefill_proxy
196,0.12371200323104858,0.13230787590146065,measured,compute,1,,,14175744,,16,0,1,short_prefill_proxy
197,0.12483199685811996,0.1332978717982769,measured,compute,1,,,14175744,,16,0,1,short_prefill_proxy
198,0.12540799379348755,0.13416586443781853,measured,compute,1,,,14175744,,16,0,1,short_prefill_proxy
199,0.125791996717453,0.13434328138828278,measured,compute,1,,,14175744,,16,0,1,short_prefill_proxy
200,0.12531200051307678,0.13376539573073387,measured,compute,1,,,14175744,,16,0,1,short_prefill_proxy
201,0.12614400684833527,0.13454677537083626,measured,compute,1,,,14175744,,16,0,1,short_prefill_proxy
202,0.12415999919176102,0.13248715549707413,measured,compute,1,,,14175744,,16,0,1,short_prefill_proxy
203,0.1244800016283989,0.13283686712384224,measured,compute,1,,,14175744,,16,0,1,short_prefill_proxy
204,0.12403199821710587,0.13256724923849106,measured,compute,1,,,14175744,,16,0,1,short_prefill_proxy
205,0.12403199821710587,0.13266783207654953,measured,compute,1,,,14175744,,16,0,1,short_prefill_proxy
206,0.1252799928188324,0.13375189155340195,measured,compute,1,,,14175744,,16,0,1,short_prefill_proxy
207,0.12406399846076965,0.13274233788251877,measured,compute,1,,,14175744,,16,0,1,short_prefill_proxy
208,0.1249919980764389,0.13366108760237694,measured,compute,1,,,14175744,,16,0,1,short_prefill_proxy
209,0.12272000312805176,0.13127457350492477,measured,compute,1,,,14175744,,16,0,1,short_prefill_proxy
210,0.12364800274372101,0.13198517262935638,measured,compute,1,,,14175744,,16,0,1,short_prefill_proxy
211,0.12281599640846252,0.13161217793822289,measured,compute,1,,,14175744,,16,0,1,short_prefill_proxy
212,0.12236800044775009,0.13087596744298935,measured,compute,1,,,14175744,,16,0,1,short_prefill_proxy
213,0.12537600100040436,0.13383664190769196,measured,compute,1,,,14175744,,16,0,1,short_prefill_proxy
214,0.1701440066099167,0.1788279041647911,measured,compute,1,,,14175744,,16,0,1,short_prefill_proxy
215,0.12745599448680878,0.136667862534523,measured,compute,1,,,14175744,,16,0,1,short_prefill_proxy
216,0.1257600039243698,0.13416819274425507,measured,compute,1,,,14175744,,16,0,1,short_prefill_proxy
0,0.19468800723552704,0.20839087665081024,measured,compute,1,,,14175744,,128,0,1,short_prefill_proxy
1,0.1777919977903366,0.18717581406235695,measured,compute,1,,,14175744,,128,0,1,short_prefill_proxy
2,0.1737920045852661,0.1825210638344288,measured,compute,1,,,14175744,,128,0,1,short_prefill_proxy
3,0.16979199647903442,0.17840880900621414,measured,compute,1,,,14175744,,128,0,1,short_prefill_proxy
4,0.17497600615024567,0.1837438903748989,measured,compute,1,,,14175744,,128,0,1,short_prefill_proxy
5,0.1690240055322647,0.1782733015716076,measured,compute,1,,,14175744,,128,0,1,short_prefill_proxy
6,0.17286400496959686,0.1815478317439556,measured,compute,1,,,14175744,,128,0,1,short_prefill_proxy
7,0.16761599481105804,0.17658108845353127,measured,compute,1,,,14175744,,128,0,1,short_prefill_proxy
8,0.16704000532627106,0.17574895173311234,measured,compute,1,,,14175744,,128,0,1,short_prefill_proxy
9,0.17059199512004852,0.18381932750344276,measured,compute,1,,,14175744,,128,0,1,short_prefill_proxy
10,0.16780799627304077,0.17629284411668777,measured,compute,1,,,14175744,,128,0,1,short_prefill_proxy
11,0.1671999990940094,0.17576012760400772,measured,compute,1,,,14175744,,128,0,1,short_prefill_proxy
12,0.17244799435138702,0.18103281036019325,measured,compute,1,,,14175744,,128,0,1,short_prefill_proxy
13,0.1703999936580658,0.17869006842374802,measured,compute,1,,,14175744,,128,0,1,short_prefill_proxy
14,0.1682559996843338,0.17679110169410706,measured,compute,1,,,14175744,,128,0,1,short_prefill_proxy
15,0.16918399930000305,0.1777331344783306,measured,compute,1,,,14175744,,128,0,1,short_prefill_proxy
16,0.16739200055599213,0.1758607104420662,measured,compute,1,,,14175744,,128,0,1,short_prefill_proxy
17,0.16681599617004395,0.17540622502565384,measured,compute,1,,,14175744,,128,0,1,short_prefill_proxy
18,0.16636799275875092,0.17473800107836723,measured,compute,1,,,14175744,,128,0,1,short_prefill_proxy
19,0.16620799899101257,0.17471564933657646,measured,compute,1,,,14175744,,128,0,1,short_prefill_proxy
20,0.16944000124931335,0.17781974747776985,measured,compute,1,,,14175744,,128,0,1,short_prefill_proxy
21,0.16707199811935425,0.17554871737957,measured,compute,1,,,14175744,,128,0,1,short_prefill_proxy
22,0.1711360067129135,0.17968984320759773,measured,compute,1,,,14175744,,128,0,1,short_prefill_proxy
23,0.16518400609493256,0.17358409240841866,measured,compute,1,,,14175744,,128,0,1,short_prefill_proxy
24,0.17043200135231018,0.17893174663186073,measured,compute,1,,,14175744,,128,0,1,short_prefill_proxy
25,0.16700799763202667,0.17570890486240387,measured,compute,1,,,14175744,,128,0,1,short_prefill_proxy
26,0.16704000532627106,0.1754281111061573,measured,compute,1,,,14175744,,128,0,1,short_prefill_proxy
27,0.16617600619792938,0.17464905977249146,measured,compute,1,,,14175744,,128,0,1,short_prefill_proxy
28,0.17136000096797943,0.1799529418349266,measured,compute,1,,,14175744,,128,0,1,short_prefill_proxy
29,0.16617600619792938,0.17437618225812912,measured,compute,1,,,14175744,,128,0,1,short_prefill_proxy
30,0.17155200242996216,0.1798989251255989,measured,compute,1,,,14175744,,128,0,1,short_prefill_proxy
31,0.16806399822235107,0.1768004149198532,measured,compute,1,,,14175744,,128,0,1,short_prefill_proxy
32,0.1685439944267273,0.1775934360921383,measured,compute,1,,,14175744,,128,0,1,short_prefill_proxy
33,0.16707199811935425,0.1755482517182827,measured,compute,1,,,14175744,,128,0,1,short_prefill_proxy
34,0.17103999853134155,0.17993804067373276,measured,compute,1,,,14175744,,128,0,1,short_prefill_proxy
35,0.1671680063009262,0.17568795010447502,measured,compute,1,,,14175744,,128,0,1,short_prefill_proxy
36,0.1711679995059967,0.18195109441876411,measured,compute,1,,,14175744,,128,0,1,short_prefill_proxy
37,0.19308799505233765,0.2018366940319538,measured,compute,1,,,14175744,,128,0,1,short_prefill_proxy
38,0.16649599373340607,0.17532985657453537,measured,compute,1,,,14175744,,128,0,1,short_prefill_proxy
39,0.1671680063009262,0.17570191994309425,measured,compute,1,,,14175744,,128,0,1,short_prefill_proxy
40,0.17107200622558594,0.1798202283680439,measured,compute,1,,,14175744,,128,0,1,short_prefill_proxy
41,0.1658879965543747,0.1745852641761303,measured,compute,1,,,14175744,,128,0,1,short_prefill_proxy
42,0.17430399358272552,0.18297089263796806,measured,compute,1,,,14175744,,128,0,1,short_prefill_proxy
43,0.1669120043516159,0.17565209418535233,measured,compute,1,,,14175744,,128,0,1,short_prefill_proxy
44,0.16592000424861908,0.17472822219133377,measured,compute,1,,,14175744,,128,0,1,short_prefill_proxy
45,0.1661120057106018,0.17467699944972992,measured,compute,1,,,14175744,,128,0,1,short_prefill_proxy
46,0.17020800709724426,0.1788162626326084,measured,compute,1,,,14175744,,128,0,1,short_prefill_proxy
47,0.16828800737857819,0.17838599160313606,measured,compute,1,,,14175744,,128,0,1,short_prefill_proxy
48,0.17177599668502808,0.1803259365260601,measured,compute,1,,,14175744,,128,0,1,short_prefill_proxy
49,0.16806399822235107,0.17678597941994667,measured,compute,1,,,14175744,,128,0,1,short_prefill_proxy
50,0.1671999990940094,0.1757340505719185,measured,compute,1,,,14175744,,128,0,1,short_prefill_proxy
51,0.1679999977350235,0.1765647903084755,measured,compute,1,,,14175744,,128,0,1,short_prefill_proxy
52,0.1703999936580658,0.17897505313158035,measured,compute,1,,,14175744,,128,0,1,short_prefill_proxy
53,0.16921600699424744,0.1776781864464283,measured,compute,1,,,14175744,,128,0,1,short_prefill_proxy
54,0.1712000072002411,0.17984118312597275,measured,compute,1,,,14175744,,128,0,1,short_prefill_proxy
55,0.1679999977350235,0.17671799287199974,measured,compute,1,,,14175744,,128,0,1,short_prefill_proxy
56,0.1669439971446991,0.17560692504048347,measured,compute,1,,,14175744,,128,0,1,short_prefill_proxy
57,0.16512000560760498,0.17368514090776443,measured,compute,1,,,14175744,,128,0,1,short_prefill_proxy
58,0.17110399901866913,0.1798500306904316,measured,compute,1,,,14175744,,128,0,1,short_prefill_proxy
59,0.1923840045928955,0.20122388377785683,measured,compute,1,,,14175744,,128,0,1,short_prefill_proxy
60,0.1712000072002411,0.17974479123950005,measured,compute,1,,,14175744,,128,0,1,short_prefill_proxy
61,0.16675199568271637,0.17570005729794502,measured,compute,1,,,14175744,,128,0,1,short_prefill_proxy
62,0.16604800522327423,0.17469190061092377,measured,compute,1,,,14175744,,128,0,1,short_prefill_proxy
63,0.16627199947834015,0.17800694331526756,measured,compute,1,,,14175744,,128,0,1,short_prefill_proxy
64,0.16889600455760956,0.17764000222086906,measured,compute,1,,,14175744,,128,0,1,short_prefill_proxy
65,0.16707199811935425,0.17552683129906654,measured,compute,1,,,14175744,,128,0,1,short_prefill_proxy
66,0.1661120057106018,0.1746639609336853,measured,compute,1,,,14175744,,128,0,1,short_prefill_proxy
67,0.16630400717258453,0.17481902614235878,measured,compute,1,,,14175744,,128,0,1,short_prefill_proxy
68,0.16816000640392303,0.17675384879112244,measured,compute,1,,,14175744,,128,0,1,short_prefill_proxy
69,0.166143998503685,0.17456291243433952,measured,compute,1,,,14175744,,128,0,1,short_prefill_proxy
70,0.1754239946603775,0.18403306603431702,measured,compute,1,,,14175744,,128,0,1,short_prefill_proxy
71,0.16687999665737152,0.17558597028255463,measured,compute,1,,,14175744,,128,0,1,short_prefill_proxy
72,0.17056000232696533,0.17954176291823387,measured,compute,1,,,14175744,,128,0,1,short_prefill_proxy
73,0.16646400094032288,0.17484696581959724,measured,compute,1,,,14175744,,128,0,1,short_prefill_proxy
74,0.16633599996566772,0.17469841986894608,measured,compute,1,,,14175744,,128,0,1,short_prefill_proxy
75,0.16512000560760498,0.17364835366606712,measured,compute,1,,,14175744,,128,0,1,short_prefill_proxy
76,0.17318400740623474,0.18087495118379593,measured,compute,1,,,14175744,,128,0,1,short_prefill_proxy
77,0.16870400309562683,0.1764078624546528,measured,compute,1,,,14175744,,128,0,1,short_prefill_proxy
78,0.17100800573825836,0.17986027523875237,measured,compute,1,,,14175744,,128,0,1,short_prefill_proxy
79,0.16678400337696075,0.17569959163665771,measured,compute,1,,,14175744,,128,0,1,short_prefill_proxy
80,0.16784000396728516,0.17580296844244003,measured,compute,1,,,14175744,,128,0,1,short_prefill_proxy
81,0.16787199676036835,0.1766378991305828,measured,compute,1,,,14175744,,128,0,1,short_prefill_proxy
82,0.17123199999332428,0.17971498891711235,measured,compute,1,,,14175744,,128,0,1,short_prefill_proxy
83,0.16582399606704712,0.17466582357883453,measured,compute,1,,,14175744,,128,0,1,short_prefill_proxy
84,0.17052799463272095,0.17890892922878265,measured,compute,1,,,14175744,,128,0,1,short_prefill_proxy
85,0.166143998503685,0.17471704632043839,measured,compute,1,,,14175744,,128,0,1,short_prefill_proxy
86,0.166143998503685,0.1748558133840561,measured,compute,1,,,14175744,,128,0,1,short_prefill_proxy
87,0.17830400168895721,0.18701422959566116,measured,compute,1,,,14175744,,128,0,1,short_prefill_proxy
88,0.1714559942483902,0.18049031496047974,measured,compute,1,,,14175744,,128,0,1,short_prefill_proxy
89,0.1666879951953888,0.17557712271809578,measured,compute,1,,,14175744,,128,0,1,short_prefill_proxy
90,0.17017599940299988,0.17872778698801994,measured,compute,1,,,14175744,,128,0,1,short_prefill_proxy
91,0.16707199811935425,0.17585884779691696,measured,compute,1,,,14175744,,128,0,1,short_prefill_proxy
92,0.19670400023460388,0.2058730460703373,measured,compute,1,,,14175744,,128,0,1,short_prefill_proxy
93,0.16707199811935425,0.17596734687685966,measured,compute,1,,,14175744,,128,0,1,short_prefill_proxy
94,0.16707199811935425,0.17570797353982925,measured,compute,1,,,14175744,,128,0,1,short_prefill_proxy
95,0.16793599724769592,0.17675617709755898,measured,compute,1,,,14175744,,128,0,1,short_prefill_proxy
96,0.1671999990940094,0.1757950522005558,measured,compute,1,,,14175744,,128,0,1,short_prefill_proxy
97,0.1669439971446991,0.17571309581398964,measured,compute,1,,,14175744,,128,0,1,short_prefill_proxy
98,0.16787199676036835,0.17663836479187012,measured,compute,1,,,14175744,,128,0,1,short_prefill_proxy
99,0.16777600347995758,0.17670122906565666,measured,compute,1,,,14175744,,128,0,1,short_prefill_proxy
100,0.17100800573825836,0.1798090524971485,measured,compute,1,,,14175744,,128,0,1,short_prefill_proxy
101,0.16601599752902985,0.17472216859459877,measured,compute,1,,,14175744,,128,0,1,short_prefill_proxy
102,0.17136000096797943,0.17991196364164352,measured,compute,1,,,14175744,,128,0,1,short_prefill_proxy
103,0.1709119975566864,0.1798146404325962,measured,compute,1,,,14175744,,128,0,1,short_prefill_proxy
104,0.16684800386428833,0.17561763525009155,measured,compute,1,,,14175744,,128,0,1,short_prefill_proxy
105,0.16601599752902985,0.17474545165896416,measured,compute,1,,,14175744,,128,0,1,short_prefill_proxy
106,0.1711360067129135,0.1797298900783062,measured,compute,1,,,14175744,,128,0,1,short_prefill_proxy
107,0.16739200055599213,0.17586397007107735,measured,compute,1,,,14175744,,128,0,1,short_prefill_proxy
108,0.17126399278640747,0.17999112606048584,measured,compute,1,,,14175744,,128,0,1,short_prefill_proxy
109,0.16899199783802032,0.1773587428033352,measured,compute,1,,,14175744,,128,0,1,short_prefill_proxy
110,0.16761599481105804,0.1768423244357109,measured,compute,1,,,14175744,,128,0,1,short_prefill_proxy
111,0.1679999977350235,0.17663510516285896,measured,compute,1,,,14175744,,128,0,1,short_prefill_proxy
112,0.17023999989032745,0.17883209511637688,measured,compute,1,,,14175744,,128,0,1,short_prefill_proxy
113,0.16592000424861908,0.17466768622398376,measured,compute,1,,,14175744,,128,0,1,short_prefill_proxy
114,0.17529599368572235,0.1841951161623001,measured,compute,1,,,14175744,,128,0,1,short_prefill_proxy
115,0.17001600563526154,0.1788041554391384,measured,compute,1,,,14175744,,128,0,1,short_prefill_proxy
116,0.16787199676036835,0.17580296844244003,measured,compute,1,,,14175744,,128,0,1,short_prefill_proxy
117,0.1658560037612915,0.174742192029953,measured,compute,1,,,14175744,,128,0,1,short_prefill_proxy
118,0.18012799322605133,0.18915673717856407,measured,compute,1,,,14175744,,128,0,1,short_prefill_proxy
119,0.1687680035829544,0.17780810594558716,measured,compute,1,,,14175744,,128,0,1,short_prefill_proxy
120,0.20083199441432953,0.20911404862999916,measured,compute,1,,,14175744,,128,0,1,short_prefill_proxy
121,0.16627199947834015,0.1748991198837757,measured,compute,1,,,14175744,,128,0,1,short_prefill_proxy
122,0.16908800601959229,0.17786817625164986,measured,compute,1,,,14175744,,128,0,1,short_prefill_proxy
123,0.16687999665737152,0.1746751368045807,measured,compute,1,,,14175744,,128,0,1,short_prefill_proxy
124,0.16495999693870544,0.17361808568239212,measured,compute,1,,,14175744,,128,0,1,short_prefill_proxy
125,0.17843200266361237,0.18727779388427734,measured,compute,1,,,14175744,,128,0,1,short_prefill_proxy
126,0.16646400094032288,0.1755007542669773,measured,compute,1,,,14175744,,128,0,1,short_prefill_proxy
127,0.1700800061225891,0.1787492074072361,measured,compute,1,,,14175744,,128,0,1,short_prefill_proxy
128,0.1677439957857132,0.17680972814559937,measured,compute,1,,,14175744,,128,0,1,short_prefill_proxy
129,0.16944000124931335,0.17827190458774567,measured,compute,1,,,14175744,,128,0,1,short_prefill_proxy
130,0.16713599860668182,0.1758551225066185,measured,compute,1,,,14175744,,128,0,1,short_prefill_proxy
131,0.17654399573802948,0.18918560817837715,measured,compute,1,,,14175744,,128,0,1,short_prefill_proxy
132,0.16713599860668182,0.17567910254001617,measured,compute,1,,,14175744,,128,0,1,short_prefill_proxy
133,0.1679999977350235,0.1768181100487709,measured,compute,1,,,14175744,,128,0,1,short_prefill_proxy
134,0.16636799275875092,0.17476873472332954,measured,compute,1,,,14175744,,128,0,1,short_prefill_proxy
135,0.16687999665737152,0.1756437122821808,measured,compute,1,,,14175744,,128,0,1,short_prefill_proxy
136,0.1855359971523285,0.19416585564613342,measured,compute,1,,,14175744,,128,0,1,short_prefill_proxy
137,0.1677439957857132,0.1766486093401909,measured,compute,1,,,14175744,,128,0,1,short_prefill_proxy
138,0.17107200622558594,0.17965305596590042,measured,compute,1,,,14175744,,128,0,1,short_prefill_proxy
139,0.16704000532627106,0.17570704221725464,measured,compute,1,,,14175744,,128,0,1,short_prefill_proxy
140,0.1671680063009262,0.1757652498781681,measured,compute,1,,,14175744,,128,0,1,short_prefill_proxy
141,0.16704000532627106,0.178653746843338,measured,compute,1,,,14175744,,128,0,1,short_prefill_proxy
142,0.18828800320625305,0.19973376765847206,measured,compute,1,,,14175744,,128,0,1,short_prefill_proxy
143,0.1780800074338913,0.18704822286963463,measured,compute,1,,,14175744,,128,0,1,short_prefill_proxy
144,0.17401599884033203,0.18278183415532112,measured,compute,1,,,14175744,,128,0,1,short_prefill_proxy
145,0.16873599588871002,0.17765676602721214,measured,compute,1,,,14175744,,128,0,1,short_prefill_proxy
146,0.1693439930677414,0.17783092334866524,measured,compute,1,,,14175744,,128,0,1,short_prefill_proxy
147,0.19855999946594238,0.20760204643011093,measured,compute,1,,,14175744,,128,0,1,short_prefill_proxy
148,0.16684800386428833,0.17547514289617538,measured,compute,1,,,14175744,,128,0,1,short_prefill_proxy
149,0.16758400201797485,0.17630914226174355,measured,compute,1,,,14175744,,128,0,1,short_prefill_proxy
150,0.17110399901866913,0.17978530377149582,measured,compute,1,,,14175744,,128,0,1,short_prefill_proxy
151,0.16687999665737152,0.17556920647621155,measured,compute,1,,,14175744,,128,0,1,short_prefill_proxy
152,0.17231999337673187,0.18088705837726593,measured,compute,1,,,14175744,,128,0,1,short_prefill_proxy
153,0.1700800061225891,0.1786956563591957,measured,compute,1,,,14175744,,128,0,1,short_prefill_proxy
154,0.16726399958133698,0.1757410354912281,measured,compute,1,,,14175744,,128,0,1,short_prefill_proxy
155,0.16495999693870544,0.17376570031046867,measured,compute,1,,,14175744,,128,0,1,short_prefill_proxy
156,0.17103999853134155,0.17959065735340118,measured,compute,1,,,14175744,,128,0,1,short_prefill_proxy
157,0.16832000017166138,0.17683487385511398,measured,compute,1,,,14175744,,128,0,1,short_prefill_proxy
158,0.17423999309539795,0.18288195133209229,measured,compute,1,,,14175744,,128,0,1,short_prefill_proxy
159,0.1679680049419403,0.17674081027507782,measured,compute,1,,,14175744,,128,0,1,short_prefill_proxy
160,0.16684800386428833,0.1754341647028923,measured,compute,1,,,14175744,,128,0,1,short_prefill_proxy
161,0.16569599509239197,0.17440179362893105,measured,compute,1,,,14175744,,128,0,1,short_prefill_proxy
162,0.1711679995059967,0.1798500306904316,measured,compute,1,,,14175744,,128,0,1,short_prefill_proxy
163,0.16732800006866455,0.17591426149010658,measured,compute,1,,,14175744,,128,0,1,short_prefill_proxy
164,0.17231999337673187,0.18092989921569824,measured,compute,1,,,14175744,,128,0,1,short_prefill_proxy
165,0.1934719979763031,0.21215807646512985,measured,compute,1,,,14175744,,128,0,1,short_prefill_proxy
0,0.13279999792575836,0.14700880274176598,measured,compute,1,,,14175744,,1,32,1,decode_real_history
1,0.12492799758911133,0.13415515422821045,measured,compute,1,,,14175744,,1,32,1,decode_real_history
2,0.12403199821710587,0.13309204950928688,measured,compute,1,,,14175744,,1,32,1,decode_real_history
3,0.12223999947309494,0.13117212802171707,measured,compute,1,,,14175744,,1,32,1,decode_real_history
4,0.12188799679279327,0.13070832937955856,measured,compute,1,,,14175744,,1,32,1,decode_real_history
5,0.12316799908876419,0.13205409049987793,measured,compute,1,,,14175744,,1,32,1,decode_real_history
6,0.12041600048542023,0.1292130909860134,measured,compute,1,,,14175744,,1,32,1,decode_real_history
7,0.12070400267839432,0.12933695688843727,measured,compute,1,,,14175744,,1,32,1,decode_real_history
8,0.1189119964838028,0.1276358962059021,measured,compute,1,,,14175744,,1,32,1,decode_real_history
9,0.11884800344705582,0.1276358962059021,measured,compute,1,,,14175744,,1,32,1,decode_real_history
10,0.11984000355005264,0.1284549944102764,measured,compute,1,,,14175744,,1,32,1,decode_real_history
11,0.11680000275373459,0.12538162991404533,measured,compute,1,,,14175744,,1,32,1,decode_real_history
12,0.1189119964838028,0.12776395305991173,measured,compute,1,,,14175744,,1,32,1,decode_real_history
13,0.12294399738311768,0.13172021135687828,measured,compute,1,,,14175744,,1,32,1,decode_real_history
14,0.11820799857378006,0.12725591659545898,measured,compute,1,,,14175744,,1,32,1,decode_real_history
15,0.11980800330638885,0.12852810323238373,measured,compute,1,,,14175744,,1,32,1,decode_real_history
16,0.11987199634313583,0.12826314195990562,measured,compute,1,,,14175744,,1,32,1,decode_real_history
17,0.11878400295972824,0.12755021452903748,measured,compute,1,,,14175744,,1,32,1,decode_real_history
18,0.1189119964838028,0.1276838593184948,measured,compute,1,,,14175744,,1,32,1,decode_real_history
19,0.12089599668979645,0.1296750269830227,measured,compute,1,,,14175744,,1,32,1,decode_real_history
20,0.11715199798345566,0.12595392763614655,measured,compute,1,,,14175744,,1,32,1,decode_real_history
21,0.12380799651145935,0.13207411393523216,measured,compute,1,,,14175744,,1,32,1,decode_real_history
22,0.11993599683046341,0.12767314910888672,measured,compute,1,,,14175744,,1,32,1,decode_real_history
23,0.1207680031657219,0.12854160740971565,measured,compute,1,,,14175744,,1,32,1,decode_real_history
24,0.12012799829244614,0.1286650076508522,measured,compute,1,,,14175744,,1,32,1,decode_real_history
25,0.11740799993276596,0.12618210166692734,measured,compute,1,,,14175744,,1,32,1,decode_real_history
26,0.11884800344705582,0.1267031766474247,measured,compute,1,,,14175744,,1,32,1,decode_real_history
27,0.1181119978427887,0.1267991028726101,measured,compute,1,,,14175744,,1,32,1,decode_real_history
28,0.12246400117874146,0.13132579624652863,measured,compute,1,,,14175744,,1,32,1,decode_real_history
29,0.11923199892044067,0.12795301154255867,measured,compute,1,,,14175744,,1,32,1,decode_real_history
30,0.12031999975442886,0.12915115803480148,measured,compute,1,,,14175744,,1,32,1,decode_real_history
31,0.11769600212574005,0.1264861784875393,measured,compute,1,,,14175744,,1,32,1,decode_real_history
32,0.11993599683046341,0.12869108468294144,measured,compute,1,,,14175744,,1,32,1,decode_real_history
33,0.11974400281906128,0.12839678674936295,measured,compute,1,,,14175744,,1,32,1,decode_real_history
34,0.11903999745845795,0.12749293819069862,measured,compute,1,,,14175744,,1,32,1,decode_real_history
35,0.11932799965143204,0.1276354305446148,measured,compute,1,,,14175744,,1,32,1,decode_real_history
36,0.12272000312805176,0.1314920373260975,measured,compute,1,,,14175744,,1,32,1,decode_real_history
37,0.11884800344705582,0.12766802683472633,measured,compute,1,,,14175744,,1,32,1,decode_real_history
38,0.1340160071849823,0.14401506632566452,measured,compute,1,,,14175744,,1,32,1,decode_real_history
39,0.12092799693346024,0.12958701699972153,measured,compute,1,,,14175744,,1,32,1,decode_real_history
40,0.11999999731779099,0.12859096750617027,measured,compute,1,,,14175744,,1,32,1,decode_real_history
41,0.11884800344705582,0.12768805027008057,measured,compute,1,,,14175744,,1,32,1,decode_real_history
42,0.11974400281906128,0.12848805636167526,measured,compute,1,,,14175744,,1,32,1,decode_real_history
43,0.12089599668979645,0.12926803901791573,measured,compute,1,,,14175744,,1,32,1,decode_real_history
44,0.1231359988451004,0.15045003965497017,measured,compute,1,,,14175744,,1,32,1,decode_real_history
45,0.11878400295972824,0.1274971291422844,measured,compute,1,,,14175744,,1,32,1,decode_real_history
46,0.11785600334405899,0.12656068429350853,measured,compute,1,,,14175744,,1,32,1,decode_real_history
47,0.12006399780511856,0.12868084013462067,measured,compute,1,,,14175744,,1,32,1,decode_real_history
48,0.11923199892044067,0.12772995978593826,measured,compute,1,,,14175744,,1,32,1,decode_real_history
49,0.11760000139474869,0.12643076479434967,measured,compute,1,,,14175744,,1,32,1,decode_real_history
50,0.1196800023317337,0.12835301458835602,measured,compute,1,,,14175744,,1,32,1,decode_real_history
51,0.12172800302505493,0.13019796460866928,measured,compute,1,,,14175744,,1,32,1,decode_real_history
52,0.1202239990234375,0.1287846826016903,measured,compute,1,,,14175744,,1,32,1,decode_real_history
53,0.11776000261306763,0.12622680515050888,measured,compute,1,,,14175744,,1,32,1,decode_real_history
54,0.118367999792099,0.12683682143688202,measured,compute,1,,,14175744,,1,32,1,decode_real_history
55,0.11769600212574005,0.12639397755265236,measured,compute,1,,,14175744,,1,32,1,decode_real_history
56,0.11919999867677689,0.12777186930179596,measured,compute,1,,,14175744,,1,32,1,decode_real_history
57,0.11667200177907944,0.12559210881590843,measured,compute,1,,,14175744,,1,32,1,decode_real_history
58,0.11984000355005264,0.12845220044255257,measured,compute,1,,,14175744,,1,32,1,decode_real_history
59,0.11760000139474869,0.1285797916352749,measured,compute,1,,,14175744,,1,32,1,decode_real_history
60,0.11654400080442429,0.12517021968960762,measured,compute,1,,,14175744,,1,32,1,decode_real_history
61,0.11923199892044067,0.12794788926839828,measured,compute,1,,,14175744,,1,32,1,decode_real_history
62,0.11910399794578552,0.12760423123836517,measured,compute,1,,,14175744,,1,32,1,decode_real_history
63,0.11910399794578552,0.1276661641895771,measured,compute,1,,,14175744,,1,32,1,decode_real_history
64,0.11750400066375732,0.12604286894202232,measured,compute,1,,,14175744,,1,32,1,decode_real_history
65,0.1181119978427887,0.12681307271122932,measured,compute,1,,,14175744,,1,32,1,decode_real_history
66,0.1202239990234375,0.1288638450205326,measured,compute,1,,,14175744,,1,32,1,decode_real_history
67,0.11919999867677689,0.12776395305991173,measured,compute,1,,,14175744,,1,32,1,decode_real_history
68,0.11948800086975098,0.12834882363677025,measured,compute,1,,,14175744,,1,32,1,decode_real_history
69,0.11686400324106216,0.12579606845974922,measured,compute,1,,,14175744,,1,32,1,decode_real_history
70,0.1189119964838028,0.12736674398183823,measured,compute,1,,,14175744,,1,32,1,decode_real_history
71,0.11884800344705582,0.12745195999741554,measured,compute,1,,,14175744,,1,32,1,decode_real_history
72,0.11744000017642975,0.12580910697579384,measured,compute,1,,,14175744,,1,32,1,decode_real_history
73,0.11868800222873688,0.12672599405050278,measured,compute,1,,,14175744,,1,32,1,decode_real_history
74,0.14239999651908875,0.15009380877017975,measured,compute,1,,,14175744,,1,32,1,decode_real_history
75,0.12134400010108948,0.1300000585615635,measured,compute,1,,,14175744,,1,32,1,decode_real_history
76,0.11856000125408173,0.12694718316197395,measured,compute,1,,,14175744,,1,32,1,decode_real_history
77,0.12883199751377106,0.13770721852779388,measured,compute,1,,,14175744,,1,32,1,decode_real_history
78,0.12252800166606903,0.13198703527450562,measured,compute,1,,,14175744,,1,32,1,decode_real_history
79,0.1196800023317337,0.1284540630877018,measured,compute,1,,,14175744,,1,32,1,decode_real_history
80,0.1191679984331131,0.12760888785123825,measured,compute,1,,,14175744,,1,32,1,decode_real_history
81,0.1207680031657219,0.12960191816091537,measured,compute,1,,,14175744,,1,32,1,decode_real_history
82,0.12083200365304947,0.12955069541931152,measured,compute,1,,,14175744,,1,32,1,decode_real_history
83,0.11881600320339203,0.12775883078575134,measured,compute,1,,,14175744,,1,32,1,decode_real_history
84,0.11744000017642975,0.12608198449015617,measured,compute,1,,,14175744,,1,32,1,decode_real_history
85,0.11919999867677689,0.1279492862522602,measured,compute,1,,,14175744,,1,32,1,decode_real_history
86,0.1170239970088005,0.1256917603313923,measured,compute,1,,,14175744,,1,32,1,decode_real_history
87,0.11641599982976913,0.12509431689977646,measured,compute,1,,,14175744,,1,32,1,decode_real_history
88,0.11801599711179733,0.1268298365175724,measured,compute,1,,,14175744,,1,32,1,decode_real_history
89,0.12095999717712402,0.1294109970331192,measured,compute,1,,,14175744,,1,32,1,decode_real_history
90,0.11903999745845795,0.12756092473864555,measured,compute,1,,,14175744,,1,32,1,decode_real_history
91,0.118367999792099,0.12715207412838936,measured,compute,1,,,14175744,,1,32,1,decode_real_history
92,0.11766400188207626,0.12619886547327042,measured,compute,1,,,14175744,,1,32,1,decode_real_history
93,0.11648000031709671,0.12512225657701492,measured,compute,1,,,14175744,,1,32,1,decode_real_history
94,0.11648000031709671,0.12496300041675568,measured,compute,1,,,14175744,,1,32,1,decode_real_history
95,0.11884800344705582,0.1275818794965744,measured,compute,1,,,14175744,,1,32,1,decode_real_history
96,0.11798399686813354,0.12650387361645699,measured,compute,1,,,14175744,,1,32,1,decode_real_history
97,0.12217599898576736,0.1307348720729351,measured,compute,1,,,14175744,,1,32,1,decode_real_history
98,0.11801599711179733,0.126764178276062,measured,compute,1,,,14175744,,1,32,1,decode_real_history
99,0.11763200163841248,0.12622494250535965,measured,compute,1,,,14175744,,1,32,1,decode_real_history
100,0.12025599926710129,0.12879911810159683,measured,compute,1,,,14175744,,1,32,1,decode_real_history
101,0.1189119964838028,0.12756884098052979,measured,compute,1,,,14175744,,1,32,1,decode_real_history
102,0.11760000139474869,0.12632180005311966,measured,compute,1,,,14175744,,1,32,1,decode_real_history
103,0.11820799857378006,0.1266198232769966,measured,compute,1,,,14175744,,1,32,1,decode_real_history
104,0.11907199770212173,0.12763263657689095,measured,compute,1,,,14175744,,1,32,1,decode_real_history
105,0.118367999792099,0.1273057423532009,measured,compute,1,,,14175744,,1,32,1,decode_real_history
106,0.11708799749612808,0.12550223618745804,measured,compute,1,,,14175744,,1,32,1,decode_real_history
107,0.11776000261306763,0.1263190060853958,measured,compute,1,,,14175744,,1,32,1,decode_real_history
108,0.11840000003576279,0.1270226202905178,measured,compute,1,,,14175744,,1,32,1,decode_real_history
109,0.11955200135707855,0.12828316539525986,measured,compute,1,,,14175744,,1,32,1,decode_real_history
110,0.12006399780511856,0.12858211994171143,measured,compute,1,,,14175744,,1,32,1,decode_real_history
111,0.11715199798345566,0.1254822127521038,measured,compute,1,,,14175744,,1,32,1,decode_real_history
112,0.12041600048542023,0.12885825708508492,measured,compute,1,,,14175744,,1,32,1,decode_real_history
113,0.11766400188207626,0.12631108984351158,measured,compute,1,,,14175744,,1,32,1,decode_real_history
114,0.13062399625778198,0.13922108337283134,measured,compute,1,,,14175744,,1,32,1,decode_real_history
115,0.12745599448680878,0.13612397015094757,measured,compute,1,,,14175744,,1,32,1,decode_real_history
116,0.12028799951076508,0.12916699051856995,measured,compute,1,,,14175744,,1,32,1,decode_real_history
117,0.11830399930477142,0.12704497203230858,measured,compute,1,,,14175744,,1,32,1,decode_real_history
118,0.11852800101041794,0.1272689551115036,measured,compute,1,,,14175744,,1,32,1,decode_real_history
119,0.1188800036907196,0.12816907837986946,measured,compute,1,,,14175744,,1,32,1,decode_real_history
120,0.14825600385665894,0.15672389417886734,measured,compute,1,,,14175744,,1,32,1,decode_real_history
121,0.11881600320339203,0.1275809481739998,measured,compute,1,,,14175744,,1,32,1,decode_real_history
122,0.11945600062608719,0.1281164586544037,measured,compute,1,,,14175744,,1,32,1,decode_real_history
123,0.11760000139474869,0.1262696459889412,measured,compute,1,,,14175744,,1,32,1,decode_real_history
124,0.12031999975442886,0.1289299689233303,measured,compute,1,,,14175744,,1,32,1,decode_real_history
125,0.11977600306272507,0.12857886031270027,measured,compute,1,,,14175744,,1,32,1,decode_real_history
126,0.11958400160074234,0.12825429439544678,measured,compute,1,,,14175744,,1,32,1,decode_real_history
127,0.12211199849843979,0.1307651400566101,measured,compute,1,,,14175744,,1,32,1,decode_real_history
128,0.11865600198507309,0.1271492801606655,measured,compute,1,,,14175744,,1,32,1,decode_real_history
129,0.11900799721479416,0.12762611731886864,measured,compute,1,,,14175744,,1,32,1,decode_real_history
130,0.11977600306272507,0.12855185195803642,measured,compute,1,,,14175744,,1,32,1,decode_real_history
131,0.11903999745845795,0.12767687439918518,measured,compute,1,,,14175744,,1,32,1,decode_real_history
132,0.11977600306272507,0.12856768444180489,measured,compute,1,,,14175744,,1,32,1,decode_real_history
133,0.11980800330638885,0.12847362086176872,measured,compute,1,,,14175744,,1,32,1,decode_real_history
134,0.11897599697113037,0.12783007696270943,measured,compute,1,,,14175744,,1,32,1,decode_real_history
135,0.1225920021533966,0.13128574937582016,measured,compute,1,,,14175744,,1,32,1,decode_real_history
136,0.11974400281906128,0.12857886031270027,measured,compute,1,,,14175744,,1,32,1,decode_real_history
137,0.11993599683046341,0.12860773131251335,measured,compute,1,,,14175744,,1,32,1,decode_real_history
138,0.11977600306272507,0.12860773131251335,measured,compute,1,,,14175744,,1,32,1,decode_real_history
139,0.11747200042009354,0.12634368613362312,measured,compute,1,,,14175744,,1,32,1,decode_real_history
140,0.1173119992017746,0.12605777010321617,measured,compute,1,,,14175744,,1,32,1,decode_real_history
141,0.1191679984331131,0.12803077697753906,measured,compute,1,,,14175744,,1,32,1,decode_real_history
142,0.1194240003824234,0.128104817122221,measured,compute,1,,,14175744,,1,32,1,decode_real_history
143,0.12134400010108948,0.13021891936659813,measured,compute,1,,,14175744,,1,32,1,decode_real_history
144,0.11820799857378006,0.1268777996301651,measured,compute,1,,,14175744,,1,32,1,decode_real_history
145,0.11843200027942657,0.1272750087082386,measured,compute,1,,,14175744,,1,32,1,decode_real_history
146,0.11881600320339203,0.12771273031830788,measured,compute,1,,,14175744,,1,32,1,decode_real_history
147,0.11856000125408173,0.12732809409499168,measured,compute,1,,,14175744,,1,32,1,decode_real_history
148,0.11881600320339203,0.12751901522278786,measured,compute,1,,,14175744,,1,32,1,decode_real_history
149,0.11856000125408173,0.1272931694984436,measured,compute,1,,,14175744,,1,32,1,decode_real_history
150,0.14393599331378937,0.15278300270438194,measured,compute,1,,,14175744,,1,32,1,decode_real_history
151,0.12316799908876419,0.1317868009209633,measured,compute,1,,,14175744,,1,32,1,decode_real_history
152,0.11900799721479416,0.12765312567353249,measured,compute,1,,,14175744,,1,32,1,decode_real_history
153,0.1188800036907196,0.1276051625609398,measured,compute,1,,,14175744,,1,32,1,decode_real_history
154,0.11894399672746658,0.12751901522278786,measured,compute,1,,,14175744,,1,32,1,decode_real_history
155,0.11919999867677689,0.12754183262586594,measured,compute,1,,,14175744,,1,32,1,decode_real_history
156,0.11791999638080597,0.12647593393921852,measured,compute,1,,,14175744,,1,32,1,decode_real_history
157,0.11680000275373459,0.12556184083223343,measured,compute,1,,,14175744,,1,32,1,decode_real_history
158,0.12111999839544296,0.12992322444915771,measured,compute,1,,,14175744,,1,32,1,decode_real_history
159,0.11948800086975098,0.12810993939638138,measured,compute,1,,,14175744,,1,32,1,decode_real_history
160,0.11964800208806992,0.12836698442697525,measured,compute,1,,,14175744,,1,32,1,decode_real_history
161,0.11791999638080597,0.1263660378754139,measured,compute,1,,,14175744,,1,32,1,decode_real_history
162,0.11814399808645248,0.12670503929257393,measured,compute,1,,,14175744,,1,32,1,decode_real_history
163,0.11795199662446976,0.1265830360352993,measured,compute,1,,,14175744,,1,32,1,decode_real_history
164,0.11878400295972824,0.127286184579134,measured,compute,1,,,14175744,,1,32,1,decode_real_history
165,0.12054400146007538,0.12909015640616417,measured,compute,1,,,14175744,,1,32,1,decode_real_history
166,0.12070400267839432,0.12917397543787956,measured,compute,1,,,14175744,,1,32,1,decode_real_history
167,0.12092799693346024,0.12974627315998077,measured,compute,1,,,14175744,,1,32,1,decode_real_history
168,0.11724799871444702,0.12588221579790115,measured,compute,1,,,14175744,,1,32,1,decode_real_history
169,0.11820799857378006,0.12682471424341202,measured,compute,1,,,14175744,,1,32,1,decode_real_history
170,0.1363839954137802,0.14525000005960464,measured,compute,1,,,14175744,,1,32,1,decode_real_history
171,0.11897599697113037,0.12759631499648094,measured,compute,1,,,14175744,,1,32,1,decode_real_history
172,0.1191679984331131,0.12763915583491325,measured,compute,1,,,14175744,,1,32,1,decode_real_history
173,0.11801599711179733,0.12718187645077705,measured,compute,1,,,14175744,,1,32,1,decode_real_history
174,0.1165120005607605,0.12446381151676178,measured,compute,1,,,14175744,,1,32,1,decode_real_history
175,0.11708799749612808,0.12552784755825996,measured,compute,1,,,14175744,,1,32,1,decode_real_history
176,0.11619199812412262,0.12410013005137444,measured,compute,1,,,14175744,,1,32,1,decode_real_history
177,0.1175680011510849,0.12617511674761772,measured,compute,1,,,14175744,,1,32,1,decode_real_history
178,0.1170559972524643,0.1256330870091915,measured,compute,1,,,14175744,,1,32,1,decode_real_history
179,0.11683200299739838,0.12453505769371986,measured,compute,1,,,14175744,,1,32,1,decode_real_history
180,0.11785600334405899,0.12551108375191689,measured,compute,1,,,14175744,,1,32,1,decode_real_history
181,0.12015999853610992,0.12870319187641144,measured,compute,1,,,14175744,,1,32,1,decode_real_history
182,0.11711999773979187,0.12562843039631844,measured,compute,1,,,14175744,,1,32,1,decode_real_history
183,0.11791999638080597,0.1262580044567585,measured,compute,1,,,14175744,,1,32,1,decode_real_history
184,0.11820799857378006,0.12665009126067162,measured,compute,1,,,14175744,,1,32,1,decode_real_history
185,0.11801599711179733,0.126528088003397,measured,compute,1,,,14175744,,1,32,1,decode_real_history
186,0.11747200042009354,0.125763937830925,measured,compute,1,,,14175744,,1,32,1,decode_real_history
187,0.118367999792099,0.12746918946504593,measured,compute,1,,,14175744,,1,32,1,decode_real_history
188,0.12892800569534302,0.13808580115437508,measured,compute,1,,,14175744,,1,32,1,decode_real_history
189,0.13465599715709686,0.14400295913219452,measured,compute,1,,,14175744,,1,32,1,decode_real_history
190,0.11660800129175186,0.12542400509119034,measured,compute,1,,,14175744,,1,32,1,decode_real_history
191,0.13040000200271606,0.13925693929195404,measured,compute,1,,,14175744,,1,32,1,decode_real_history
192,0.11772800236940384,0.12664031237363815,measured,compute,1,,,14175744,,1,32,1,decode_real_history
193,0.1170239970088005,0.12551899999380112,measured,compute,1,,,14175744,,1,32,1,decode_real_history
194,0.1170559972524643,0.12563075870275497,measured,compute,1,,,14175744,,1,32,1,decode_real_history
195,0.11462400108575821,0.12303516268730164,measured,compute,1,,,14175744,,1,32,1,decode_real_history
196,0.14697599411010742,0.1558251678943634,measured,compute,1,,,14175744,,1,32,1,decode_real_history
197,0.11724799871444702,0.12561772018671036,measured,compute,1,,,14175744,,1,32,1,decode_real_history
198,0.11488000303506851,0.12353388592600822,measured,compute,1,,,14175744,,1,32,1,decode_real_history
199,0.11795199662446976,0.12640003114938736,measured,compute,1,,,14175744,,1,32,1,decode_real_history
200,0.11635199934244156,0.12456579133868217,measured,compute,1,,,14175744,,1,32,1,decode_real_history
201,0.11843200027942657,0.1270831562578678,measured,compute,1,,,14175744,,1,32,1,decode_real_history
202,0.1173119992017746,0.1255897805094719,measured,compute,1,,,14175744,,1,32,1,decode_real_history
203,0.11680000275373459,0.12543704360723495,measured,compute,1,,,14175744,,1,32,1,decode_real_history
204,0.118367999792099,0.1269206404685974,measured,compute,1,,,14175744,,1,32,1,decode_real_history
205,0.1181119978427887,0.12666266411542892,measured,compute,1,,,14175744,,1,32,1,decode_real_history
206,0.11628799885511398,0.12465799227356911,measured,compute,1,,,14175744,,1,32,1,decode_real_history
207,0.11619199812412262,0.12455694377422333,measured,compute,1,,,14175744,,1,32,1,decode_real_history
208,0.11708799749612808,0.12548593804240227,measured,compute,1,,,14175744,,1,32,1,decode_real_history
209,0.11392000317573547,0.12240186333656311,measured,compute,1,,,14175744,,1,32,1,decode_real_history
210,0.115167997777462,0.12372434139251709,measured,compute,1,,,14175744,,1,32,1,decode_real_history
211,0.11657600104808807,0.125114805996418,measured,compute,1,,,14175744,,1,32,1,decode_real_history
212,0.11840000003576279,0.12609874829649925,measured,compute,1,,,14175744,,1,32,1,decode_real_history
213,0.11548800021409988,0.1230025663971901,measured,compute,1,,,14175744,,1,32,1,decode_real_history
214,0.11744000017642975,0.12581003829836845,measured,compute,1,,,14175744,,1,32,1,decode_real_history
215,0.11721599847078323,0.1256796531379223,measured,compute,1,,,14175744,,1,32,1,decode_real_history
216,0.11721599847078323,0.1263059675693512,measured,compute,1,,,14175744,,1,32,1,decode_real_history
217,0.11708799749612808,0.12550735846161842,measured,compute,1,,,14175744,,1,32,1,decode_real_history
218,0.11820799857378006,0.126515980809927,measured,compute,1,,,14175744,,1,32,1,decode_real_history
219,0.11769600212574005,0.12631714344024658,measured,compute,1,,,14175744,,1,32,1,decode_real_history
220,0.11718399822711945,0.12557301670312881,measured,compute,1,,,14175744,,1,32,1,decode_real_history
221,0.11558400094509125,0.12398278340697289,measured,compute,1,,,14175744,,1,32,1,decode_real_history
222,0.11539199948310852,0.12344913557171822,measured,compute,1,,,14175744,,1,32,1,decode_real_history
223,0.1175680011510849,0.12582028284668922,measured,compute,1,,,14175744,,1,32,1,decode_real_history
224,0.11635199934244156,0.1247059553861618,measured,compute,1,,,14175744,,1,32,1,decode_real_history
225,0.11686400324106216,0.12545520439743996,measured,compute,1,,,14175744,,1,32,1,decode_real_history
226,0.11724799871444702,0.1257350668311119,measured,compute,1,,,14175744,,1,32,1,decode_real_history
227,0.1459520012140274,0.15423307195305824,measured,compute,1,,,14175744,,1,32,1,decode_real_history
228,0.11961600184440613,0.12806523591279984,measured,compute,1,,,14175744,,1,32,1,decode_real_history
0,0.13232000172138214,0.1463247463107109,measured,compute,1,,,14175744,,1,256,1,decode_real_history
1,0.12083200365304947,0.13064220547676086,measured,compute,1,,,14175744,,1,256,1,decode_real_history
2,0.11919999867677689,0.12818071991205215,measured,compute,1,,,14175744,,1,256,1,decode_real_history
3,0.11760000139474869,0.12640515342354774,measured,compute,1,,,14175744,,1,256,1,decode_real_history
4,0.12243200093507767,0.13147806748747826,measured,compute,1,,,14175744,,1,256,1,decode_real_history
5,0.11807999759912491,0.12727314606308937,measured,compute,1,,,14175744,,1,256,1,decode_real_history
6,0.11584000289440155,0.12485170736908913,measured,compute,1,,,14175744,,1,256,1,decode_real_history
7,0.11727999895811081,0.12595206499099731,measured,compute,1,,,14175744,,1,256,1,decode_real_history
8,0.11695999652147293,0.12551015242934227,measured,compute,1,,,14175744,,1,256,1,decode_real_history
9,0.11423999816179276,0.12299325317144394,measured,compute,1,,,14175744,,1,256,1,decode_real_history
10,0.11734399944543839,0.12591993436217308,measured,compute,1,,,14175744,,1,256,1,decode_real_history
11,0.11695999652147293,0.12561073526740074,measured,compute,1,,,14175744,,1,256,1,decode_real_history
12,0.11990399658679962,0.12858863919973373,measured,compute,1,,,14175744,,1,256,1,decode_real_history
13,0.11612799763679504,0.1245792955160141,measured,compute,1,,,14175744,,1,256,1,decode_real_history
14,0.11683200299739838,0.12562796473503113,measured,compute,1,,,14175744,,1,256,1,decode_real_history
15,0.11609599739313126,0.12450013309717178,measured,compute,1,,,14175744,,1,256,1,decode_real_history
16,0.11510399729013443,0.12396322563290596,measured,compute,1,,,14175744,,1,256,1,decode_real_history
17,0.1143999993801117,0.12315576896071434,measured,compute,1,,,14175744,,1,256,1,decode_real_history
18,0.11654400080442429,0.12525077909231186,measured,compute,1,,,14175744,,1,256,1,decode_real_history
19,0.11609599739313126,0.1245732419192791,measured,compute,1,,,14175744,,1,256,1,decode_real_history
20,0.11750400066375732,0.1262761652469635,measured,compute,1,,,14175744,,1,256,1,decode_real_history
21,0.11577600240707397,0.12419186532497406,measured,compute,1,,,14175744,,1,256,1,decode_real_history
22,0.11587200313806534,0.12458721175789833,measured,compute,1,,,14175744,,1,256,1,decode_real_history
23,0.11372800171375275,0.12228917330503464,measured,compute,1,,,14175744,,1,256,1,decode_real_history
24,0.1157120019197464,0.12391293421387672,measured,compute,1,,,14175744,,1,256,1,decode_real_history
25,0.11667200177907944,0.12545613572001457,measured,compute,1,,,14175744,,1,256,1,decode_real_history
26,0.11686400324106216,0.12551108375191689,measured,compute,1,,,14175744,,1,256,1,decode_real_history
27,0.11689600348472595,0.12561585754156113,measured,compute,1,,,14175744,,1,256,1,decode_real_history
28,0.11977600306272507,0.12861378490924835,measured,compute,1,,,14175744,,1,256,1,decode_real_history
29,0.11619199812412262,0.12473296374082565,measured,compute,1,,,14175744,,1,256,1,decode_real_history
30,0.11529599875211716,0.12414995580911636,measured,compute,1,,,14175744,,1,256,1,decode_real_history
31,0.13075199723243713,0.13933703303337097,measured,compute,1,,,14175744,,1,256,1,decode_real_history
32,0.11865600198507309,0.12763077393174171,measured,compute,1,,,14175744,,1,256,1,decode_real_history
33,0.11852800101041794,0.12735091149806976,measured,compute,1,,,14175744,,1,256,1,decode_real_history
34,0.11760000139474869,0.12644706293940544,measured,compute,1,,,14175744,,1,256,1,decode_real_history
35,0.11807999759912491,0.15186099335551262,measured,compute,1,,,14175744,,1,256,1,decode_real_history
36,0.11935999989509583,0.1278831623494625,measured,compute,1,,,14175744,,1,256,1,decode_real_history
37,0.11366400122642517,0.12214202433824539,measured,compute,1,,,14175744,,1,256,1,decode_real_history
38,0.1149120032787323,0.1235809177160263,measured,compute,1,,,14175744,,1,256,1,decode_real_history
39,0.11638399958610535,0.12487219646573067,measured,compute,1,,,14175744,,1,256,1,decode_real_history
40,0.11420799791812897,0.1229969784617424,measured,compute,1,,,14175744,,1,256,1,decode_real_history
41,0.11660800129175186,0.12498302385210991,measured,compute,1,,,14175744,,1,256,1,decode_real_history
42,0.1143679991364479,0.12310920283198357,measured,compute,1,,,14175744,,1,256,1,decode_real_history
43,0.1186240017414093,0.12709014117717743,measured,compute,1,,,14175744,,1,256,1,decode_real_history
44,0.11609599739313126,0.12473482638597488,measured,compute,1,,,14175744,,1,256,1,decode_real_history
45,0.11599999666213989,0.12455601245164871,measured,compute,1,,,14175744,,1,256,1,decode_real_history
46,0.1159679964184761,0.12463098391890526,measured,compute,1,,,14175744,,1,256,1,decode_real_history
47,0.11593600362539291,0.12441631406545639,measured,compute,1,,,14175744,,1,256,1,decode_real_history
48,0.11382400244474411,0.12237206101417542,measured,compute,1,,,14175744,,1,256,1,decode_real_history
49,0.11503999680280685,0.12375134974718094,measured,compute,1,,,14175744,,1,256,1,decode_real_history
50,0.11599999666213989,0.12464029714465141,measured,compute,1,,,14175744,,1,256,1,decode_real_history
51,0.11971200257539749,0.12845825403928757,measured,compute,1,,,14175744,,1,256,1,decode_real_history
52,0.11667200177907944,0.12542586773633957,measured,compute,1,,,14175744,,1,256,1,decode_real_history
53,0.11420799791812897,0.12284889817237854,measured,compute,1,,,14175744,,1,256,1,decode_real_history
54,0.1141119971871376,0.12257788330316544,measured,compute,1,,,14175744,,1,256,1,decode_real_history
55,0.11407999694347382,0.12266403064131737,measured,compute,1,,,14175744,,1,256,1,decode_real_history
56,0.11417599767446518,0.12262491509318352,measured,compute,1,,,14175744,,1,256,1,decode_real_history
57,0.11468800157308578,0.12366101145744324,measured,compute,1,,,14175744,,1,256,1,decode_real_history
58,0.11366400122642517,0.1224796287715435,measured,compute,1,,,14175744,,1,256,1,decode_real_history
59,0.1438080072402954,0.15269964933395386,measured,compute,1,,,14175744,,1,256,1,decode_real_history
60,0.12012799829244614,0.1286580227315426,measured,compute,1,,,14175744,,1,256,1,decode_real_history
61,0.11785600334405899,0.12663519009947777,measured,compute,1,,,14175744,,1,256,1,decode_real_history
62,0.11708799749612808,0.1256917603313923,measured,compute,1,,,14175744,,1,256,1,decode_real_history
63,0.11680000275373459,0.12560561299324036,measured,compute,1,,,14175744,,1,256,1,decode_real_history
64,0.11664000153541565,0.1255180686712265,measured,compute,1,,,14175744,,1,256,1,decode_real_history
65,0.11673600226640701,0.1255357638001442,measured,compute,1,,,14175744,,1,256,1,decode_real_history
66,0.11638399958610535,0.12485682964324951,measured,compute,1,,,14175744,,1,256,1,decode_real_history
67,0.1443839967250824,0.1532020978629589,measured,compute,1,,,14175744,,1,256,1,decode_real_history
68,0.11423999816179276,0.12280885130167007,measured,compute,1,,,14175744,,1,256,1,decode_real_history
69,0.11734399944543839,0.12600189074873924,measured,compute,1,,,14175744,,1,256,1,decode_real_history
70,0.11404799669981003,0.12249918654561043,measured,compute,1,,,14175744,,1,256,1,decode_real_history
71,0.11356800049543381,0.12203399091959,measured,compute,1,,,14175744,,1,256,1,decode_real_history
72,0.11376000195741653,0.12250430881977081,measured,compute,1,,,14175744,,1,256,1,decode_real_history
73,0.11433599889278412,0.12294994667172432,measured,compute,1,,,14175744,,1,256,1,decode_real_history
74,0.1281599998474121,0.13709114864468575,measured,compute,1,,,14175744,,1,256,1,decode_real_history
75,0.13283200562000275,0.14209607616066933,measured,compute,1,,,14175744,,1,256,1,decode_real_history
76,0.11593600362539291,0.1245071180164814,measured,compute,1,,,14175744,,1,256,1,decode_real_history
77,0.11401599645614624,0.12260116636753082,measured,compute,1,,,14175744,,1,256,1,decode_real_history
78,0.11612799763679504,0.1252410002052784,measured,compute,1,,,14175744,,1,256,1,decode_real_history
79,0.11580800265073776,0.12457789853215218,measured,compute,1,,,14175744,,1,256,1,decode_real_history
80,0.11296000331640244,0.1217033714056015,measured,compute,1,,,14175744,,1,256,1,decode_real_history
81,0.11580800265073776,0.12449314817786217,measured,compute,1,,,14175744,,1,256,1,decode_real_history
82,0.11680000275373459,0.12554414570331573,measured,compute,1,,,14175744,,1,256,1,decode_real_history
83,0.11587200313806534,0.12478465214371681,measured,compute,1,,,14175744,,1,256,1,decode_real_history
84,0.11414399743080139,0.1228521578013897,measured,compute,1,,,14175744,,1,256,1,decode_real_history
85,0.11404799669981003,0.122870784252882,measured,compute,1,,,14175744,,1,256,1,decode_real_history
86,0.11587200313806534,0.12494204565882683,measured,compute,1,,,14175744,,1,256,1,decode_real_history
87,0.11587200313806534,0.12458022683858871,measured,compute,1,,,14175744,,1,256,1,decode_real_history
88,0.11686400324106216,0.12557674199342728,measured,compute,1,,,14175744,,1,256,1,decode_real_history
89,0.11683200299739838,0.12557115405797958,measured,compute,1,,,14175744,,1,256,1,decode_real_history
90,0.11881600320339203,0.1276186667382717,measured,compute,1,,,14175744,,1,256,1,decode_real_history
91,0.11334399878978729,0.12207217514514923,measured,compute,1,,,14175744,,1,256,1,decode_real_history
92,0.11526399850845337,0.12413319200277328,measured,compute,1,,,14175744,,1,256,1,decode_real_history
93,0.11555200070142746,0.12423470616340637,measured,compute,1,,,14175744,,1,256,1,decode_real_history
94,0.115167997777462,0.12353388592600822,measured,compute,1,,,14175744,,1,256,1,decode_real_history
95,0.11673600226640701,0.12533320114016533,measured,compute,1,,,14175744,,1,256,1,decode_real_history
96,0.11593600362539291,0.12459093704819679,measured,compute,1,,,14175744,,1,256,1,decode_real_history
97,0.11580800265073776,0.12452667579054832,measured,compute,1,,,14175744,,1,256,1,decode_real_history
98,0.1162559986114502,0.12484006583690643,measured,compute,1,,,14175744,,1,256,1,decode_real_history
99,0.11683200299739838,0.12561911717057228,measured,compute,1,,,14175744,,1,256,1,decode_real_history
100,0.11580800265073776,0.12458674609661102,measured,compute,1,,,14175744,,1,256,1,decode_real_history
101,0.1159679964184761,0.12463703751564026,measured,compute,1,,,14175744,,1,256,1,decode_real_history
102,0.11577600240707397,0.12449175119400024,measured,compute,1,,,14175744,,1,256,1,decode_real_history
103,0.11347199976444244,0.12121815234422684,measured,compute,1,,,14175744,,1,256,1,decode_real_history
104,0.11382400244474411,0.12227380648255348,measured,compute,1,,,14175744,,1,256,1,decode_real_history
105,0.11488000303506851,0.12347428128123283,measured,compute,1,,,14175744,,1,256,1,decode_real_history
106,0.11648000031709671,0.1251744106411934,measured,compute,1,,,14175744,,1,256,1,decode_real_history
107,0.11654400080442429,0.12535974383354187,measured,compute,1,,,14175744,,1,256,1,decode_real_history
108,0.11766400188207626,0.12664031237363815,measured,compute,1,,,14175744,,1,256,1,decode_real_history
109,0.12265600264072418,0.13148831203579903,measured,compute,1,,,14175744,,1,256,1,decode_real_history
110,0.1181119978427887,0.12664496898651123,measured,compute,1,,,14175744,,1,256,1,decode_real_history
111,0.11430399864912033,0.12312689796090126,measured,compute,1,,,14175744,,1,256,1,decode_real_history
112,0.11657600104808807,0.12507475912570953,measured,compute,1,,,14175744,,1,256,1,decode_real_history
113,0.14316800236701965,0.15195179730653763,measured,compute,1,,,14175744,,1,256,1,decode_real_history
114,0.11932799965143204,0.12801401317119598,measured,compute,1,,,14175744,,1,256,1,decode_real_history
115,0.11683200299739838,0.12556416913866997,measured,compute,1,,,14175744,,1,256,1,decode_real_history
116,0.11686400324106216,0.12561213225126266,measured,compute,1,,,14175744,,1,256,1,decode_real_history
117,0.11612799763679504,0.12468406930565834,measured,compute,1,,,14175744,,1,256,1,decode_real_history
118,0.11356800049543381,0.12204283848404884,measured,compute,1,,,14175744,,1,256,1,decode_real_history
119,0.1162559986114502,0.125145073980093,measured,compute,1,,,14175744,,1,256,1,decode_real_history
120,0.1159679964184761,0.12458488345146179,measured,compute,1,,,14175744,,1,256,1,decode_real_history
121,0.11852800101041794,0.12753671035170555,measured,compute,1,,,14175744,,1,256,1,decode_real_history
122,0.11507199704647064,0.12366799637675285,measured,compute,1,,,14175744,,1,256,1,decode_real_history
123,0.12518399953842163,0.13448717072606087,measured,compute,1,,,14175744,,1,256,1,decode_real_history
124,0.11526399850845337,0.12415973469614983,measured,compute,1,,,14175744,,1,256,1,decode_real_history
125,0.11804799735546112,0.1265588216483593,measured,compute,1,,,14175744,,1,256,1,decode_real_history
126,0.11622399836778641,0.1250430941581726,measured,compute,1,,,14175744,,1,256,1,decode_real_history
127,0.11561600118875504,0.1243329606950283,measured,compute,1,,,14175744,,1,256,1,decode_real_history
128,0.1178240031003952,0.12653693556785583,measured,compute,1,,,14175744,,1,256,1,decode_real_history
129,0.11881600320339203,0.12955162674188614,measured,compute,1,,,14175744,,1,256,1,decode_real_history
130,0.11664000153541565,0.12554088607430458,measured,compute,1,,,14175744,,1,256,1,decode_real_history
131,0.11574400216341019,0.1242728903889656,measured,compute,1,,,14175744,,1,256,1,decode_real_history
132,0.11657600104808807,0.12549711391329765,measured,compute,1,,,14175744,,1,256,1,decode_real_history
133,0.11606399714946747,0.12460770085453987,measured,compute,1,,,14175744,,1,256,1,decode_real_history
134,0.11500799655914307,0.12350128963589668,measured,compute,1,,,14175744,,1,256,1,decode_real_history
135,0.11334399878978729,0.12217322364449501,measured,compute,1,,,14175744,,1,256,1,decode_real_history
136,0.1170559972524643,0.1256917603313923,measured,compute,1,,,14175744,,1,256,1,decode_real_history
137,0.11347199976444244,0.12204889208078384,measured,compute,1,,,14175744,,1,256,1,decode_real_history
138,0.11529599875211716,0.12413877993822098,measured,compute,1,,,14175744,,1,256,1,decode_real_history
139,0.11584000289440155,0.12447405606508255,measured,compute,1,,,14175744,,1,256,1,decode_real_history
140,0.11599999666213989,0.12450339272618294,measured,compute,1,,,14175744,,1,256,1,decode_real_history
141,0.11376000195741653,0.12236321344971657,measured,compute,1,,,14175744,,1,256,1,decode_real_history
142,0.11420799791812897,0.12274179607629776,measured,compute,1,,,14175744,,1,256,1,decode_real_history
143,0.11481600254774094,0.12358464300632477,measured,compute,1,,,14175744,,1,256,1,decode_real_history
144,0.11657600104808807,0.12537511065602303,measured,compute,1,,,14175744,,1,256,1,decode_real_history
145,0.11919999867677689,0.15119370073080063,measured,compute,1,,,14175744,,1,256,1,decode_real_history
146,0.11564800143241882,0.1244349405169487,measured,compute,1,,,14175744,,1,256,1,decode_real_history
147,0.11257600039243698,0.12119393795728683,measured,compute,1,,,14175744,,1,256,1,decode_real_history
148,0.11532799899578094,0.12387009337544441,measured,compute,1,,,14175744,,1,256,1,decode_real_history
149,0.11564800143241882,0.12420490384101868,measured,compute,1,,,14175744,,1,256,1,decode_real_history
150,0.11452800035476685,0.1235082745552063,measured,compute,1,,,14175744,,1,256,1,decode_real_history
151,0.11327999830245972,0.12199021875858307,measured,compute,1,,,14175744,,1,256,1,decode_real_history
152,0.1165120005607605,0.12536998838186264,measured,compute,1,,,14175744,,1,256,1,decode_real_history
153,0.11513599753379822,0.12357300147414207,measured,compute,1,,,14175744,,1,256,1,decode_real_history
154,0.11606399714946747,0.12485869228839874,measured,compute,1,,,14175744,,1,256,1,decode_real_history
155,0.11500799655914307,0.12348592281341553,measured,compute,1,,,14175744,,1,256,1,decode_real_history
156,0.11660800129175186,0.12554926797747612,measured,compute,1,,,14175744,,1,256,1,decode_real_history
157,0.11587200313806534,0.12454017996788025,measured,compute,1,,,14175744,,1,256,1,decode_real_history
158,0.11580800265073776,0.1244586892426014,measured,compute,1,,,14175744,,1,256,1,decode_real_history
159,0.11574400216341019,0.12453785166144371,measured,compute,1,,,14175744,,1,256,1,decode_real_history
160,0.11612799763679504,0.12482376769185066,measured,compute,1,,,14175744,,1,256,1,decode_real_history
161,0.11648000031709671,0.1251930370926857,measured,compute,1,,,14175744,,1,256,1,decode_real_history
162,0.11430399864912033,0.12292806059122086,measured,compute,1,,,14175744,,1,256,1,decode_real_history
163,0.11420799791812897,0.12301187962293625,measured,compute,1,,,14175744,,1,256,1,decode_real_history
164,0.11686400324106216,0.1255539245903492,measured,compute,1,,,14175744,,1,256,1,decode_real_history
165,0.11577600240707397,0.12449128553271294,measured,compute,1,,,14175744,,1,256,1,decode_real_history
166,0.11692799627780914,0.12566614896059036,measured,compute,1,,,14175744,,1,256,1,decode_real_history
167,0.11801599711179733,0.1268060877919197,measured,compute,1,,,14175744,,1,256,1,decode_real_history
168,0.11664000153541565,0.12520886957645416,measured,compute,1,,,14175744,,1,256,1,decode_real_history
169,0.11631999909877777,0.12494716793298721,measured,compute,1,,,14175744,,1,256,1,decode_real_history
170,0.11446399986743927,0.12292806059122086,measured,compute,1,,,14175744,,1,256,1,decode_real_history
171,0.11568000167608261,0.12423796579241753,measured,compute,1,,,14175744,,1,256,1,decode_real_history
172,0.11603199690580368,0.12458395212888718,measured,compute,1,,,14175744,,1,256,1,decode_real_history
173,0.11484800279140472,0.12326333671808243,measured,compute,1,,,14175744,,1,256,1,decode_real_history
174,0.11532799899578094,0.12402888387441635,measured,compute,1,,,14175744,,1,256,1,decode_real_history
175,0.11568000167608261,0.12442236766219139,measured,compute,1,,,14175744,,1,256,1,decode_real_history
176,0.12009599804878235,0.12862635776400566,measured,compute,1,,,14175744,,1,256,1,decode_real_history
177,0.11654400080442429,0.12542586773633957,measured,compute,1,,,14175744,,1,256,1,decode_real_history
178,0.11433599889278412,0.12289220467209816,measured,compute,1,,,14175744,,1,256,1,decode_real_history
179,0.11561600118875504,0.12422818690538406,measured,compute,1,,,14175744,,1,256,1,decode_real_history
180,0.11772800236940384,0.12655090540647507,measured,compute,1,,,14175744,,1,256,1,decode_real_history
181,0.1159679964184761,0.12463890016078949,measured,compute,1,,,14175744,,1,256,1,decode_real_history
182,0.11689600348472595,0.12561865150928497,measured,compute,1,,,14175744,,1,256,1,decode_real_history
183,0.11711999773979187,0.1269378699362278,measured,compute,1,,,14175744,,1,256,1,decode_real_history
184,0.11846400052309036,0.1274379901587963,measured,compute,1,,,14175744,,1,256,1,decode_real_history
185,0.1159679964184761,0.12452295050024986,measured,compute,1,,,14175744,,1,256,1,decode_real_history
186,0.11686400324106216,0.12556230649352074,measured,compute,1,,,14175744,,1,256,1,decode_real_history
187,0.11711999773979187,0.12575509026646614,measured,compute,1,,,14175744,,1,256,1,decode_real_history
188,0.12943999469280243,0.13848813250660896,measured,compute,1,,,14175744,,1,256,1,decode_real_history
189,0.11785600334405899,0.12664496898651123,measured,compute,1,,,14175744,,1,256,1,decode_real_history
190,0.11711999773979187,0.1257411204278469,measured,compute,1,,,14175744,,1,256,1,decode_real_history
191,0.14416000247001648,0.15326961874961853,measured,compute,1,,,14175744,,1,256,1,decode_real_history
192,0.1196800023317337,0.12854672968387604,measured,compute,1,,,14175744,,1,256,1,decode_real_history
193,0.11657600104808807,0.1254100352525711,measured,compute,1,,,14175744,,1,256,1,decode_real_history
194,0.11654400080442429,0.12535881251096725,measured,compute,1,,,14175744,,1,256,1,decode_real_history
195,0.11456000059843063,0.12314878404140472,measured,compute,1,,,14175744,,1,256,1,decode_real_history
196,0.11628799885511398,0.12492621317505836,measured,compute,1,,,14175744,,1,256,1,decode_real_history
197,0.11699199676513672,0.12548593804240227,measured,compute,1,,,14175744,,1,256,1,decode_real_history
198,0.11407999694347382,0.12289220467209816,measured,compute,1,,,14175744,,1,256,1,decode_real_history
199,0.11964800208806992,0.128244049847126,measured,compute,1,,,14175744,,1,256,1,decode_real_history
200,0.11475200206041336,0.12320000678300858,measured,compute,1,,,14175744,,1,256,1,decode_real_history
201,0.11750400066375732,0.12669293209910393,measured,compute,1,,,14175744,,1,256,1,decode_real_history
202,0.11609599739313126,0.12460257858037949,measured,compute,1,,,14175744,,1,256,1,decode_real_history
203,0.1159679964184761,0.12440793216228485,measured,compute,1,,,14175744,,1,256,1,decode_real_history
204,0.11587200313806534,0.12455275282263756,measured,compute,1,,,14175744,,1,256,1,decode_real_history
205,0.11555200070142746,0.12423703446984291,measured,compute,1,,,14175744,,1,256,1,decode_real_history
206,0.11667200177907944,0.12546731159090996,measured,compute,1,,,14175744,,1,256,1,decode_real_history
207,0.11878400295972824,0.127473846077919,measured,compute,1,,,14175744,,1,256,1,decode_real_history
208,0.11456000059843063,0.12325495481491089,measured,compute,1,,,14175744,,1,256,1,decode_real_history
209,0.11535999923944473,0.12389011681079865,measured,compute,1,,,14175744,,1,256,1,decode_real_history
210,0.11654400080442429,0.12545613572001457,measured,compute,1,,,14175744,,1,256,1,decode_real_history
211,0.11443199962377548,0.12323819100856781,measured,compute,1,,,14175744,,1,256,1,decode_real_history
212,0.11513599753379822,0.12419326230883598,measured,compute,1,,,14175744,,1,256,1,decode_real_history
213,0.11481600254774094,0.12381793931126595,measured,compute,1,,,14175744,,1,256,1,decode_real_history
214,0.11615999788045883,0.1270771026611328,measured,compute,1,,,14175744,,1,256,1,decode_real_history
215,0.11865600198507309,0.12757815420627594,measured,compute,1,,,14175744,,1,256,1,decode_real_history
216,0.11526399850845337,0.12384401634335518,measured,compute,1,,,14175744,,1,256,1,decode_real_history
217,0.1143999993801117,0.12292992323637009,measured,compute,1,,,14175744,,1,256,1,decode_real_history
218,0.11689600348472595,0.12484705075621605,measured,compute,1,,,14175744,,1,256,1,decode_real_history
219,0.11584000289440155,0.12457882985472679,measured,compute,1,,,14175744,,1,256,1,decode_real_history
220,0.11606399714946747,0.1246090978384018,measured,compute,1,,,14175744,,1,256,1,decode_real_history
221,0.11452800035476685,0.123532023280859,measured,compute,1,,,14175744,,1,256,1,decode_real_history
222,0.1162559986114502,0.1247059553861618,measured,compute,1,,,14175744,,1,256,1,decode_real_history
223,0.11945600062608719,0.15192478895187378,measured,compute,1,,,14175744,,1,256,1,decode_real_history
224,0.11615999788045883,0.12455694377422333,measured,compute,1,,,14175744,,1,256,1,decode_real_history
225,0.11612799763679504,0.12454204261302948,measured,compute,1,,,14175744,,1,256,1,decode_real_history
226,0.1143999993801117,0.12289686128497124,measured,compute,1,,,14175744,,1,256,1,decode_real_history
227,0.11407999694347382,0.12251082807779312,measured,compute,1,,,14175744,,1,256,1,decode_real_history
228,0.11622399836778641,0.1250063069164753,measured,compute,1,,,14175744,,1,256,1,decode_real_history
229,0.11692799627780914,0.12556277215480804,measured,compute,1,,,14175744,,1,256,1,decode_real_history
230,0.11814399808645248,0.12658396735787392,measured,compute,1,,,14175744,,1,256,1,decode_real_history
231,0.1178240031003952,0.12659607455134392,measured,compute,1,,,14175744,,1,256,1,decode_real_history
232,0.11695999652147293,0.12564100325107574,measured,compute,1,,,14175744,,1,256,1,decode_real_history
233,0.11526399850845337,0.12393807992339134,measured,compute,1,,,14175744,,1,256,1,decode_real_history
0,2.7129600048065186,2.7376944199204445,measured,h2d,2,actual_tensors,pageable,28351488,28351488,,,,
1,2.6451520919799805,2.655763179063797,measured,h2d,2,actual_tensors,pageable,28351488,28351488,,,,
2,2.6111679077148438,2.620287239551544,measured,h2d,2,actual_tensors,pageable,28351488,28351488,,,,
3,2.7101120948791504,2.7196211740374565,measured,h2d,2,actual_tensors,pageable,28351488,28351488,,,,
4,2.6903998851776123,2.6992461644113064,measured,h2d,2,actual_tensors,pageable,28351488,28351488,,,,
5,2.6783359050750732,2.688632346689701,measured,h2d,2,actual_tensors,pageable,28351488,28351488,,,,
6,2.655967950820923,2.6655211113393307,measured,h2d,2,actual_tensors,pageable,28351488,28351488,,,,
7,2.7168960571289062,2.7258722111582756,measured,h2d,2,actual_tensors,pageable,28351488,28351488,,,,
8,2.6239359378814697,2.632647752761841,measured,h2d,2,actual_tensors,pageable,28351488,28351488,,,,
9,2.682431936264038,2.691354136914015,measured,h2d,2,actual_tensors,pageable,28351488,28351488,,,,
10,2.6141440868377686,2.6233717799186707,measured,h2d,2,actual_tensors,pageable,28351488,28351488,,,,
11,2.7149760723114014,2.723872195929289,measured,h2d,2,actual_tensors,pageable,28351488,28351488,,,,
0,2.2368640899658203,2.253181766718626,measured,h2d,2,actual_tensors,pinned,28351488,28351488,,,,
1,2.232383966445923,2.2406536154448986,measured,h2d,2,actual_tensors,pinned,28351488,28351488,,,,
2,2.229055881500244,2.236562315374613,measured,h2d,2,actual_tensors,pinned,28351488,28351488,,,,
3,2.2287681102752686,2.2365329787135124,measured,h2d,2,actual_tensors,pinned,28351488,28351488,,,,
4,2.2323200702667236,2.24010506644845,measured,h2d,2,actual_tensors,pinned,28351488,28351488,,,,
5,2.2288320064544678,2.2371537052094936,measured,h2d,2,actual_tensors,pinned,28351488,28351488,,,,
6,2.2346560955047607,2.2421302273869514,measured,h2d,2,actual_tensors,pinned,28351488,28351488,,,,
7,2.249567985534668,2.2571152076125145,measured,h2d,2,actual_tensors,pinned,28351488,28351488,,,,
8,2.234816074371338,2.242380753159523,measured,h2d,2,actual_tensors,pinned,28351488,28351488,,,,
9,2.241472005844116,2.249293029308319,measured,h2d,2,actual_tensors,pinned,28351488,28351488,,,,
10,2.2325119972229004,2.239872235804796,measured,h2d,2,actual_tensors,pinned,28351488,28351488,,,,
11,2.229311943054199,2.2367406636476517,measured,h2d,2,actual_tensors,pinned,28351488,28351488,,,,
12,2.231839895248413,2.239433117210865,measured,h2d,2,actual_tensors,pinned,28351488,28351488,,,,
13,2.2291200160980225,2.2368119098246098,measured,h2d,2,actual_tensors,pinned,28351488,28351488,,,,
0,2.3972480297088623,2.4198759347200394,measured,h2d,2,contiguous_slab,pageable,28351488,28351488,,,,
1,2.367487907409668,2.3792977444827557,measured,h2d,2,contiguous_slab,pageable,28351488,28351488,,,,
2,2.3530240058898926,2.3621460422873497,measured,h2d,2,contiguous_slab,pageable,28351488,28351488,,,,
3,2.392832040786743,2.4018902331590652,measured,h2d,2,contiguous_slab,pageable,28351488,28351488,,,,
4,2.3507840633392334,2.360008656978607,measured,h2d,2,contiguous_slab,pageable,28351488,28351488,,,,
5,2.376192092895508,2.3851259611546993,measured,h2d,2,contiguous_slab,pageable,28351488,28351488,,,,
6,2.369215965270996,2.377948723733425,measured,h2d,2,contiguous_slab,pageable,28351488,28351488,,,,
7,2.3762879371643066,2.384915016591549,measured,h2d,2,contiguous_slab,pageable,28351488,28351488,,,,
8,2.3838720321655273,2.393285743892193,measured,h2d,2,contiguous_slab,pageable,28351488,28351488,,,,
9,2.3728320598602295,2.382214181125164,measured,h2d,2,contiguous_slab,pageable,28351488,28351488,,,,
10,2.3969600200653076,2.4060248397290707,measured,h2d,2,contiguous_slab,pageable,28351488,28351488,,,,
11,2.3901760578155518,2.3989579640328884,measured,h2d,2,contiguous_slab,pageable,28351488,28351488,,,,
12,2.372607946395874,2.381074707955122,measured,h2d,2,contiguous_slab,pageable,28351488,28351488,,,,
0,2.1943039894104004,2.2168513387441635,measured,h2d,2,contiguous_slab,pinned,28351488,56702976,,,,
1,2.18940806388855,2.198424655944109,measured,h2d,2,contiguous_slab,pinned,28351488,56702976,,,,
2,2.1877119541168213,2.195748034864664,measured,h2d,2,contiguous_slab,pinned,28351488,56702976,,,,
3,2.189120054244995,2.19674501568079,measured,h2d,2,contiguous_slab,pinned,28351488,56702976,,,,
4,2.1875839233398438,2.196109853684902,measured,h2d,2,contiguous_slab,pinned,28351488,56702976,,,,
5,2.189663887023926,2.199291717261076,measured,h2d,2,contiguous_slab,pinned,28351488,56702976,,,,
6,2.18937611579895,2.19743512570858,measured,h2d,2,contiguous_slab,pinned,28351488,56702976,,,,
7,2.186367988586426,2.193863969296217,measured,h2d,2,contiguous_slab,pinned,28351488,56702976,,,,
8,2.189023971557617,2.196445595473051,measured,h2d,2,contiguous_slab,pinned,28351488,56702976,,,,
9,2.187903881072998,2.195692155510187,measured,h2d,2,contiguous_slab,pinned,28351488,56702976,,,,
10,2.1901440620422363,2.197815105319023,measured,h2d,2,contiguous_slab,pinned,28351488,56702976,,,,
11,2.1892480850219727,2.19649076461792,measured,h2d,2,contiguous_slab,pinned,28351488,56702976,,,,
12,2.188352108001709,2.1956288255751133,measured,h2d,2,contiguous_slab,pinned,28351488,56702976,,,,
13,2.1879680156707764,2.1959212608635426,measured,h2d,2,contiguous_slab,pinned,28351488,56702976,,,,
0,0.25804799795150757,0.27801329270005226,measured,compute,2,,,28351488,,16,0,1,short_prefill_proxy
1,0.2516160011291504,0.26181386783719063,measured,compute,2,,,28351488,,16,0,1,short_prefill_proxy
2,0.24156799912452698,0.250818207859993,measured,compute,2,,,28351488,,16,0,1,short_prefill_proxy
3,0.24038399755954742,0.2499353140592575,measured,compute,2,,,28351488,,16,0,1,short_prefill_proxy
4,0.24025599658489227,0.2492917701601982,measured,compute,2,,,28351488,,16,0,1,short_prefill_proxy
5,0.24668799340724945,0.25635212659835815,measured,compute,2,,,28351488,,16,0,1,short_prefill_proxy
6,0.24531200528144836,0.25448575615882874,measured,compute,2,,,28351488,,16,0,1,short_prefill_proxy
7,0.23785600066184998,0.247166957706213,measured,compute,2,,,28351488,,16,0,1,short_prefill_proxy
8,0.23683199286460876,0.24549709632992744,measured,compute,2,,,28351488,,16,0,1,short_prefill_proxy
9,0.24111999571323395,0.25014765560626984,measured,compute,2,,,28351488,,16,0,1,short_prefill_proxy
10,0.23792000114917755,0.2472158521413803,measured,compute,2,,,28351488,,16,0,1,short_prefill_proxy
11,0.2372480034828186,0.24632224813103676,measured,compute,2,,,28351488,,16,0,1,short_prefill_proxy
12,0.23772799968719482,0.24655228480696678,measured,compute,2,,,28351488,,16,0,1,short_prefill_proxy
13,0.25433599948883057,0.2633780241012573,measured,compute,2,,,28351488,,16,0,1,short_prefill_proxy
14,0.24089600145816803,0.24952087551355362,measured,compute,2,,,28351488,,16,0,1,short_prefill_proxy
15,0.2369920015335083,0.24575786665081978,measured,compute,2,,,28351488,,16,0,1,short_prefill_proxy
16,0.23744000494480133,0.24623796343803406,measured,compute,2,,,28351488,,16,0,1,short_prefill_proxy
17,0.23951999843120575,0.24865474551916122,measured,compute,2,,,28351488,,16,0,1,short_prefill_proxy
18,0.23503999412059784,0.24369079619646072,measured,compute,2,,,28351488,,16,0,1,short_prefill_proxy
19,0.23577600717544556,0.24460209533572197,measured,compute,2,,,28351488,,16,0,1,short_prefill_proxy
20,0.23199999332427979,0.24094199761748314,measured,compute,2,,,28351488,,16,0,1,short_prefill_proxy
21,0.2542720139026642,0.263093039393425,measured,compute,2,,,28351488,,16,0,1,short_prefill_proxy
22,0.23520000278949738,0.24435296654701233,measured,compute,2,,,28351488,,16,0,1,short_prefill_proxy
23,0.23350399732589722,0.24252710863947868,measured,compute,2,,,28351488,,16,0,1,short_prefill_proxy
24,0.23609599471092224,0.2452060580253601,measured,compute,2,,,28351488,,16,0,1,short_prefill_proxy
25,0.23817600309848785,0.24705193936824799,measured,compute,2,,,28351488,,16,0,1,short_prefill_proxy
26,0.23680000007152557,0.245590228587389,measured,compute,2,,,28351488,,16,0,1,short_prefill_proxy
27,0.2351360023021698,0.24423236027359962,measured,compute,2,,,28351488,,16,0,1,short_prefill_proxy
28,0.23430399596691132,0.24318834766745567,measured,compute,2,,,28351488,,16,0,1,short_prefill_proxy
29,0.2545599937438965,0.2636951394379139,measured,compute,2,,,28351488,,16,0,1,short_prefill_proxy
30,0.23478400707244873,0.24371081963181496,measured,compute,2,,,28351488,,16,0,1,short_prefill_proxy
31,0.23574399948120117,0.2450738102197647,measured,compute,2,,,28351488,,16,0,1,short_prefill_proxy
32,0.2348479926586151,0.24386635050177574,measured,compute,2,,,28351488,,16,0,1,short_prefill_proxy
33,0.23715199530124664,0.24630920961499214,measured,compute,2,,,28351488,,16,0,1,short_prefill_proxy
34,0.26015999913215637,0.2696951851248741,measured,compute,2,,,28351488,,16,0,1,short_prefill_proxy
35,0.23817600309848785,0.24719815701246262,measured,compute,2,,,28351488,,16,0,1,short_prefill_proxy
36,0.23443199694156647,0.24343328550457954,measured,compute,2,,,28351488,,16,0,1,short_prefill_proxy
37,0.26473599672317505,0.27393409982323647,measured,compute,2,,,28351488,,16,0,1,short_prefill_proxy
38,0.23923200368881226,0.24817883968353271,measured,compute,2,,,28351488,,16,0,1,short_prefill_proxy
39,0.2356799989938736,0.24471385404467583,measured,compute,2,,,28351488,,16,0,1,short_prefill_proxy
40,0.23788799345493317,0.2467879094183445,measured,compute,2,,,28351488,,16,0,1,short_prefill_proxy
41,0.24025599658489227,0.24919584393501282,measured,compute,2,,,28351488,,16,0,1,short_prefill_proxy
42,0.23520000278949738,0.24410290643572807,measured,compute,2,,,28351488,,16,0,1,short_prefill_proxy
43,0.23680000007152557,0.24557998403906822,measured,compute,2,,,28351488,,16,0,1,short_prefill_proxy
44,0.23468799889087677,0.24337274953722954,measured,compute,2,,,28351488,,16,0,1,short_prefill_proxy
45,0.24057599902153015,0.2496880479156971,measured,compute,2,,,28351488,,16,0,1,short_prefill_proxy
46,0.23523199558258057,0.24398881942033768,measured,compute,2,,,28351488,,16,0,1,short_prefill_proxy
47,0.235167995095253,0.2438281662762165,measured,compute,2,,,28351488,,16,0,1,short_prefill_proxy
48,0.23555199801921844,0.2445559948682785,measured,compute,2,,,28351488,,16,0,1,short_prefill_proxy
49,0.23932799696922302,0.2482561394572258,measured,compute,2,,,28351488,,16,0,1,short_prefill_proxy
50,0.23676800727844238,0.24569686502218246,measured,compute,2,,,28351488,,16,0,1,short_prefill_proxy
51,0.23369599878787994,0.2426370047032833,measured,compute,2,,,28351488,,16,0,1,short_prefill_proxy
52,0.23583999276161194,0.244941096752882,measured,compute,2,,,28351488,,16,0,1,short_prefill_proxy
53,0.2643199861049652,0.2731350250542164,measured,compute,2,,,28351488,,16,0,1,short_prefill_proxy
54,0.24025599658489227,0.24951621890068054,measured,compute,2,,,28351488,,16,0,1,short_prefill_proxy
55,0.234047994017601,0.2430756576359272,measured,compute,2,,,28351488,,16,0,1,short_prefill_proxy
56,0.23763200640678406,0.24662865325808525,measured,compute,2,,,28351488,,16,0,1,short_prefill_proxy
57,0.2370239943265915,0.2462049014866352,measured,compute,2,,,28351488,,16,0,1,short_prefill_proxy
58,0.23375999927520752,0.2428591251373291,measured,compute,2,,,28351488,,16,0,1,short_prefill_proxy
59,0.23651200532913208,0.2455189824104309,measured,compute,2,,,28351488,,16,0,1,short_prefill_proxy
60,0.23664000630378723,0.24567311629652977,measured,compute,2,,,28351488,,16,0,1,short_prefill_proxy
61,0.23919999599456787,0.2480391412973404,measured,compute,2,,,28351488,,16,0,1,short_prefill_proxy
62,0.2364480048418045,0.24530477821826935,measured,compute,2,,,28351488,,16,0,1,short_prefill_proxy
63,0.234592005610466,0.243328046053648,measured,compute,2,,,28351488,,16,0,1,short_prefill_proxy
64,0.23548799753189087,0.24430779740214348,measured,compute,2,,,28351488,,16,0,1,short_prefill_proxy
65,0.2377600073814392,0.24676090106368065,measured,compute,2,,,28351488,,16,0,1,short_prefill_proxy
66,0.23600000143051147,0.2448633313179016,measured,compute,2,,,28351488,,16,0,1,short_prefill_proxy
67,0.23555199801921844,0.24455226957798004,measured,compute,2,,,28351488,,16,0,1,short_prefill_proxy
68,0.23580799996852875,0.24486985057592392,measured,compute,2,,,28351488,,16,0,1,short_prefill_proxy
69,0.2375359982252121,0.24706078693270683,measured,compute,2,,,28351488,,16,0,1,short_prefill_proxy
70,0.234047994017601,0.24280603975057602,measured,compute,2,,,28351488,,16,0,1,short_prefill_proxy
71,0.23337599635124207,0.24223001673817635,measured,compute,2,,,28351488,,16,0,1,short_prefill_proxy
72,0.23552000522613525,0.24448800832033157,measured,compute,2,,,28351488,,16,0,1,short_prefill_proxy
73,0.23520000278949738,0.2442793920636177,measured,compute,2,,,28351488,,16,0,1,short_prefill_proxy
74,0.2465279996395111,0.25572022423148155,measured,compute,2,,,28351488,,16,0,1,short_prefill_proxy
75,0.23689599335193634,0.24562375620007515,measured,compute,2,,,28351488,,16,0,1,short_prefill_proxy
76,0.236735999584198,0.24581700563430786,measured,compute,2,,,28351488,,16,0,1,short_prefill_proxy
77,0.2637439966201782,0.27316296473145485,measured,compute,2,,,28351488,,16,0,1,short_prefill_proxy
78,0.2378239929676056,0.24659233167767525,measured,compute,2,,,28351488,,16,0,1,short_prefill_proxy
79,0.2356480062007904,0.24463655427098274,measured,compute,2,,,28351488,,16,0,1,short_prefill_proxy
80,0.2369920015335083,0.24572573602199554,measured,compute,2,,,28351488,,16,0,1,short_prefill_proxy
81,0.23680000007152557,0.24593062698841095,measured,compute,2,,,28351488,,16,0,1,short_prefill_proxy
82,0.23510399460792542,0.24404004216194153,measured,compute,2,,,28351488,,16,0,1,short_prefill_proxy
83,0.23286400735378265,0.24209311231970787,measured,compute,2,,,28351488,,16,0,1,short_prefill_proxy
84,0.23347200453281403,0.24227285757660866,measured,compute,2,,,28351488,,16,0,1,short_prefill_proxy
85,0.23721599578857422,0.24597719311714172,measured,compute,2,,,28351488,,16,0,1,short_prefill_proxy
86,0.2361920028924942,0.24508638307452202,measured,compute,2,,,28351488,,16,0,1,short_prefill_proxy
87,0.23350399732589722,0.24233292788267136,measured,compute,2,,,28351488,,16,0,1,short_prefill_proxy
88,0.23414400219917297,0.24324189871549606,measured,compute,2,,,28351488,,16,0,1,short_prefill_proxy
89,0.23756800591945648,0.24637999013066292,measured,compute,2,,,28351488,,16,0,1,short_prefill_proxy
90,0.2343679964542389,0.24325773119926453,measured,compute,2,,,28351488,,16,0,1,short_prefill_proxy
91,0.23600000143051147,0.24478090927004814,measured,compute,2,,,28351488,,16,0,1,short_prefill_proxy
92,0.234047994017601,0.24292292073369026,measured,compute,2,,,28351488,,16,0,1,short_prefill_proxy
93,0.2624959945678711,0.2715671434998512,measured,compute,2,,,28351488,,16,0,1,short_prefill_proxy
94,0.24134400486946106,0.2502109855413437,measured,compute,2,,,28351488,,16,0,1,short_prefill_proxy
95,0.23641599714756012,0.24525215849280357,measured,compute,2,,,28351488,,16,0,1,short_prefill_proxy
96,0.23615999519824982,0.24496717378497124,measured,compute,2,,,28351488,,16,0,1,short_prefill_proxy
97,0.2369920015335083,0.24613412097096443,measured,compute,2,,,28351488,,16,0,1,short_prefill_proxy
98,0.23628799617290497,0.2453131601214409,measured,compute,2,,,28351488,,16,0,1,short_prefill_proxy
99,0.23632000386714935,0.2452409826219082,measured,compute,2,,,28351488,,16,0,1,short_prefill_proxy
100,0.2367040067911148,0.24570105597376823,measured,compute,2,,,28351488,,16,0,1,short_prefill_proxy
101,0.23638400435447693,0.2456139773130417,measured,compute,2,,,28351488,,16,0,1,short_prefill_proxy
102,0.23500800132751465,0.24416809901595116,measured,compute,2,,,28351488,,16,0,1,short_prefill_proxy
103,0.2343679964542389,0.2432200126349926,measured,compute,2,,,28351488,,16,0,1,short_prefill_proxy
104,0.2335679978132248,0.24255504831671715,measured,compute,2,,,28351488,,16,0,1,short_prefill_proxy
105,0.23740799725055695,0.24638697504997253,measured,compute,2,,,28351488,,16,0,1,short_prefill_proxy
106,0.23398399353027344,0.24301232770085335,measured,compute,2,,,28351488,,16,0,1,short_prefill_proxy
107,0.2354239970445633,0.24438509717583656,measured,compute,2,,,28351488,,16,0,1,short_prefill_proxy
108,0.23747199773788452,0.24637393653392792,measured,compute,2,,,28351488,,16,0,1,short_prefill_proxy
109,0.24636800587177277,0.2557667903602123,measured,compute,2,,,28351488,,16,0,1,short_prefill_proxy
110,0.23552000522613525,0.24443073198199272,measured,compute,2,,,28351488,,16,0,1,short_prefill_proxy
111,0.2337920069694519,0.2424679696559906,measured,compute,2,,,28351488,,16,0,1,short_prefill_proxy
112,0.23363199830055237,0.24235201999545097,measured,compute,2,,,28351488,,16,0,1,short_prefill_proxy
113,0.2367040067911148,0.2455180510878563,measured,compute,2,,,28351488,,16,0,1,short_prefill_proxy
114,0.23452800512313843,0.2493690699338913,measured,compute,2,,,28351488,,16,0,1,short_prefill_proxy
115,0.25407999753952026,0.26379991322755814,measured,compute,2,,,28351488,,16,0,1,short_prefill_proxy
116,0.23587200045585632,0.24520792067050934,measured,compute,2,,,28351488,,16,0,1,short_prefill_proxy
117,0.2619839906692505,0.27089798822999,measured,compute,2,,,28351488,,16,0,1,short_prefill_proxy
118,0.2399359941482544,0.24894718080759048,measured,compute,2,,,28351488,,16,0,1,short_prefill_proxy
119,0.235167995095253,0.24420488625764847,measured,compute,2,,,28351488,,16,0,1,short_prefill_proxy
0,0.3234559893608093,0.34165289252996445,measured,compute,2,,,28351488,,128,0,1,short_prefill_proxy
1,0.3229439854621887,0.33327098935842514,measured,compute,2,,,28351488,,128,0,1,short_prefill_proxy
2,0.31539198756217957,0.32516615465283394,measured,compute,2,,,28351488,,128,0,1,short_prefill_proxy
3,0.3182719945907593,0.32765185460448265,measured,compute,2,,,28351488,,128,0,1,short_prefill_proxy
4,0.31596800684928894,0.32490212470293045,measured,compute,2,,,28351488,,128,0,1,short_prefill_proxy
5,0.3112959861755371,0.3207121044397354,measured,compute,2,,,28351488,,128,0,1,short_prefill_proxy
6,0.31385600566864014,0.3228830173611641,measured,compute,2,,,28351488,,128,0,1,short_prefill_proxy
7,0.30876800417900085,0.3178049810230732,measured,compute,2,,,28351488,,128,0,1,short_prefill_proxy
8,0.3093760013580322,0.31859008595347404,measured,compute,2,,,28351488,,128,0,1,short_prefill_proxy
9,0.3128960132598877,0.3217826597392559,measured,compute,2,,,28351488,,128,0,1,short_prefill_proxy
10,0.31007999181747437,0.3189300186932087,measured,compute,2,,,28351488,,128,0,1,short_prefill_proxy
11,0.31276801228523254,0.3215712495148182,measured,compute,2,,,28351488,,128,0,1,short_prefill_proxy
12,0.3086400032043457,0.3178347833454609,measured,compute,2,,,28351488,,128,0,1,short_prefill_proxy
13,0.3110400140285492,0.32011931762099266,measured,compute,2,,,28351488,,128,0,1,short_prefill_proxy
14,0.31091201305389404,0.31983014196157455,measured,compute,2,,,28351488,,128,0,1,short_prefill_proxy
15,0.3160319924354553,0.3251023590564728,measured,compute,2,,,28351488,,128,0,1,short_prefill_proxy
16,0.3113279938697815,0.3208508715033531,measured,compute,2,,,28351488,,128,0,1,short_prefill_proxy
17,0.31174400448799133,0.3206436522305012,measured,compute,2,,,28351488,,128,0,1,short_prefill_proxy
18,0.3099519908428192,0.3189188428223133,measured,compute,2,,,28351488,,128,0,1,short_prefill_proxy
19,0.3099200129508972,0.3189370036125183,measured,compute,2,,,28351488,,128,0,1,short_prefill_proxy
20,0.31273600459098816,0.32170722261071205,measured,compute,2,,,28351488,,128,0,1,short_prefill_proxy
21,0.3160960078239441,0.32497383654117584,measured,compute,2,,,28351488,,128,0,1,short_prefill_proxy
22,0.3094399869441986,0.3190618008375168,measured,compute,2,,,28351488,,128,0,1,short_prefill_proxy
23,0.31379199028015137,0.32276706770062447,measured,compute,2,,,28351488,,128,0,1,short_prefill_proxy
24,0.32364800572395325,0.33396389335393906,measured,compute,2,,,28351488,,128,0,1,short_prefill_proxy
25,0.3110400140285492,0.3411872312426567,measured,compute,2,,,28351488,,128,0,1,short_prefill_proxy
26,0.3144319951534271,0.3236099146306515,measured,compute,2,,,28351488,,128,0,1,short_prefill_proxy
27,0.3139519989490509,0.32303715124726295,measured,compute,2,,,28351488,,128,0,1,short_prefill_proxy
28,0.31164801120758057,0.32109860330820084,measured,compute,2,,,28351488,,128,0,1,short_prefill_proxy
29,0.312608003616333,0.3216373734176159,measured,compute,2,,,28351488,,128,0,1,short_prefill_proxy
30,0.31065601110458374,0.31968671828508377,measured,compute,2,,,28351488,,128,0,1,short_prefill_proxy
31,0.3139199912548065,0.32301293686032295,measured,compute,2,,,28351488,,128,0,1,short_prefill_proxy
32,0.313728004693985,0.3228960558772087,measured,compute,2,,,28351488,,128,0,1,short_prefill_proxy
33,0.31254398822784424,0.32172538340091705,measured,compute,2,,,28351488,,128,0,1,short_prefill_proxy
34,0.3108159899711609,0.3199242055416107,measured,compute,2,,,28351488,,128,0,1,short_prefill_proxy
35,0.31494399905204773,0.32384973019361496,measured,compute,2,,,28351488,,128,0,1,short_prefill_proxy
36,0.30982398986816406,0.31873537227511406,measured,compute,2,,,28351488,,128,0,1,short_prefill_proxy
37,0.31619200110435486,0.3249729052186012,measured,compute,2,,,28351488,,128,0,1,short_prefill_proxy
38,0.3418239951133728,0.3507109358906746,measured,compute,2,,,28351488,,128,0,1,short_prefill_proxy
39,0.31065601110458374,0.3197561018168926,measured,compute,2,,,28351488,,128,0,1,short_prefill_proxy
40,0.315775990486145,0.32488303259015083,measured,compute,2,,,28351488,,128,0,1,short_prefill_proxy
41,0.3127039968967438,0.32169418409466743,measured,compute,2,,,28351488,,128,0,1,short_prefill_proxy
42,0.31196799874305725,0.32085878774523735,measured,compute,2,,,28351488,,128,0,1,short_prefill_proxy
43,0.31116798520088196,0.31993305310606956,measured,compute,2,,,28351488,,128,0,1,short_prefill_proxy
44,0.31436800956726074,0.3237379714846611,measured,compute,2,,,28351488,,128,0,1,short_prefill_proxy
45,0.31164801120758057,0.3207414411008358,measured,compute,2,,,28351488,,128,0,1,short_prefill_proxy
46,0.3136639893054962,0.322757288813591,measured,compute,2,,,28351488,,128,0,1,short_prefill_proxy
47,0.3121599853038788,0.32098405063152313,measured,compute,2,,,28351488,,128,0,1,short_prefill_proxy
48,0.31142398715019226,0.3205733373761177,measured,compute,2,,,28351488,,128,0,1,short_prefill_proxy
49,0.30982398986816406,0.3188401460647583,measured,compute,2,,,28351488,,128,0,1,short_prefill_proxy
50,0.3110080063343048,0.3199521452188492,measured,compute,2,,,28351488,,128,0,1,short_prefill_proxy
51,0.31094399094581604,0.31988974660634995,measured,compute,2,,,28351488,,128,0,1,short_prefill_proxy
52,0.31491199135780334,0.3238818608224392,measured,compute,2,,,28351488,,128,0,1,short_prefill_proxy
53,0.31299200654029846,0.3218972124159336,measured,compute,2,,,28351488,,128,0,1,short_prefill_proxy
54,0.30902400612831116,0.3181886859238148,measured,compute,2,,,28351488,,128,0,1,short_prefill_proxy
55,0.30928000807762146,0.3184136003255844,measured,compute,2,,,28351488,,128,0,1,short_prefill_proxy
56,0.315775990486145,0.32496871426701546,measured,compute,2,,,28351488,,128,0,1,short_prefill_proxy
57,0.3111039996147156,0.32188836485147476,measured,compute,2,,,28351488,,128,0,1,short_prefill_proxy
58,0.3152959942817688,0.32406020909547806,measured,compute,2,,,28351488,,128,0,1,short_prefill_proxy
59,0.3110719919204712,0.3199172206223011,measured,compute,2,,,28351488,,128,0,1,short_prefill_proxy
60,0.31200000643730164,0.3208490088582039,measured,compute,2,,,28351488,,128,0,1,short_prefill_proxy
61,0.3118720054626465,0.3207940608263016,measured,compute,2,,,28351488,,128,0,1,short_prefill_proxy
62,0.31494399905204773,0.32405322417616844,measured,compute,2,,,28351488,,128,0,1,short_prefill_proxy
63,0.3177280128002167,0.3270059823989868,measured,compute,2,,,28351488,,128,0,1,short_prefill_proxy
64,0.3154880106449127,0.3246879205107689,measured,compute,2,,,28351488,,128,0,1,short_prefill_proxy
65,0.3128319978713989,0.3218972124159336,measured,compute,2,,,28351488,,128,0,1,short_prefill_proxy
66,0.31007999181747437,0.318658072501421,measured,compute,2,,,28351488,,128,0,1,short_prefill_proxy
67,0.31116798520088196,0.3200732171535492,measured,compute,2,,,28351488,,128,0,1,short_prefill_proxy
68,0.3155840039253235,0.3483779728412628,measured,compute,2,,,28351488,,128,0,1,short_prefill_proxy
69,0.31590399146080017,0.325001310557127,measured,compute,2,,,28351488,,128,0,1,short_prefill_proxy
70,0.3128960132598877,0.32210396602749825,measured,compute,2,,,28351488,,128,0,1,short_prefill_proxy
71,0.31273600459098816,0.32229209318757057,measured,compute,2,,,28351488,,128,0,1,short_prefill_proxy
72,0.3104960024356842,0.3195093013346195,measured,compute,2,,,28351488,,128,0,1,short_prefill_proxy
73,0.30985599756240845,0.31881965696811676,measured,compute,2,,,28351488,,128,0,1,short_prefill_proxy
74,0.3087039887905121,0.31774677336215973,measured,compute,2,,,28351488,,128,0,1,short_prefill_proxy
75,0.31334400177001953,0.3223912790417671,measured,compute,2,,,28351488,,128,0,1,short_prefill_proxy
76,0.30982398986816406,0.31890999525785446,measured,compute,2,,,28351488,,128,0,1,short_prefill_proxy
77,0.3075839877128601,0.3164149820804596,measured,compute,2,,,28351488,,128,0,1,short_prefill_proxy
78,0.3108479976654053,0.3199786879122257,measured,compute,2,,,28351488,,128,0,1,short_prefill_proxy
79,0.3111039996147156,0.3200089558959007,measured,compute,2,,,28351488,,128,0,1,short_prefill_proxy
80,0.3155199885368347,0.3248988650739193,measured,compute,2,,,28351488,,128,0,1,short_prefill_proxy
81,0.31094399094581604,0.3200010396540165,measured,compute,2,,,28351488,,128,0,1,short_prefill_proxy
82,0.31142398715019226,0.3208797425031662,measured,compute,2,,,28351488,,128,0,1,short_prefill_proxy
83,0.3109759986400604,0.3198999911546707,measured,compute,2,,,28351488,,128,0,1,short_prefill_proxy
84,0.3187839984893799,0.32707909122109413,measured,compute,2,,,28351488,,128,0,1,short_prefill_proxy
85,0.31088000535964966,0.32024597749114037,measured,compute,2,,,28351488,,128,0,1,short_prefill_proxy
86,0.317440003156662,0.3256499767303467,measured,compute,2,,,28351488,,128,0,1,short_prefill_proxy
87,0.3110400140285492,0.31991302967071533,measured,compute,2,,,28351488,,128,0,1,short_prefill_proxy
88,0.3107199966907501,0.3201048821210861,measured,compute,2,,,28351488,,128,0,1,short_prefill_proxy
89,0.3108159899711609,0.31976494938135147,measured,compute,2,,,28351488,,128,0,1,short_prefill_proxy
90,0.3127039968967438,0.32196473330259323,measured,compute,2,,,28351488,,128,0,1,short_prefill_proxy
91,0.3121280074119568,0.3208741545677185,measured,compute,2,,,28351488,,128,0,1,short_prefill_proxy
92,0.30963200330734253,0.31886808574199677,measured,compute,2,,,28351488,,128,0,1,short_prefill_proxy
0,0.23612800240516663,0.2503390423953533,measured,compute,2,,,28351488,,1,32,1,decode_real_history
1,0.23238399624824524,0.2423347905278206,measured,compute,2,,,28351488,,1,32,1,decode_real_history
2,0.2234880030155182,0.2328227274119854,measured,compute,2,,,28351488,,1,32,1,decode_real_history
3,0.22035199403762817,0.22931676357984543,measured,compute,2,,,28351488,,1,32,1,decode_real_history
4,0.22064000368118286,0.22951513528823853,measured,compute,2,,,28351488,,1,32,1,decode_real_history
5,0.25040000677108765,0.2596890553832054,measured,compute,2,,,28351488,,1,32,1,decode_real_history
6,0.22191999852657318,0.23082084953784943,measured,compute,2,,,28351488,,1,32,1,decode_real_history
7,0.21984000504016876,0.22880220785737038,measured,compute,2,,,28351488,,1,32,1,decode_real_history
8,0.21855999529361725,0.22728973999619484,measured,compute,2,,,28351488,,1,32,1,decode_real_history
9,0.22752000391483307,0.23653311654925346,measured,compute,2,,,28351488,,1,32,1,decode_real_history
10,0.2208320051431656,0.2300189808011055,measured,compute,2,,,28351488,,1,32,1,decode_real_history
11,0.21926400065422058,0.22830907255411148,measured,compute,2,,,28351488,,1,32,1,decode_real_history
12,0.22102400660514832,0.2299039624631405,measured,compute,2,,,28351488,,1,32,1,decode_real_history
13,0.22329600155353546,0.23211725056171417,measured,compute,2,,,28351488,,1,32,1,decode_real_history
14,0.2202879935503006,0.22898800671100616,measured,compute,2,,,28351488,,1,32,1,decode_real_history
15,0.22153599560260773,0.23038405925035477,measured,compute,2,,,28351488,,1,32,1,decode_real_history
16,0.21942399442195892,0.22815074771642685,measured,compute,2,,,28351488,,1,32,1,decode_real_history
17,0.219200000166893,0.22787787020206451,measured,compute,2,,,28351488,,1,32,1,decode_real_history
18,0.21939200162887573,0.22816471755504608,measured,compute,2,,,28351488,,1,32,1,decode_real_history
19,0.21955199539661407,0.2280459739267826,measured,compute,2,,,28351488,,1,32,1,decode_real_history
20,0.2189439982175827,0.2280459739267826,measured,compute,2,,,28351488,,1,32,1,decode_real_history
21,0.21878400444984436,0.22767111659049988,measured,compute,2,,,28351488,,1,32,1,decode_real_history
22,0.22543999552726746,0.234315637499094,measured,compute,2,,,28351488,,1,32,1,decode_real_history
23,0.21846400201320648,0.2273768186569214,measured,compute,2,,,28351488,,1,32,1,decode_real_history
24,0.22015999257564545,0.22902805358171463,measured,compute,2,,,28351488,,1,32,1,decode_real_history
25,0.21862399578094482,0.22734003141522408,measured,compute,2,,,28351488,,1,32,1,decode_real_history
26,0.22351999580860138,0.2322928048670292,measured,compute,2,,,28351488,,1,32,1,decode_real_history
27,0.21990400552749634,0.22861920297145844,measured,compute,2,,,28351488,,1,32,1,decode_real_history
28,0.2213120013475418,0.23114820942282677,measured,compute,2,,,28351488,,1,32,1,decode_real_history
29,0.22976000607013702,0.23960741236805916,measured,compute,2,,,28351488,,1,32,1,decode_real_history
30,0.24540799856185913,0.25435490533709526,measured,compute,2,,,28351488,,1,32,1,decode_real_history
31,0.22191999852657318,0.2313600853085518,measured,compute,2,,,28351488,,1,32,1,decode_real_history
32,0.22035199403762817,0.22922875359654427,measured,compute,2,,,28351488,,1,32,1,decode_real_history
33,0.22047999501228333,0.22951606661081314,measured,compute,2,,,28351488,,1,32,1,decode_real_history
34,0.2189439982175827,0.22801384329795837,measured,compute,2,,,28351488,,1,32,1,decode_real_history
35,0.2205120027065277,0.23185694590210915,measured,compute,2,,,28351488,,1,32,1,decode_real_history
36,0.21852800250053406,0.2273772843182087,measured,compute,2,,,28351488,,1,32,1,decode_real_history
37,0.21801599860191345,0.22680405527353287,measured,compute,2,,,28351488,,1,32,1,decode_real_history
38,0.21830399334430695,0.2269269898533821,measured,compute,2,,,28351488,,1,32,1,decode_real_history
39,0.22355200350284576,0.23231469094753265,measured,compute,2,,,28351488,,1,32,1,decode_real_history
40,0.21782399713993073,0.226668082177639,measured,compute,2,,,28351488,,1,32,1,decode_real_history
41,0.2199999988079071,0.22899219766259193,measured,compute,2,,,28351488,,1,32,1,decode_real_history
42,0.21766400337219238,0.22665783762931824,measured,compute,2,,,28351488,,1,32,1,decode_real_history
43,0.23638400435447693,0.2451762557029724,measured,compute,2,,,28351488,,1,32,1,decode_real_history
44,0.21772800385951996,0.22650277242064476,measured,compute,2,,,28351488,,1,32,1,decode_real_history
45,0.21792000532150269,0.2266019582748413,measured,compute,2,,,28351488,,1,32,1,decode_real_history
46,0.2186560034751892,0.22743921726942062,measured,compute,2,,,28351488,,1,32,1,decode_real_history
47,0.2205120027065277,0.22955704480409622,measured,compute,2,,,28351488,,1,32,1,decode_real_history
48,0.24668799340724945,0.25589531287550926,measured,compute,2,,,28351488,,1,32,1,decode_real_history
49,0.21855999529361725,0.22754492238163948,measured,compute,2,,,28351488,,1,32,1,decode_real_history
50,0.2199680060148239,0.22888509556651115,measured,compute,2,,,28351488,,1,32,1,decode_real_history
51,0.21916800737380981,0.22781174629926682,measured,compute,2,,,28351488,,1,32,1,decode_real_history
52,0.2231999933719635,0.2322266809642315,measured,compute,2,,,28351488,,1,32,1,decode_real_history
53,0.21795199811458588,0.22660894319415092,measured,compute,2,,,28351488,,1,32,1,decode_real_history
54,0.22006399929523468,0.22890698164701462,measured,compute,2,,,28351488,,1,32,1,decode_real_history
55,0.21651199460029602,0.22536516189575195,measured,compute,2,,,28351488,,1,32,1,decode_real_history
56,0.22140799462795258,0.23041712120175362,measured,compute,2,,,28351488,,1,32,1,decode_real_history
57,0.21942399442195892,0.22862479090690613,measured,compute,2,,,28351488,,1,32,1,decode_real_history
58,0.21955199539661407,0.2282741479575634,measured,compute,2,,,28351488,,1,32,1,decode_real_history
59,0.21958400309085846,0.22834399715065956,measured,compute,2,,,28351488,,1,32,1,decode_real_history
60,0.2215680032968521,0.23028114810585976,measured,compute,2,,,28351488,,1,32,1,decode_real_history
61,0.22064000368118286,0.22939592599868774,measured,compute,2,,,28351488,,1,32,1,decode_real_history
62,0.21987199783325195,0.2287793904542923,measured,compute,2,,,28351488,,1,32,1,decode_real_history
63,0.22707200050354004,0.23519806563854218,measured,compute,2,,,28351488,,1,32,1,decode_real_history
64,0.21984000504016876,0.22866902872920036,measured,compute,2,,,28351488,,1,32,1,decode_real_history
65,0.22217600047588348,0.23091910406947136,measured,compute,2,,,28351488,,1,32,1,decode_real_history
66,0.2199999988079071,0.2287561073899269,measured,compute,2,,,28351488,,1,32,1,decode_real_history
67,0.2176000028848648,0.22652139887213707,measured,compute,2,,,28351488,,1,32,1,decode_real_history
68,0.22035199403762817,0.2292962744832039,measured,compute,2,,,28351488,,1,32,1,decode_real_history
69,0.22096000611782074,0.23002596572041512,measured,compute,2,,,28351488,,1,32,1,decode_real_history
70,0.21859200298786163,0.22735772654414177,measured,compute,2,,,28351488,,1,32,1,decode_real_history
71,0.21900799870491028,0.22780103608965874,measured,compute,2,,,28351488,,1,32,1,decode_real_history
72,0.23311999440193176,0.24197716265916824,measured,compute,2,,,28351488,,1,32,1,decode_real_history
73,0.24460799992084503,0.254304613918066,measured,compute,2,,,28351488,,1,32,1,decode_real_history
74,0.22329600155353546,0.2328110858798027,measured,compute,2,,,28351488,,1,32,1,decode_real_history
75,0.21846400201320648,0.22763200104236603,measured,compute,2,,,28351488,,1,32,1,decode_real_history
76,0.22006399929523468,0.22896705195307732,measured,compute,2,,,28351488,,1,32,1,decode_real_history
77,0.22067199647426605,0.2297838218510151,measured,compute,2,,,28351488,,1,32,1,decode_real_history
78,0.2205439954996109,0.2296213060617447,measured,compute,2,,,28351488,,1,32,1,decode_real_history
79,0.21775999665260315,0.22706808522343636,measured,compute,2,,,28351488,,1,32,1,decode_real_history
80,0.2184319943189621,0.22738799452781677,measured,compute,2,,,28351488,,1,32,1,decode_real_history
81,0.2189439982175827,0.22788997739553452,measured,compute,2,,,28351488,,1,32,1,decode_real_history
82,0.22323200106620789,0.23233890533447266,measured,compute,2,,,28351488,,1,32,1,decode_real_history
83,0.21775999665260315,0.2266308292746544,measured,compute,2,,,28351488,,1,32,1,decode_real_history
84,0.21872000396251678,0.2274978905916214,measured,compute,2,,,28351488,,1,32,1,decode_real_history
85,0.22182400524616241,0.2308250404894352,measured,compute,2,,,28351488,,1,32,1,decode_real_history
86,0.22064000368118286,0.22946903482079506,measured,compute,2,,,28351488,,1,32,1,decode_real_history
87,0.21910400688648224,0.22814329713582993,measured,compute,2,,,28351488,,1,32,1,decode_real_history
88,0.22022399306297302,0.22931070998311043,measured,compute,2,,,28351488,,1,32,1,decode_real_history
89,0.2202560007572174,0.22943224757909775,measured,compute,2,,,28351488,,1,32,1,decode_real_history
90,0.24208000302314758,0.2508210018277168,measured,compute,2,,,28351488,,1,32,1,decode_real_history
91,0.22275200486183167,0.23192120715975761,measured,compute,2,,,28351488,,1,32,1,decode_real_history
92,0.21993599832057953,0.2289186231791973,measured,compute,2,,,28351488,,1,32,1,decode_real_history
93,0.22944000363349915,0.23892195895314217,measured,compute,2,,,28351488,,1,32,1,decode_real_history
94,0.2245119959115982,0.23387279361486435,measured,compute,2,,,28351488,,1,32,1,decode_real_history
95,0.2399040013551712,0.2516442909836769,measured,compute,2,,,28351488,,1,32,1,decode_real_history
96,0.22188800573349,0.23096194490790367,measured,compute,2,,,28351488,,1,32,1,decode_real_history
97,0.22182400524616241,0.23079989477992058,measured,compute,2,,,28351488,,1,32,1,decode_real_history
98,0.21952000260353088,0.22860011085867882,measured,compute,2,,,28351488,,1,32,1,decode_real_history
99,0.2205439954996109,0.22953981533646584,measured,compute,2,,,28351488,,1,32,1,decode_real_history
100,0.2202879935503006,0.22952305153012276,measured,compute,2,,,28351488,,1,32,1,decode_real_history
101,0.21967999637126923,0.22880500182509422,measured,compute,2,,,28351488,,1,32,1,decode_real_history
102,0.21862399578094482,0.22742291912436485,measured,compute,2,,,28351488,,1,32,1,decode_real_history
103,0.22127999365329742,0.23031700402498245,measured,compute,2,,,28351488,,1,32,1,decode_real_history
104,0.21827200055122375,0.2274489961564541,measured,compute,2,,,28351488,,1,32,1,decode_real_history
105,0.219200000166893,0.228238757699728,measured,compute,2,,,28351488,,1,32,1,decode_real_history
106,0.21884800493717194,0.22785784676671028,measured,compute,2,,,28351488,,1,32,1,decode_real_history
107,0.23632000386714935,0.24536903947591782,measured,compute,2,,,28351488,,1,32,1,decode_real_history
108,0.22179199755191803,0.2306322567164898,measured,compute,2,,,28351488,,1,32,1,decode_real_history
109,0.21916800737380981,0.22838125005364418,measured,compute,2,,,28351488,,1,32,1,decode_real_history
110,0.21753600239753723,0.226540956646204,measured,compute,2,,,28351488,,1,32,1,decode_real_history
111,0.2189760059118271,0.22780383005738258,measured,compute,2,,,28351488,,1,32,1,decode_real_history
112,0.2205439954996109,0.22944575175642967,measured,compute,2,,,28351488,,1,32,1,decode_real_history
113,0.21942399442195892,0.22838590666651726,measured,compute,2,,,28351488,,1,32,1,decode_real_history
114,0.2200320065021515,0.2288101240992546,measured,compute,2,,,28351488,,1,32,1,decode_real_history
115,0.22102400660514832,0.2301568165421486,measured,compute,2,,,28351488,,1,32,1,decode_real_history
116,0.2478400021791458,0.2571307122707367,measured,compute,2,,,28351488,,1,32,1,decode_real_history
117,0.21782399713993073,0.22705784067511559,measured,compute,2,,,28351488,,1,32,1,decode_real_history
118,0.21887999773025513,0.22788718342781067,measured,compute,2,,,28351488,,1,32,1,decode_real_history
119,0.2186879962682724,0.2277027815580368,measured,compute,2,,,28351488,,1,32,1,decode_real_history
120,0.22124800086021423,0.23021316155791283,measured,compute,2,,,28351488,,1,32,1,decode_real_history
121,0.21724799275398254,0.22599101066589355,measured,compute,2,,,28351488,,1,32,1,decode_real_history
122,0.21756799519062042,0.22662896662950516,measured,compute,2,,,28351488,,1,32,1,decode_real_history
123,0.21801599860191345,0.22687716409564018,measured,compute,2,,,28351488,,1,32,1,decode_real_history
124,0.21904000639915466,0.22798823192715645,measured,compute,2,,,28351488,,1,32,1,decode_real_history
125,0.22217600047588348,0.231047160923481,measured,compute,2,,,28351488,,1,32,1,decode_real_history
126,0.21823999285697937,0.2272156998515129,measured,compute,2,,,28351488,,1,32,1,decode_real_history
127,0.21961599588394165,0.22851722314953804,measured,compute,2,,,28351488,,1,32,1,decode_real_history
128,0.21743999421596527,0.22635702043771744,measured,compute,2,,,28351488,,1,32,1,decode_real_history
0,0.2687999904155731,0.2831071615219116,measured,compute,2,,,28351488,,1,256,1,decode_real_history
1,0.22947199642658234,0.23954035714268684,measured,compute,2,,,28351488,,1,256,1,decode_real_history
2,0.2253119945526123,0.2346821129322052,measured,compute,2,,,28351488,,1,256,1,decode_real_history
3,0.22361600399017334,0.232744961977005,measured,compute,2,,,28351488,,1,256,1,decode_real_history
4,0.227743998169899,0.23701367899775505,measured,compute,2,,,28351488,,1,256,1,decode_real_history
5,0.22448000311851501,0.2335207536816597,measured,compute,2,,,28351488,,1,256,1,decode_real_history
6,0.2237119972705841,0.2328348346054554,measured,compute,2,,,28351488,,1,256,1,decode_real_history
7,0.22233599424362183,0.23168977349996567,measured,compute,2,,,28351488,,1,256,1,decode_real_history
8,0.22806400060653687,0.2370160073041916,measured,compute,2,,,28351488,,1,256,1,decode_real_history
9,0.22419199347496033,0.23370888084173203,measured,compute,2,,,28351488,,1,256,1,decode_real_history
10,0.2248000055551529,0.23399107158184052,measured,compute,2,,,28351488,,1,256,1,decode_real_history
11,0.2226559966802597,0.23173773661255836,measured,compute,2,,,28351488,,1,256,1,decode_real_history
12,0.22355200350284576,0.23293867707252502,measured,compute,2,,,28351488,,1,256,1,decode_real_history
13,0.22351999580860138,0.23294426500797272,measured,compute,2,,,28351488,,1,256,1,decode_real_history
14,0.22489599883556366,0.23395707830786705,measured,compute,2,,,28351488,,1,256,1,decode_real_history
15,0.22495999932289124,0.2341698855161667,measured,compute,2,,,28351488,,1,256,1,decode_real_history
16,0.22563199698925018,0.23495592176914215,measured,compute,2,,,28351488,,1,256,1,decode_real_history
17,0.22444799542427063,0.23363018408417702,measured,compute,2,,,28351488,,1,256,1,decode_real_history
18,0.2215999960899353,0.23102713748812675,measured,compute,2,,,28351488,,1,256,1,decode_real_history
19,0.22310400009155273,0.2328706905245781,measured,compute,2,,,28351488,,1,256,1,decode_real_history
20,0.22572800517082214,0.23506302386522293,measured,compute,2,,,28351488,,1,256,1,decode_real_history
21,0.2524479925632477,0.26170117780566216,measured,compute,2,,,28351488,,1,256,1,decode_real_history
22,0.227743998169899,0.2369619905948639,measured,compute,2,,,28351488,,1,256,1,decode_real_history
23,0.22284799814224243,0.23186719045042992,measured,compute,2,,,28351488,,1,256,1,decode_real_history
24,0.2747200131416321,0.28343498706817627,measured,compute,2,,,28351488,,1,256,1,decode_real_history
25,0.25702399015426636,0.26611005887389183,measured,compute,2,,,28351488,,1,256,1,decode_real_history
26,0.22351999580860138,0.23180386051535606,measured,compute,2,,,28351488,,1,256,1,decode_real_history
27,0.2242880016565323,0.23292098194360733,measured,compute,2,,,28351488,,1,256,1,decode_real_history
28,0.22416000068187714,0.2330099232494831,measured,compute,2,,,28351488,,1,256,1,decode_real_history
29,0.2579520046710968,0.26683835312724113,measured,compute,2,,,28351488,,1,256,1,decode_real_history
30,0.22383999824523926,0.23278407752513885,measured,compute,2,,,28351488,,1,256,1,decode_real_history
31,0.22204799950122833,0.2309810370206833,measured,compute,2,,,28351488,,1,256,1,decode_real_history
32,0.22540800273418427,0.23381179198622704,measured,compute,2,,,28351488,,1,256,1,decode_real_history
33,0.24352000653743744,0.25241775438189507,measured,compute,2,,,28351488,,1,256,1,decode_real_history
34,0.2229440063238144,0.23173028603196144,measured,compute,2,,,28351488,,1,256,1,decode_real_history
35,0.22543999552726746,0.23404229432344437,measured,compute,2,,,28351488,,1,256,1,decode_real_history
36,0.22307200729846954,0.231914222240448,measured,compute,2,,,28351488,,1,256,1,decode_real_history
37,0.2412479966878891,0.2500670962035656,measured,compute,2,,,28351488,,1,256,1,decode_real_history
38,0.2221119999885559,0.23102108389139175,measured,compute,2,,,28351488,,1,256,1,decode_real_history
39,0.2471040040254593,0.2563847228884697,measured,compute,2,,,28351488,,1,256,1,decode_real_history
40,0.22179199755191803,0.2308068796992302,measured,compute,2,,,28351488,,1,256,1,decode_real_history
41,0.24844799935817719,0.25722989812493324,measured,compute,2,,,28351488,,1,256,1,decode_real_history
42,0.22620800137519836,0.23499596863985062,measured,compute,2,,,28351488,,1,256,1,decode_real_history
43,0.22390399873256683,0.23285113275051117,measured,compute,2,,,28351488,,1,256,1,decode_real_history
44,0.22204799950122833,0.2308012917637825,measured,compute,2,,,28351488,,1,256,1,decode_real_history
45,0.240447998046875,0.24933693930506706,measured,compute,2,,,28351488,,1,256,1,decode_real_history
46,0.22412799298763275,0.23295031860470772,measured,compute,2,,,28351488,,1,256,1,decode_real_history
47,0.22598400712013245,0.2350378781557083,measured,compute,2,,,28351488,,1,256,1,decode_real_history
48,0.22060799598693848,0.22978102788329124,measured,compute,2,,,28351488,,1,256,1,decode_real_history
49,0.2343679964542389,0.2432740293443203,measured,compute,2,,,28351488,,1,256,1,decode_real_history
50,0.22540800273418427,0.23602694272994995,measured,compute,2,,,28351488,,1,256,1,decode_real_history
51,0.2242240011692047,0.23294193670153618,measured,compute,2,,,28351488,,1,256,1,decode_real_history
52,0.2210880070924759,0.23000594228506088,measured,compute,2,,,28351488,,1,256,1,decode_real_history
53,0.2237440049648285,0.232660211622715,measured,compute,2,,,28351488,,1,256,1,decode_real_history
54,0.2250880002975464,0.23404601961374283,measured,compute,2,,,28351488,,1,256,1,decode_real_history
55,0.2226880043745041,0.23167626932263374,measured,compute,2,,,28351488,,1,256,1,decode_real_history
56,0.2253119945526123,0.23401668295264244,measured,compute,2,,,28351488,,1,256,1,decode_real_history
57,0.22303999960422516,0.23209769278764725,measured,compute,2,,,28351488,,1,256,1,decode_real_history
58,0.22726400196552277,0.23593474179506302,measured,compute,2,,,28351488,,1,256,1,decode_real_history
59,0.22627200186252594,0.23498386144638062,measured,compute,2,,,28351488,,1,256,1,decode_real_history
60,0.22387200593948364,0.23268721997737885,measured,compute,2,,,28351488,,1,256,1,decode_real_history
61,0.22390399873256683,0.2328171394765377,measured,compute,2,,,28351488,,1,256,1,decode_real_history
62,0.22409600019454956,0.23301178589463234,measured,compute,2,,,28351488,,1,256,1,decode_real_history
63,0.22579200565814972,0.23484183475375175,measured,compute,2,,,28351488,,1,256,1,decode_real_history
64,0.22518399357795715,0.23387977853417397,measured,compute,2,,,28351488,,1,256,1,decode_real_history
65,0.22115199267864227,0.2298019826412201,measured,compute,2,,,28351488,,1,256,1,decode_real_history
66,0.4731200039386749,0.483551062643528,measured,compute,2,,,28351488,,1,256,1,decode_real_history
67,0.2555519938468933,0.2662399783730507,measured,compute,2,,,28351488,,1,256,1,decode_real_history
68,0.2329919934272766,0.24223513901233673,measured,compute,2,,,28351488,,1,256,1,decode_real_history
69,0.25968000292778015,0.2687559463083744,measured,compute,2,,,28351488,,1,256,1,decode_real_history
70,0.2338559925556183,0.24291779845952988,measured,compute,2,,,28351488,,1,256,1,decode_real_history
71,0.225055992603302,0.23404089733958244,measured,compute,2,,,28351488,,1,256,1,decode_real_history
72,0.2290239930152893,0.2379612997174263,measured,compute,2,,,28351488,,1,256,1,decode_real_history
73,0.23107199370861053,0.2398919314146042,measured,compute,2,,,28351488,,1,256,1,decode_real_history
74,0.22684800624847412,0.2359510399401188,measured,compute,2,,,28351488,,1,256,1,decode_real_history
75,0.225055992603302,0.23396313190460205,measured,compute,2,,,28351488,,1,256,1,decode_real_history
76,0.22726400196552277,0.23619085550308228,measured,compute,2,,,28351488,,1,256,1,decode_real_history
77,0.2285120040178299,0.23668212816119194,measured,compute,2,,,28351488,,1,256,1,decode_real_history
78,0.2258239984512329,0.23484835401177406,measured,compute,2,,,28351488,,1,256,1,decode_real_history
79,0.2250239998102188,0.23399107158184052,measured,compute,2,,,28351488,,1,256,1,decode_real_history
80,0.22700800001621246,0.23607630282640457,measured,compute,2,,,28351488,,1,256,1,decode_real_history
81,0.22732800245285034,0.23596594110131264,measured,compute,2,,,28351488,,1,256,1,decode_real_history
82,0.22921599447727203,0.2382858656346798,measured,compute,2,,,28351488,,1,256,1,decode_real_history
83,0.22275200486183167,0.23183785378932953,measured,compute,2,,,28351488,,1,256,1,decode_real_history
84,0.22307200729846954,0.23180106654763222,measured,compute,2,,,28351488,,1,256,1,decode_real_history
85,0.22198399901390076,0.23095589131116867,measured,compute,2,,,28351488,,1,256,1,decode_real_history
86,0.2526080012321472,0.2614022232592106,measured,compute,2,,,28351488,,1,256,1,decode_real_history
87,0.22339199483394623,0.23206230252981186,measured,compute,2,,,28351488,,1,256,1,decode_real_history
88,0.22099199891090393,0.22985273972153664,measured,compute,2,,,28351488,,1,256,1,decode_real_history
89,0.2253440022468567,0.2340800128877163,measured,compute,2,,,28351488,,1,256,1,decode_real_history
90,0.2234240025281906,0.23200688883662224,measured,compute,2,,,28351488,,1,256,1,decode_real_history
91,0.2210559993982315,0.22980710491538048,measured,compute,2,,,28351488,,1,256,1,decode_real_history
92,0.2231999933719635,0.2319449558854103,measured,compute,2,,,28351488,,1,256,1,decode_real_history
93,0.2218559980392456,0.23072492331266403,measured,compute,2,,,28351488,,1,256,1,decode_real_history
94,0.23555199801921844,0.24421373382210732,measured,compute,2,,,28351488,,1,256,1,decode_real_history
95,0.22291199862957,0.2319919876754284,measured,compute,2,,,28351488,,1,256,1,decode_real_history
96,0.2231680005788803,0.23198919370770454,measured,compute,2,,,28351488,,1,256,1,decode_real_history
97,0.22323200106620789,0.23199431598186493,measured,compute,2,,,28351488,,1,256,1,decode_real_history
98,0.22403199970722198,0.23297499865293503,measured,compute,2,,,28351488,,1,256,1,decode_real_history
99,0.2264000028371811,0.23500900715589523,measured,compute,2,,,28351488,,1,256,1,decode_real_history
100,0.2221119999885559,0.23104390129446983,measured,compute,2,,,28351488,,1,256,1,decode_real_history
101,0.22297599911689758,0.2319924533367157,measured,compute,2,,,28351488,,1,256,1,decode_real_history
102,0.22329600155353546,0.23197010159492493,measured,compute,2,,,28351488,,1,256,1,decode_real_history
103,0.24265600740909576,0.2514682710170746,measured,compute,2,,,28351488,,1,256,1,decode_real_history
104,0.22297599911689758,0.2319207414984703,measured,compute,2,,,28351488,,1,256,1,decode_real_history
105,0.2202879935503006,0.22899825125932693,measured,compute,2,,,28351488,,1,256,1,decode_real_history
106,0.2221119999885559,0.23095402866601944,measured,compute,2,,,28351488,,1,256,1,decode_real_history
107,0.28963199257850647,0.29921019449830055,measured,compute,2,,,28351488,,1,256,1,decode_real_history
108,0.23868800699710846,0.24812715128064156,measured,compute,2,,,28351488,,1,256,1,decode_real_history
109,0.22444799542427063,0.23355381563305855,measured,compute,2,,,28351488,,1,256,1,decode_real_history
110,0.22313599288463593,0.232011079788208,measured,compute,2,,,28351488,,1,256,1,decode_real_history
111,0.2517760097980499,0.2606380730867386,measured,compute,2,,,28351488,,1,256,1,decode_real_history
112,0.22300800681114197,0.23190397769212723,measured,compute,2,,,28351488,,1,256,1,decode_real_history
113,0.22099199891090393,0.2298681065440178,measured,compute,2,,,28351488,,1,256,1,decode_real_history
114,0.22208000719547272,0.23088185116648674,measured,compute,2,,,28351488,,1,256,1,decode_real_history
115,0.22515200078487396,0.2339659258723259,measured,compute,2,,,28351488,,1,256,1,decode_real_history
116,0.22329600155353546,0.2320166677236557,measured,compute,2,,,28351488,,1,256,1,decode_real_history
117,0.2218559980392456,0.23101503029465675,measured,compute,2,,,28351488,,1,256,1,decode_real_history
118,0.2199680060148239,0.22876495495438576,measured,compute,2,,,28351488,,1,256,1,decode_real_history
119,0.2261440008878708,0.23514218628406525,measured,compute,2,,,28351488,,1,256,1,decode_real_history
120,0.22515200078487396,0.23405905812978745,measured,compute,2,,,28351488,,1,256,1,decode_real_history
121,0.22310400009155273,0.23192819207906723,measured,compute,2,,,28351488,,1,256,1,decode_real_history
122,0.22441600263118744,0.23313984274864197,measured,compute,2,,,28351488,,1,256,1,decode_real_history
123,0.22473600506782532,0.2338150516152382,measured,compute,2,,,28351488,,1,256,1,decode_real_history
