run,direction,case,model,batch,q,hidden,mode,bytes,dtype,sample,phase,e2e_ack_ms,d2h_cuda_ms,d2h_host_ms,h2d_cuda_ms,h2d_host_ms,network_host_ack_residual_ms,receiver_receive_host_ms,correct,sender_origin,receiver_origin,sender_completion_relative_ms,receiver_staging_start_relative_ms,receiver_completion_relative_ms
experiments/inferrelay_two_node/results/t1-125m-a-b-01,A-B,0,opt-125m,1,1,768,cpu,1536,float16,0,first_transfer,0.31360721588134766,0.0,0.0,0.0,0.0,0.31360721588134766,0.3025369644165039,True,local before background launch and D2H,local after ready ACK,0.31360721588134766,0.36617183685302734,0.3670341968536377
experiments/inferrelay_two_node/results/t1-125m-a-b-01,A-B,0,opt-125m,1,1,768,cpu,1536,float16,1,warmup,0.4849672317504883,0.0,0.0,0.0,0.0,0.4849672317504883,0.40247106552124023,True,local before background launch and D2H,local after ready ACK,0.4849672317504883,0.4335956573486328,0.43720269203186035
experiments/inferrelay_two_node/results/t1-125m-a-b-01,A-B,0,opt-125m,1,1,768,cpu,1536,float16,2,warmup,0.31081533432006836,0.0,0.0,0.0,0.0,0.31081533432006836,0.10658502578735352,True,local before background launch and D2H,local after ready ACK,0.31081533432006836,0.2449629306793213,0.24765801429748535
experiments/inferrelay_two_node/results/t1-125m-a-b-01,A-B,0,opt-125m,1,1,768,cpu,1536,float16,3,warmup,0.2925376892089844,0.0,0.0,0.0,0.0,0.2925376892089844,0.10149002075195312,True,local before background launch and D2H,local after ready ACK,0.2925376892089844,0.2319951057434082,0.23465514183044434
experiments/inferrelay_two_node/results/t1-125m-a-b-01,A-B,0,opt-125m,1,1,768,cpu,1536,float16,4,steady,0.19373130798339844,0.0,0.0,0.0,0.0,0.19373130798339844,0.023092031478881836,True,local before background launch and D2H,local after ready ACK,0.19373130798339844,0.15224194526672363,0.15372681617736816
experiments/inferrelay_two_node/results/t1-125m-a-b-01,A-B,0,opt-125m,1,1,768,cpu,1536,float16,5,steady,0.3254547119140625,0.0,0.0,0.0,0.0,0.3254547119140625,0.17318296432495117,True,local before background launch and D2H,local after ready ACK,0.3254547119140625,0.2400050163269043,0.24339723587036133
experiments/inferrelay_two_node/results/t1-125m-a-b-01,A-B,0,opt-125m,1,1,768,cpu,1536,float16,6,steady,0.21169519424438477,0.0,0.0,0.0,0.0,0.21169519424438477,0.022921085357666016,True,local before background launch and D2H,local after ready ACK,0.21169519424438477,0.16577482223510742,0.16737890243530273
experiments/inferrelay_two_node/results/t1-125m-a-b-01,A-B,0,opt-125m,1,1,768,cpu,1536,float16,7,steady,0.14956998825073242,0.0,0.0,0.0,0.0,0.14956998825073242,0.06847810745239258,True,local before background launch and D2H,local after ready ACK,0.14956998825073242,0.12306571006774902,0.1242678165435791
experiments/inferrelay_two_node/results/t1-125m-a-b-01,A-B,0,opt-125m,1,1,768,cpu,1536,float16,8,steady,0.15421390533447266,0.0,0.0,0.0,0.0,0.15421390533447266,0.08386611938476562,True,local before background launch and D2H,local after ready ACK,0.15421390533447266,0.12668991088867188,0.12768077850341797
experiments/inferrelay_two_node/results/t1-125m-a-b-01,A-B,0,opt-125m,1,1,768,cpu,1536,float16,9,steady,0.15752696990966797,0.0,0.0,0.0,0.0,0.15752696990966797,0.08492302894592285,True,local before background launch and D2H,local after ready ACK,0.15752696990966797,0.12548208236694336,0.12655210494995117
experiments/inferrelay_two_node/results/t1-125m-a-b-01,A-B,0,opt-125m,1,1,768,cpu,1536,float16,10,steady,0.17018651962280273,0.0,0.0,0.0,0.0,0.17018651962280273,0.04825115203857422,True,local before background launch and D2H,local after ready ACK,0.17018651962280273,0.14210104942321777,0.14323210716247559
experiments/inferrelay_two_node/results/t1-125m-a-b-01,A-B,0,opt-125m,1,1,768,cpu,1536,float16,11,steady,0.16521978378295898,0.0,0.0,0.0,0.0,0.16521978378295898,0.08451700210571289,True,local before background launch and D2H,local after ready ACK,0.16521978378295898,0.13246679306030273,0.1337599754333496
experiments/inferrelay_two_node/results/t1-125m-a-b-01,A-B,0,opt-125m,1,1,768,cpu,1536,float16,12,steady,0.14906692504882812,0.0,0.0,0.0,0.0,0.14906692504882812,0.08575272560119629,True,local before background launch and D2H,local after ready ACK,0.14906692504882812,0.12546396255493164,0.12668180465698242
experiments/inferrelay_two_node/results/t1-125m-a-b-01,A-B,0,opt-125m,1,1,768,cpu,1536,float16,13,steady,0.15222692489624023,0.0,0.0,0.0,0.0,0.15222692489624023,0.08371400833129883,True,local before background launch and D2H,local after ready ACK,0.15222692489624023,0.12627196311950684,0.1273059844970703
experiments/inferrelay_two_node/results/t1-125m-a-b-01,A-B,0,opt-125m,1,1,768,cpu,1536,float16,14,steady,0.15243768692016602,0.0,0.0,0.0,0.0,0.15243768692016602,0.08597087860107422,True,local before background launch and D2H,local after ready ACK,0.15243768692016602,0.12607479095458984,0.12717676162719727
experiments/inferrelay_two_node/results/t1-125m-a-b-01,A-B,0,opt-125m,1,1,768,cpu,1536,float16,15,steady,0.15607547760009766,0.0,0.0,0.0,0.0,0.15607547760009766,0.08765625953674316,True,local before background launch and D2H,local after ready ACK,0.15607547760009766,0.13000082969665527,0.13114595413208008
experiments/inferrelay_two_node/results/t1-125m-a-b-01,A-B,0,opt-125m,1,1,768,cpu,1536,float16,16,steady,0.1461806297302246,0.0,0.0,0.0,0.0,0.1461806297302246,0.09126925468444824,True,local before background launch and D2H,local after ready ACK,0.1461806297302246,0.13039612770080566,0.13141703605651855
experiments/inferrelay_two_node/results/t1-125m-a-b-01,A-B,0,opt-125m,1,1,768,cpu,1536,float16,17,steady,0.15508413314819336,0.0,0.0,0.0,0.0,0.15508413314819336,0.08144211769104004,True,local before background launch and D2H,local after ready ACK,0.15508413314819336,0.12807106971740723,0.12910127639770508
experiments/inferrelay_two_node/results/t1-125m-a-b-01,A-B,0,opt-125m,1,1,768,cpu,1536,float16,18,steady,0.13876104354858398,0.0,0.0,0.0,0.0,0.13876104354858398,0.09137511253356934,True,local before background launch and D2H,local after ready ACK,0.13876104354858398,0.12944793701171875,0.13043212890625
experiments/inferrelay_two_node/results/t1-125m-a-b-01,A-B,0,opt-125m,1,1,768,cpu,1536,float16,19,steady,0.1382126808166504,0.0,0.0,0.0,0.0,0.1382126808166504,0.0934450626373291,True,local before background launch and D2H,local after ready ACK,0.1382126808166504,0.132155179977417,0.1331312656402588
experiments/inferrelay_two_node/results/t1-125m-a-b-01,A-B,0,opt-125m,1,1,768,cpu,1536,float16,20,steady,0.18771123886108398,0.0,0.0,0.0,0.0,0.18771123886108398,0.07851099967956543,True,local before background launch and D2H,local after ready ACK,0.18771123886108398,0.13133001327514648,0.13229584693908691
experiments/inferrelay_two_node/results/t1-125m-a-b-01,A-B,0,opt-125m,1,1,768,cpu,1536,float16,21,steady,0.15961694717407227,0.0,0.0,0.0,0.0,0.15961694717407227,0.09838700294494629,True,local before background launch and D2H,local after ready ACK,0.15961694717407227,0.1366419792175293,0.13758492469787598
experiments/inferrelay_two_node/results/t1-125m-a-b-01,A-B,0,opt-125m,1,1,768,cpu,1536,float16,22,steady,0.14380502700805664,0.0,0.0,0.0,0.0,0.14380502700805664,0.0898888111114502,True,local before background launch and D2H,local after ready ACK,0.14380502700805664,0.134321928024292,0.1353437900543213
experiments/inferrelay_two_node/results/t1-125m-a-b-01,A-B,0,opt-125m,1,1,768,cpu,1536,float16,23,steady,0.15247821807861328,0.0,0.0,0.0,0.0,0.15247821807861328,0.09555602073669434,True,local before background launch and D2H,local after ready ACK,0.15247821807861328,0.1340179443359375,0.13489198684692383
experiments/inferrelay_two_node/results/t1-125m-a-b-01,A-B,1,opt-125m,1,1,768,gpu,1536,float16,0,first_transfer,0.3044247627258301,0.01926399953663349,0.05361604690551758,0.012223999947309494,0.04409480094909668,0.20671391487121582,0.3255760669708252,True,local before background launch and D2H,local after ready ACK,0.3044247627258301,0.348466157913208,0.3982532024383545
experiments/inferrelay_two_node/results/t1-125m-a-b-01,A-B,1,opt-125m,1,1,768,gpu,1536,float16,1,warmup,0.21353578567504883,0.015456000342965126,0.03900766372680664,0.010528000071644783,0.029712915420532227,0.14481520652770996,0.24697303771972656,True,local before background launch and D2H,local after ready ACK,0.21353578567504883,0.25878477096557617,0.29209375381469727
experiments/inferrelay_two_node/results/t1-125m-a-b-01,A-B,1,opt-125m,1,1,768,gpu,1536,float16,2,warmup,0.2014174461364746,0.015104000456631184,0.037100791931152344,0.007679999805986881,0.024272918701171875,0.1400437355041504,0.21272683143615723,True,local before background launch and D2H,local after ready ACK,0.2014174461364746,0.2218620777130127,0.24946117401123047
experiments/inferrelay_two_node/results/t1-125m-a-b-01,A-B,1,opt-125m,1,1,768,gpu,1536,float16,3,warmup,0.1634359359741211,0.00863999966531992,0.02551412582397461,0.007455999962985516,0.023864030838012695,0.11405777931213379,0.12246108055114746,True,local before background launch and D2H,local after ready ACK,0.1634359359741211,0.13107895851135254,0.15820002555847168
experiments/inferrelay_two_node/results/t1-125m-a-b-01,A-B,1,opt-125m,1,1,768,gpu,1536,float16,4,steady,0.1587529182434082,0.007840000092983246,0.023899555206298828,0.00723200011998415,0.02390599250793457,0.1109473705291748,0.12023282051086426,True,local before background launch and D2H,local after ready ACK,0.1587529182434082,0.1281118392944336,0.15509366989135742
experiments/inferrelay_two_node/results/t1-125m-a-b-01,A-B,1,opt-125m,1,1,768,gpu,1536,float16,5,steady,0.1553363800048828,0.006912000011652708,0.022331714630126953,0.006976000033318996,0.023380279541015625,0.10962438583374023,0.11850214004516602,True,local before background launch and D2H,local after ready ACK,0.1553363800048828,0.12646079063415527,0.15294098854064941
experiments/inferrelay_two_node/results/t1-125m-a-b-01,A-B,1,opt-125m,1,1,768,gpu,1536,float16,6,steady,0.1547846794128418,0.007007999811321497,0.02237081527709961,0.007135999854654074,0.022899150848388672,0.10951471328735352,0.11811113357543945,True,local before background launch and D2H,local after ready ACK,0.1547846794128418,0.12615203857421875,0.1520531177520752
experiments/inferrelay_two_node/results/t1-125m-a-b-01,A-B,1,opt-125m,1,1,768,gpu,1536,float16,7,steady,0.1539459228515625,0.006816000211983919,0.021320819854736328,0.00723200011998415,0.023411273956298828,0.10921382904052734,0.12121701240539551,True,local before background launch and D2H,local after ready ACK,0.1539459228515625,0.1291959285736084,0.15566778182983398
experiments/inferrelay_two_node/results/t1-125m-a-b-01,A-B,1,opt-125m,1,1,768,gpu,1536,float16,8,steady,0.1538071632385254,0.006207999773323536,0.02136993408203125,0.007199999876320362,0.023225069046020508,0.10921216011047363,0.11720776557922363,True,local before background launch and D2H,local after ready ACK,0.1538071632385254,0.12503385543823242,0.15134191513061523
experiments/inferrelay_two_node/results/t1-125m-a-b-01,A-B,1,opt-125m,1,1,768,gpu,1536,float16,9,steady,0.15685367584228516,0.006688000168651342,0.021452903747558594,0.006943999789655209,0.023192882537841797,0.11220788955688477,0.12054109573364258,True,local before background launch and D2H,local after ready ACK,0.15685367584228516,0.1285250186920166,0.15491795539855957
experiments/inferrelay_two_node/results/t1-125m-a-b-01,A-B,1,opt-125m,1,1,768,gpu,1536,float16,10,steady,0.1537027359008789,0.00684799998998642,0.022243499755859375,0.006912000011652708,0.022450923919677734,0.1090083122253418,0.12173295021057129,True,local before background launch and D2H,local after ready ACK,0.1537027359008789,0.12923622131347656,0.15477824211120605
experiments/inferrelay_two_node/results/t1-125m-a-b-01,A-B,1,opt-125m,1,1,768,gpu,1536,float16,11,steady,0.15326404571533203,0.00687999976798892,0.021904945373535156,0.007391999941319227,0.02324533462524414,0.10811376571655273,0.11715102195739746,True,local before background launch and D2H,local after ready ACK,0.15326404571533203,0.1248478889465332,0.15121912956237793
experiments/inferrelay_two_node/results/t1-125m-a-b-01,A-B,1,opt-125m,1,1,768,gpu,1536,float16,12,steady,0.15761995315551758,0.006271999794989824,0.026488780975341797,0.007296000141650438,0.02279210090637207,0.10833907127380371,0.12208700180053711,True,local before background launch and D2H,local after ready ACK,0.15761995315551758,0.1296401023864746,0.15550518035888672
experiments/inferrelay_two_node/results/t1-125m-a-b-01,A-B,1,opt-125m,1,1,768,gpu,1536,float16,13,steady,0.15333986282348633,0.006527999881654978,0.021293163299560547,0.006752000190317631,0.022459030151367188,0.1095876693725586,0.11862683296203613,True,local before background launch and D2H,local after ready ACK,0.15333986282348633,0.1257472038269043,0.1512160301208496
experiments/inferrelay_two_node/results/t1-125m-a-b-01,A-B,1,opt-125m,1,1,768,gpu,1536,float16,14,steady,0.15209627151489258,0.006688000168651342,0.021242141723632812,0.007135999854654074,0.022523880004882812,0.10833024978637695,0.12100100517272949,True,local before background launch and D2H,local after ready ACK,0.15209627151489258,0.12855792045593262,0.15405678749084473
experiments/inferrelay_two_node/results/t1-125m-a-b-01,A-B,1,opt-125m,1,1,768,gpu,1536,float16,15,steady,0.15371274948120117,0.006624000146985054,0.021793365478515625,0.007391999941319227,0.023534774780273438,0.10838460922241211,0.12184405326843262,True,local before background launch and D2H,local after ready ACK,0.15371274948120117,0.12965106964111328,0.15620994567871094
experiments/inferrelay_two_node/results/t1-125m-a-b-01,A-B,1,opt-125m,1,1,768,gpu,1536,float16,16,steady,0.1529374122619629,0.00598399993032217,0.02081298828125,0.006943999789655209,0.022878170013427734,0.10924625396728516,0.12030196189880371,True,local before background launch and D2H,local after ready ACK,0.1529374122619629,0.12823104858398438,0.15427207946777344
experiments/inferrelay_two_node/results/t1-125m-a-b-01,A-B,1,opt-125m,1,1,768,gpu,1536,float16,17,steady,0.15306901931762695,0.006463999859988689,0.021024703979492188,0.00723200011998415,0.023296833038330078,0.10874748229980469,0.1157979965209961,True,local before background launch and D2H,local after ready ACK,0.15306901931762695,0.12366318702697754,0.15006709098815918
experiments/inferrelay_two_node/results/t1-125m-a-b-01,A-B,1,opt-125m,1,1,768,gpu,1536,float16,18,steady,0.15741872787475586,0.006688000168651342,0.025577068328857422,0.00687999976798892,0.022480010986328125,0.10936164855957031,0.12316083908081055,True,local before background launch and D2H,local after ready ACK,0.15741872787475586,0.13039898872375488,0.15595102310180664
experiments/inferrelay_two_node/results/t1-125m-a-b-01,A-B,1,opt-125m,1,1,768,gpu,1536,float16,19,steady,0.15220022201538086,0.006719999946653843,0.021148204803466797,0.007199999876320362,0.022452116012573242,0.10859990119934082,0.12045407295227051,True,local before background launch and D2H,local after ready ACK,0.15220022201538086,0.1281578540802002,0.1535649299621582
experiments/inferrelay_two_node/results/t1-125m-a-b-01,A-B,1,opt-125m,1,1,768,gpu,1536,float16,20,steady,0.15248823165893555,0.006144000217318535,0.020837783813476562,0.007071999832987785,0.022822141647338867,0.10882830619812012,0.11986994743347168,True,local before background launch and D2H,local after ready ACK,0.15248823165893555,0.12746596336364746,0.1532759666442871
experiments/inferrelay_two_node/results/t1-125m-a-b-01,A-B,1,opt-125m,1,1,768,gpu,1536,float16,21,steady,0.1525568962097168,0.006752000190317631,0.021173477172851562,0.006783999968320131,0.022630929946899414,0.10875248908996582,0.12006616592407227,True,local before background launch and D2H,local after ready ACK,0.1525568962097168,0.12746381759643555,0.15327000617980957
experiments/inferrelay_two_node/results/t1-125m-a-b-01,A-B,1,opt-125m,1,1,768,gpu,1536,float16,22,steady,0.1528639793395996,0.006752000190317631,0.021652698516845703,0.0071680000983178616,0.02272486686706543,0.10848641395568848,0.11725187301635742,True,local before background launch and D2H,local after ready ACK,0.1528639793395996,0.12491893768310547,0.1507110595703125
experiments/inferrelay_two_node/results/t1-125m-a-b-01,A-B,1,opt-125m,1,1,768,gpu,1536,float16,23,steady,0.15247726440429688,0.006527999881654978,0.02110767364501953,0.0072639998979866505,0.023411989212036133,0.10795760154724121,0.1163032054901123,True,local before background launch and D2H,local after ready ACK,0.15247726440429688,0.12407875061035156,0.1505749225616455
experiments/inferrelay_two_node/results/t1-125m-a-b-01,A-B,2,opt-125m,1,1,768,gpu_h2d,1536,float16,0,first_transfer,0.8361415863037109,0.08787199854850769,0.13855600357055664,0.21052800118923187,0.2886788845062256,0.4089066982269287,0.4882049560546875,True,local before background launch and D2H,local after ready ACK,0.8361415863037109,0.5423228740692139,0.841174840927124
experiments/inferrelay_two_node/results/t1-125m-a-b-01,A-B,2,opt-125m,1,1,768,gpu_h2d,1536,float16,1,warmup,0.7841668128967285,0.015263999812304974,0.08205938339233398,0.0013760000001639128,0.377824068069458,0.3242833614349365,0.40807509422302246,True,local before background launch and D2H,local after ready ACK,0.7841668128967285,0.45708322525024414,0.850222110748291
experiments/inferrelay_two_node/results/t1-125m-a-b-01,A-B,2,opt-125m,1,1,768,gpu_h2d,1536,float16,2,warmup,0.7967681884765625,0.015456000342965126,0.04092693328857422,0.001408000010997057,0.4253368377685547,0.3305044174194336,0.3732903003692627,True,local before background launch and D2H,local after ready ACK,0.7967681884765625,0.42086267471313477,0.8608739376068115
experiments/inferrelay_two_node/results/t1-125m-a-b-01,A-B,2,opt-125m,1,1,768,gpu_h2d,1536,float16,3,warmup,0.8188128471374512,0.015039999969303608,0.08123970031738281,0.0014720000326633453,0.38855504989624023,0.3490180969238281,0.45390892028808594,True,local before background launch and D2H,local after ready ACK,0.8188128471374512,0.48483705520629883,0.8832340240478516
experiments/inferrelay_two_node/results/t1-125m-a-b-01,A-B,2,opt-125m,1,1,768,gpu_h2d,1536,float16,4,steady,0.7702298164367676,0.008767999708652496,0.02797412872314453,0.001408000010997057,0.43060302734375,0.31165266036987305,0.31265687942504883,True,local before background launch and D2H,local after ready ACK,0.7702298164367676,0.34525108337402344,0.7853262424468994
experiments/inferrelay_two_node/results/t1-125m-a-b-01,A-B,2,opt-125m,1,1,768,gpu_h2d,1536,float16,5,steady,0.8565196990966797,0.008191999979317188,0.026500225067138672,0.0013760000001639128,0.546212911605835,0.28380656242370605,0.25613975524902344,True,local before background launch and D2H,local after ready ACK,0.8565196990966797,0.2915680408477783,0.8475279808044434
experiments/inferrelay_two_node/results/t1-125m-a-b-01,A-B,2,opt-125m,1,1,768,gpu_h2d,1536,float16,6,steady,0.7911334037780762,0.008031999692320824,0.026490211486816406,0.0013439999893307686,0.4894089698791504,0.2752342224121094,0.2486121654510498,True,local before background launch and D2H,local after ready ACK,0.7911334037780762,0.2790060043334961,0.7777969837188721
experiments/inferrelay_two_node/results/t1-125m-a-b-01,A-B,2,opt-125m,1,1,768,gpu_h2d,1536,float16,7,steady,0.8234810829162598,0.007615999784320593,0.025078773498535156,0.001408000010997057,0.5644509792327881,0.23395133018493652,0.23566269874572754,True,local before background launch and D2H,local after ready ACK,0.8234810829162598,0.2663919925689697,0.840723991394043
experiments/inferrelay_two_node/results/t1-125m-a-b-01,A-B,2,opt-125m,1,1,768,gpu_h2d,1536,float16,8,steady,0.8588786125183105,0.007807999849319458,0.028007030487060547,0.0013760000001639128,0.6370220184326172,0.1938495635986328,0.16495704650878906,True,local before background launch and D2H,local after ready ACK,0.8588786125183105,0.19571375846862793,0.8424587249755859
experiments/inferrelay_two_node/results/t1-125m-a-b-01,A-B,2,opt-125m,1,1,768,gpu_h2d,1536,float16,9,steady,0.8561081886291504,0.015039999969303608,0.04282569885253906,0.0013760000001639128,0.5412490367889404,0.2720334529876709,0.252471923828125,True,local before background launch and D2H,local after ready ACK,0.8561081886291504,0.2827138900756836,0.8338041305541992
experiments/inferrelay_two_node/results/t1-125m-a-b-01,A-B,2,opt-125m,1,1,768,gpu_h2d,1536,float16,10,steady,0.8583545684814453,0.01548799965530634,0.03917503356933594,0.0013760000001639128,0.4612579345703125,0.3579216003417969,0.3332328796386719,True,local before background launch and D2H,local after ready ACK,0.8583545684814453,0.36356210708618164,0.8345129489898682
experiments/inferrelay_two_node/results/t1-125m-a-b-01,A-B,2,opt-125m,1,1,768,gpu_h2d,1536,float16,11,steady,0.8566532135009766,0.014879999682307243,0.03764629364013672,0.0013760000001639128,0.5416700839996338,0.27733683586120605,0.25339627265930176,True,local before background launch and D2H,local after ready ACK,0.8566532135009766,0.2837817668914795,0.8351428508758545
experiments/inferrelay_two_node/results/t1-125m-a-b-01,A-B,2,opt-125m,1,1,768,gpu_h2d,1536,float16,12,steady,0.8519697189331055,0.014976000413298607,0.03792285919189453,0.0013760000001639128,0.5466039180755615,0.2674429416656494,0.24805903434753418,True,local before background launch and D2H,local after ready ACK,0.8519697189331055,0.2784392833709717,0.8348302841186523
experiments/inferrelay_two_node/results/t1-125m-a-b-01,A-B,2,opt-125m,1,1,768,gpu_h2d,1536,float16,13,steady,0.8435921669006348,0.015135999768972397,0.13343477249145508,0.0013760000001639128,0.4411020278930664,0.2690553665161133,0.3529939651489258,True,local before background launch and D2H,local after ready ACK,0.8435921669006348,0.3835868835449219,0.8344318866729736
experiments/inferrelay_two_node/results/t1-125m-a-b-01,A-B,2,opt-125m,1,1,768,gpu_h2d,1536,float16,14,steady,0.8008499145507812,0.011359999887645245,0.033013343811035156,0.0013760000001639128,0.5126030445098877,0.2552335262298584,0.17565584182739258,True,local before background launch and D2H,local after ready ACK,0.8008499145507812,0.20601296424865723,0.7281079292297363
experiments/inferrelay_two_node/results/t1-125m-a-b-01,A-B,2,opt-125m,1,1,768,gpu_h2d,1536,float16,15,steady,0.7075319290161133,0.015200000256299973,0.1540217399597168,0.001408000010997057,0.2671780586242676,0.2863321304321289,0.362900972366333,True,local before background launch and D2H,local after ready ACK,0.7075319290161133,0.39467787742614746,0.6925089359283447
experiments/inferrelay_two_node/results/t1-125m-a-b-01,A-B,2,opt-125m,1,1,768,gpu_h2d,1536,float16,16,steady,0.6941032409667969,0.01484800036996603,0.03787565231323242,0.0013760000001639128,0.277451753616333,0.37877583503723145,0.3487679958343506,True,local before background launch and D2H,local after ready ACK,0.6941032409667969,0.37444067001342773,0.6803538799285889
experiments/inferrelay_two_node/results/t1-125m-a-b-01,A-B,2,opt-125m,1,1,768,gpu_h2d,1536,float16,17,steady,0.6996526718139648,0.014655999839305878,0.03741931915283203,0.0013760000001639128,0.38276004791259766,0.27947330474853516,0.24564290046691895,True,local before background launch and D2H,local after ready ACK,0.6996526718139648,0.27685093879699707,0.6869239807128906
experiments/inferrelay_two_node/results/t1-125m-a-b-01,A-B,2,opt-125m,1,1,768,gpu_h2d,1536,float16,18,steady,0.6762819290161133,0.009664000011980534,0.030848979949951172,0.0015040000434964895,0.4438021183013916,0.2016308307647705,0.18119382858276367,True,local before background launch and D2H,local after ready ACK,0.6762819290161133,0.20736122131347656,0.6617999076843262
experiments/inferrelay_two_node/results/t1-125m-a-b-01,A-B,2,opt-125m,1,1,768,gpu_h2d,1536,float16,19,steady,0.7002773284912109,0.008511999621987343,0.027078628540039062,0.001408000010997057,0.458172082901001,0.2150266170501709,0.16593384742736816,True,local before background launch and D2H,local after ready ACK,0.7002773284912109,0.19791913032531738,0.6839239597320557
experiments/inferrelay_two_node/results/t1-125m-a-b-01,A-B,2,opt-125m,1,1,768,gpu_h2d,1536,float16,20,steady,0.6810903549194336,0.0077760000713169575,0.025535106658935547,0.001567999948747456,0.46594786643981934,0.1896073818206787,0.15755701065063477,True,local before background launch and D2H,local after ready ACK,0.6810903549194336,0.18866610527038574,0.665351152420044
experiments/inferrelay_two_node/results/t1-125m-a-b-01,A-B,2,opt-125m,1,1,768,gpu_h2d,1536,float16,21,steady,0.674278736114502,0.007903999648988247,0.02527761459350586,0.0013760000001639128,0.4579000473022461,0.19110107421875,0.16431307792663574,True,local before background launch and D2H,local after ready ACK,0.674278736114502,0.19033598899841309,0.659588098526001
experiments/inferrelay_two_node/results/t1-125m-a-b-01,A-B,2,opt-125m,1,1,768,gpu_h2d,1536,float16,22,steady,0.6857872009277344,0.008352000266313553,0.026037216186523438,0.0015360000543296337,0.4711019992828369,0.18864798545837402,0.15598297119140625,True,local before background launch and D2H,local after ready ACK,0.6857872009277344,0.18767976760864258,0.670198917388916
experiments/inferrelay_two_node/results/t1-125m-a-b-01,A-B,2,opt-125m,1,1,768,gpu_h2d,1536,float16,23,steady,0.6674532890319824,0.007679999805986881,0.025164127349853516,0.0014400000218302011,0.5155620574951172,0.12672710418701172,0.11263298988342285,True,local before background launch and D2H,local after ready ACK,0.6674532890319824,0.13829994201660156,0.6587009429931641
experiments/inferrelay_two_node/results/t1-125m-a-b-01,A-B,3,opt-125m,1,1,768,gpu_compute,1536,float16,0,first_transfer,0.42643117904663086,0.016287999227643013,0.04111194610595703,0.01711999997496605,0.05794095993041992,0.3273782730102539,0.4713320732116699,True,local before background launch and D2H,local after ready ACK,0.42643117904663086,0.5253849029541016,0.591987133026123
experiments/inferrelay_two_node/results/t1-125m-a-b-01,A-B,3,opt-125m,1,1,768,gpu_compute,1536,float16,1,warmup,0.5484910011291504,0.11932799965143204,0.17166852951049805,0.018400000408291817,0.06991791725158691,0.30690455436706543,0.44800686836242676,True,local before background launch and D2H,local after ready ACK,0.5484910011291504,0.4807140827178955,0.5616819858551025
experiments/inferrelay_two_node/results/t1-125m-a-b-01,A-B,3,opt-125m,1,1,768,gpu_compute,1536,float16,2,warmup,0.45973873138427734,0.06726399809122086,0.13978958129882812,0.017184000462293625,0.05792975425720215,0.26201939582824707,0.3403208255767822,True,local before background launch and D2H,local after ready ACK,0.45973873138427734,0.37343311309814453,0.43999290466308594
experiments/inferrelay_two_node/results/t1-125m-a-b-01,A-B,3,opt-125m,1,1,768,gpu_compute,1536,float16,3,warmup,0.3060421943664551,0.03404799848794937,0.1040191650390625,0.009535999968647957,0.029918909072875977,0.1721041202545166,0.23859095573425293,True,local before background launch and D2H,local after ready ACK,0.3060421943664551,0.25487208366394043,0.2886791229248047
experiments/inferrelay_two_node/results/t1-125m-a-b-01,A-B,3,opt-125m,1,1,768,gpu_compute,1536,float16,4,steady,0.33194446563720703,0.03526400029659271,0.10494804382324219,0.015168000012636185,0.05338907241821289,0.17360734939575195,0.2637202739715576,True,local before background launch and D2H,local after ready ACK,0.33194446563720703,0.276231050491333,0.334028959274292
experiments/inferrelay_two_node/results/t1-125m-a-b-01,A-B,3,opt-125m,1,1,768,gpu_compute,1536,float16,5,steady,0.3062858581542969,0.02521600015461445,0.1009664535522461,0.011872000060975552,0.032958984375,0.17236042022705078,0.24563097953796387,True,local before background launch and D2H,local after ready ACK,0.3062858581542969,0.2589249610900879,0.29605984687805176
experiments/inferrelay_two_node/results/t1-125m-a-b-01,A-B,3,opt-125m,1,1,768,gpu_compute,1536,float16,6,steady,0.3012094497680664,0.03331200033426285,0.10162162780761719,0.009631999768316746,0.030436992645263672,0.16915082931518555,0.24009108543395996,True,local before background launch and D2H,local after ready ACK,0.3012094497680664,0.2528390884399414,0.29044318199157715
experiments/inferrelay_two_node/results/t1-125m-a-b-01,A-B,3,opt-125m,1,1,768,gpu_compute,1536,float16,7,steady,0.4632081985473633,0.02940800040960312,0.0953059196472168,0.03388800099492073,0.13172602653503418,0.2361762523651123,0.26152706146240234,True,local before background launch and D2H,local after ready ACK,0.4632081985473633,0.2743680477142334,0.431469202041626
experiments/inferrelay_two_node/results/t1-125m-a-b-01,A-B,3,opt-125m,1,1,768,gpu_compute,1536,float16,8,steady,0.5403337478637695,0.028863999992609024,0.10158777236938477,0.039135999977588654,0.08829879760742188,0.3504471778869629,0.283829927444458,True,local before background launch and D2H,local after ready ACK,0.5403337478637695,0.3188362121582031,0.46525096893310547
experiments/inferrelay_two_node/results/t1-125m-a-b-01,A-B,3,opt-125m,1,1,768,gpu_compute,1536,float16,9,steady,0.5018000602722168,0.027712000533938408,0.15192127227783203,0.03468799963593483,0.09216690063476562,0.25771188735961914,0.33174586296081543,True,local before background launch and D2H,local after ready ACK,0.5018000602722168,0.36444592475891113,0.4742279052734375
experiments/inferrelay_two_node/results/t1-125m-a-b-01,A-B,3,opt-125m,1,1,768,gpu_compute,1536,float16,10,steady,0.3455491065979004,0.025599999353289604,0.07526969909667969,0.03267199918627739,0.0791480541229248,0.1911313533782959,0.24771404266357422,True,local before background launch and D2H,local after ready ACK,0.3455491065979004,0.27995991706848145,0.3762857913970947
experiments/inferrelay_two_node/results/t1-125m-a-b-01,A-B,3,opt-125m,1,1,768,gpu_compute,1536,float16,11,steady,0.3246746063232422,0.037087999284267426,0.05757427215576172,0.025248000398278236,0.07110309600830078,0.1959972381591797,0.18616676330566406,True,local before background launch and D2H,local after ready ACK,0.3246746063232422,0.21752619743347168,0.3018791675567627
experiments/inferrelay_two_node/results/t1-125m-a-b-01,A-B,3,opt-125m,1,1,768,gpu_compute,1536,float16,12,steady,0.33720922470092773,0.03519999980926514,0.054537296295166016,0.048576001077890396,0.11665701866149902,0.1660149097442627,0.1413741111755371,True,local before background launch and D2H,local after ready ACK,0.33720922470092773,0.1724839210510254,0.3086409568786621
experiments/inferrelay_two_node/results/t1-125m-a-b-01,A-B,3,opt-125m,1,1,768,gpu_compute,1536,float16,13,steady,0.3280758857727051,0.03654399886727333,0.055501461029052734,0.049375999718904495,0.11475086212158203,0.1578235626220703,0.14153504371643066,True,local before background launch and D2H,local after ready ACK,0.3280758857727051,0.1726241111755371,0.30417680740356445
experiments/inferrelay_two_node/results/t1-125m-a-b-01,A-B,3,opt-125m,1,1,768,gpu_compute,1536,float16,14,steady,0.36706113815307617,0.03731200098991394,0.05640745162963867,0.025280000641942024,0.11748003959655762,0.19317364692687988,0.1439511775970459,True,local before background launch and D2H,local after ready ACK,0.36706113815307617,0.17545700073242188,0.3145608901977539
experiments/inferrelay_two_node/results/t1-125m-a-b-01,A-B,3,opt-125m,1,1,768,gpu_compute,1536,float16,15,steady,0.32034921646118164,0.0363520011305809,0.05507516860961914,0.02518399991095066,0.07115292549133301,0.1941211223602295,0.18025493621826172,True,local before background launch and D2H,local after ready ACK,0.32034921646118164,0.21150493621826172,0.29929113388061523
experiments/inferrelay_two_node/results/t1-125m-a-b-01,A-B,3,opt-125m,1,1,768,gpu_compute,1536,float16,16,steady,0.3339977264404297,0.03551999852061272,0.05470705032348633,0.026976000517606735,0.1188809871673584,0.16040968894958496,0.14836597442626953,True,local before background launch and D2H,local after ready ACK,0.3339977264404297,0.1790790557861328,0.3132209777832031
experiments/inferrelay_two_node/results/t1-125m-a-b-01,A-B,3,opt-125m,1,1,768,gpu_compute,1536,float16,17,steady,0.32781410217285156,0.03859199956059456,0.05845928192138672,0.024288000538945198,0.10201191902160645,0.1673429012298584,0.15628933906555176,True,local before background launch and D2H,local after ready ACK,0.32781410217285156,0.1872692108154297,0.3024730682373047
experiments/inferrelay_two_node/results/t1-125m-a-b-01,A-B,3,opt-125m,1,1,768,gpu_compute,1536,float16,18,steady,0.31911325454711914,0.037151999771595,0.05573749542236328,0.05817599967122078,0.11068606376647949,0.15268969535827637,0.13878893852233887,True,local before background launch and D2H,local after ready ACK,0.31911325454711914,0.16990923881530762,0.29854893684387207
experiments/inferrelay_two_node/results/t1-125m-a-b-01,A-B,3,opt-125m,1,1,768,gpu_compute,1536,float16,19,steady,0.3132648468017578,0.03577600046992302,0.05428314208984375,0.02800000086426735,0.10664010047912598,0.15234160423278809,0.13873791694641113,True,local before background launch and D2H,local after ready ACK,0.3132648468017578,0.16971492767333984,0.2933988571166992
experiments/inferrelay_two_node/results/t1-125m-a-b-01,A-B,3,opt-125m,1,1,768,gpu_compute,1536,float16,20,steady,0.3384990692138672,0.036607999354600906,0.05553102493286133,0.024288000538945198,0.1128392219543457,0.17012882232666016,0.14489388465881348,True,local before background launch and D2H,local after ready ACK,0.3384990692138672,0.17558693885803223,0.30896902084350586
experiments/inferrelay_two_node/results/t1-125m-a-b-01,A-B,3,opt-125m,1,1,768,gpu_compute,1536,float16,21,steady,0.32146263122558594,0.036896001547575,0.05659008026123047,0.02502400055527687,0.11350202560424805,0.15137052536010742,0.14539885520935059,True,local before background launch and D2H,local after ready ACK,0.32146263122558594,0.17635703086853027,0.3052029609680176
experiments/inferrelay_two_node/results/t1-125m-a-b-01,A-B,3,opt-125m,1,1,768,gpu_compute,1536,float16,22,steady,0.32802391052246094,0.03699199855327606,0.05546903610229492,0.02627200074493885,0.10341930389404297,0.16913557052612305,0.1545567512512207,True,local before background launch and D2H,local after ready ACK,0.32802391052246094,0.1853489875793457,0.30516481399536133
experiments/inferrelay_two_node/results/t1-125m-a-b-01,A-B,3,opt-125m,1,1,768,gpu_compute,1536,float16,23,steady,0.32927703857421875,0.036031998693943024,0.05508899688720703,0.024480000138282776,0.1116173267364502,0.16257071495056152,0.1415269374847412,True,local before background launch and D2H,local after ready ACK,0.32927703857421875,0.1724543571472168,0.30129218101501465
experiments/inferrelay_two_node/results/t1-125m-a-b-01,A-B,4,opt-125m,1,32,768,cpu,49152,float16,0,first_transfer,0.8699798583984375,0.0,0.0,0.0,0.0,0.8699798583984375,0.9104478359222412,True,local before background launch and D2H,local after ready ACK,0.8699798583984375,0.9514319896697998,0.9520778656005859
experiments/inferrelay_two_node/results/t1-125m-a-b-01,A-B,4,opt-125m,1,32,768,cpu,49152,float16,1,warmup,0.38065481185913086,0.0,0.0,0.0,0.0,0.38065481185913086,0.3275580406188965,True,local before background launch and D2H,local after ready ACK,0.38065481185913086,0.3553500175476074,0.3559589385986328
experiments/inferrelay_two_node/results/t1-125m-a-b-01,A-B,4,opt-125m,1,32,768,cpu,49152,float16,2,warmup,0.3522348403930664,0.0,0.0,0.0,0.0,0.3522348403930664,0.33275508880615234,True,local before background launch and D2H,local after ready ACK,0.3522348403930664,0.35667872428894043,0.356914758682251
experiments/inferrelay_two_node/results/t1-125m-a-b-01,A-B,4,opt-125m,1,32,768,cpu,49152,float16,3,warmup,0.3445100784301758,0.0,0.0,0.0,0.0,0.3445100784301758,0.3417520523071289,True,local before background launch and D2H,local after ready ACK,0.3445100784301758,0.3519878387451172,0.35219788551330566
experiments/inferrelay_two_node/results/t1-125m-a-b-01,A-B,4,opt-125m,1,32,768,cpu,49152,float16,4,steady,0.3419060707092285,0.0,0.0,0.0,0.0,0.3419060707092285,0.3501431941986084,True,local before background launch and D2H,local after ready ACK,0.3419060707092285,0.3589060306549072,0.3591139316558838
experiments/inferrelay_two_node/results/t1-125m-a-b-01,A-B,4,opt-125m,1,32,768,cpu,49152,float16,5,steady,0.29103946685791016,0.0,0.0,0.0,0.0,0.29103946685791016,0.29347896575927734,True,local before background launch and D2H,local after ready ACK,0.29103946685791016,0.301555871963501,0.3017699718475342
experiments/inferrelay_two_node/results/t1-125m-a-b-01,A-B,4,opt-125m,1,32,768,cpu,49152,float16,6,steady,0.26490163803100586,0.0,0.0,0.0,0.0,0.26490163803100586,0.2707972526550293,True,local before background launch and D2H,local after ready ACK,0.26490163803100586,0.2789750099182129,0.27918100357055664
experiments/inferrelay_two_node/results/t1-125m-a-b-01,A-B,4,opt-125m,1,32,768,cpu,49152,float16,7,steady,0.26687097549438477,0.0,0.0,0.0,0.0,0.26687097549438477,0.2743110656738281,True,local before background launch and D2H,local after ready ACK,0.26687097549438477,0.28182315826416016,0.2820460796356201
experiments/inferrelay_two_node/results/t1-125m-a-b-01,A-B,4,opt-125m,1,32,768,cpu,49152,float16,8,steady,0.2658681869506836,0.0,0.0,0.0,0.0,0.2658681869506836,0.27052879333496094,True,local before background launch and D2H,local after ready ACK,0.2658681869506836,0.2782857418060303,0.2784731388092041
experiments/inferrelay_two_node/results/t1-125m-a-b-01,A-B,4,opt-125m,1,32,768,cpu,49152,float16,9,steady,0.2638082504272461,0.0,0.0,0.0,0.0,0.2638082504272461,0.27201175689697266,True,local before background launch and D2H,local after ready ACK,0.2638082504272461,0.27989888191223145,0.2801029682159424
experiments/inferrelay_two_node/results/t1-125m-a-b-01,A-B,4,opt-125m,1,32,768,cpu,49152,float16,10,steady,0.2681312561035156,0.0,0.0,0.0,0.0,0.2681312561035156,0.273989200592041,True,local before background launch and D2H,local after ready ACK,0.2681312561035156,0.2816331386566162,0.2818272113800049
experiments/inferrelay_two_node/results/t1-125m-a-b-01,A-B,4,opt-125m,1,32,768,cpu,49152,float16,11,steady,0.27144622802734375,0.0,0.0,0.0,0.0,0.27144622802734375,0.2694859504699707,True,local before background launch and D2H,local after ready ACK,0.27144622802734375,0.27715182304382324,0.2773430347442627
experiments/inferrelay_two_node/results/t1-125m-a-b-01,A-B,4,opt-125m,1,32,768,cpu,49152,float16,12,steady,0.2658848762512207,0.0,0.0,0.0,0.0,0.2658848762512207,0.268996000289917,True,local before background launch and D2H,local after ready ACK,0.2658848762512207,0.27660584449768066,0.2767958641052246
experiments/inferrelay_two_node/results/t1-125m-a-b-01,A-B,4,opt-125m,1,32,768,cpu,49152,float16,13,steady,0.26810359954833984,0.0,0.0,0.0,0.0,0.26810359954833984,0.27217912673950195,True,local before background launch and D2H,local after ready ACK,0.26810359954833984,0.2795288562774658,0.2797210216522217
experiments/inferrelay_two_node/results/t1-125m-a-b-01,A-B,4,opt-125m,1,32,768,cpu,49152,float16,14,steady,0.26299524307250977,0.0,0.0,0.0,0.0,0.26299524307250977,0.26729393005371094,True,local before background launch and D2H,local after ready ACK,0.26299524307250977,0.2743978500366211,0.274594783782959
experiments/inferrelay_two_node/results/t1-125m-a-b-01,A-B,4,opt-125m,1,32,768,cpu,49152,float16,15,steady,0.2692899703979492,0.0,0.0,0.0,0.0,0.2692899703979492,0.2716538906097412,True,local before background launch and D2H,local after ready ACK,0.2692899703979492,0.2791109085083008,0.2792987823486328
experiments/inferrelay_two_node/results/t1-125m-a-b-01,A-B,4,opt-125m,1,32,768,cpu,49152,float16,16,steady,0.26943063735961914,0.0,0.0,0.0,0.0,0.26943063735961914,0.27248191833496094,True,local before background launch and D2H,local after ready ACK,0.26943063735961914,0.2797558307647705,0.2799417972564697
experiments/inferrelay_two_node/results/t1-125m-a-b-01,A-B,4,opt-125m,1,32,768,cpu,49152,float16,17,steady,0.26839447021484375,0.0,0.0,0.0,0.0,0.26839447021484375,0.2743208408355713,True,local before background launch and D2H,local after ready ACK,0.26839447021484375,0.2817690372467041,0.28196001052856445
experiments/inferrelay_two_node/results/t1-125m-a-b-01,A-B,4,opt-125m,1,32,768,cpu,49152,float16,18,steady,0.2691941261291504,0.0,0.0,0.0,0.0,0.2691941261291504,0.27665185928344727,True,local before background launch and D2H,local after ready ACK,0.2691941261291504,0.28435206413269043,0.2845640182495117
experiments/inferrelay_two_node/results/t1-125m-a-b-01,A-B,4,opt-125m,1,32,768,cpu,49152,float16,19,steady,0.27371978759765625,0.0,0.0,0.0,0.0,0.27371978759765625,0.27651500701904297,True,local before background launch and D2H,local after ready ACK,0.27371978759765625,0.2841768264770508,0.2843649387359619
experiments/inferrelay_two_node/results/t1-125m-a-b-01,A-B,4,opt-125m,1,32,768,cpu,49152,float16,20,steady,0.2893352508544922,0.0,0.0,0.0,0.0,0.2893352508544922,0.27946019172668457,True,local before background launch and D2H,local after ready ACK,0.2893352508544922,0.2874138355255127,0.28761887550354004
experiments/inferrelay_two_node/results/t1-125m-a-b-01,A-B,4,opt-125m,1,32,768,cpu,49152,float16,21,steady,0.27413034439086914,0.0,0.0,0.0,0.0,0.27413034439086914,0.27704811096191406,True,local before background launch and D2H,local after ready ACK,0.27413034439086914,0.28465890884399414,0.2848668098449707
experiments/inferrelay_two_node/results/t1-125m-a-b-01,A-B,4,opt-125m,1,32,768,cpu,49152,float16,22,steady,0.27373504638671875,0.0,0.0,0.0,0.0,0.27373504638671875,0.2756829261779785,True,local before background launch and D2H,local after ready ACK,0.27373504638671875,0.28408002853393555,0.28431105613708496
experiments/inferrelay_two_node/results/t1-125m-a-b-01,A-B,4,opt-125m,1,32,768,cpu,49152,float16,23,steady,0.2783479690551758,0.0,0.0,0.0,0.0,0.2783479690551758,0.2810232639312744,True,local before background launch and D2H,local after ready ACK,0.2783479690551758,0.2889688014984131,0.2891969680786133
experiments/inferrelay_two_node/results/t1-125m-a-b-01,A-B,5,opt-125m,1,32,768,gpu,49152,float16,0,first_transfer,0.5854339599609375,0.020927999168634415,0.05584573745727539,0.013376000337302685,0.045500993728637695,0.4840872287750244,0.5601789951324463,True,local before background launch and D2H,local after ready ACK,0.5854339599609375,0.5834019184112549,0.6344168186187744
experiments/inferrelay_two_node/results/t1-125m-a-b-01,A-B,5,opt-125m,1,32,768,gpu,49152,float16,1,warmup,0.39258384704589844,0.016831999644637108,0.04072713851928711,0.010847999714314938,0.031455039978027344,0.320401668548584,0.396273136138916,True,local before background launch and D2H,local after ready ACK,0.39258384704589844,0.405731201171875,0.4408841133117676
experiments/inferrelay_two_node/results/t1-125m-a-b-01,A-B,5,opt-125m,1,32,768,gpu,49152,float16,2,warmup,0.38571929931640625,0.016831999644637108,0.03940296173095703,0.009568000212311745,0.026406049728393555,0.31991028785705566,0.38976621627807617,True,local before background launch and D2H,local after ready ACK,0.38571929931640625,0.403641939163208,0.43348073959350586
experiments/inferrelay_two_node/results/t1-125m-a-b-01,A-B,5,opt-125m,1,32,768,gpu,49152,float16,3,warmup,0.34036874771118164,0.008832000195980072,0.02611541748046875,0.007584000006318092,0.024261951446533203,0.2899913787841797,0.29932689666748047,True,local before background launch and D2H,local after ready ACK,0.34036874771118164,0.30787110328674316,0.335468053817749
experiments/inferrelay_two_node/results/t1-125m-a-b-01,A-B,5,opt-125m,1,32,768,gpu,49152,float16,4,steady,0.3367581367492676,0.009824000298976898,0.027843475341796875,0.007007999811321497,0.02403092384338379,0.2848837375640869,0.29967689514160156,True,local before background launch and D2H,local after ready ACK,0.3367581367492676,0.30817508697509766,0.33544397354125977
experiments/inferrelay_two_node/results/t1-125m-a-b-01,A-B,5,opt-125m,1,32,768,gpu,49152,float16,5,steady,0.336362361907959,0.006783999968320131,0.021965503692626953,0.007327999919652939,0.023819923400878906,0.2905769348144531,0.2966499328613281,True,local before background launch and D2H,local after ready ACK,0.336362361907959,0.3048741817474365,0.33186888694763184
experiments/inferrelay_two_node/results/t1-125m-a-b-01,A-B,5,opt-125m,1,32,768,gpu,49152,float16,6,steady,0.3325371742248535,0.007391999941319227,0.022260665893554688,0.007807999849319458,0.02446269989013672,0.2858138084411621,0.2951211929321289,True,local before background launch and D2H,local after ready ACK,0.3325371742248535,0.30300021171569824,0.3306460380554199
experiments/inferrelay_two_node/results/t1-125m-a-b-01,A-B,5,opt-125m,1,32,768,gpu,49152,float16,7,steady,0.33057308197021484,0.006688000168651342,0.021743297576904297,0.00723200011998415,0.02374410629272461,0.28508567810058594,0.29074883460998535,True,local before background launch and D2H,local after ready ACK,0.33057308197021484,0.2996678352355957,0.3266258239746094
experiments/inferrelay_two_node/results/t1-125m-a-b-01,A-B,5,opt-125m,1,32,768,gpu,49152,float16,8,steady,0.3363528251647949,0.006688000168651342,0.02200460433959961,0.00854399986565113,0.026098012924194336,0.288250207901001,0.2955131530761719,True,local before background launch and D2H,local after ready ACK,0.3363528251647949,0.3038358688354492,0.3331317901611328
experiments/inferrelay_two_node/results/t1-125m-a-b-01,A-B,5,opt-125m,1,32,768,gpu,49152,float16,9,steady,0.3258938789367676,0.00684799998998642,0.021641254425048828,0.006976000033318996,0.023049116134643555,0.2812035083770752,0.2913818359375,True,local before background launch and D2H,local after ready ACK,0.3258938789367676,0.2991788387298584,0.3258402347564697
experiments/inferrelay_two_node/results/t1-125m-a-b-01,A-B,5,opt-125m,1,32,768,gpu,49152,float16,10,steady,0.3454008102416992,0.007360000163316727,0.022437095642089844,0.00723200011998415,0.02311420440673828,0.2998495101928711,0.30797910690307617,True,local before background launch and D2H,local after ready ACK,0.3454008102416992,0.3157339096069336,0.3419778347015381
experiments/inferrelay_two_node/results/t1-125m-a-b-01,A-B,5,opt-125m,1,32,768,gpu,49152,float16,11,steady,0.32426023483276367,0.006496000103652477,0.021678924560546875,0.006624000146985054,0.022261857986450195,0.2803194522857666,0.2877061367034912,True,local before background launch and D2H,local after ready ACK,0.32426023483276367,0.2956252098083496,0.321120023727417
experiments/inferrelay_two_node/results/t1-125m-a-b-01,A-B,5,opt-125m,1,32,768,gpu,49152,float16,12,steady,0.3281874656677246,0.006719999946653843,0.02165508270263672,0.006752000190317631,0.02315807342529297,0.2833743095397949,0.2919487953186035,True,local before background launch and D2H,local after ready ACK,0.3281874656677246,0.2994270324707031,0.32585787773132324
experiments/inferrelay_two_node/results/t1-125m-a-b-01,A-B,5,opt-125m,1,32,768,gpu,49152,float16,13,steady,0.3265371322631836,0.0066559999249875546,0.02179718017578125,0.00684799998998642,0.022118091583251953,0.2826218605041504,0.2908768653869629,True,local before background launch and D2H,local after ready ACK,0.3265371322631836,0.29840993881225586,0.3237431049346924
experiments/inferrelay_two_node/results/t1-125m-a-b-01,A-B,5,opt-125m,1,32,768,gpu,49152,float16,14,steady,0.3359231948852539,0.007455999962985516,0.022442340850830078,0.011807999573647976,0.027664899826049805,0.285815954208374,0.29885101318359375,True,local before background launch and D2H,local after ready ACK,0.3359231948852539,0.30678224563598633,0.33768415451049805
experiments/inferrelay_two_node/results/t1-125m-a-b-01,A-B,5,opt-125m,1,32,768,gpu,49152,float16,15,steady,0.3336939811706543,0.006399999838322401,0.021258831024169922,0.006719999946653843,0.02263498306274414,0.28980016708374023,0.30071401596069336,True,local before background launch and D2H,local after ready ACK,0.3336939811706543,0.3084530830383301,0.3342299461364746
experiments/inferrelay_two_node/results/t1-125m-a-b-01,A-B,5,opt-125m,1,32,768,gpu,49152,float16,16,steady,0.32842111587524414,0.006432000081986189,0.021406173706054688,0.006783999968320131,0.02253270149230957,0.2844822406768799,0.2913930416107178,True,local before background launch and D2H,local after ready ACK,0.32842111587524414,0.29944872856140137,0.3253047466278076
experiments/inferrelay_two_node/results/t1-125m-a-b-01,A-B,5,opt-125m,1,32,768,gpu,49152,float16,17,steady,0.33099842071533203,0.006304000038653612,0.020902156829833984,0.006816000211983919,0.027386903762817383,0.28270936012268066,0.28821420669555664,True,local before background launch and D2H,local after ready ACK,0.33099842071533203,0.2959001064300537,0.32645225524902344
experiments/inferrelay_two_node/results/t1-125m-a-b-01,A-B,5,opt-125m,1,32,768,gpu,49152,float16,18,steady,0.3286714553833008,0.00774399982765317,0.022417068481445312,0.007135999854654074,0.022695064544677734,0.28355932235717773,0.29225707054138184,True,local before background launch and D2H,local after ready ACK,0.3286714553833008,0.3000147342681885,0.3257777690887451
experiments/inferrelay_two_node/results/t1-125m-a-b-01,A-B,5,opt-125m,1,32,768,gpu,49152,float16,19,steady,0.3279261589050293,0.006624000146985054,0.0213623046875,0.00684799998998642,0.02261805534362793,0.28394579887390137,0.2912719249725342,True,local before background launch and D2H,local after ready ACK,0.3279261589050293,0.2987689971923828,0.32459068298339844
experiments/inferrelay_two_node/results/t1-125m-a-b-01,A-B,5,opt-125m,1,32,768,gpu,49152,float16,20,steady,0.32570981979370117,0.006271999794989824,0.02093648910522461,0.006560000125318766,0.022276878356933594,0.28249645233154297,0.2942168712615967,True,local before background launch and D2H,local after ready ACK,0.32570981979370117,0.3017458915710449,0.32704997062683105
experiments/inferrelay_two_node/results/t1-125m-a-b-01,A-B,5,opt-125m,1,32,768,gpu,49152,float16,21,steady,0.324556827545166,0.006591999903321266,0.021776199340820312,0.006752000190317631,0.022192001342773438,0.28058862686157227,0.28786277770996094,True,local before background launch and D2H,local after ready ACK,0.324556827545166,0.2956080436706543,0.3208200931549072
experiments/inferrelay_two_node/results/t1-125m-a-b-01,A-B,5,opt-125m,1,32,768,gpu,49152,float16,22,steady,0.3270225524902344,0.007327999919652939,0.02234029769897461,0.007296000141650438,0.02320408821105957,0.2814781665802002,0.29129600524902344,True,local before background launch and D2H,local after ready ACK,0.3270225524902344,0.29927492141723633,0.32558465003967285
experiments/inferrelay_two_node/results/t1-125m-a-b-01,A-B,5,opt-125m,1,32,768,gpu,49152,float16,23,steady,0.330690860748291,0.007040000054985285,0.022871971130371094,0.006752000190317631,0.022408008575439453,0.28541088104248047,0.2952859401702881,True,local before background launch and D2H,local after ready ACK,0.330690860748291,0.3032658100128174,0.32877683639526367
experiments/inferrelay_two_node/results/t1-125m-a-b-01,A-B,6,opt-125m,1,32,768,gpu_h2d,49152,float16,0,first_transfer,0.8748846054077148,0.09875199943780899,0.1382427215576172,0.17766399681568146,0.23373889923095703,0.5029029846191406,0.5092349052429199,True,local before background launch and D2H,local after ready ACK,0.8748846054077148,0.5651071071624756,0.8093569278717041
experiments/inferrelay_two_node/results/t1-125m-a-b-01,A-B,6,opt-125m,1,32,768,gpu_h2d,49152,float16,1,warmup,0.6273360252380371,0.015552000142633915,0.03834056854248047,0.003263999940827489,0.07285213470458984,0.5161433219909668,0.5966358184814453,True,local before background launch and D2H,local after ready ACK,0.6273360252380371,0.6184930801391602,0.696281909942627
experiments/inferrelay_two_node/results/t1-125m-a-b-01,A-B,6,opt-125m,1,32,768,gpu_h2d,49152,float16,2,warmup,0.7220749855041504,0.015039999969303608,0.03825712203979492,0.0033279999624937773,0.2180790901184082,0.46573877334594727,0.4917922019958496,True,local before background launch and D2H,local after ready ACK,0.7220749855041504,0.5093889236450195,0.7322630882263184
experiments/inferrelay_two_node/results/t1-125m-a-b-01,A-B,6,opt-125m,1,32,768,gpu_h2d,49152,float16,3,warmup,0.782742977142334,0.015456000342965126,0.03803682327270508,0.0033279999624937773,0.25208210945129395,0.49262404441833496,0.4545271396636963,True,local before background launch and D2H,local after ready ACK,0.782742977142334,0.5002400875091553,0.7669050693511963
experiments/inferrelay_two_node/results/t1-125m-a-b-01,A-B,6,opt-125m,1,32,768,gpu_h2d,49152,float16,4,steady,0.751716136932373,0.014783999882638454,0.03769683837890625,0.0033599999733269215,0.3259117603302002,0.3881075382232666,0.3832259178161621,True,local before background launch and D2H,local after ready ACK,0.751716136932373,0.40782594680786133,0.742919921875
experiments/inferrelay_two_node/results/t1-125m-a-b-01,A-B,6,opt-125m,1,32,768,gpu_h2d,49152,float16,5,steady,0.751683235168457,0.015424000099301338,0.03813600540161133,0.0033599999733269215,0.3207881450653076,0.3927590847015381,0.3903031349182129,True,local before background launch and D2H,local after ready ACK,0.751683235168457,0.4099128246307373,0.7357218265533447
experiments/inferrelay_two_node/results/t1-125m-a-b-01,A-B,6,opt-125m,1,32,768,gpu_h2d,49152,float16,6,steady,0.7367033958435059,0.015104000456631184,0.037676334381103516,0.0033279999624937773,0.3238668441772461,0.37516021728515625,0.38556766510009766,True,local before background launch and D2H,local after ready ACK,0.7367033958435059,0.4031829833984375,0.7316110134124756
experiments/inferrelay_two_node/results/t1-125m-a-b-01,A-B,6,opt-125m,1,32,768,gpu_h2d,49152,float16,7,steady,0.7400035858154297,0.015296000055968761,0.038237571716308594,0.0033279999624937773,0.3244290351867676,0.3773369789123535,0.3888840675354004,True,local before background launch and D2H,local after ready ACK,0.7400035858154297,0.40578198432922363,0.7345969676971436
experiments/inferrelay_two_node/results/t1-125m-a-b-01,A-B,6,opt-125m,1,32,768,gpu_h2d,49152,float16,8,steady,0.6994719505310059,0.015231999568641186,0.12459945678710938,0.0033279999624937773,0.19230294227600098,0.3825695514678955,0.47922205924987793,True,local before background launch and D2H,local after ready ACK,0.6994719505310059,0.49703502655029297,0.6939430236816406
experiments/inferrelay_two_node/results/t1-125m-a-b-01,A-B,6,opt-125m,1,32,768,gpu_h2d,49152,float16,9,steady,0.7300014495849609,0.015519999898970127,0.12531375885009766,0.0033599999733269215,0.2263321876525879,0.3783555030822754,0.4855947494506836,True,local before background launch and D2H,local after ready ACK,0.7300014495849609,0.5016369819641113,0.7323949337005615
experiments/inferrelay_two_node/results/t1-125m-a-b-01,A-B,6,opt-125m,1,32,768,gpu_h2d,49152,float16,10,steady,0.8125181198120117,0.015135999768972397,0.03774595260620117,0.003295999951660633,0.29349398612976074,0.4812781810760498,0.49892401695251465,True,local before background launch and D2H,local after ready ACK,0.8125181198120117,0.5153520107269287,0.8134410381317139
experiments/inferrelay_two_node/results/t1-125m-a-b-01,A-B,6,opt-125m,1,32,768,gpu_h2d,49152,float16,11,steady,0.6519436836242676,0.015168000012636185,0.03861522674560547,0.003263999940827489,0.21031928062438965,0.40300917625427246,0.4404258728027344,True,local before background launch and D2H,local after ready ACK,0.6519436836242676,0.456866979598999,0.6716098785400391
experiments/inferrelay_two_node/results/t1-125m-a-b-01,A-B,6,opt-125m,1,32,768,gpu_h2d,49152,float16,12,steady,0.743680477142334,0.00848000030964613,0.02753734588623047,0.0033919999841600657,0.41033411026000977,0.30580902099609375,0.3051750659942627,True,local before background launch and D2H,local after ready ACK,0.743680477142334,0.32262682914733887,0.7373311519622803
experiments/inferrelay_two_node/results/t1-125m-a-b-01,A-B,6,opt-125m,1,32,768,gpu_h2d,49152,float16,13,steady,0.7381954193115234,0.0080960001796484,0.026034832000732422,0.0033599999733269215,0.4017047882080078,0.3104557991027832,0.30932092666625977,True,local before background launch and D2H,local after ready ACK,0.7381954193115234,0.32548022270202637,0.7316043376922607
experiments/inferrelay_two_node/results/t1-125m-a-b-01,A-B,6,opt-125m,1,32,768,gpu_h2d,49152,float16,14,steady,0.7298455238342285,0.007135999854654074,0.024823665618896484,0.0033279999624937773,0.40204596519470215,0.3029758930206299,0.3027000427246094,True,local before background launch and D2H,local after ready ACK,0.7298455238342285,0.31876397132873535,0.7251079082489014
experiments/inferrelay_two_node/results/t1-125m-a-b-01,A-B,6,opt-125m,1,32,768,gpu_h2d,49152,float16,15,steady,0.7408013343811035,0.006912000011652708,0.024582386016845703,0.003263999940827489,0.41669297218322754,0.2995259761810303,0.29579782485961914,True,local before background launch and D2H,local after ready ACK,0.7408013343811035,0.3117671012878418,0.7330300807952881
experiments/inferrelay_two_node/results/t1-125m-a-b-01,A-B,6,opt-125m,1,32,768,gpu_h2d,49152,float16,16,steady,0.7368068695068359,0.008063999935984612,0.025783061981201172,0.0033599999733269215,0.4098551273345947,0.30116868019104004,0.30049896240234375,True,local before background launch and D2H,local after ready ACK,0.7368068695068359,0.31661105155944824,0.7307851314544678
experiments/inferrelay_two_node/results/t1-125m-a-b-01,A-B,6,opt-125m,1,32,768,gpu_h2d,49152,float16,17,steady,0.742682933807373,0.007360000163316727,0.024657726287841797,0.0033919999841600657,0.4196970462799072,0.298328161239624,0.2938699722290039,True,local before background launch and D2H,local after ready ACK,0.742682933807373,0.3100919723510742,0.733942985534668
experiments/inferrelay_two_node/results/t1-125m-a-b-01,A-B,6,opt-125m,1,32,768,gpu_h2d,49152,float16,18,steady,0.7430267333984375,0.007104000076651573,0.024605751037597656,0.0033599999733269215,0.40963006019592285,0.308790922164917,0.3053889274597168,True,local before background launch and D2H,local after ready ACK,0.7430267333984375,0.32152414321899414,0.7355630397796631
experiments/inferrelay_two_node/results/t1-125m-a-b-01,A-B,6,opt-125m,1,32,768,gpu_h2d,49152,float16,19,steady,0.7363681793212891,0.00684799998998642,0.025499343872070312,0.0033919999841600657,0.4089651107788086,0.30190372467041016,0.3024468421936035,True,local before background launch and D2H,local after ready ACK,0.7363681793212891,0.31848859786987305,0.7321248054504395
experiments/inferrelay_two_node/results/t1-125m-a-b-01,A-B,6,opt-125m,1,32,768,gpu_h2d,49152,float16,20,steady,0.7369108200073242,0.007679999805986881,0.02651691436767578,0.0033599999733269215,0.4059121608734131,0.30448174476623535,0.3045318126678467,True,local before background launch and D2H,local after ready ACK,0.7369108200073242,0.3206009864807129,0.730964183807373
experiments/inferrelay_two_node/results/t1-125m-a-b-01,A-B,6,opt-125m,1,32,768,gpu_h2d,49152,float16,21,steady,0.7354164123535156,0.008287999778985977,0.02737283706665039,0.003295999951660633,0.40265512466430664,0.3053884506225586,0.3085160255432129,True,local before background launch and D2H,local after ready ACK,0.7354164123535156,0.32418107986450195,0.7311348915100098
experiments/inferrelay_two_node/results/t1-125m-a-b-01,A-B,6,opt-125m,1,32,768,gpu_h2d,49152,float16,22,steady,0.7389397621154785,0.007903999648988247,0.025820255279541016,0.0033599999733269215,0.4102311134338379,0.3028883934020996,0.3047311305999756,True,local before background launch and D2H,local after ready ACK,0.7389397621154785,0.32059597969055176,0.7352468967437744
experiments/inferrelay_two_node/results/t1-125m-a-b-01,A-B,6,opt-125m,1,32,768,gpu_h2d,49152,float16,23,steady,0.737419605255127,0.007135999854654074,0.024797916412353516,0.0033279999624937773,0.41384291648864746,0.298778772354126,0.2958869934082031,True,local before background launch and D2H,local after ready ACK,0.737419605255127,0.3116798400878906,0.7299900054931641
experiments/inferrelay_two_node/results/t1-125m-a-b-01,A-B,7,opt-125m,1,32,768,gpu_compute,49152,float16,0,first_transfer,0.8498921394348145,0.14243200421333313,0.173004150390625,0.03977600112557411,0.10677719116210938,0.5701107978820801,0.6639137268066406,True,local before background launch and D2H,local after ready ACK,0.8498921394348145,0.7187108993530273,0.8412020206451416
experiments/inferrelay_two_node/results/t1-125m-a-b-01,A-B,7,opt-125m,1,32,768,gpu_compute,49152,float16,1,warmup,0.6080594062805176,0.015231999568641186,0.07983112335205078,0.03315199911594391,0.1663670539855957,0.3618612289428711,0.35959911346435547,True,local before background launch and D2H,local after ready ACK,0.6080594062805176,0.4027211666107178,0.5838522911071777
experiments/inferrelay_two_node/results/t1-125m-a-b-01,A-B,7,opt-125m,1,32,768,gpu_compute,49152,float16,2,warmup,0.4317002296447754,0.008448000065982342,0.025112628936767578,0.0289280004799366,0.08230185508728027,0.32428574562072754,0.27039408683776855,True,local before background launch and D2H,local after ready ACK,0.4317002296447754,0.30902600288391113,0.407634973526001
experiments/inferrelay_two_node/results/t1-125m-a-b-01,A-B,7,opt-125m,1,32,768,gpu_compute,49152,float16,3,warmup,0.4239678382873535,0.007935999892652035,0.023574352264404297,0.027008000761270523,0.07612395286560059,0.32426953315734863,0.2753298282623291,True,local before background launch and D2H,local after ready ACK,0.4239678382873535,0.3087799549102783,0.4034450054168701
experiments/inferrelay_two_node/results/t1-125m-a-b-01,A-B,7,opt-125m,1,32,768,gpu_compute,49152,float16,4,steady,0.6918082237243652,0.007296000141650438,0.02287435531616211,0.22604799270629883,0.27202415466308594,0.3969097137451172,0.3156850337982178,True,local before background launch and D2H,local after ready ACK,0.6918082237243652,0.34943461418151855,0.6367917060852051
experiments/inferrelay_two_node/results/t1-125m-a-b-01,A-B,7,opt-125m,1,32,768,gpu_compute,49152,float16,5,steady,0.4527149200439453,0.03481600061058998,0.05746889114379883,0.04255999997258186,0.08637309074401855,0.30887293815612793,0.3265712261199951,True,local before background launch and D2H,local after ready ACK,0.4527149200439453,0.348071813583374,0.4425220489501953
experiments/inferrelay_two_node/results/t1-125m-a-b-01,A-B,7,opt-125m,1,32,768,gpu_compute,49152,float16,6,steady,0.3930549621582031,0.03996799886226654,0.05880594253540039,0.009600000455975533,0.035675764083862305,0.29857325553894043,0.328646183013916,True,local before background launch and D2H,local after ready ACK,0.3930549621582031,0.34374213218688965,0.38388919830322266
experiments/inferrelay_two_node/results/t1-125m-a-b-01,A-B,7,opt-125m,1,32,768,gpu_compute,49152,float16,7,steady,0.42787694931030273,0.03376000002026558,0.05281400680541992,0.047520000487565994,0.07413196563720703,0.3009309768676758,0.3267369270324707,True,local before background launch and D2H,local after ready ACK,0.42787694931030273,0.3403182029724121,0.4196760654449463
experiments/inferrelay_two_node/results/t1-125m-a-b-01,A-B,7,opt-125m,1,32,768,gpu_compute,49152,float16,8,steady,0.41400718688964844,0.0352960005402565,0.05431222915649414,0.01065600011497736,0.03552389144897461,0.3241710662841797,0.3586008548736572,True,local before background launch and D2H,local after ready ACK,0.41400718688964844,0.3710181713104248,0.4108912944793701
experiments/inferrelay_two_node/results/t1-125m-a-b-01,A-B,7,opt-125m,1,32,768,gpu_compute,49152,float16,9,steady,0.3866453170776367,0.03484800085425377,0.05367708206176758,0.012480000033974648,0.03437089920043945,0.2985973358154297,0.32564687728881836,True,local before background launch and D2H,local after ready ACK,0.3866453170776367,0.3389570713043213,0.37772393226623535
experiments/inferrelay_two_node/results/t1-125m-a-b-01,A-B,7,opt-125m,1,32,768,gpu_compute,49152,float16,10,steady,0.3848609924316406,0.03587200120091438,0.05447530746459961,0.009568000212311745,0.031546831130981445,0.29883885383605957,0.32596302032470703,True,local before background launch and D2H,local after ready ACK,0.3848609924316406,0.3391842842102051,0.3751029968261719
experiments/inferrelay_two_node/results/t1-125m-a-b-01,A-B,7,opt-125m,1,32,768,gpu_compute,49152,float16,11,steady,0.3983168601989746,0.03587200120091438,0.05523538589477539,0.009696000255644321,0.034451961517333984,0.30862951278686523,0.3360409736633301,True,local before background launch and D2H,local after ready ACK,0.3983168601989746,0.34926581382751465,0.38844799995422363
experiments/inferrelay_two_node/results/t1-125m-a-b-01,A-B,7,opt-125m,1,32,768,gpu_compute,49152,float16,12,steady,0.38895320892333984,0.03500799834728241,0.05454826354980469,0.010879999957978725,0.03227424621582031,0.30213069915771484,0.3302328586578369,True,local before background launch and D2H,local after ready ACK,0.38895320892333984,0.34333300590515137,0.380159854888916
experiments/inferrelay_two_node/results/t1-125m-a-b-01,A-B,7,opt-125m,1,32,768,gpu_compute,49152,float16,13,steady,0.3891777992248535,0.035360001027584076,0.05477285385131836,0.009279999881982803,0.03365302085876465,0.3007519245147705,0.33017492294311523,True,local before background launch and D2H,local after ready ACK,0.3891777992248535,0.3436861038208008,0.38179802894592285
experiments/inferrelay_two_node/results/t1-125m-a-b-01,A-B,7,opt-125m,1,32,768,gpu_compute,49152,float16,14,steady,0.43198347091674805,0.03686400130391121,0.05661916732788086,0.02022399939596653,0.07051396369934082,0.30485033988952637,0.33593106269836426,True,local before background launch and D2H,local after ready ACK,0.43198347091674805,0.3491241931915283,0.42429518699645996
experiments/inferrelay_two_node/results/t1-125m-a-b-01,A-B,7,opt-125m,1,32,768,gpu_compute,49152,float16,15,steady,0.3874940872192383,0.03545600175857544,0.05532121658325195,0.010528000071644783,0.032476186752319336,0.299696683883667,0.33209705352783203,True,local before background launch and D2H,local after ready ACK,0.3874940872192383,0.345242977142334,0.38219285011291504
experiments/inferrelay_two_node/results/t1-125m-a-b-01,A-B,7,opt-125m,1,32,768,gpu_compute,49152,float16,16,steady,0.38697099685668945,0.034912001341581345,0.0541229248046875,0.009664000011980534,0.03300619125366211,0.29984188079833984,0.3309059143066406,True,local before background launch and D2H,local after ready ACK,0.38697099685668945,0.34367895126342773,0.38090085983276367
experiments/inferrelay_two_node/results/t1-125m-a-b-01,A-B,7,opt-125m,1,32,768,gpu_compute,49152,float16,17,steady,0.42562007904052734,0.035071998834609985,0.05465507507324219,0.014816000126302242,0.0356900691986084,0.33527493476867676,0.3592689037322998,True,local before background launch and D2H,local after ready ACK,0.42562007904052734,0.37218499183654785,0.4168851375579834
experiments/inferrelay_two_node/results/t1-125m-a-b-01,A-B,7,opt-125m,1,32,768,gpu_compute,49152,float16,18,steady,0.43561744689941406,0.034623999148607254,0.053942203521728516,0.04294399917125702,0.06468391418457031,0.31699132919311523,0.339155912399292,True,local before background launch and D2H,local after ready ACK,0.43561744689941406,0.352158784866333,0.4257950782775879
experiments/inferrelay_two_node/results/t1-125m-a-b-01,A-B,7,opt-125m,1,32,768,gpu_compute,49152,float16,19,steady,0.4357643127441406,0.0344959981739521,0.05371570587158203,0.042208001017570496,0.06377410888671875,0.31827449798583984,0.3350248336791992,True,local before background launch and D2H,local after ready ACK,0.4357643127441406,0.35244202613830566,0.42470788955688477
experiments/inferrelay_two_node/results/t1-125m-a-b-01,A-B,7,opt-125m,1,32,768,gpu_compute,49152,float16,20,steady,0.4238452911376953,0.03542400151491165,0.05394697189331055,0.02425600029528141,0.07145404815673828,0.2984442710876465,0.32790207862854004,True,local before background launch and D2H,local after ready ACK,0.4238452911376953,0.3404958248138428,0.4163479804992676
experiments/inferrelay_two_node/results/t1-125m-a-b-01,A-B,7,opt-125m,1,32,768,gpu_compute,49152,float16,21,steady,0.4165310859680176,0.03488000109791756,0.05387449264526367,0.012128000147640705,0.03681588172912598,0.32584071159362793,0.35974979400634766,True,local before background launch and D2H,local after ready ACK,0.4165310859680176,0.37302494049072266,0.4140970706939697
experiments/inferrelay_two_node/results/t1-125m-a-b-01,A-B,7,opt-125m,1,32,768,gpu_compute,49152,float16,22,steady,0.43249034881591797,0.03488000109791756,0.0533604621887207,0.042527999728918076,0.06435012817382812,0.31477975845336914,0.341278076171875,True,local before background launch and D2H,local after ready ACK,0.43249034881591797,0.35427212715148926,0.42752599716186523
experiments/inferrelay_two_node/results/t1-125m-a-b-01,A-B,7,opt-125m,1,32,768,gpu_compute,49152,float16,23,steady,0.43477296829223633,0.03862399980425835,0.05779075622558594,0.01414399966597557,0.040122270584106445,0.33685994148254395,0.3661000728607178,True,local before background launch and D2H,local after ready ACK,0.43477296829223633,0.37978386878967285,0.42912793159484863
experiments/inferrelay_two_node/results/t1-125m-a-b-01,A-B,8,opt-125m,1,128,768,cpu,196608,float16,0,first_transfer,0.8916788101196289,0.0,0.0,0.0,0.0,0.8916788101196289,0.9037749767303467,True,local before background launch and D2H,local after ready ACK,0.8916788101196289,0.938223123550415,0.9387161731719971
experiments/inferrelay_two_node/results/t1-125m-a-b-01,A-B,8,opt-125m,1,128,768,cpu,196608,float16,1,warmup,0.8560953140258789,0.0,0.0,0.0,0.0,0.8560953140258789,0.8356101512908936,True,local before background launch and D2H,local after ready ACK,0.8560953140258789,0.860288143157959,0.860565185546875
experiments/inferrelay_two_node/results/t1-125m-a-b-01,A-B,8,opt-125m,1,128,768,cpu,196608,float16,2,warmup,0.8515291213989258,0.0,0.0,0.0,0.0,0.8515291213989258,0.8458511829376221,True,local before background launch and D2H,local after ready ACK,0.8515291213989258,0.8562369346618652,0.8565518856048584
experiments/inferrelay_two_node/results/t1-125m-a-b-01,A-B,8,opt-125m,1,128,768,cpu,196608,float16,3,warmup,0.7916607856750488,0.0,0.0,0.0,0.0,0.7916607856750488,0.7921080589294434,True,local before background launch and D2H,local after ready ACK,0.7916607856750488,0.8006570339202881,0.8008980751037598
experiments/inferrelay_two_node/results/t1-125m-a-b-01,A-B,8,opt-125m,1,128,768,cpu,196608,float16,4,steady,0.7786030769348145,0.0,0.0,0.0,0.0,0.7786030769348145,0.7799310684204102,True,local before background launch and D2H,local after ready ACK,0.7786030769348145,0.7880561351776123,0.7882919311523438
experiments/inferrelay_two_node/results/t1-125m-a-b-01,A-B,8,opt-125m,1,128,768,cpu,196608,float16,5,steady,0.770148754119873,0.0,0.0,0.0,0.0,0.770148754119873,0.7710790634155273,True,local before background launch and D2H,local after ready ACK,0.770148754119873,0.7789299488067627,0.779141902923584
experiments/inferrelay_two_node/results/t1-125m-a-b-01,A-B,8,opt-125m,1,128,768,cpu,196608,float16,6,steady,0.7776932716369629,0.0,0.0,0.0,0.0,0.7776932716369629,0.7722859382629395,True,local before background launch and D2H,local after ready ACK,0.7776932716369629,0.7801108360290527,0.7803277969360352
experiments/inferrelay_two_node/results/t1-125m-a-b-01,A-B,8,opt-125m,1,128,768,cpu,196608,float16,7,steady,0.7682275772094727,0.0,0.0,0.0,0.0,0.7682275772094727,0.7712051868438721,True,local before background launch and D2H,local after ready ACK,0.7682275772094727,0.7790729999542236,0.7792849540710449
experiments/inferrelay_two_node/results/t1-125m-a-b-01,A-B,8,opt-125m,1,128,768,cpu,196608,float16,8,steady,0.7674736976623535,0.0,0.0,0.0,0.0,0.7674736976623535,0.7697839736938477,True,local before background launch and D2H,local after ready ACK,0.7674736976623535,0.7773640155792236,0.777587890625
experiments/inferrelay_two_node/results/t1-125m-a-b-01,A-B,8,opt-125m,1,128,768,cpu,196608,float16,9,steady,0.7665309906005859,0.0,0.0,0.0,0.0,0.7665309906005859,0.7726681232452393,True,local before background launch and D2H,local after ready ACK,0.7665309906005859,0.7802090644836426,0.7804381847381592
experiments/inferrelay_two_node/results/t1-125m-a-b-01,A-B,8,opt-125m,1,128,768,cpu,196608,float16,10,steady,0.858558177947998,0.0,0.0,0.0,0.0,0.858558177947998,0.766334056854248,True,local before background launch and D2H,local after ready ACK,0.858558177947998,0.7744133472442627,0.7746050357818604
experiments/inferrelay_two_node/results/t1-125m-a-b-01,A-B,8,opt-125m,1,128,768,cpu,196608,float16,11,steady,0.7651329040527344,0.0,0.0,0.0,0.0,0.7651329040527344,0.7658069133758545,True,local before background launch and D2H,local after ready ACK,0.7651329040527344,0.7735459804534912,0.7737610340118408
experiments/inferrelay_two_node/results/t1-125m-a-b-01,A-B,8,opt-125m,1,128,768,cpu,196608,float16,12,steady,0.7681217193603516,0.0,0.0,0.0,0.0,0.7681217193603516,0.772590160369873,True,local before background launch and D2H,local after ready ACK,0.7681217193603516,0.7802689075469971,0.7804739475250244
experiments/inferrelay_two_node/results/t1-125m-a-b-01,A-B,8,opt-125m,1,128,768,cpu,196608,float16,13,steady,0.7673640251159668,0.0,0.0,0.0,0.0,0.7673640251159668,0.7693729400634766,True,local before background launch and D2H,local after ready ACK,0.7673640251159668,0.7770192623138428,0.7772300243377686
experiments/inferrelay_two_node/results/t1-125m-a-b-01,A-B,8,opt-125m,1,128,768,cpu,196608,float16,14,steady,0.7719345092773438,0.0,0.0,0.0,0.0,0.7719345092773438,0.770543098449707,True,local before background launch and D2H,local after ready ACK,0.7719345092773438,0.7783470153808594,0.7785840034484863
experiments/inferrelay_two_node/results/t1-125m-a-b-01,A-B,8,opt-125m,1,128,768,cpu,196608,float16,15,steady,0.7702202796936035,0.0,0.0,0.0,0.0,0.7702202796936035,0.7709977626800537,True,local before background launch and D2H,local after ready ACK,0.7702202796936035,0.7789661884307861,0.7791640758514404
experiments/inferrelay_two_node/results/t1-125m-a-b-01,A-B,8,opt-125m,1,128,768,cpu,196608,float16,16,steady,0.7666120529174805,0.0,0.0,0.0,0.0,0.7666120529174805,0.7673799991607666,True,local before background launch and D2H,local after ready ACK,0.7666120529174805,0.7752161026000977,0.7754528522491455
experiments/inferrelay_two_node/results/t1-125m-a-b-01,A-B,8,opt-125m,1,128,768,cpu,196608,float16,17,steady,0.7673258781433105,0.0,0.0,0.0,0.0,0.7673258781433105,0.773280143737793,True,local before background launch and D2H,local after ready ACK,0.7673258781433105,0.7809891700744629,0.7812190055847168
experiments/inferrelay_two_node/results/t1-125m-a-b-01,A-B,8,opt-125m,1,128,768,cpu,196608,float16,18,steady,0.864377498626709,0.0,0.0,0.0,0.0,0.864377498626709,0.7737219333648682,True,local before background launch and D2H,local after ready ACK,0.864377498626709,0.7814500331878662,0.7816689014434814
experiments/inferrelay_two_node/results/t1-125m-a-b-01,A-B,8,opt-125m,1,128,768,cpu,196608,float16,19,steady,0.7754020690917969,0.0,0.0,0.0,0.0,0.7754020690917969,0.7762222290039062,True,local before background launch and D2H,local after ready ACK,0.7754020690917969,0.7837240695953369,0.7839350700378418
experiments/inferrelay_two_node/results/t1-125m-a-b-01,A-B,8,opt-125m,1,128,768,cpu,196608,float16,20,steady,0.8680152893066406,0.0,0.0,0.0,0.0,0.8680152893066406,0.7809820175170898,True,local before background launch and D2H,local after ready ACK,0.8680152893066406,0.788520097732544,0.7887210845947266
experiments/inferrelay_two_node/results/t1-125m-a-b-01,A-B,8,opt-125m,1,128,768,cpu,196608,float16,21,steady,0.7805395126342773,0.0,0.0,0.0,0.0,0.7805395126342773,0.7805867195129395,True,local before background launch and D2H,local after ready ACK,0.7805395126342773,0.788294792175293,0.7884747982025146
experiments/inferrelay_two_node/results/t1-125m-a-b-01,A-B,8,opt-125m,1,128,768,cpu,196608,float16,22,steady,0.7846264839172363,0.0,0.0,0.0,0.0,0.7846264839172363,0.7881088256835938,True,local before background launch and D2H,local after ready ACK,0.7846264839172363,0.7965717315673828,0.7968158721923828
experiments/inferrelay_two_node/results/t1-125m-a-b-01,A-B,8,opt-125m,1,128,768,cpu,196608,float16,23,steady,0.8751382827758789,0.0,0.0,0.0,0.0,0.8751382827758789,0.7841229438781738,True,local before background launch and D2H,local after ready ACK,0.8751382827758789,0.7919621467590332,0.7921512126922607
experiments/inferrelay_two_node/results/t1-125m-a-b-01,A-B,9,opt-125m,1,128,768,gpu,196608,float16,0,first_transfer,0.9862957000732422,0.022304000332951546,0.05078840255737305,0.018079999834299088,0.048338890075683594,0.8871684074401855,0.8812451362609863,True,local before background launch and D2H,local after ready ACK,0.9862957000732422,0.905163049697876,0.9587769508361816
experiments/inferrelay_two_node/results/t1-125m-a-b-01,A-B,9,opt-125m,1,128,768,gpu,196608,float16,1,warmup,0.9663047790527344,0.025599999353289604,0.049246788024902344,0.012608000077307224,0.034363746643066406,0.8826942443847656,0.9060511589050293,True,local before background launch and D2H,local after ready ACK,0.9663047790527344,0.9176287651062012,0.9557399749755859
experiments/inferrelay_two_node/results/t1-125m-a-b-01,A-B,9,opt-125m,1,128,768,gpu,196608,float16,2,warmup,0.8981900215148926,0.02396799996495247,0.0462183952331543,0.010400000028312206,0.029459238052368164,0.8225123882293701,0.9029641151428223,True,local before background launch and D2H,local after ready ACK,0.8981900215148926,0.912355899810791,0.9454300403594971
experiments/inferrelay_two_node/results/t1-125m-a-b-01,A-B,9,opt-125m,1,128,768,gpu,196608,float16,3,warmup,0.8623189926147461,0.01775999926030636,0.035410404205322266,0.012575999833643436,0.030233144760131836,0.796675443649292,0.8167598247528076,True,local before background launch and D2H,local after ready ACK,0.8623189926147461,0.8261442184448242,0.859982967376709
experiments/inferrelay_two_node/results/t1-125m-a-b-01,A-B,9,opt-125m,1,128,768,gpu,196608,float16,4,steady,0.8543491363525391,0.017152000218629837,0.033519744873046875,0.011327999643981457,0.029121875762939453,0.7917075157165527,0.8099989891052246,True,local before background launch and D2H,local after ready ACK,0.8543491363525391,0.8194048404693604,0.8519330024719238
experiments/inferrelay_two_node/results/t1-125m-a-b-01,A-B,9,opt-125m,1,128,768,gpu,196608,float16,5,steady,0.8537311553955078,0.01648000068962574,0.03149080276489258,0.010015999898314476,0.028207063674926758,0.7940332889556885,0.808150053024292,True,local before background launch and D2H,local after ready ACK,0.8537311553955078,0.8168690204620361,0.8484799861907959
experiments/inferrelay_two_node/results/t1-125m-a-b-01,A-B,9,opt-125m,1,128,768,gpu,196608,float16,6,steady,0.848228931427002,0.0161920003592968,0.03153419494628906,0.009824000298976898,0.027742862701416016,0.7889518737792969,0.8020172119140625,True,local before background launch and D2H,local after ready ACK,0.848228931427002,0.8105828762054443,0.8416290283203125
experiments/inferrelay_two_node/results/t1-125m-a-b-01,A-B,9,opt-125m,1,128,768,gpu,196608,float16,7,steady,0.8494272232055664,0.015647999942302704,0.030991077423095703,0.010239999741315842,0.0284268856048584,0.7900092601776123,0.8020608425140381,True,local before background launch and D2H,local after ready ACK,0.8494272232055664,0.8107168674468994,0.8424267768859863
experiments/inferrelay_two_node/results/t1-125m-a-b-01,A-B,9,opt-125m,1,128,768,gpu,196608,float16,8,steady,0.8492336273193359,0.015936000272631645,0.031230926513671875,0.009855999611318111,0.028022050857543945,0.7899806499481201,0.8033342361450195,True,local before background launch and D2H,local after ready ACK,0.8492336273193359,0.8122818470001221,0.8435719013214111
experiments/inferrelay_two_node/results/t1-125m-a-b-01,A-B,9,opt-125m,1,128,768,gpu,196608,float16,9,steady,0.8468108177185059,0.016287999227643013,0.03092193603515625,0.009824000298976898,0.027241230010986328,0.7886476516723633,0.8010962009429932,True,local before background launch and D2H,local after ready ACK,0.8468108177185059,0.8099911212921143,0.8404190540313721
experiments/inferrelay_two_node/results/t1-125m-a-b-01,A-B,9,opt-125m,1,128,768,gpu,196608,float16,10,steady,0.8501911163330078,0.01587199978530407,0.031040668487548828,0.009247999638319016,0.02725505828857422,0.7918953895568848,0.8049039840698242,True,local before background launch and D2H,local after ready ACK,0.8501911163330078,0.8136029243469238,0.8441588878631592
experiments/inferrelay_two_node/results/t1-125m-a-b-01,A-B,9,opt-125m,1,128,768,gpu,196608,float16,11,steady,0.852290153503418,0.018271999433636665,0.03375101089477539,0.009727999567985535,0.027193069458007812,0.7913460731506348,0.8110649585723877,True,local before background launch and D2H,local after ready ACK,0.852290153503418,0.8194789886474609,0.8499190807342529
experiments/inferrelay_two_node/results/t1-125m-a-b-01,A-B,9,opt-125m,1,128,768,gpu,196608,float16,12,steady,0.8528776168823242,0.01849599927663803,0.03396463394165039,0.009983999654650688,0.02742910385131836,0.7914838790893555,0.8116648197174072,True,local before background launch and D2H,local after ready ACK,0.8528776168823242,0.8202431201934814,0.8511450290679932
experiments/inferrelay_two_node/results/t1-125m-a-b-01,A-B,9,opt-125m,1,128,768,gpu,196608,float16,13,steady,0.8514719009399414,0.01648000068962574,0.03142690658569336,0.009503999724984169,0.027165889739990234,0.7928791046142578,0.8084712028503418,True,local before background launch and D2H,local after ready ACK,0.8514719009399414,0.8170218467712402,0.8474130630493164
experiments/inferrelay_two_node/results/t1-125m-a-b-01,A-B,9,opt-125m,1,128,768,gpu,196608,float16,14,steady,0.8541779518127441,0.017535999417304993,0.03417015075683594,0.009279999881982803,0.027437925338745117,0.7925698757171631,0.8080172538757324,True,local before background launch and D2H,local after ready ACK,0.8541779518127441,0.8171319961547852,0.8480749130249023
experiments/inferrelay_two_node/results/t1-125m-a-b-01,A-B,9,opt-125m,1,128,768,gpu,196608,float16,15,steady,0.8585519790649414,0.01696000061929226,0.03502511978149414,0.010048000141978264,0.029211044311523438,0.7943158149719238,0.8200891017913818,True,local before background launch and D2H,local after ready ACK,0.8585519790649414,0.8285889625549316,0.8612618446350098
experiments/inferrelay_two_node/results/t1-125m-a-b-01,A-B,9,opt-125m,1,128,768,gpu,196608,float16,16,steady,0.8664875030517578,0.017376000061631203,0.0358271598815918,0.009472000412642956,0.02757406234741211,0.8030862808227539,0.8207197189331055,True,local before background launch and D2H,local after ready ACK,0.8664875030517578,0.8294801712036133,0.8606059551239014
experiments/inferrelay_two_node/results/t1-125m-a-b-01,A-B,9,opt-125m,1,128,768,gpu,196608,float16,17,steady,0.8750882148742676,0.01974399946630001,0.03885793685913086,0.011296000331640244,0.029566049575805664,0.806664228439331,0.8249521255493164,True,local before background launch and D2H,local after ready ACK,0.8750882148742676,0.8328990936279297,0.8657968044281006
experiments/inferrelay_two_node/results/t1-125m-a-b-01,A-B,9,opt-125m,1,128,768,gpu,196608,float16,18,steady,0.8706083297729492,0.018880000337958336,0.03966665267944336,0.01104000024497509,0.027911901473999023,0.8030297756195068,0.8243999481201172,True,local before background launch and D2H,local after ready ACK,0.8706083297729492,0.8328261375427246,0.8638789653778076
experiments/inferrelay_two_node/results/t1-125m-a-b-01,A-B,9,opt-125m,1,128,768,gpu,196608,float16,19,steady,0.8715906143188477,0.01865600049495697,0.04048585891723633,0.010015999898314476,0.027042150497436523,0.8040626049041748,0.8315000534057617,True,local before background launch and D2H,local after ready ACK,0.8715906143188477,0.8395030498504639,0.8697488307952881
experiments/inferrelay_two_node/results/t1-125m-a-b-01,A-B,9,opt-125m,1,128,768,gpu,196608,float16,20,steady,0.8848214149475098,0.019840000197291374,0.042376041412353516,0.011296000331640244,0.028235197067260742,0.8142101764678955,0.8391039371490479,True,local before background launch and D2H,local after ready ACK,0.8848214149475098,0.8480839729309082,0.8797659873962402
experiments/inferrelay_two_node/results/t1-125m-a-b-01,A-B,9,opt-125m,1,128,768,gpu,196608,float16,21,steady,0.8844537734985352,0.01990400068461895,0.04464006423950195,0.009759999811649323,0.02730417251586914,0.8125095367431641,0.8393380641937256,True,local before background launch and D2H,local after ready ACK,0.8844537734985352,0.8474452495574951,0.878108024597168
experiments/inferrelay_two_node/results/t1-125m-a-b-01,A-B,9,opt-125m,1,128,768,gpu,196608,float16,22,steady,0.904242992401123,0.020031999796628952,0.04562807083129883,0.009247999638319016,0.0270998477935791,0.8315150737762451,0.8446550369262695,True,local before background launch and D2H,local after ready ACK,0.904242992401123,0.8525540828704834,0.882864236831665
experiments/inferrelay_two_node/results/t1-125m-a-b-01,A-B,9,opt-125m,1,128,768,gpu,196608,float16,23,steady,0.8903522491455078,0.019392000511288643,0.045842647552490234,0.009216000325977802,0.027276039123535156,0.8172335624694824,0.8449888229370117,True,local before background launch and D2H,local after ready ACK,0.8903522491455078,0.8529577255249023,0.8835208415985107
experiments/inferrelay_two_node/results/t1-125m-a-b-01,A-B,10,opt-125m,1,128,768,gpu_h2d,196608,float16,0,first_transfer,1.691338062286377,0.217631995677948,0.24988889694213867,0.37305599451065063,0.48746609687805176,0.9539830684661865,1.1015827655792236,True,local before background launch and D2H,local after ready ACK,1.691338062286377,1.151205062866211,1.6545240879058838
experiments/inferrelay_two_node/results/t1-125m-a-b-01,A-B,10,opt-125m,1,128,768,gpu_h2d,196608,float16,1,warmup,1.4368042945861816,0.08406399935483932,0.14424896240234375,0.00940799992531538,0.39696598052978516,0.8955893516540527,0.9921040534973145,True,local before background launch and D2H,local after ready ACK,1.4368042945861816,1.0130372047424316,1.4152629375457764
experiments/inferrelay_two_node/results/t1-125m-a-b-01,A-B,10,opt-125m,1,128,768,gpu_h2d,196608,float16,2,warmup,1.415748119354248,0.0666240006685257,0.11085224151611328,0.009440000168979168,0.4091029167175293,0.8957929611206055,0.9567508697509766,True,local before background launch and D2H,local after ready ACK,1.415748119354248,0.9751911163330078,1.3891069889068604
experiments/inferrelay_two_node/results/t1-125m-a-b-01,A-B,10,opt-125m,1,128,768,gpu_h2d,196608,float16,3,warmup,1.381788730621338,0.024159999564290047,0.12647104263305664,0.009344000369310379,0.35973691940307617,0.8955807685852051,0.9985799789428711,True,local before background launch and D2H,local after ready ACK,1.381788730621338,1.0164039134979248,1.380793809890747
experiments/inferrelay_two_node/results/t1-125m-a-b-01,A-B,10,opt-125m,1,128,768,gpu_h2d,196608,float16,4,steady,1.390058994293213,0.02393599972128868,0.1257491111755371,0.009344000369310379,0.37695884704589844,0.8873510360717773,0.9873552322387695,True,local before background launch and D2H,local after ready ACK,1.390058994293213,1.0044281482696533,1.3858349323272705
experiments/inferrelay_two_node/results/t1-125m-a-b-01,A-B,10,opt-125m,1,128,768,gpu_h2d,196608,float16,5,steady,1.3392486572265625,0.023679999634623528,0.15347814559936523,0.009344000369310379,0.28143787384033203,0.9043326377868652,1.0070180892944336,True,local before background launch and D2H,local after ready ACK,1.3392486572265625,1.0279667377471924,1.323591947555542
experiments/inferrelay_two_node/results/t1-125m-a-b-01,A-B,10,opt-125m,1,128,768,gpu_h2d,196608,float16,6,steady,1.3105278015136719,0.023296000435948372,0.13375616073608398,0.009375999681651592,0.27779221534729004,0.8989794254302979,0.991081953048706,True,local before background launch and D2H,local after ready ACK,1.3105278015136719,1.0121979713439941,1.2980477809906006
experiments/inferrelay_two_node/results/t1-125m-a-b-01,A-B,10,opt-125m,1,128,768,gpu_h2d,196608,float16,7,steady,1.313333511352539,0.024000000208616257,0.1368107795715332,0.00940799992531538,0.2727959156036377,0.9037268161773682,0.9943850040435791,True,local before background launch and D2H,local after ready ACK,1.313333511352539,1.0128400325775146,1.2931089401245117
experiments/inferrelay_two_node/results/t1-125m-a-b-01,A-B,10,opt-125m,1,128,768,gpu_h2d,196608,float16,8,steady,1.3025312423706055,0.023744000121951103,0.13102483749389648,0.009440000168979168,0.2697169780731201,0.9017894268035889,0.9941189289093018,True,local before background launch and D2H,local after ready ACK,1.3025312423706055,1.0124387741088867,1.289381742477417
experiments/inferrelay_two_node/results/t1-125m-a-b-01,A-B,10,opt-125m,1,128,768,gpu_h2d,196608,float16,9,steady,1.3276028633117676,0.023615999147295952,0.13697195053100586,0.009375999681651592,0.2908952236175537,0.899735689163208,0.9982478618621826,True,local before background launch and D2H,local after ready ACK,1.3276028633117676,1.0156409740447998,1.3142750263214111
experiments/inferrelay_two_node/results/t1-125m-a-b-01,A-B,10,opt-125m,1,128,768,gpu_h2d,196608,float16,10,steady,1.3831157684326172,0.02348800003528595,0.14253616333007812,0.009375999681651592,0.2716231346130371,0.968956470489502,0.9977748394012451,True,local before background launch and D2H,local after ready ACK,1.3831157684326172,1.0169308185577393,1.2933309078216553
experiments/inferrelay_two_node/results/t1-125m-a-b-01,A-B,10,opt-125m,1,128,768,gpu_h2d,196608,float16,11,steady,1.36570405960083,0.02348800003528595,0.13150930404663086,0.009375999681651592,0.28114795684814453,0.9530467987060547,0.9909348487854004,True,local before background launch and D2H,local after ready ACK,1.36570405960083,1.0096030235290527,1.2954633235931396
experiments/inferrelay_two_node/results/t1-125m-a-b-01,A-B,10,opt-125m,1,128,768,gpu_h2d,196608,float16,12,steady,1.3186664581298828,0.02393599972128868,0.12525081634521484,0.009375999681651592,0.2861661911010742,0.9072494506835938,0.9844868183135986,True,local before background launch and D2H,local after ready ACK,1.3186664581298828,1.0027379989624023,1.2963647842407227
experiments/inferrelay_two_node/results/t1-125m-a-b-01,A-B,10,opt-125m,1,128,768,gpu_h2d,196608,float16,13,steady,1.3132429122924805,0.02348800003528595,0.08076906204223633,0.009312000125646591,0.33367180824279785,0.8988020420074463,0.9320430755615234,True,local before background launch and D2H,local after ready ACK,1.3132429122924805,0.9498560428619385,1.2883071899414062
experiments/inferrelay_two_node/results/t1-125m-a-b-01,A-B,10,opt-125m,1,128,768,gpu_h2d,196608,float16,14,steady,1.3082647323608398,0.017632000148296356,0.039173126220703125,0.00940799992531538,0.41074395179748535,0.8583476543426514,0.8663878440856934,True,local before background launch and D2H,local after ready ACK,1.3082647323608398,0.8838920593261719,1.2995061874389648
experiments/inferrelay_two_node/results/t1-125m-a-b-01,A-B,10,opt-125m,1,128,768,gpu_h2d,196608,float16,15,steady,1.3126416206359863,0.017152000218629837,0.03597545623779297,0.00940799992531538,0.454801082611084,0.8218650817871094,0.8135039806365967,True,local before background launch and D2H,local after ready ACK,1.3126416206359863,0.8325560092926025,1.2949647903442383
experiments/inferrelay_two_node/results/t1-125m-a-b-01,A-B,10,opt-125m,1,128,768,gpu_h2d,196608,float16,16,steady,1.3014707565307617,0.016863999888300896,0.03456687927246094,0.009344000369310379,0.46012330055236816,0.8067805767059326,0.8090460300445557,True,local before background launch and D2H,local after ready ACK,1.3014707565307617,0.8272910118103027,1.2921419143676758
experiments/inferrelay_two_node/results/t1-125m-a-b-01,A-B,10,opt-125m,1,128,768,gpu_h2d,196608,float16,17,steady,1.295572280883789,0.01583999954164028,0.03356218338012695,0.009312000125646591,0.4530448913574219,0.8089652061462402,0.8115048408508301,True,local before background launch and D2H,local after ready ACK,1.295572280883789,0.8291208744049072,1.2867717742919922
experiments/inferrelay_two_node/results/t1-125m-a-b-01,A-B,10,opt-125m,1,128,768,gpu_h2d,196608,float16,18,steady,1.3212976455688477,0.016063999384641647,0.03382730484008789,0.009375999681651592,0.48200201988220215,0.8054683208465576,0.8093199729919434,True,local before background launch and D2H,local after ready ACK,1.3212976455688477,0.8261370658874512,1.3132529258728027
experiments/inferrelay_two_node/results/t1-125m-a-b-01,A-B,10,opt-125m,1,128,768,gpu_h2d,196608,float16,19,steady,1.3084492683410645,0.015968000516295433,0.0339508056640625,0.009344000369310379,0.4617729187011719,0.8127255439758301,0.8076798915863037,True,local before background launch and D2H,local after ready ACK,1.3084492683410645,0.8262319564819336,1.2924487590789795
experiments/inferrelay_two_node/results/t1-125m-a-b-01,A-B,10,opt-125m,1,128,768,gpu_h2d,196608,float16,20,steady,1.300499439239502,0.01603199914097786,0.03392744064331055,0.009375999681651592,0.4569718837738037,0.8096001148223877,0.8082969188690186,True,local before background launch and D2H,local after ready ACK,1.300499439239502,0.8264248371124268,1.2879948616027832
experiments/inferrelay_two_node/results/t1-125m-a-b-01,A-B,10,opt-125m,1,128,768,gpu_h2d,196608,float16,21,steady,1.3003668785095215,0.01587199978530407,0.03327512741088867,0.009344000369310379,0.46445488929748535,0.8026368618011475,0.8035228252410889,True,local before background launch and D2H,local after ready ACK,1.3003668785095215,0.8214149475097656,1.290661096572876
experiments/inferrelay_two_node/results/t1-125m-a-b-01,A-B,10,opt-125m,1,128,768,gpu_h2d,196608,float16,22,steady,1.2998018264770508,0.01635199971497059,0.034216880798339844,0.009344000369310379,0.46125268936157227,0.8043322563171387,0.8066301345825195,True,local before background launch and D2H,local after ready ACK,1.2998018264770508,0.8243310451507568,1.2898380756378174
experiments/inferrelay_two_node/results/t1-125m-a-b-01,A-B,10,opt-125m,1,128,768,gpu_h2d,196608,float16,23,steady,1.2982277870178223,0.01600000075995922,0.03356647491455078,0.009440000168979168,0.4604480266571045,0.804213285446167,0.8059360980987549,True,local before background launch and D2H,local after ready ACK,1.2982277870178223,0.8244459629058838,1.2895050048828125
experiments/inferrelay_two_node/results/t1-125m-a-b-01,A-B,11,opt-125m,1,128,768,gpu_compute,196608,float16,0,first_transfer,1.2360115051269531,0.027775999158620834,0.15402984619140625,0.03049599938094616,0.08086705207824707,1.0011146068572998,1.0907502174377441,True,local before background launch and D2H,local after ready ACK,1.2360115051269531,1.1096620559692383,1.2023320198059082
experiments/inferrelay_two_node/results/t1-125m-a-b-01,A-B,11,opt-125m,1,128,768,gpu_compute,196608,float16,1,warmup,1.0804252624511719,0.024000000208616257,0.13627004623413086,0.019999999552965164,0.041635990142822266,0.9025192260742188,0.9912800788879395,True,local before background launch and D2H,local after ready ACK,1.0804252624511719,1.009322166442871,1.0550973415374756
experiments/inferrelay_two_node/results/t1-125m-a-b-01,A-B,11,opt-125m,1,128,768,gpu_compute,196608,float16,2,warmup,1.147669792175293,0.037567999213933945,0.17464208602905273,0.012480000033974648,0.03218483924865723,0.940842866897583,1.0705029964447021,True,local before background launch and D2H,local after ready ACK,1.147669792175293,1.084136962890625,1.1218147277832031
experiments/inferrelay_two_node/results/t1-125m-a-b-01,A-B,11,opt-125m,1,128,768,gpu_compute,196608,float16,3,warmup,1.069025993347168,0.030047999694943428,0.15649795532226562,0.012480000033974648,0.03557395935058594,0.8769540786743164,1.0472300052642822,True,local before background launch and D2H,local after ready ACK,1.069025993347168,1.0599749088287354,1.0993101596832275
experiments/inferrelay_two_node/results/t1-125m-a-b-01,A-B,11,opt-125m,1,128,768,gpu_compute,196608,float16,4,steady,0.9954190254211426,0.027008000761270523,0.1026463508605957,0.01408000010997057,0.033273935317993164,0.8594987392425537,0.9364922046661377,True,local before background launch and D2H,local after ready ACK,0.9954190254211426,0.9484820365905762,0.9854950904846191
experiments/inferrelay_two_node/results/t1-125m-a-b-01,A-B,11,opt-125m,1,128,768,gpu_compute,196608,float16,5,steady,0.9968171119689941,0.024831999093294144,0.09677696228027344,0.014527999795973301,0.035597801208496094,0.8644423484802246,0.9327630996704102,True,local before background launch and D2H,local after ready ACK,0.9968171119689941,0.9451358318328857,0.9849388599395752
experiments/inferrelay_two_node/results/t1-125m-a-b-01,A-B,11,opt-125m,1,128,768,gpu_compute,196608,float16,6,steady,0.9975986480712891,0.02505600079894066,0.09752416610717773,0.015104000456631184,0.035836219787597656,0.8642382621765137,0.9260430335998535,True,local before background launch and D2H,local after ready ACK,0.9975986480712891,0.9402341842651367,0.9836452007293701
experiments/inferrelay_two_node/results/t1-125m-a-b-01,A-B,11,opt-125m,1,128,768,gpu_compute,196608,float16,7,steady,1.0216064453125,0.0244159996509552,0.09581232070922852,0.015647999942302704,0.03841805458068848,0.887376070022583,0.9353458881378174,True,local before background launch and D2H,local after ready ACK,1.0216064453125,0.9491150379180908,0.991973876953125
experiments/inferrelay_two_node/results/t1-125m-a-b-01,A-B,11,opt-125m,1,128,768,gpu_compute,196608,float16,8,steady,0.9929180145263672,0.024480000138282776,0.09502077102661133,0.013952000066637993,0.0347750186920166,0.8631222248077393,0.9279677867889404,True,local before background launch and D2H,local after ready ACK,0.9929180145263672,0.9417018890380859,0.9806239604949951
experiments/inferrelay_two_node/results/t1-125m-a-b-01,A-B,11,opt-125m,1,128,768,gpu_compute,196608,float16,9,steady,1.1154251098632812,0.0261439997702837,0.15308809280395508,0.011680000461637974,0.055561065673828125,0.906775951385498,1.018568992614746,True,local before background launch and D2H,local after ready ACK,1.1154251098632812,1.0315659046173096,1.0917060375213623
experiments/inferrelay_two_node/results/t1-125m-a-b-01,A-B,11,opt-125m,1,128,768,gpu_compute,196608,float16,10,steady,0.9542651176452637,0.028896000236272812,0.07707881927490234,0.01360000018030405,0.03944706916809082,0.8377392292022705,0.9437038898468018,True,local before background launch and D2H,local after ready ACK,0.9542651176452637,0.9572710990905762,1.0010550022125244
experiments/inferrelay_two_node/results/t1-125m-a-b-01,A-B,11,opt-125m,1,128,768,gpu_compute,196608,float16,11,steady,0.9245891571044922,0.043455999344587326,0.06332159042358398,0.013728000223636627,0.05244278907775879,0.8088247776031494,0.8463389873504639,True,local before background launch and D2H,local after ready ACK,0.9245891571044922,0.8593909740447998,0.916395902633667
experiments/inferrelay_two_node/results/t1-125m-a-b-01,A-B,11,opt-125m,1,128,768,gpu_compute,196608,float16,12,steady,0.9215197563171387,0.04249599948525429,0.06091594696044922,0.012095999903976917,0.05500602722167969,0.8055977821350098,0.8364589214324951,True,local before background launch and D2H,local after ready ACK,0.9215197563171387,0.8497369289398193,0.9093461036682129
experiments/inferrelay_two_node/results/t1-125m-a-b-01,A-B,11,opt-125m,1,128,768,gpu_compute,196608,float16,13,steady,0.9141168594360352,0.040383998304605484,0.05760955810546875,0.011615999974310398,0.05337810516357422,0.8031291961669922,0.8316147327423096,True,local before background launch and D2H,local after ready ACK,0.9141168594360352,0.8453779220581055,0.9034109115600586
experiments/inferrelay_two_node/results/t1-125m-a-b-01,A-B,11,opt-125m,1,128,768,gpu_compute,196608,float16,14,steady,0.9185671806335449,0.040511999279260635,0.05814218521118164,0.012032000347971916,0.05440521240234375,0.8060197830200195,0.8348901271820068,True,local before background launch and D2H,local after ready ACK,0.9185671806335449,0.8483150005340576,0.9070570468902588
experiments/inferrelay_two_node/results/t1-125m-a-b-01,A-B,11,opt-125m,1,128,768,gpu_compute,196608,float16,15,steady,0.9166550636291504,0.04076800122857094,0.0577702522277832,0.03254399821162224,0.05629110336303711,0.8025937080383301,0.8337728977203369,True,local before background launch and D2H,local after ready ACK,0.9166550636291504,0.8469250202178955,0.9075961112976074
experiments/inferrelay_two_node/results/t1-125m-a-b-01,A-B,11,opt-125m,1,128,768,gpu_compute,196608,float16,16,steady,0.9159512519836426,0.03884800150990486,0.056020259857177734,0.03311999887228012,0.05741620063781738,0.8025147914886475,0.8286068439483643,True,local before background launch and D2H,local after ready ACK,0.9159512519836426,0.8422050476074219,0.9040942192077637
experiments/inferrelay_two_node/results/t1-125m-a-b-01,A-B,11,opt-125m,1,128,768,gpu_compute,196608,float16,17,steady,0.9199352264404297,0.040352001786231995,0.05740785598754883,0.03308799862861633,0.05741524696350098,0.8051121234893799,0.8346340656280518,True,local before background launch and D2H,local after ready ACK,0.9199352264404297,0.8481037616729736,0.90995192527771
experiments/inferrelay_two_node/results/t1-125m-a-b-01,A-B,11,opt-125m,1,128,768,gpu_compute,196608,float16,18,steady,0.9148330688476562,0.03907199949026108,0.05613994598388672,0.033695999532938004,0.057652950286865234,0.8010401725769043,0.83213210105896,True,local before background launch and D2H,local after ready ACK,0.9148330688476562,0.8455262184143066,0.9075262546539307
experiments/inferrelay_two_node/results/t1-125m-a-b-01,A-B,11,opt-125m,1,128,768,gpu_compute,196608,float16,19,steady,0.904423713684082,0.03977600112557411,0.056876182556152344,0.02271999977529049,0.04682493209838867,0.800722599029541,0.8362998962402344,True,local before background launch and D2H,local after ready ACK,0.904423713684082,0.8493340015411377,0.8999848365783691
experiments/inferrelay_two_node/results/t1-125m-a-b-01,A-B,11,opt-125m,1,128,768,gpu_compute,196608,float16,20,steady,0.9203038215637207,0.03996799886226654,0.05723857879638672,0.03699199855327606,0.05917215347290039,0.8038930892944336,0.8304851055145264,True,local before background launch and D2H,local after ready ACK,0.9203038215637207,0.8435089588165283,0.9116199016571045
experiments/inferrelay_two_node/results/t1-125m-a-b-01,A-B,11,opt-125m,1,128,768,gpu_compute,196608,float16,21,steady,0.9123268127441406,0.03932800143957138,0.0569911003112793,0.014336000196635723,0.03468799591064453,0.8206477165222168,0.8561210632324219,True,local before background launch and D2H,local after ready ACK,0.9123268127441406,0.869340181350708,0.9081070423126221
experiments/inferrelay_two_node/results/t1-125m-a-b-01,A-B,11,opt-125m,1,128,768,gpu_compute,196608,float16,22,steady,0.9270162582397461,0.03872000053524971,0.055941104888916016,0.036320000886917114,0.0586390495300293,0.8124361038208008,0.8347947597503662,True,local before background launch and D2H,local after ready ACK,0.9270162582397461,0.8478319644927979,0.9151201248168945
experiments/inferrelay_two_node/results/t1-125m-a-b-01,A-B,11,opt-125m,1,128,768,gpu_compute,196608,float16,23,steady,0.9197812080383301,0.040863998234272,0.05814981460571289,0.014336000196635723,0.03705716133117676,0.8245742321014404,0.8635609149932861,True,local before background launch and D2H,local after ready ACK,0.9197812080383301,0.8763198852539062,0.9174978733062744
experiments/inferrelay_two_node/results/t1-125m-a-b-01,A-B,12,opt-125m,1,256,768,cpu,393216,float16,0,first_transfer,1.5246152877807617,0.0,0.0,0.0,0.0,1.5246152877807617,1.5514039993286133,True,local before background launch and D2H,local after ready ACK,1.5246152877807617,1.5826787948608398,1.582948923110962
experiments/inferrelay_two_node/results/t1-125m-a-b-01,A-B,12,opt-125m,1,256,768,cpu,393216,float16,1,warmup,1.5121479034423828,0.0,0.0,0.0,0.0,1.5121479034423828,1.496758222579956,True,local before background launch and D2H,local after ready ACK,1.5121479034423828,1.5107090473175049,1.5109479427337646
experiments/inferrelay_two_node/results/t1-125m-a-b-01,A-B,12,opt-125m,1,256,768,cpu,393216,float16,2,warmup,1.4802279472351074,0.0,0.0,0.0,0.0,1.4802279472351074,1.4744648933410645,True,local before background launch and D2H,local after ready ACK,1.4802279472351074,1.4847919940948486,1.4850420951843262
experiments/inferrelay_two_node/results/t1-125m-a-b-01,A-B,12,opt-125m,1,256,768,cpu,393216,float16,3,warmup,1.6451845169067383,0.0,0.0,0.0,0.0,1.6451845169067383,1.4772610664367676,True,local before background launch and D2H,local after ready ACK,1.6451845169067383,1.4863636493682861,1.4865899085998535
experiments/inferrelay_two_node/results/t1-125m-a-b-01,A-B,12,opt-125m,1,256,768,cpu,393216,float16,4,steady,1.477959156036377,0.0,0.0,0.0,0.0,1.477959156036377,1.476806879043579,True,local before background launch and D2H,local after ready ACK,1.477959156036377,1.4860858917236328,1.4863197803497314
experiments/inferrelay_two_node/results/t1-125m-a-b-01,A-B,12,opt-125m,1,256,768,cpu,393216,float16,5,steady,1.47825288772583,0.0,0.0,0.0,0.0,1.47825288772583,1.472278118133545,True,local before background launch and D2H,local after ready ACK,1.47825288772583,1.4858920574188232,1.4861021041870117
experiments/inferrelay_two_node/results/t1-125m-a-b-01,A-B,12,opt-125m,1,256,768,cpu,393216,float16,6,steady,1.4814462661743164,0.0,0.0,0.0,0.0,1.4814462661743164,1.470836877822876,True,local before background launch and D2H,local after ready ACK,1.4814462661743164,1.4793479442596436,1.4795501232147217
experiments/inferrelay_two_node/results/t1-125m-a-b-01,A-B,12,opt-125m,1,256,768,cpu,393216,float16,7,steady,1.4757299423217773,0.0,0.0,0.0,0.0,1.4757299423217773,1.4740221500396729,True,local before background launch and D2H,local after ready ACK,1.4757299423217773,1.4824769496917725,1.4826838970184326
experiments/inferrelay_two_node/results/t1-125m-a-b-01,A-B,12,opt-125m,1,256,768,cpu,393216,float16,8,steady,1.4801831245422363,0.0,0.0,0.0,0.0,1.4801831245422363,1.477963924407959,True,local before background launch and D2H,local after ready ACK,1.4801831245422363,1.486217975616455,1.4864490032196045
experiments/inferrelay_two_node/results/t1-125m-a-b-01,A-B,12,opt-125m,1,256,768,cpu,393216,float16,9,steady,1.4830479621887207,0.0,0.0,0.0,0.0,1.4830479621887207,1.4777469635009766,True,local before background launch and D2H,local after ready ACK,1.4830479621887207,1.4859809875488281,1.4861810207366943
experiments/inferrelay_two_node/results/t1-125m-a-b-01,A-B,12,opt-125m,1,256,768,cpu,393216,float16,10,steady,1.4941086769104004,0.0,0.0,0.0,0.0,1.4941086769104004,1.4913580417633057,True,local before background launch and D2H,local after ready ACK,1.4941086769104004,1.499650001525879,1.4998610019683838
experiments/inferrelay_two_node/results/t1-125m-a-b-01,A-B,12,opt-125m,1,256,768,cpu,393216,float16,11,steady,1.5053620338439941,0.0,0.0,0.0,0.0,1.5053620338439941,1.5064120292663574,True,local before background launch and D2H,local after ready ACK,1.5053620338439941,1.515106201171875,1.5153250694274902
experiments/inferrelay_two_node/results/t1-125m-a-b-01,A-B,12,opt-125m,1,256,768,cpu,393216,float16,12,steady,1.577455997467041,0.0,0.0,0.0,0.0,1.577455997467041,1.550307035446167,True,local before background launch and D2H,local after ready ACK,1.577455997467041,1.5584440231323242,1.5586438179016113
experiments/inferrelay_two_node/results/t1-125m-a-b-01,A-B,12,opt-125m,1,256,768,cpu,393216,float16,13,steady,1.7032170295715332,0.0,0.0,0.0,0.0,1.7032170295715332,1.5445442199707031,True,local before background launch and D2H,local after ready ACK,1.7032170295715332,1.5523920059204102,1.5526220798492432
experiments/inferrelay_two_node/results/t1-125m-a-b-01,A-B,12,opt-125m,1,256,768,cpu,393216,float16,14,steady,1.541161060333252,0.0,0.0,0.0,0.0,1.541161060333252,1.5429661273956299,True,local before background launch and D2H,local after ready ACK,1.541161060333252,1.5526769161224365,1.5528926849365234
experiments/inferrelay_two_node/results/t1-125m-a-b-01,A-B,12,opt-125m,1,256,768,cpu,393216,float16,15,steady,1.5376620292663574,0.0,0.0,0.0,0.0,1.5376620292663574,1.5481910705566406,True,local before background launch and D2H,local after ready ACK,1.5376620292663574,1.55623197555542,1.5564429759979248
experiments/inferrelay_two_node/results/t1-125m-a-b-01,A-B,12,opt-125m,1,256,768,cpu,393216,float16,16,steady,1.5810985565185547,0.0,0.0,0.0,0.0,1.5810985565185547,1.5354609489440918,True,local before background launch and D2H,local after ready ACK,1.5810985565185547,1.5432732105255127,1.5434901714324951
experiments/inferrelay_two_node/results/t1-125m-a-b-01,A-B,12,opt-125m,1,256,768,cpu,393216,float16,17,steady,1.6457300186157227,0.0,0.0,0.0,0.0,1.6457300186157227,1.53774094581604,True,local before background launch and D2H,local after ready ACK,1.6457300186157227,1.5455458164215088,1.5457468032836914
experiments/inferrelay_two_node/results/t1-125m-a-b-01,A-B,12,opt-125m,1,256,768,cpu,393216,float16,18,steady,1.4452972412109375,0.0,0.0,0.0,0.0,1.4452972412109375,1.4523200988769531,True,local before background launch and D2H,local after ready ACK,1.4452972412109375,1.4602477550506592,1.4604756832122803
experiments/inferrelay_two_node/results/t1-125m-a-b-01,A-B,12,opt-125m,1,256,768,cpu,393216,float16,19,steady,1.447399616241455,0.0,0.0,0.0,0.0,1.447399616241455,1.445314884185791,True,local before background launch and D2H,local after ready ACK,1.447399616241455,1.4577748775482178,1.4580090045928955
experiments/inferrelay_two_node/results/t1-125m-a-b-01,A-B,12,opt-125m,1,256,768,cpu,393216,float16,20,steady,1.443511962890625,0.0,0.0,0.0,0.0,1.443511962890625,1.4442808628082275,True,local before background launch and D2H,local after ready ACK,1.443511962890625,1.452821969985962,1.4530339241027832
experiments/inferrelay_two_node/results/t1-125m-a-b-01,A-B,12,opt-125m,1,256,768,cpu,393216,float16,21,steady,1.441978931427002,0.0,0.0,0.0,0.0,1.441978931427002,1.448425054550171,True,local before background launch and D2H,local after ready ACK,1.441978931427002,1.4567041397094727,1.4569010734558105
experiments/inferrelay_two_node/results/t1-125m-a-b-01,A-B,12,opt-125m,1,256,768,cpu,393216,float16,22,steady,1.6033496856689453,0.0,0.0,0.0,0.0,1.6033496856689453,1.4407517910003662,True,local before background launch and D2H,local after ready ACK,1.6033496856689453,1.448948860168457,1.4491488933563232
experiments/inferrelay_two_node/results/t1-125m-a-b-01,A-B,12,opt-125m,1,256,768,cpu,393216,float16,23,steady,1.4416379928588867,0.0,0.0,0.0,0.0,1.4416379928588867,1.4444420337677002,True,local before background launch and D2H,local after ready ACK,1.4416379928588867,1.452272891998291,1.4524688720703125
experiments/inferrelay_two_node/results/t1-125m-a-b-01,A-B,13,opt-125m,1,256,768,gpu,393216,float16,0,first_transfer,1.7144370079040527,0.04447999969124794,0.0743870735168457,0.03001599945127964,0.0728769302368164,1.5671730041503906,1.596224069595337,True,local before background launch and D2H,local after ready ACK,1.7144370079040527,1.6558589935302734,1.7373051643371582
experiments/inferrelay_two_node/results/t1-125m-a-b-01,A-B,13,opt-125m,1,256,768,gpu,393216,float16,1,warmup,1.6581902503967285,0.03884800150990486,0.06192302703857422,0.027295999228954315,0.05289006233215332,1.543377161026001,1.572011947631836,True,local before background launch and D2H,local after ready ACK,1.6581902503967285,1.5934431552886963,1.6501882076263428
experiments/inferrelay_two_node/results/t1-125m-a-b-01,A-B,13,opt-125m,1,256,768,gpu,393216,float16,2,warmup,1.6407818794250488,0.03699199855327606,0.06017637252807617,0.023072000592947006,0.04363393783569336,1.5369715690612793,1.5667309761047363,True,local before background launch and D2H,local after ready ACK,1.6407818794250488,1.5845592021942139,1.6319069862365723
experiments/inferrelay_two_node/results/t1-125m-a-b-01,A-B,13,opt-125m,1,256,768,gpu,393216,float16,3,warmup,1.5789399147033691,0.03670400008559227,0.05826616287231445,0.018144000321626663,0.03733491897583008,1.4833388328552246,1.5195550918579102,True,local before background launch and D2H,local after ready ACK,1.5789399147033691,1.5294179916381836,1.570085048675537
experiments/inferrelay_two_node/results/t1-125m-a-b-01,A-B,13,opt-125m,1,256,768,gpu,393216,float16,4,steady,1.5501275062561035,0.03171199932694435,0.05002784729003906,0.017823999747633934,0.036074161529541016,1.4640254974365234,1.497647762298584,True,local before background launch and D2H,local after ready ACK,1.5501275062561035,1.5067391395568848,1.5464110374450684
experiments/inferrelay_two_node/results/t1-125m-a-b-01,A-B,13,opt-125m,1,256,768,gpu,393216,float16,5,steady,1.5408687591552734,0.030719999223947525,0.04612302780151367,0.0197759997099638,0.037522077560424805,1.457223653793335,1.4851899147033691,True,local before background launch and D2H,local after ready ACK,1.5408687591552734,1.49430513381958,1.535175085067749
experiments/inferrelay_two_node/results/t1-125m-a-b-01,A-B,13,opt-125m,1,256,768,gpu,393216,float16,6,steady,1.5545449256896973,0.030559999868273735,0.047621726989746094,0.01961600035429001,0.03690290451049805,1.4700202941894531,1.4894077777862549,True,local before background launch and D2H,local after ready ACK,1.5545449256896973,1.4988679885864258,1.539198875427246
experiments/inferrelay_two_node/results/t1-125m-a-b-01,A-B,13,opt-125m,1,256,768,gpu,393216,float16,7,steady,1.5609979629516602,0.03302399814128876,0.05253410339355469,0.019967999309301376,0.03729081153869629,1.4711730480194092,1.5028340816497803,True,local before background launch and D2H,local after ready ACK,1.5609979629516602,1.5124127864837646,1.553131103515625
experiments/inferrelay_two_node/results/t1-125m-a-b-01,A-B,13,opt-125m,1,256,768,gpu,393216,float16,8,steady,1.5704164505004883,0.03244800120592117,0.05464792251586914,0.02006400004029274,0.03761005401611328,1.4781584739685059,1.5173330307006836,True,local before background launch and D2H,local after ready ACK,1.5704164505004883,1.5265223979949951,1.5674312114715576
experiments/inferrelay_two_node/results/t1-125m-a-b-01,A-B,13,opt-125m,1,256,768,gpu,393216,float16,9,steady,1.5819802284240723,0.03292800113558769,0.05648088455200195,0.019936000928282738,0.0379638671875,1.4875354766845703,1.5197479724884033,True,local before background launch and D2H,local after ready ACK,1.5819802284240723,1.5299699306488037,1.5715610980987549
experiments/inferrelay_two_node/results/t1-125m-a-b-01,A-B,13,opt-125m,1,256,768,gpu,393216,float16,10,steady,1.5855712890625,0.032575998455286026,0.059049129486083984,0.018400000408291817,0.03716468811035156,1.4893574714660645,1.5258300304412842,True,local before background launch and D2H,local after ready ACK,1.5855712890625,1.5349230766296387,1.5753121376037598
experiments/inferrelay_two_node/results/t1-125m-a-b-01,A-B,13,opt-125m,1,256,768,gpu,393216,float16,11,steady,1.5966448783874512,0.03417599946260452,0.06287813186645508,0.0180479995906353,0.03660416603088379,1.4971625804901123,1.5362701416015625,True,local before background launch and D2H,local after ready ACK,1.5966448783874512,1.5451841354370117,1.5851678848266602
experiments/inferrelay_two_node/results/t1-125m-a-b-01,A-B,13,opt-125m,1,256,768,gpu,393216,float16,12,steady,1.6149697303771973,0.03420799970626831,0.06470012664794922,0.01788800023496151,0.036052703857421875,1.5142168998718262,1.5619688034057617,True,local before background launch and D2H,local after ready ACK,1.6149697303771973,1.5710809230804443,1.6105189323425293
experiments/inferrelay_two_node/results/t1-125m-a-b-01,A-B,13,opt-125m,1,256,768,gpu,393216,float16,13,steady,1.604111671447754,0.03465599939227104,0.06593513488769531,0.017311999574303627,0.03580212593078613,1.5023744106292725,1.5491929054260254,True,local before background launch and D2H,local after ready ACK,1.604111671447754,1.5582859516143799,1.5975830554962158
experiments/inferrelay_two_node/results/t1-125m-a-b-01,A-B,13,opt-125m,1,256,768,gpu,393216,float16,14,steady,1.5941696166992188,0.03331200033426285,0.06303977966308594,0.02022399939596653,0.03708505630493164,1.4940447807312012,1.535862922668457,True,local before background launch and D2H,local after ready ACK,1.5941696166992188,1.544959306716919,1.5852341651916504
experiments/inferrelay_two_node/results/t1-125m-a-b-01,A-B,13,opt-125m,1,256,768,gpu,393216,float16,15,steady,1.600719928741455,0.03471999987959862,0.06521415710449219,0.019999999552965164,0.03823494911193848,1.4972708225250244,1.5425012111663818,True,local before background launch and D2H,local after ready ACK,1.600719928741455,1.5523083209991455,1.593731164932251
experiments/inferrelay_two_node/results/t1-125m-a-b-01,A-B,13,opt-125m,1,256,768,gpu,393216,float16,16,steady,1.6471858024597168,0.03404799848794937,0.06174039840698242,0.031199999153614044,0.07380986213684082,1.5116355419158936,1.5366480350494385,True,local before background launch and D2H,local after ready ACK,1.6471858024597168,1.5460717678070068,1.6286790370941162
experiments/inferrelay_two_node/results/t1-125m-a-b-01,A-B,13,opt-125m,1,256,768,gpu,393216,float16,17,steady,1.5895791053771973,0.03328000009059906,0.059873104095458984,0.020864000543951988,0.03985309600830078,1.4898529052734375,1.5249178409576416,True,local before background launch and D2H,local after ready ACK,1.5895791053771973,1.5375568866729736,1.5809340476989746
experiments/inferrelay_two_node/results/t1-125m-a-b-01,A-B,13,opt-125m,1,256,768,gpu,393216,float16,18,steady,1.596613883972168,0.0331839993596077,0.06141233444213867,0.02035200037062168,0.03792285919189453,1.4972786903381348,1.5329411029815674,True,local before background launch and D2H,local after ready ACK,1.596613883972168,1.5425169467926025,1.583935022354126
experiments/inferrelay_two_node/results/t1-125m-a-b-01,A-B,13,opt-125m,1,256,768,gpu,393216,float16,19,steady,1.5873079299926758,0.0331839993596077,0.05917501449584961,0.020096000283956528,0.03695797920227051,1.4911749362945557,1.5275249481201172,True,local before background launch and D2H,local after ready ACK,1.5873079299926758,1.5369930267333984,1.5773379802703857
experiments/inferrelay_two_node/results/t1-125m-a-b-01,A-B,13,opt-125m,1,256,768,gpu,393216,float16,20,steady,1.5880699157714844,0.03292800113558769,0.05977296829223633,0.019872000440955162,0.03712892532348633,1.4911680221557617,1.5267858505249023,True,local before background launch and D2H,local after ready ACK,1.5880699157714844,1.5361769199371338,1.5769600868225098
experiments/inferrelay_two_node/results/t1-125m-a-b-01,A-B,13,opt-125m,1,256,768,gpu,393216,float16,21,steady,1.5791797637939453,0.032575998455286026,0.05766773223876953,0.019807999953627586,0.036389827728271484,1.4851222038269043,1.527082920074463,True,local before background launch and D2H,local after ready ACK,1.5791797637939453,1.5353517532348633,1.5752148628234863
experiments/inferrelay_two_node/results/t1-125m-a-b-01,A-B,13,opt-125m,1,256,768,gpu,393216,float16,22,steady,1.5755181312561035,0.03222399950027466,0.059200286865234375,0.017983999103307724,0.03581500053405762,1.4805028438568115,1.5219449996948242,True,local before background launch and D2H,local after ready ACK,1.5755181312561035,1.5308849811553955,1.5699586868286133
experiments/inferrelay_two_node/results/t1-125m-a-b-01,A-B,13,opt-125m,1,256,768,gpu,393216,float16,23,steady,1.5817499160766602,0.03232000023126602,0.05670499801635742,0.017503999173641205,0.035141706466674805,1.489903211593628,1.5278968811035156,True,local before background launch and D2H,local after ready ACK,1.5817499160766602,1.5369517803192139,1.5757038593292236
experiments/inferrelay_two_node/results/t1-125m-a-b-01,A-B,14,opt-125m,1,256,768,gpu_h2d,393216,float16,0,first_transfer,2.290281295776367,0.10847999900579453,0.15976428985595703,0.07292799651622772,0.43630003929138184,1.6942169666290283,1.7472047805786133,True,local before background launch and D2H,local after ready ACK,2.290281295776367,1.8452348709106445,2.299894094467163
experiments/inferrelay_two_node/results/t1-125m-a-b-01,A-B,14,opt-125m,1,256,768,gpu_h2d,393216,float16,1,warmup,2.089661121368408,0.03625600039958954,0.09897232055664062,0.01692800037562847,0.44423604011535645,1.5464527606964111,1.5662479400634766,True,local before background launch and D2H,local after ready ACK,2.089661121368408,1.5921039581298828,2.041731834411621
experiments/inferrelay_two_node/results/t1-125m-a-b-01,A-B,14,opt-125m,1,256,768,gpu_h2d,393216,float16,2,warmup,2.0319228172302246,0.07068800181150436,0.09695911407470703,0.016831999644637108,0.3696410655975342,1.5653226375579834,1.6158688068389893,True,local before background launch and D2H,local after ready ACK,2.0319228172302246,1.6339988708496094,2.008358955383301
experiments/inferrelay_two_node/results/t1-125m-a-b-01,A-B,14,opt-125m,1,256,768,gpu_h2d,393216,float16,3,warmup,2.0117268562316895,0.045504000037908554,0.0906367301940918,0.01696000061929226,0.4275786876678467,1.493511438369751,1.55299973487854,True,local before background launch and D2H,local after ready ACK,2.0117268562316895,1.570434808731079,2.0028719902038574
experiments/inferrelay_two_node/results/t1-125m-a-b-01,A-B,14,opt-125m,1,256,768,gpu_h2d,393216,float16,4,steady,2.0144662857055664,0.030880000442266464,0.09115409851074219,0.016831999644637108,0.44542908668518066,1.4778831005096436,1.5406157970428467,True,local before background launch and D2H,local after ready ACK,2.0144662857055664,1.5569360256195068,2.007128953933716
experiments/inferrelay_two_node/results/t1-125m-a-b-01,A-B,14,opt-125m,1,256,768,gpu_h2d,393216,float16,5,steady,2.057769298553467,0.030400000512599945,0.08551883697509766,0.017023999243974686,0.4773991107940674,1.4948513507843018,1.5343012809753418,True,local before background launch and D2H,local after ready ACK,2.057769298553467,1.5516281127929688,2.0409791469573975
experiments/inferrelay_two_node/results/t1-125m-a-b-01,A-B,14,opt-125m,1,256,768,gpu_h2d,393216,float16,6,steady,1.9336915016174316,0.04233599826693535,0.06004810333251953,0.017055999487638474,0.38909125328063965,1.4845521450042725,1.5044379234313965,True,local before background launch and D2H,local after ready ACK,1.9336915016174316,1.5257651805877686,1.9227221012115479
experiments/inferrelay_two_node/results/t1-125m-a-b-01,A-B,14,opt-125m,1,256,768,gpu_h2d,393216,float16,7,steady,1.9266242980957031,0.03062400035560131,0.08946704864501953,0.01708799973130226,0.35251307487487793,1.4846441745758057,1.5373890399932861,True,local before background launch and D2H,local after ready ACK,1.9266242980957031,1.557642936706543,1.9182209968566895
experiments/inferrelay_two_node/results/t1-125m-a-b-01,A-B,14,opt-125m,1,256,768,gpu_h2d,393216,float16,8,steady,1.921760082244873,0.030592000111937523,0.08902454376220703,0.01708799973130226,0.34984374046325684,1.4828917980194092,1.5401897430419922,True,local before background launch and D2H,local after ready ACK,1.921760082244873,1.558650016784668,1.9131081104278564
experiments/inferrelay_two_node/results/t1-125m-a-b-01,A-B,14,opt-125m,1,256,768,gpu_h2d,393216,float16,9,steady,2.02858829498291,0.03030399978160858,0.08902406692504883,0.01692800037562847,0.4599289894104004,1.479635238647461,1.5337140560150146,True,local before background launch and D2H,local after ready ACK,2.02858829498291,1.5529398918151855,2.0177018642425537
experiments/inferrelay_two_node/results/t1-125m-a-b-01,A-B,14,opt-125m,1,256,768,gpu_h2d,393216,float16,10,steady,2.014275074005127,0.0307839997112751,0.08946704864501953,0.016831999644637108,0.4446980953216553,1.4801099300384521,1.5390417575836182,True,local before background launch and D2H,local after ready ACK,2.014275074005127,1.5561020374298096,2.0054209232330322
experiments/inferrelay_two_node/results/t1-125m-a-b-01,A-B,14,opt-125m,1,256,768,gpu_h2d,393216,float16,11,steady,2.04095458984375,0.030592000111937523,0.08635997772216797,0.016863999888300896,0.4525918960571289,1.5020027160644531,1.5332200527191162,True,local before background launch and D2H,local after ready ACK,2.04095458984375,1.550342082977295,2.0074269771575928
experiments/inferrelay_two_node/results/t1-125m-a-b-01,A-B,14,opt-125m,1,256,768,gpu_h2d,393216,float16,12,steady,2.0821585655212402,0.04678399860858917,0.1566619873046875,0.01711999997496605,0.3124730587005615,1.6130235195159912,1.6896898746490479,True,local before background launch and D2H,local after ready ACK,2.0821585655212402,1.706874132156372,2.0397109985351562
experiments/inferrelay_two_node/results/t1-125m-a-b-01,A-B,14,opt-125m,1,256,768,gpu_h2d,393216,float16,13,steady,1.942786693572998,0.04265600070357323,0.18708133697509766,0.016831999644637108,0.1808609962463379,1.5748443603515625,1.7019147872924805,True,local before background launch and D2H,local after ready ACK,1.942786693572998,1.7349259853363037,1.9281821250915527
experiments/inferrelay_two_node/results/t1-125m-a-b-01,A-B,14,opt-125m,1,256,768,gpu_h2d,393216,float16,14,steady,1.9443426132202148,0.04185599833726883,0.1808333396911621,0.01696000061929226,0.1987590789794922,1.5647501945495605,1.6997549533843994,True,local before background launch and D2H,local after ready ACK,1.9443426132202148,1.7214360237121582,1.9285731315612793
experiments/inferrelay_two_node/results/t1-125m-a-b-01,A-B,14,opt-125m,1,256,768,gpu_h2d,393216,float16,15,steady,1.9312043190002441,0.15878400206565857,0.18636417388916016,0.016896000131964684,0.24309372901916504,1.501746416091919,1.6468448638916016,True,local before background launch and D2H,local after ready ACK,1.9312043190002441,1.666964054107666,1.9179730415344238
experiments/inferrelay_two_node/results/t1-125m-a-b-01,A-B,14,opt-125m,1,256,768,gpu_h2d,393216,float16,16,steady,2.0086898803710938,0.14502400159835815,0.1813821792602539,0.01692800037562847,0.2970409393310547,1.5302667617797852,1.703507900238037,True,local before background launch and D2H,local after ready ACK,2.0086898803710938,1.7239480018615723,2.0258569717407227
experiments/inferrelay_two_node/results/t1-125m-a-b-01,A-B,14,opt-125m,1,256,768,gpu_h2d,393216,float16,17,steady,1.9462332725524902,0.06732799857854843,0.09048700332641602,0.016896000131964684,0.3672196865081787,1.4885265827178955,1.5479919910430908,True,local before background launch and D2H,local after ready ACK,1.9462332725524902,1.566918134689331,1.9388771057128906
experiments/inferrelay_two_node/results/t1-125m-a-b-01,A-B,14,opt-125m,1,256,768,gpu_h2d,393216,float16,18,steady,2.045227527618408,0.04508800059556961,0.06571722030639648,0.016896000131964684,0.4764089584350586,1.5031013488769531,1.5150737762451172,True,local before background launch and D2H,local after ready ACK,2.045227527618408,1.5330052375793457,2.014292001724243
experiments/inferrelay_two_node/results/t1-125m-a-b-01,A-B,14,opt-125m,1,256,768,gpu_h2d,393216,float16,19,steady,2.012454032897949,0.03590400144457817,0.17488956451416016,0.01692800037562847,0.2841310501098633,1.5534334182739258,1.7033638954162598,True,local before background launch and D2H,local after ready ACK,2.012454032897949,1.7207810878753662,2.009536027908325
experiments/inferrelay_two_node/results/t1-125m-a-b-01,A-B,14,opt-125m,1,256,768,gpu_h2d,393216,float16,20,steady,2.035398006439209,0.04022400081157684,0.1796245574951172,0.01692800037562847,0.29060816764831543,1.5651652812957764,1.6941909790039062,True,local before background launch and D2H,local after ready ACK,2.035398006439209,1.722702980041504,2.0178959369659424
experiments/inferrelay_two_node/results/t1-125m-a-b-01,A-B,14,opt-125m,1,256,768,gpu_h2d,393216,float16,21,steady,2.100921154022217,0.1369280070066452,0.16190195083618164,0.016896000131964684,0.30385804176330566,1.6351611614227295,1.686133861541748,True,local before background launch and D2H,local after ready ACK,2.100921154022217,1.7032818794250488,2.015101909637451
experiments/inferrelay_two_node/results/t1-125m-a-b-01,A-B,14,opt-125m,1,256,768,gpu_h2d,393216,float16,22,steady,2.035339832305908,0.056384000927209854,0.09736013412475586,0.01696000061929226,0.45006799697875977,1.4879117012023926,1.5513949394226074,True,local before background launch and D2H,local after ready ACK,2.035339832305908,1.5690171718597412,2.026813268661499
experiments/inferrelay_two_node/results/t1-125m-a-b-01,A-B,14,opt-125m,1,256,768,gpu_h2d,393216,float16,23,steady,2.0191879272460938,0.04873599857091904,0.06797313690185547,0.016896000131964684,0.4733152389526367,1.4778995513916016,1.5145649909973145,True,local before background launch and D2H,local after ready ACK,2.0191879272460938,1.5320959091186523,2.010190963745117
experiments/inferrelay_two_node/results/t1-125m-a-b-01,A-B,15,opt-125m,1,256,768,gpu_compute,393216,float16,0,first_transfer,1.8829288482666016,0.1212799996137619,0.17387771606445312,0.04742399975657463,0.11205720901489258,1.5969939231872559,1.7367079257965088,True,local before background launch and D2H,local after ready ACK,1.8829288482666016,1.765733242034912,1.899144172668457
experiments/inferrelay_two_node/results/t1-125m-a-b-01,A-B,15,opt-125m,1,256,768,gpu_compute,393216,float16,1,warmup,1.6977081298828125,0.06451199948787689,0.10549163818359375,0.0360959991812706,0.06345200538635254,1.5287644863128662,1.59653902053833,True,local before background launch and D2H,local after ready ACK,1.6977081298828125,1.6151049137115479,1.6862561702728271
experiments/inferrelay_two_node/results/t1-125m-a-b-01,A-B,15,opt-125m,1,256,768,gpu_compute,393216,float16,2,warmup,1.7204623222351074,0.0689919963479042,0.12058591842651367,0.021727999672293663,0.044828176498413086,1.5550482273101807,1.634706974029541,True,local before background launch and D2H,local after ready ACK,1.7204623222351074,1.6514160633087158,1.700800895690918
experiments/inferrelay_two_node/results/t1-125m-a-b-01,A-B,15,opt-125m,1,256,768,gpu_compute,393216,float16,3,warmup,1.6876192092895508,0.03964800015091896,0.11327695846557617,0.025472000241279602,0.04930400848388672,1.525038242340088,1.6085610389709473,True,local before background launch and D2H,local after ready ACK,1.6876192092895508,1.6239511966705322,1.6773672103881836
experiments/inferrelay_two_node/results/t1-125m-a-b-01,A-B,15,opt-125m,1,256,768,gpu_compute,393216,float16,4,steady,1.6895179748535156,0.04224000126123428,0.11074399948120117,0.033344000577926636,0.0597689151763916,1.5190050601959229,1.6013617515563965,True,local before background launch and D2H,local after ready ACK,1.6895179748535156,1.6156439781188965,1.6799969673156738
experiments/inferrelay_two_node/results/t1-125m-a-b-01,A-B,15,opt-125m,1,256,768,gpu_compute,393216,float16,5,steady,1.7128410339355469,0.04297599941492081,0.1111140251159668,0.025312000885605812,0.04678797721862793,1.5549390316009521,1.6345670223236084,True,local before background launch and D2H,local after ready ACK,1.7128410339355469,1.6492969989776611,1.7024128437042236
experiments/inferrelay_two_node/results/t1-125m-a-b-01,A-B,15,opt-125m,1,256,768,gpu_compute,393216,float16,6,steady,1.6918482780456543,0.04233599826693535,0.10703754425048828,0.022463999688625336,0.0436098575592041,1.541200876235962,1.625201940536499,True,local before background launch and D2H,local after ready ACK,1.6918482780456543,1.639538049697876,1.6871049404144287
experiments/inferrelay_two_node/results/t1-125m-a-b-01,A-B,15,opt-125m,1,256,768,gpu_compute,393216,float16,7,steady,1.699568271636963,0.038495998829603195,0.10872125625610352,0.02284800074994564,0.044219255447387695,1.5466277599334717,1.6145579814910889,True,local before background launch and D2H,local after ready ACK,1.699568271636963,1.6288039684295654,1.6774871349334717
experiments/inferrelay_two_node/results/t1-125m-a-b-01,A-B,15,opt-125m,1,256,768,gpu_compute,393216,float16,8,steady,1.705827236175537,0.03961599990725517,0.11594486236572266,0.02236800082027912,0.043923139572143555,1.545959234237671,1.634031057357788,True,local before background launch and D2H,local after ready ACK,1.705827236175537,1.648183822631836,1.6963188648223877
experiments/inferrelay_two_node/results/t1-125m-a-b-01,A-B,15,opt-125m,1,256,768,gpu_compute,393216,float16,9,steady,1.6898689270019531,0.03686400130391121,0.12622308731079102,0.02236800082027912,0.04420185089111328,1.5194439888000488,1.6155238151550293,True,local before background launch and D2H,local after ready ACK,1.6898689270019531,1.6304490566253662,1.678929090499878
experiments/inferrelay_two_node/results/t1-125m-a-b-01,A-B,15,opt-125m,1,256,768,gpu_compute,393216,float16,10,steady,1.71038818359375,0.07305599749088287,0.11735343933105469,0.02319999970495701,0.04342818260192871,1.5496065616607666,1.617607831954956,True,local before background launch and D2H,local after ready ACK,1.71038818359375,1.6319491863250732,1.6797142028808594
experiments/inferrelay_two_node/results/t1-125m-a-b-01,A-B,15,opt-125m,1,256,768,gpu_compute,393216,float16,11,steady,1.6883339881896973,0.03827200084924698,0.11968612670898438,0.022304000332951546,0.04404807090759277,1.5245997905731201,1.6220009326934814,True,local before background launch and D2H,local after ready ACK,1.6883339881896973,1.636559009552002,1.6852550506591797
experiments/inferrelay_two_node/results/t1-125m-a-b-01,A-B,15,opt-125m,1,256,768,gpu_compute,393216,float16,12,steady,1.6868019104003906,0.041152000427246094,0.10664081573486328,0.0331839993596077,0.05958294868469238,1.520578145980835,1.5995478630065918,True,local before background launch and D2H,local after ready ACK,1.6868019104003906,1.6138241291046143,1.6778690814971924
experiments/inferrelay_two_node/results/t1-125m-a-b-01,A-B,15,opt-125m,1,256,768,gpu_compute,393216,float16,13,steady,1.7154221534729004,0.038943998515605927,0.10850715637207031,0.022431999444961548,0.04413795471191406,1.562777042388916,1.6162569522857666,True,local before background launch and D2H,local after ready ACK,1.7154221534729004,1.6304810047149658,1.6788980960845947
experiments/inferrelay_two_node/results/t1-125m-a-b-01,A-B,15,opt-125m,1,256,768,gpu_compute,393216,float16,14,steady,1.7172355651855469,0.0387520007789135,0.10840940475463867,0.021407999098300934,0.04273080825805664,1.5660953521728516,1.647197961807251,True,local before background launch and D2H,local after ready ACK,1.7172355651855469,1.6616010665893555,1.7083241939544678
experiments/inferrelay_two_node/results/t1-125m-a-b-01,A-B,15,opt-125m,1,256,768,gpu_compute,393216,float16,15,steady,1.7104458808898926,0.04281599819660187,0.10613441467285156,0.021663999184966087,0.04232287406921387,1.5619885921478271,1.6269829273223877,True,local before background launch and D2H,local after ready ACK,1.7104458808898926,1.6415209770202637,1.6924431324005127
experiments/inferrelay_two_node/results/t1-125m-a-b-01,A-B,15,opt-125m,1,256,768,gpu_compute,393216,float16,16,steady,1.6736149787902832,0.03968000039458275,0.10727930068969727,0.01990400068461895,0.04384899139404297,1.522486686706543,1.6054048538208008,True,local before background launch and D2H,local after ready ACK,1.6736149787902832,1.6197400093078613,1.6680781841278076
experiments/inferrelay_two_node/results/t1-125m-a-b-01,A-B,15,opt-125m,1,256,768,gpu_compute,393216,float16,17,steady,1.6878981590270996,0.03680000081658363,0.10531806945800781,0.022624000906944275,0.04377603530883789,1.538804054260254,1.6118361949920654,True,local before background launch and D2H,local after ready ACK,1.6878981590270996,1.6262729167938232,1.6740539073944092
experiments/inferrelay_two_node/results/t1-125m-a-b-01,A-B,15,opt-125m,1,256,768,gpu_compute,393216,float16,18,steady,1.6735382080078125,0.04342399910092354,0.10520744323730469,0.022336000576615334,0.04310894012451172,1.525221824645996,1.601977825164795,True,local before background launch and D2H,local after ready ACK,1.6735382080078125,1.6162009239196777,1.6640558242797852
experiments/inferrelay_two_node/results/t1-125m-a-b-01,A-B,15,opt-125m,1,256,768,gpu_compute,393216,float16,19,steady,1.6920561790466309,0.037696000188589096,0.11011123657226562,0.02236800082027912,0.043392181396484375,1.5385527610778809,1.6176910400390625,True,local before background launch and D2H,local after ready ACK,1.6920561790466309,1.6321468353271484,1.67979097366333
experiments/inferrelay_two_node/results/t1-125m-a-b-01,A-B,15,opt-125m,1,256,768,gpu_compute,393216,float16,20,steady,1.6880040168762207,0.0387520007789135,0.10615825653076172,0.022463999688625336,0.0432891845703125,1.5385565757751465,1.612961769104004,True,local before background launch and D2H,local after ready ACK,1.6880040168762207,1.6275098323822021,1.675081729888916
experiments/inferrelay_two_node/results/t1-125m-a-b-01,A-B,15,opt-125m,1,256,768,gpu_compute,393216,float16,21,steady,1.6870660781860352,0.04403200000524521,0.11222982406616211,0.02271999977529049,0.04413008689880371,1.5307061672210693,1.6118788719177246,True,local before background launch and D2H,local after ready ACK,1.6870660781860352,1.6265931129455566,1.6756908893585205
experiments/inferrelay_two_node/results/t1-125m-a-b-01,A-B,15,opt-125m,1,256,768,gpu_compute,393216,float16,22,steady,1.6983652114868164,0.03747199848294258,0.10512685775756836,0.023520000278949738,0.04495382308959961,1.5482845306396484,1.6210319995880127,True,local before background launch and D2H,local after ready ACK,1.6983652114868164,1.6346731185913086,1.684009075164795
experiments/inferrelay_two_node/results/t1-125m-a-b-01,A-B,15,opt-125m,1,256,768,gpu_compute,393216,float16,23,steady,1.692471981048584,0.039455998688936234,0.10956382751464844,0.03308799862861633,0.05883288383483887,1.5240752696990967,1.6089379787445068,True,local before background launch and D2H,local after ready ACK,1.692471981048584,1.623248815536499,1.6862618923187256
experiments/inferrelay_two_node/results/t1-125m-a-b-01,A-B,16,opt-125m,4,1,768,cpu,6144,float16,0,first_transfer,0.2543177604675293,0.0,0.0,0.0,0.0,0.2543177604675293,0.20885825157165527,True,local before background launch and D2H,local after ready ACK,0.2543177604675293,0.23787689208984375,0.23810386657714844
experiments/inferrelay_two_node/results/t1-125m-a-b-01,A-B,16,opt-125m,4,1,768,cpu,6144,float16,1,warmup,0.28142213821411133,0.0,0.0,0.0,0.0,0.28142213821411133,0.2844548225402832,True,local before background launch and D2H,local after ready ACK,0.28142213821411133,0.2980530261993408,0.2982821464538574
experiments/inferrelay_two_node/results/t1-125m-a-b-01,A-B,16,opt-125m,4,1,768,cpu,6144,float16,2,warmup,0.13165807723999023,0.0,0.0,0.0,0.0,0.13165807723999023,0.1947629451751709,True,local before background launch and D2H,local after ready ACK,0.13165807723999023,0.20341730117797852,0.20362591743469238
experiments/inferrelay_two_node/results/t1-125m-a-b-01,A-B,16,opt-125m,4,1,768,cpu,6144,float16,3,warmup,0.13472270965576172,0.0,0.0,0.0,0.0,0.13472270965576172,0.20110797882080078,True,local before background launch and D2H,local after ready ACK,0.13472270965576172,0.2092437744140625,0.20947670936584473
experiments/inferrelay_two_node/results/t1-125m-a-b-01,A-B,16,opt-125m,4,1,768,cpu,6144,float16,4,steady,0.11091947555541992,0.0,0.0,0.0,0.0,0.11091947555541992,0.11724615097045898,True,local before background launch and D2H,local after ready ACK,0.11091947555541992,0.12530303001403809,0.12552618980407715
experiments/inferrelay_two_node/results/t1-125m-a-b-01,A-B,16,opt-125m,4,1,768,cpu,6144,float16,5,steady,0.10946130752563477,0.0,0.0,0.0,0.0,0.10946130752563477,0.11756324768066406,True,local before background launch and D2H,local after ready ACK,0.10946130752563477,0.12506103515625,0.12526607513427734
experiments/inferrelay_two_node/results/t1-125m-a-b-01,A-B,16,opt-125m,4,1,768,cpu,6144,float16,6,steady,0.12763309478759766,0.0,0.0,0.0,0.0,0.12763309478759766,0.11334013938903809,True,local before background launch and D2H,local after ready ACK,0.12763309478759766,0.12090706825256348,0.12111902236938477
experiments/inferrelay_two_node/results/t1-125m-a-b-01,A-B,16,opt-125m,4,1,768,cpu,6144,float16,7,steady,0.10732412338256836,0.0,0.0,0.0,0.0,0.10732412338256836,0.11108708381652832,True,local before background launch and D2H,local after ready ACK,0.10732412338256836,0.1186380386352539,0.11882710456848145
experiments/inferrelay_two_node/results/t1-125m-a-b-01,A-B,16,opt-125m,4,1,768,cpu,6144,float16,8,steady,0.10712385177612305,0.0,0.0,0.0,0.0,0.10712385177612305,0.10878586769104004,True,local before background launch and D2H,local after ready ACK,0.10712385177612305,0.11673712730407715,0.1169440746307373
experiments/inferrelay_two_node/results/t1-125m-a-b-01,A-B,16,opt-125m,4,1,768,cpu,6144,float16,9,steady,0.12671995162963867,0.0,0.0,0.0,0.0,0.12671995162963867,0.10869193077087402,True,local before background launch and D2H,local after ready ACK,0.12671995162963867,0.1163797378540039,0.11658978462219238
experiments/inferrelay_two_node/results/t1-125m-a-b-01,A-B,16,opt-125m,4,1,768,cpu,6144,float16,10,steady,0.10977315902709961,0.0,0.0,0.0,0.0,0.10977315902709961,0.11362290382385254,True,local before background launch and D2H,local after ready ACK,0.10977315902709961,0.12150287628173828,0.12171673774719238
experiments/inferrelay_two_node/results/t1-125m-a-b-01,A-B,16,opt-125m,4,1,768,cpu,6144,float16,11,steady,0.10697031021118164,0.0,0.0,0.0,0.0,0.10697031021118164,0.11020302772521973,True,local before background launch and D2H,local after ready ACK,0.10697031021118164,0.11802887916564941,0.11823582649230957
experiments/inferrelay_two_node/results/t1-125m-a-b-01,A-B,16,opt-125m,4,1,768,cpu,6144,float16,12,steady,0.1051945686340332,0.0,0.0,0.0,0.0,0.1051945686340332,0.11301589012145996,True,local before background launch and D2H,local after ready ACK,0.1051945686340332,0.1204671859741211,0.12064313888549805
experiments/inferrelay_two_node/results/t1-125m-a-b-01,A-B,16,opt-125m,4,1,768,cpu,6144,float16,13,steady,0.10620880126953125,0.0,0.0,0.0,0.0,0.10620880126953125,0.11423087120056152,True,local before background launch and D2H,local after ready ACK,0.10620880126953125,0.12132811546325684,0.12151813507080078
experiments/inferrelay_two_node/results/t1-125m-a-b-01,A-B,16,opt-125m,4,1,768,cpu,6144,float16,14,steady,0.10666275024414062,0.0,0.0,0.0,0.0,0.10666275024414062,0.10619020462036133,True,local before background launch and D2H,local after ready ACK,0.10666275024414062,0.11379408836364746,0.11400008201599121
experiments/inferrelay_two_node/results/t1-125m-a-b-01,A-B,16,opt-125m,4,1,768,cpu,6144,float16,15,steady,0.11157035827636719,0.0,0.0,0.0,0.0,0.11157035827636719,0.11459207534790039,True,local before background launch and D2H,local after ready ACK,0.11157035827636719,0.12190103530883789,0.12209200859069824
experiments/inferrelay_two_node/results/t1-125m-a-b-01,A-B,16,opt-125m,4,1,768,cpu,6144,float16,16,steady,0.11153602600097656,0.0,0.0,0.0,0.0,0.11153602600097656,0.11468791961669922,True,local before background launch and D2H,local after ready ACK,0.11153602600097656,0.12215900421142578,0.12232804298400879
experiments/inferrelay_two_node/results/t1-125m-a-b-01,A-B,16,opt-125m,4,1,768,cpu,6144,float16,17,steady,0.10996246337890625,0.0,0.0,0.0,0.0,0.10996246337890625,0.11435723304748535,True,local before background launch and D2H,local after ready ACK,0.10996246337890625,0.12172079086303711,0.12188291549682617
experiments/inferrelay_two_node/results/t1-125m-a-b-01,A-B,16,opt-125m,4,1,768,cpu,6144,float16,18,steady,0.11086273193359375,0.0,0.0,0.0,0.0,0.11086273193359375,0.11409497261047363,True,local before background launch and D2H,local after ready ACK,0.11086273193359375,0.12154698371887207,0.12173104286193848
experiments/inferrelay_two_node/results/t1-125m-a-b-01,A-B,16,opt-125m,4,1,768,cpu,6144,float16,19,steady,0.10847330093383789,0.0,0.0,0.0,0.0,0.10847330093383789,0.11138415336608887,True,local before background launch and D2H,local after ready ACK,0.10847330093383789,0.11834120750427246,0.11852025985717773
experiments/inferrelay_two_node/results/t1-125m-a-b-01,A-B,16,opt-125m,4,1,768,cpu,6144,float16,20,steady,0.10592126846313477,0.0,0.0,0.0,0.0,0.10592126846313477,0.11099004745483398,True,local before background launch and D2H,local after ready ACK,0.10592126846313477,0.1183462142944336,0.11852312088012695
experiments/inferrelay_two_node/results/t1-125m-a-b-01,A-B,16,opt-125m,4,1,768,cpu,6144,float16,21,steady,0.11044979095458984,0.0,0.0,0.0,0.0,0.11044979095458984,0.11218905448913574,True,local before background launch and D2H,local after ready ACK,0.11044979095458984,0.11925506591796875,0.11944890022277832
experiments/inferrelay_two_node/results/t1-125m-a-b-01,A-B,16,opt-125m,4,1,768,cpu,6144,float16,22,steady,0.10665130615234375,0.0,0.0,0.0,0.0,0.10665130615234375,0.11000394821166992,True,local before background launch and D2H,local after ready ACK,0.10665130615234375,0.1173398494720459,0.1175088882446289
experiments/inferrelay_two_node/results/t1-125m-a-b-01,A-B,16,opt-125m,4,1,768,cpu,6144,float16,23,steady,0.10706472396850586,0.0,0.0,0.0,0.0,0.10706472396850586,0.11064696311950684,True,local before background launch and D2H,local after ready ACK,0.10706472396850586,0.11800694465637207,0.11819195747375488
experiments/inferrelay_two_node/results/t1-125m-a-b-01,A-B,17,opt-125m,4,1,768,gpu,6144,float16,0,first_transfer,0.6155686378479004,0.021215999498963356,0.05484151840209961,0.017664000391960144,0.06386780738830566,0.4968593120574951,0.4982891082763672,True,local before background launch and D2H,local after ready ACK,0.6155686378479004,0.5527081489562988,0.625128984451294
experiments/inferrelay_two_node/results/t1-125m-a-b-01,A-B,17,opt-125m,4,1,768,gpu,6144,float16,1,warmup,0.4154033660888672,0.015200000256299973,0.03772592544555664,0.03222399950027466,0.0958261489868164,0.28185129165649414,0.28490400314331055,True,local before background launch and D2H,local after ready ACK,0.4154033660888672,0.2974071502685547,0.40476298332214355
experiments/inferrelay_two_node/results/t1-125m-a-b-01,A-B,17,opt-125m,4,1,768,gpu,6144,float16,2,warmup,0.1796727180480957,0.007935999892652035,0.024092674255371094,0.009600000455975533,0.02667403221130371,0.1289060115814209,0.13148283958435059,True,local before background launch and D2H,local after ready ACK,0.1796727180480957,0.1431288719177246,0.17335796356201172
experiments/inferrelay_two_node/results/t1-125m-a-b-01,A-B,17,opt-125m,4,1,768,gpu,6144,float16,3,warmup,0.17451906204223633,0.007071999832987785,0.022289276123046875,0.00854399986565113,0.024967670440673828,0.12726211547851562,0.13135910034179688,True,local before background launch and D2H,local after ready ACK,0.17451906204223633,0.14036202430725098,0.16860604286193848
experiments/inferrelay_two_node/results/t1-125m-a-b-01,A-B,17,opt-125m,4,1,768,gpu,6144,float16,4,steady,0.17147541046142578,0.006976000033318996,0.022771358489990234,0.007104000076651573,0.0229799747467041,0.12572407722473145,0.1323230266571045,True,local before background launch and D2H,local after ready ACK,0.17147541046142578,0.1402730941772461,0.16646313667297363
experiments/inferrelay_two_node/results/t1-125m-a-b-01,A-B,17,opt-125m,4,1,768,gpu,6144,float16,5,steady,0.16890192031860352,0.006432000081986189,0.021441936492919922,0.007071999832987785,0.022602081298828125,0.12485790252685547,0.13239288330078125,True,local before background launch and D2H,local after ready ACK,0.16890192031860352,0.14034700393676758,0.1660916805267334
experiments/inferrelay_two_node/results/t1-125m-a-b-01,A-B,17,opt-125m,4,1,768,gpu,6144,float16,6,steady,0.16673517227172852,0.0063680000603199005,0.020559310913085938,0.00684799998998642,0.022466182708740234,0.12370967864990234,0.13147807121276855,True,local before background launch and D2H,local after ready ACK,0.16673517227172852,0.13959884643554688,0.1651160717010498
experiments/inferrelay_two_node/results/t1-125m-a-b-01,A-B,17,opt-125m,4,1,768,gpu,6144,float16,7,steady,0.1727452278137207,0.006432000081986189,0.02048969268798828,0.007391999941319227,0.023083925247192383,0.12917160987854004,0.1375889778137207,True,local before background launch and D2H,local after ready ACK,0.1727452278137207,0.1444399356842041,0.1706089973449707
experiments/inferrelay_two_node/results/t1-125m-a-b-01,A-B,17,opt-125m,4,1,768,gpu,6144,float16,8,steady,0.16777706146240234,0.006399999838322401,0.020990848541259766,0.006912000011652708,0.022069931030273438,0.12471628189086914,0.12962698936462402,True,local before background launch and D2H,local after ready ACK,0.16777706146240234,0.13718509674072266,0.16237926483154297
experiments/inferrelay_two_node/results/t1-125m-a-b-01,A-B,17,opt-125m,4,1,768,gpu,6144,float16,9,steady,0.16633176803588867,0.006207999773323536,0.020824909210205078,0.006976000033318996,0.02225780487060547,0.12324905395507812,0.13521313667297363,True,local before background launch and D2H,local after ready ACK,0.16633176803588867,0.14254093170166016,0.16784214973449707
experiments/inferrelay_two_node/results/t1-125m-a-b-01,A-B,17,opt-125m,4,1,768,gpu,6144,float16,10,steady,0.16863584518432617,0.006399999838322401,0.021095752716064453,0.006240000016987324,0.021579980850219727,0.125960111618042,0.13734817504882812,True,local before background launch and D2H,local after ready ACK,0.16863584518432617,0.1445610523223877,0.1691761016845703
experiments/inferrelay_two_node/results/t1-125m-a-b-01,A-B,17,opt-125m,4,1,768,gpu,6144,float16,11,steady,0.1661052703857422,0.006335999816656113,0.020807266235351562,0.006752000190317631,0.022144794464111328,0.1231532096862793,0.13050198554992676,True,local before background launch and D2H,local after ready ACK,0.1661052703857422,0.13807988166809082,0.16336488723754883
experiments/inferrelay_two_node/results/t1-125m-a-b-01,A-B,17,opt-125m,4,1,768,gpu,6144,float16,12,steady,0.16869068145751953,0.006240000016987324,0.02075958251953125,0.007424000184983015,0.023514986038208008,0.12441611289978027,0.1313021183013916,True,local before background launch and D2H,local after ready ACK,0.16869068145751953,0.1391279697418213,0.1657259464263916
experiments/inferrelay_two_node/results/t1-125m-a-b-01,A-B,17,opt-125m,4,1,768,gpu,6144,float16,13,steady,0.16815614700317383,0.006207999773323536,0.021164894104003906,0.006976000033318996,0.02252483367919922,0.1244664192199707,0.13211512565612793,True,local before background launch and D2H,local after ready ACK,0.16815614700317383,0.1397409439086914,0.16544198989868164
experiments/inferrelay_two_node/results/t1-125m-a-b-01,A-B,17,opt-125m,4,1,768,gpu,6144,float16,14,steady,0.16440582275390625,0.006432000081986189,0.020553112030029297,0.006912000011652708,0.022343873977661133,0.12150883674621582,0.12834906578063965,True,local before background launch and D2H,local after ready ACK,0.16440582275390625,0.13594508171081543,0.16144108772277832
experiments/inferrelay_two_node/results/t1-125m-a-b-01,A-B,17,opt-125m,4,1,768,gpu,6144,float16,15,steady,0.1684584617614746,0.006560000125318766,0.021059036254882812,0.006752000190317631,0.022181987762451172,0.12521743774414062,0.13335490226745605,True,local before background launch and D2H,local after ready ACK,0.1684584617614746,0.1407029628753662,0.1659259796142578
experiments/inferrelay_two_node/results/t1-125m-a-b-01,A-B,17,opt-125m,4,1,768,gpu,6144,float16,16,steady,0.1669173240661621,0.006432000081986189,0.020685195922851562,0.006912000011652708,0.02225518226623535,0.1239769458770752,0.13141703605651855,True,local before background launch and D2H,local after ready ACK,0.1669173240661621,0.13912320137023926,0.16443300247192383
experiments/inferrelay_two_node/results/t1-125m-a-b-01,A-B,17,opt-125m,4,1,768,gpu,6144,float16,17,steady,0.16976642608642578,0.00595200015231967,0.020513534545898438,0.006719999946653843,0.02194499969482422,0.12730789184570312,0.13405513763427734,True,local before background launch and D2H,local after ready ACK,0.16976642608642578,0.14101600646972656,0.16600704193115234
experiments/inferrelay_two_node/results/t1-125m-a-b-01,A-B,17,opt-125m,4,1,768,gpu,6144,float16,18,steady,0.16658449172973633,0.006752000190317631,0.020710468292236328,0.0066559999249875546,0.022642850875854492,0.12323117256164551,0.13551998138427734,True,local before background launch and D2H,local after ready ACK,0.16658449172973633,0.14337611198425293,0.16910099983215332
experiments/inferrelay_two_node/results/t1-125m-a-b-01,A-B,17,opt-125m,4,1,768,gpu,6144,float16,19,steady,0.16971206665039062,0.007615999784320593,0.022333145141601562,0.006912000011652708,0.02208995819091797,0.1252889633178711,0.13873910903930664,True,local before background launch and D2H,local after ready ACK,0.16971206665039062,0.14620304107666016,0.17132115364074707
experiments/inferrelay_two_node/results/t1-125m-a-b-01,A-B,17,opt-125m,4,1,768,gpu,6144,float16,20,steady,0.1689763069152832,0.006399999838322401,0.021158218383789062,0.007007999811321497,0.022402048110961914,0.12541604042053223,0.13730692863464355,True,local before background launch and D2H,local after ready ACK,0.1689763069152832,0.14528393745422363,0.17084598541259766
experiments/inferrelay_two_node/results/t1-125m-a-b-01,A-B,17,opt-125m,4,1,768,gpu,6144,float16,21,steady,0.1686091423034668,0.006207999773323536,0.02120828628540039,0.006752000190317631,0.02178478240966797,0.12561607360839844,0.13608002662658691,True,local before background launch and D2H,local after ready ACK,0.1686091423034668,0.1430349349975586,0.1678919792175293
experiments/inferrelay_two_node/results/t1-125m-a-b-01,A-B,17,opt-125m,4,1,768,gpu,6144,float16,22,steady,0.1687779426574707,0.006399999838322401,0.020843029022216797,0.0066559999249875546,0.022253036499023438,0.12568187713623047,0.1326901912689209,True,local before background launch and D2H,local after ready ACK,0.1687779426574707,0.1406691074371338,0.16596627235412598
experiments/inferrelay_two_node/results/t1-125m-a-b-01,A-B,17,opt-125m,4,1,768,gpu,6144,float16,23,steady,0.16804075241088867,0.006496000103652477,0.020816326141357422,0.006752000190317631,0.022393226623535156,0.1248311996459961,0.13289690017700195,True,local before background launch and D2H,local after ready ACK,0.16804075241088867,0.14049696922302246,0.16591119766235352
experiments/inferrelay_two_node/results/t1-125m-a-b-01,A-B,18,opt-125m,4,1,768,gpu_h2d,6144,float16,0,first_transfer,0.5128622055053711,0.017343999817967415,0.0392308235168457,0.03248000144958496,0.10715413093566895,0.36647725105285645,0.2903871536254883,True,local before background launch and D2H,local after ready ACK,0.5128622055053711,0.3380570411682129,0.45801210403442383
experiments/inferrelay_two_node/results/t1-125m-a-b-01,A-B,18,opt-125m,4,1,768,gpu_h2d,6144,float16,1,warmup,0.9028415679931641,0.14560000598430634,0.17603111267089844,0.2157440036535263,0.35112786293029785,0.3756825923919678,0.4703638553619385,True,local before background launch and D2H,local after ready ACK,0.9028415679931641,0.5065069198608398,0.8676450252532959
experiments/inferrelay_two_node/results/t1-125m-a-b-01,A-B,18,opt-125m,4,1,768,gpu_h2d,6144,float16,2,warmup,0.8823585510253906,0.04310400038957596,0.13219499588012695,0.001728000002913177,0.37659311294555664,0.37357044219970703,0.4357430934906006,True,local before background launch and D2H,local after ready ACK,0.8823585510253906,0.4708101749420166,0.8582220077514648
experiments/inferrelay_two_node/results/t1-125m-a-b-01,A-B,18,opt-125m,4,1,768,gpu_h2d,6144,float16,3,warmup,0.752781867980957,0.04444799944758415,0.13150501251220703,0.0016639999812468886,0.28459715843200684,0.33667969703674316,0.5161128044128418,True,local before background launch and D2H,local after ready ACK,0.752781867980957,0.5520999431610107,0.8464422225952148
experiments/inferrelay_two_node/results/t1-125m-a-b-01,A-B,18,opt-125m,4,1,768,gpu_h2d,6144,float16,4,steady,0.8738803863525391,0.017216000705957413,0.16015291213989258,0.0016959999920800328,0.3573901653289795,0.356337308883667,0.4647212028503418,True,local before background launch and D2H,local after ready ACK,0.8738803863525391,0.497387170791626,0.8646721839904785
experiments/inferrelay_two_node/results/t1-125m-a-b-01,A-B,18,opt-125m,4,1,768,gpu_h2d,6144,float16,5,steady,0.883124828338623,0.00902399979531765,0.02826547622680664,0.0016959999920800328,0.5576367378234863,0.2972226142883301,0.26537299156188965,True,local before background launch and D2H,local after ready ACK,0.883124828338623,0.29790806770324707,0.8655099868774414
experiments/inferrelay_two_node/results/t1-125m-a-b-01,A-B,18,opt-125m,4,1,768,gpu_h2d,6144,float16,6,steady,0.8270182609558105,0.008031999692320824,0.026691913604736328,0.0016959999920800328,0.5508921146392822,0.249434232711792,0.21959614753723145,True,local before background launch and D2H,local after ready ACK,0.8270182609558105,0.2521688938140869,0.8125581741333008
experiments/inferrelay_two_node/results/t1-125m-a-b-01,A-B,18,opt-125m,4,1,768,gpu_h2d,6144,float16,7,steady,0.8767342567443848,0.007552000228315592,0.025247573852539062,0.0016959999920800328,0.58884596824646,0.26264071464538574,0.22719216346740723,True,local before background launch and D2H,local after ready ACK,0.8767342567443848,0.2597010135650635,0.8584890365600586
experiments/inferrelay_two_node/results/t1-125m-a-b-01,A-B,18,opt-125m,4,1,768,gpu_h2d,6144,float16,8,steady,0.8181004524230957,0.0072639998979866505,0.02505016326904297,0.001728000002913177,0.541877031326294,0.2511732578277588,0.2171468734741211,True,local before background launch and D2H,local after ready ACK,0.8181004524230957,0.24987506866455078,0.8015761375427246
experiments/inferrelay_two_node/results/t1-125m-a-b-01,A-B,18,opt-125m,4,1,768,gpu_h2d,6144,float16,9,steady,0.7903409004211426,0.00774399982765317,0.025691986083984375,0.0016959999920800328,0.5509779453277588,0.21367096900939941,0.17890405654907227,True,local before background launch and D2H,local after ready ACK,0.7903409004211426,0.21468091011047363,0.7749617099761963
experiments/inferrelay_two_node/results/t1-125m-a-b-01,A-B,18,opt-125m,4,1,768,gpu_h2d,6144,float16,10,steady,0.8863840103149414,0.02486399933695793,0.1813807487487793,0.0016959999920800328,0.3583688735961914,0.3466343879699707,0.4511232376098633,True,local before background launch and D2H,local after ready ACK,0.8863840103149414,0.48670291900634766,0.854942798614502
experiments/inferrelay_two_node/results/t1-125m-a-b-01,A-B,18,opt-125m,4,1,768,gpu_h2d,6144,float16,11,steady,0.8551368713378906,0.02099199965596199,0.16420221328735352,0.0016959999920800328,0.4049510955810547,0.2859835624694824,0.38666582107543945,True,local before background launch and D2H,local after ready ACK,0.8551368713378906,0.4174509048461914,0.8322479724884033
experiments/inferrelay_two_node/results/t1-125m-a-b-01,A-B,18,opt-125m,4,1,768,gpu_h2d,6144,float16,12,steady,0.852147102355957,0.03759999945759773,0.19288921356201172,0.0016959999920800328,0.3891410827636719,0.27011680603027344,0.4060709476470947,True,local before background launch and D2H,local after ready ACK,0.852147102355957,0.43665504455566406,0.8356149196624756
experiments/inferrelay_two_node/results/t1-125m-a-b-01,A-B,18,opt-125m,4,1,768,gpu_h2d,6144,float16,13,steady,0.7860641479492188,0.007615999784320593,0.02534770965576172,0.0016959999920800328,0.5673387050628662,0.19337773323059082,0.16242313385009766,True,local before background launch and D2H,local after ready ACK,0.7860641479492188,0.1934218406677246,0.7702667713165283
experiments/inferrelay_two_node/results/t1-125m-a-b-01,A-B,18,opt-125m,4,1,768,gpu_h2d,6144,float16,14,steady,0.8567399978637695,0.008927999995648861,0.03555870056152344,0.0016959999920800328,0.6218829154968262,0.19929838180541992,0.17420411109924316,True,local before background launch and D2H,local after ready ACK,0.8567399978637695,0.20522189140319824,0.8369386196136475
experiments/inferrelay_two_node/results/t1-125m-a-b-01,A-B,18,opt-125m,4,1,768,gpu_h2d,6144,float16,15,steady,0.8698291778564453,0.007391999941319227,0.036932945251464844,0.0016959999920800328,0.6389260292053223,0.1939702033996582,0.1691880226135254,True,local before background launch and D2H,local after ready ACK,0.8698291778564453,0.19969916343688965,0.8485062122344971
experiments/inferrelay_two_node/results/t1-125m-a-b-01,A-B,18,opt-125m,4,1,768,gpu_h2d,6144,float16,16,steady,0.8611440658569336,0.007391999941319227,0.025639057159423828,0.001728000002913177,0.6233160495758057,0.2121889591217041,0.1724560260772705,True,local before background launch and D2H,local after ready ACK,0.8611440658569336,0.2033839225769043,0.836583137512207
experiments/inferrelay_two_node/results/t1-125m-a-b-01,A-B,18,opt-125m,4,1,768,gpu_h2d,6144,float16,17,steady,0.8687772750854492,0.01817600056529045,0.03731870651245117,0.0016959999920800328,0.6300830841064453,0.20137548446655273,0.1733388900756836,True,local before background launch and D2H,local after ready ACK,0.8687772750854492,0.20403003692626953,0.8440380096435547
experiments/inferrelay_two_node/results/t1-125m-a-b-01,A-B,18,opt-125m,4,1,768,gpu_h2d,6144,float16,18,steady,0.8171539306640625,0.018848000094294548,0.03858804702758789,0.0017600000137463212,0.594883918762207,0.18368196487426758,0.13420701026916504,True,local before background launch and D2H,local after ready ACK,0.8171539306640625,0.17984700202941895,0.7932820320129395
experiments/inferrelay_two_node/results/t1-125m-a-b-01,A-B,18,opt-125m,4,1,768,gpu_h2d,6144,float16,19,steady,0.7254824638366699,0.007840000092983246,0.03797292709350586,0.001728000002913177,0.49597597122192383,0.19153356552124023,0.13802170753479004,True,local before background launch and D2H,local after ready ACK,0.7254824638366699,0.17649102210998535,0.7040078639984131
experiments/inferrelay_two_node/results/t1-125m-a-b-01,A-B,18,opt-125m,4,1,768,gpu_h2d,6144,float16,20,steady,0.8023538589477539,0.007327999919652939,0.024965763092041016,0.001728000002913177,0.5756042003631592,0.2017838954925537,0.13095784187316895,True,local before background launch and D2H,local after ready ACK,0.8023538589477539,0.1670539379119873,0.7812931537628174
experiments/inferrelay_two_node/results/t1-125m-a-b-01,A-B,18,opt-125m,4,1,768,gpu_h2d,6144,float16,21,steady,0.7221355438232422,0.09865599870681763,0.1473369598388672,0.001728000002913177,0.33593106269836426,0.23886752128601074,0.29634618759155273,True,local before background launch and D2H,local after ready ACK,0.7221355438232422,0.34023213386535645,0.6883578300476074
experiments/inferrelay_two_node/results/t1-125m-a-b-01,A-B,18,opt-125m,4,1,768,gpu_h2d,6144,float16,22,steady,0.7284460067749023,0.030592000111937523,0.0564112663269043,0.001728000002913177,0.39865708351135254,0.2733776569366455,0.2295238971710205,True,local before background launch and D2H,local after ready ACK,0.7284460067749023,0.26666712760925293,0.7051661014556885
experiments/inferrelay_two_node/results/t1-125m-a-b-01,A-B,18,opt-125m,4,1,768,gpu_h2d,6144,float16,23,steady,0.6859288215637207,0.01142400037497282,0.14492177963256836,0.0016639999812468886,0.255756139755249,0.2852509021759033,0.3707139492034912,True,local before background launch and D2H,local after ready ACK,0.6859288215637207,0.39714717864990234,0.6639809608459473
experiments/inferrelay_two_node/results/t1-125m-a-b-01,A-B,19,opt-125m,4,1,768,gpu_compute,6144,float16,0,first_transfer,1.0331954956054688,0.2531839907169342,0.29095888137817383,0.12140800058841705,0.19409990310668945,0.5481367111206055,0.6776456832885742,True,local before background launch and D2H,local after ready ACK,1.0331954956054688,0.7453017234802246,1.1305150985717773
experiments/inferrelay_two_node/results/t1-125m-a-b-01,A-B,19,opt-125m,4,1,768,gpu_compute,6144,float16,1,warmup,0.4285464286804199,0.015647999942302704,0.07987022399902344,0.02860799990594387,0.08556294441223145,0.26311326026916504,0.3747670650482178,True,local before background launch and D2H,local after ready ACK,0.4285464286804199,0.41408610343933105,0.512739896774292
experiments/inferrelay_two_node/results/t1-125m-a-b-01,A-B,19,opt-125m,4,1,768,gpu_compute,6144,float16,2,warmup,0.5292830467224121,0.02195199951529503,0.14449262619018555,0.035711999982595444,0.12573599815368652,0.25905442237854004,0.33155202865600586,True,local before background launch and D2H,local after ready ACK,0.5292830467224121,0.36653995513916016,0.5095579624176025
experiments/inferrelay_two_node/results/t1-125m-a-b-01,A-B,19,opt-125m,4,1,768,gpu_compute,6144,float16,3,warmup,0.3686790466308594,0.016416000202298164,0.07878589630126953,0.032735999673604965,0.07917499542236328,0.21071815490722656,0.2584879398345947,True,local before background launch and D2H,local after ready ACK,0.3686790466308594,0.2910888195037842,0.38750672340393066
experiments/inferrelay_two_node/results/t1-125m-a-b-01,A-B,19,opt-125m,4,1,768,gpu_compute,6144,float16,4,steady,0.3352370262145996,0.03596799820661545,0.059406280517578125,0.024800000712275505,0.07565689086914062,0.20017385482788086,0.1913449764251709,True,local before background launch and D2H,local after ready ACK,0.3352370262145996,0.2265000343322754,0.3146541118621826
experiments/inferrelay_two_node/results/t1-125m-a-b-01,A-B,19,opt-125m,4,1,768,gpu_compute,6144,float16,5,steady,0.3714890480041504,0.035551998764276505,0.05481290817260742,0.025536000728607178,0.08204221725463867,0.2346339225769043,0.18305611610412598,True,local before background launch and D2H,local after ready ACK,0.3714890480041504,0.21427106857299805,0.31234002113342285
experiments/inferrelay_two_node/results/t1-125m-a-b-01,A-B,19,opt-125m,4,1,768,gpu_compute,6144,float16,6,steady,0.32390689849853516,0.03526400029659271,0.053598880767822266,0.0244159996509552,0.06900477409362793,0.20130324363708496,0.18688702583312988,True,local before background launch and D2H,local after ready ACK,0.32390689849853516,0.2180311679840088,0.299450159072876
experiments/inferrelay_two_node/results/t1-125m-a-b-01,A-B,19,opt-125m,4,1,768,gpu_compute,6144,float16,7,steady,0.3391594886779785,0.034015998244285583,0.05206489562988281,0.024480000138282776,0.10933089256286621,0.1777637004852295,0.16019582748413086,True,local before background launch and D2H,local after ready ACK,0.3391594886779785,0.19077491760253906,0.31888389587402344
experiments/inferrelay_two_node/results/t1-125m-a-b-01,A-B,19,opt-125m,4,1,768,gpu_compute,6144,float16,8,steady,0.33437252044677734,0.0331839993596077,0.05194091796875,0.02505600079894066,0.07725691795349121,0.20517468452453613,0.18681788444519043,True,local before background launch and D2H,local after ready ACK,0.33437252044677734,0.21767210960388184,0.30759620666503906
experiments/inferrelay_two_node/results/t1-125m-a-b-01,A-B,19,opt-125m,4,1,768,gpu_compute,6144,float16,9,steady,0.32226085662841797,0.03440000116825104,0.053311824798583984,0.025472000241279602,0.07036709785461426,0.19858193397521973,0.18651294708251953,True,local before background launch and D2H,local after ready ACK,0.32226085662841797,0.21710419654846191,0.29982924461364746
experiments/inferrelay_two_node/results/t1-125m-a-b-01,A-B,19,opt-125m,4,1,768,gpu_compute,6144,float16,10,steady,0.37433910369873047,0.038047999143600464,0.05777883529663086,0.05459199845790863,0.11034584045410156,0.20621442794799805,0.18756318092346191,True,local before background launch and D2H,local after ready ACK,0.37433910369873047,0.21809101104736328,0.3444960117340088
experiments/inferrelay_two_node/results/t1-125m-a-b-01,A-B,19,opt-125m,4,1,768,gpu_compute,6144,float16,11,steady,0.3620424270629883,0.03699199855327606,0.055753231048583984,0.020160000771284103,0.06596779823303223,0.24032139778137207,0.19441676139831543,True,local before background launch and D2H,local after ready ACK,0.3620424270629883,0.22977590560913086,0.31605100631713867
experiments/inferrelay_two_node/results/t1-125m-a-b-01,A-B,19,opt-125m,4,1,768,gpu_compute,6144,float16,12,steady,0.2755708694458008,0.033440001308918,0.05278825759887695,0.016543999314308167,0.05124616622924805,0.17153644561767578,0.17465901374816895,True,local before background launch and D2H,local after ready ACK,0.2755708694458008,0.20224308967590332,0.26116204261779785
experiments/inferrelay_two_node/results/t1-125m-a-b-01,A-B,19,opt-125m,4,1,768,gpu_compute,6144,float16,13,steady,0.24421215057373047,0.03376000002026558,0.053897857666015625,0.01142400037497282,0.03568696975708008,0.15462732315063477,0.17889094352722168,True,local before background launch and D2H,local after ready ACK,0.24421215057373047,0.19365596771240234,0.23379111289978027
experiments/inferrelay_two_node/results/t1-125m-a-b-01,A-B,19,opt-125m,4,1,768,gpu_compute,6144,float16,14,steady,0.2288818359375,0.03481600061058998,0.05273866653442383,0.010751999914646149,0.03228187561035156,0.1438612937927246,0.17519116401672363,True,local before background launch and D2H,local after ready ACK,0.2288818359375,0.1888127326965332,0.2254478931427002
experiments/inferrelay_two_node/results/t1-125m-a-b-01,A-B,19,opt-125m,4,1,768,gpu_compute,6144,float16,15,steady,0.23392009735107422,0.033376000821590424,0.05310487747192383,0.009983999654650688,0.03447103500366211,0.14634418487548828,0.18036127090454102,True,local before background launch and D2H,local after ready ACK,0.23392009735107422,0.19342589378356934,0.2317640781402588
experiments/inferrelay_two_node/results/t1-125m-a-b-01,A-B,19,opt-125m,4,1,768,gpu_compute,6144,float16,16,steady,0.23447608947753906,0.03452799841761589,0.052484989166259766,0.011327999643981457,0.03304314613342285,0.14894795417785645,0.17828893661499023,True,local before background launch and D2H,local after ready ACK,0.23447608947753906,0.1914842128753662,0.22873210906982422
experiments/inferrelay_two_node/results/t1-125m-a-b-01,A-B,19,opt-125m,4,1,768,gpu_compute,6144,float16,17,steady,0.23608112335205078,0.03328000009059906,0.05182027816772461,0.011231999844312668,0.03463101387023926,0.14962983131408691,0.1765902042388916,True,local before background launch and D2H,local after ready ACK,0.23608112335205078,0.18995881080627441,0.22841691970825195
experiments/inferrelay_two_node/results/t1-125m-a-b-01,A-B,19,opt-125m,4,1,768,gpu_compute,6144,float16,18,steady,0.2409648895263672,0.033952001482248306,0.051966190338134766,0.011552000418305397,0.03498268127441406,0.15401601791381836,0.1779499053955078,True,local before background launch and D2H,local after ready ACK,0.2409648895263672,0.1911158561706543,0.23010683059692383
experiments/inferrelay_two_node/results/t1-125m-a-b-01,A-B,19,opt-125m,4,1,768,gpu_compute,6144,float16,19,steady,0.2276148796081543,0.033535998314619064,0.05185413360595703,0.010975999757647514,0.032341957092285156,0.1434187889099121,0.17450189590454102,True,local before background launch and D2H,local after ready ACK,0.2276148796081543,0.18761396408081055,0.22423291206359863
experiments/inferrelay_two_node/results/t1-125m-a-b-01,A-B,19,opt-125m,4,1,768,gpu_compute,6144,float16,20,steady,0.2310962677001953,0.033824000507593155,0.051943302154541016,0.010784000158309937,0.03214216232299805,0.14701080322265625,0.17548394203186035,True,local before background launch and D2H,local after ready ACK,0.2310962677001953,0.18803691864013672,0.22444701194763184
experiments/inferrelay_two_node/results/t1-125m-a-b-01,A-B,19,opt-125m,4,1,768,gpu_compute,6144,float16,21,steady,0.233123779296875,0.03331200033426285,0.05188894271850586,0.011807999573647976,0.03483104705810547,0.14640378952026367,0.17480015754699707,True,local before background launch and D2H,local after ready ACK,0.233123779296875,0.18758082389831543,0.22633576393127441
experiments/inferrelay_two_node/results/t1-125m-a-b-01,A-B,19,opt-125m,4,1,768,gpu_compute,6144,float16,22,steady,0.23231077194213867,0.028896000236272812,0.05189085006713867,0.010912000201642513,0.0327761173248291,0.1476438045501709,0.17820191383361816,True,local before background launch and D2H,local after ready ACK,0.23231077194213867,0.19086909294128418,0.22772693634033203
experiments/inferrelay_two_node/results/t1-125m-a-b-01,A-B,19,opt-125m,4,1,768,gpu_compute,6144,float16,23,steady,0.2629251480102539,0.057440001517534256,0.08492374420166016,0.013120000250637531,0.0348968505859375,0.14310455322265625,0.20168113708496094,True,local before background launch and D2H,local after ready ACK,0.2629251480102539,0.2138071060180664,0.2529258728027344
experiments/inferrelay_two_node/results/t1-125m-a-b-01,A-B,20,opt-125m,4,32,768,cpu,196608,float16,0,first_transfer,0.885383129119873,0.0,0.0,0.0,0.0,0.885383129119873,0.7702839374542236,True,local before background launch and D2H,local after ready ACK,0.885383129119873,0.8277101516723633,0.8282577991485596
experiments/inferrelay_two_node/results/t1-125m-a-b-01,A-B,20,opt-125m,4,32,768,cpu,196608,float16,1,warmup,0.8643331527709961,0.0,0.0,0.0,0.0,0.8643331527709961,0.8453371524810791,True,local before background launch and D2H,local after ready ACK,0.8643331527709961,0.8696329593658447,0.869920015335083
experiments/inferrelay_two_node/results/t1-125m-a-b-01,A-B,20,opt-125m,4,32,768,cpu,196608,float16,2,warmup,0.7935590744018555,0.0,0.0,0.0,0.0,0.7935590744018555,0.8390772342681885,True,local before background launch and D2H,local after ready ACK,0.7935590744018555,0.8492653369903564,0.8494822978973389
experiments/inferrelay_two_node/results/t1-125m-a-b-01,A-B,20,opt-125m,4,32,768,cpu,196608,float16,3,warmup,0.776517391204834,0.0,0.0,0.0,0.0,0.776517391204834,0.782576322555542,True,local before background launch and D2H,local after ready ACK,0.776517391204834,0.7912425994873047,0.7914488315582275
experiments/inferrelay_two_node/results/t1-125m-a-b-01,A-B,20,opt-125m,4,32,768,cpu,196608,float16,4,steady,0.7767481803894043,0.0,0.0,0.0,0.0,0.7767481803894043,0.7734818458557129,True,local before background launch and D2H,local after ready ACK,0.7767481803894043,0.7813088893890381,0.7815086841583252
experiments/inferrelay_two_node/results/t1-125m-a-b-01,A-B,20,opt-125m,4,32,768,cpu,196608,float16,5,steady,0.7681941986083984,0.0,0.0,0.0,0.0,0.7681941986083984,0.7704577445983887,True,local before background launch and D2H,local after ready ACK,0.7681941986083984,0.7784039974212646,0.778594970703125
experiments/inferrelay_two_node/results/t1-125m-a-b-01,A-B,20,opt-125m,4,32,768,cpu,196608,float16,6,steady,0.7756309509277344,0.0,0.0,0.0,0.0,0.7756309509277344,0.7790889739990234,True,local before background launch and D2H,local after ready ACK,0.7756309509277344,0.7871952056884766,0.7874069213867188
experiments/inferrelay_two_node/results/t1-125m-a-b-01,A-B,20,opt-125m,4,32,768,cpu,196608,float16,7,steady,0.7891106605529785,0.0,0.0,0.0,0.0,0.7891106605529785,0.7776100635528564,True,local before background launch and D2H,local after ready ACK,0.7891106605529785,0.7854299545288086,0.7856540679931641
experiments/inferrelay_two_node/results/t1-125m-a-b-01,A-B,20,opt-125m,4,32,768,cpu,196608,float16,8,steady,0.7672228813171387,0.0,0.0,0.0,0.0,0.7672228813171387,0.768531084060669,True,local before background launch and D2H,local after ready ACK,0.7672228813171387,0.7762298583984375,0.7764530181884766
experiments/inferrelay_two_node/results/t1-125m-a-b-01,A-B,20,opt-125m,4,32,768,cpu,196608,float16,9,steady,0.8615241050720215,0.0,0.0,0.0,0.0,0.8615241050720215,0.7695400714874268,True,local before background launch and D2H,local after ready ACK,0.8615241050720215,0.7774298191070557,0.7776267528533936
experiments/inferrelay_two_node/results/t1-125m-a-b-01,A-B,20,opt-125m,4,32,768,cpu,196608,float16,10,steady,0.7649049758911133,0.0,0.0,0.0,0.0,0.7649049758911133,0.7676739692687988,True,local before background launch and D2H,local after ready ACK,0.7649049758911133,0.7752509117126465,0.7754671573638916
experiments/inferrelay_two_node/results/t1-125m-a-b-01,A-B,20,opt-125m,4,32,768,cpu,196608,float16,11,steady,0.7676153182983398,0.0,0.0,0.0,0.0,0.7676153182983398,0.7697312831878662,True,local before background launch and D2H,local after ready ACK,0.7676153182983398,0.7772510051727295,0.7774531841278076
experiments/inferrelay_two_node/results/t1-125m-a-b-01,A-B,20,opt-125m,4,32,768,cpu,196608,float16,12,steady,0.765571117401123,0.0,0.0,0.0,0.0,0.765571117401123,0.7688169479370117,True,local before background launch and D2H,local after ready ACK,0.765571117401123,0.7765488624572754,0.7767238616943359
experiments/inferrelay_two_node/results/t1-125m-a-b-01,A-B,20,opt-125m,4,32,768,cpu,196608,float16,13,steady,0.7713713645935059,0.0,0.0,0.0,0.0,0.7713713645935059,0.7746059894561768,True,local before background launch and D2H,local after ready ACK,0.7713713645935059,0.7820291519165039,0.7822291851043701
experiments/inferrelay_two_node/results/t1-125m-a-b-01,A-B,20,opt-125m,4,32,768,cpu,196608,float16,14,steady,0.7686195373535156,0.0,0.0,0.0,0.0,0.7686195373535156,0.7740428447723389,True,local before background launch and D2H,local after ready ACK,0.7686195373535156,0.781440019607544,0.7816572189331055
experiments/inferrelay_two_node/results/t1-125m-a-b-01,A-B,20,opt-125m,4,32,768,cpu,196608,float16,15,steady,0.7681450843811035,0.0,0.0,0.0,0.0,0.7681450843811035,0.7736821174621582,True,local before background launch and D2H,local after ready ACK,0.7681450843811035,0.7815492153167725,0.7817630767822266
experiments/inferrelay_two_node/results/t1-125m-a-b-01,A-B,20,opt-125m,4,32,768,cpu,196608,float16,16,steady,0.7677240371704102,0.0,0.0,0.0,0.0,0.7677240371704102,0.7698013782501221,True,local before background launch and D2H,local after ready ACK,0.7677240371704102,0.7773120403289795,0.7774968147277832
experiments/inferrelay_two_node/results/t1-125m-a-b-01,A-B,20,opt-125m,4,32,768,cpu,196608,float16,17,steady,0.7741799354553223,0.0,0.0,0.0,0.0,0.7741799354553223,0.7797720432281494,True,local before background launch and D2H,local after ready ACK,0.7741799354553223,0.7873818874359131,0.7875847816467285
experiments/inferrelay_two_node/results/t1-125m-a-b-01,A-B,20,opt-125m,4,32,768,cpu,196608,float16,18,steady,0.8607645034790039,0.0,0.0,0.0,0.0,0.8607645034790039,0.7709813117980957,True,local before background launch and D2H,local after ready ACK,0.8607645034790039,0.7784731388092041,0.7786900997161865
experiments/inferrelay_two_node/results/t1-125m-a-b-01,A-B,20,opt-125m,4,32,768,cpu,196608,float16,19,steady,0.7704987525939941,0.0,0.0,0.0,0.0,0.7704987525939941,0.7717609405517578,True,local before background launch and D2H,local after ready ACK,0.7704987525939941,0.7793028354644775,0.7795119285583496
experiments/inferrelay_two_node/results/t1-125m-a-b-01,A-B,20,opt-125m,4,32,768,cpu,196608,float16,20,steady,0.7752547264099121,0.0,0.0,0.0,0.0,0.7752547264099121,0.7815661430358887,True,local before background launch and D2H,local after ready ACK,0.7752547264099121,0.7891011238098145,0.789283037185669
experiments/inferrelay_two_node/results/t1-125m-a-b-01,A-B,20,opt-125m,4,32,768,cpu,196608,float16,21,steady,0.8647303581237793,0.0,0.0,0.0,0.0,0.8647303581237793,0.7717969417572021,True,local before background launch and D2H,local after ready ACK,0.8647303581237793,0.7791736125946045,0.779362678527832
experiments/inferrelay_two_node/results/t1-125m-a-b-01,A-B,20,opt-125m,4,32,768,cpu,196608,float16,22,steady,0.7789912223815918,0.0,0.0,0.0,0.0,0.7789912223815918,0.7787950038909912,True,local before background launch and D2H,local after ready ACK,0.7789912223815918,0.7865288257598877,0.7867398262023926
experiments/inferrelay_two_node/results/t1-125m-a-b-01,A-B,20,opt-125m,4,32,768,cpu,196608,float16,23,steady,0.7801198959350586,0.0,0.0,0.0,0.0,0.7801198959350586,0.7802469730377197,True,local before background launch and D2H,local after ready ACK,0.7801198959350586,0.7879281044006348,0.7881371974945068
experiments/inferrelay_two_node/results/t1-125m-a-b-01,A-B,21,opt-125m,4,32,768,gpu,196608,float16,0,first_transfer,0.9772987365722656,0.022304000332951546,0.05217885971069336,0.022752000018954277,0.0673680305480957,0.8577518463134766,0.8764040470123291,True,local before background launch and D2H,local after ready ACK,0.9772987365722656,0.9014220237731934,0.977092981338501
experiments/inferrelay_two_node/results/t1-125m-a-b-01,A-B,21,opt-125m,4,32,768,gpu,196608,float16,1,warmup,0.9687929153442383,0.030912000685930252,0.07653284072875977,0.01571200042963028,0.038805246353149414,0.8534548282623291,0.8979818820953369,True,local before background launch and D2H,local after ready ACK,0.9687929153442383,0.9184567928314209,0.9612808227539062
experiments/inferrelay_two_node/results/t1-125m-a-b-01,A-B,21,opt-125m,4,32,768,gpu,196608,float16,2,warmup,0.9272007942199707,0.02473600022494793,0.06259536743164062,0.01027199998497963,0.028934955596923828,0.8356704711914062,0.8789551258087158,True,local before background launch and D2H,local after ready ACK,0.9272007942199707,0.888573169708252,0.921104907989502
experiments/inferrelay_two_node/results/t1-125m-a-b-01,A-B,21,opt-125m,4,32,768,gpu,196608,float16,3,warmup,0.9224648475646973,0.02409599907696247,0.06032896041870117,0.009855999611318111,0.02835702896118164,0.8337788581848145,0.8789157867431641,True,local before background launch and D2H,local after ready ACK,0.9224648475646973,0.8878147602081299,0.9194910526275635
experiments/inferrelay_two_node/results/t1-125m-a-b-01,A-B,21,opt-125m,4,32,768,gpu,196608,float16,4,steady,0.9198727607727051,0.023903999477624893,0.05926656723022461,0.009727999567985535,0.02717900276184082,0.8334271907806396,0.8751792907714844,True,local before background launch and D2H,local after ready ACK,0.9198727607727051,0.8834900856018066,0.9139201641082764
experiments/inferrelay_two_node/results/t1-125m-a-b-01,A-B,21,opt-125m,4,32,768,gpu,196608,float16,5,steady,0.9271149635314941,0.023840000852942467,0.05878305435180664,0.010591999627649784,0.026987075805664062,0.8413448333740234,0.880626916885376,True,local before background launch and D2H,local after ready ACK,0.9271149635314941,0.8891029357910156,0.9193758964538574
experiments/inferrelay_two_node/results/t1-125m-a-b-01,A-B,21,opt-125m,4,32,768,gpu,196608,float16,6,steady,0.9181017875671387,0.023615999147295952,0.05750417709350586,0.011455999687314034,0.027652740478515625,0.8329448699951172,0.8736739158630371,True,local before background launch and D2H,local after ready ACK,0.9181017875671387,0.8819327354431152,0.9127440452575684
experiments/inferrelay_two_node/results/t1-125m-a-b-01,A-B,21,opt-125m,4,32,768,gpu,196608,float16,7,steady,0.917935848236084,0.023423999547958374,0.0570521354675293,0.010048000141978264,0.02795100212097168,0.832932710647583,0.8716878890991211,True,local before background launch and D2H,local after ready ACK,0.917935848236084,0.8798019886016846,0.9112708568572998
experiments/inferrelay_two_node/results/t1-125m-a-b-01,A-B,21,opt-125m,4,32,768,gpu,196608,float16,8,steady,0.9956703186035156,0.023584000766277313,0.05879974365234375,0.009727999567985535,0.02710890769958496,0.9097616672515869,0.8751399517059326,True,local before background launch and D2H,local after ready ACK,0.9956703186035156,0.8836348056793213,0.9140291213989258
experiments/inferrelay_two_node/results/t1-125m-a-b-01,A-B,21,opt-125m,4,32,768,gpu,196608,float16,9,steady,0.9708518981933594,0.028960000723600388,0.0549769401550293,0.009216000325977802,0.02744913101196289,0.8884258270263672,0.9465162754058838,True,local before background launch and D2H,local after ready ACK,0.9708518981933594,0.9551558494567871,0.9858198165893555
experiments/inferrelay_two_node/results/t1-125m-a-b-01,A-B,21,opt-125m,4,32,768,gpu,196608,float16,10,steady,0.9528102874755859,0.02364799939095974,0.04481029510498047,0.010015999898314476,0.027650833129882812,0.8803491592407227,0.8959469795227051,True,local before background launch and D2H,local after ready ACK,0.9528102874755859,0.9044239521026611,0.9353389739990234
experiments/inferrelay_two_node/results/t1-125m-a-b-01,A-B,21,opt-125m,4,32,768,gpu,196608,float16,11,steady,0.9485445022583008,0.02319999970495701,0.044556617736816406,0.00979200005531311,0.027184009552001953,0.8768038749694824,0.9138669967651367,True,local before background launch and D2H,local after ready ACK,0.9485445022583008,0.9222660064697266,0.9527649879455566
experiments/inferrelay_two_node/results/t1-125m-a-b-01,A-B,21,opt-125m,4,32,768,gpu,196608,float16,12,steady,0.8890762329101562,0.023104000836610794,0.044698238372802734,0.009312000125646591,0.02714681625366211,0.8172311782836914,0.9105181694030762,True,local before background launch and D2H,local after ready ACK,0.8890762329101562,0.9192440509796143,0.9496691226959229
experiments/inferrelay_two_node/results/t1-125m-a-b-01,A-B,21,opt-125m,4,32,768,gpu,196608,float16,13,steady,0.8536653518676758,0.017823999747633934,0.03475522994995117,0.009535999968647957,0.026881933212280273,0.7920281887054443,0.810819149017334,True,local before background launch and D2H,local after ready ACK,0.8536653518676758,0.8191289901733398,0.84940505027771
experiments/inferrelay_two_node/results/t1-125m-a-b-01,A-B,21,opt-125m,4,32,768,gpu,196608,float16,14,steady,0.8484368324279785,0.016767999157309532,0.03218698501586914,0.009759999811649323,0.027524948120117188,0.7887248992919922,0.8084590435028076,True,local before background launch and D2H,local after ready ACK,0.8484368324279785,0.8169219493865967,0.8475906848907471
experiments/inferrelay_two_node/results/t1-125m-a-b-01,A-B,21,opt-125m,4,32,768,gpu,196608,float16,15,steady,0.8498458862304688,0.017376000061631203,0.03272533416748047,0.010688000358641148,0.02692699432373047,0.7901935577392578,0.8044910430908203,True,local before background launch and D2H,local after ready ACK,0.8498458862304688,0.8126058578491211,0.8429498672485352
experiments/inferrelay_two_node/results/t1-125m-a-b-01,A-B,21,opt-125m,4,32,768,gpu,196608,float16,16,steady,0.8555922508239746,0.01772800087928772,0.03387022018432617,0.009247999638319016,0.027352094650268555,0.7943699359893799,0.8104021549224854,True,local before background launch and D2H,local after ready ACK,0.8555922508239746,0.8186850547790527,0.849297046661377
experiments/inferrelay_two_node/results/t1-125m-a-b-01,A-B,21,opt-125m,4,32,768,gpu,196608,float16,17,steady,0.8496837615966797,0.017152000218629837,0.03289461135864258,0.009247999638319016,0.027438879013061523,0.7893502712249756,0.8089890480041504,True,local before background launch and D2H,local after ready ACK,0.8496837615966797,0.8174259662628174,0.848351001739502
experiments/inferrelay_two_node/results/t1-125m-a-b-01,A-B,21,opt-125m,4,32,768,gpu,196608,float16,18,steady,0.8558735847473145,0.016287999227643013,0.031463623046875,0.009664000011980534,0.02785491943359375,0.7965550422668457,0.809208869934082,True,local before background launch and D2H,local after ready ACK,0.8558735847473145,0.8185093402862549,0.849708080291748
experiments/inferrelay_two_node/results/t1-125m-a-b-01,A-B,21,opt-125m,4,32,768,gpu,196608,float16,19,steady,0.8458442687988281,0.01600000075995922,0.031217098236083984,0.01065600011497736,0.0267789363861084,0.7878482341766357,0.8055949211120605,True,local before background launch and D2H,local after ready ACK,0.8458442687988281,0.8144309520721436,0.8445339202880859
experiments/inferrelay_two_node/results/t1-125m-a-b-01,A-B,21,opt-125m,4,32,768,gpu,196608,float16,20,steady,0.8518061637878418,0.016063999384641647,0.03185606002807617,0.009472000412642956,0.027013063430786133,0.7929370403289795,0.8046548366546631,True,local before background launch and D2H,local after ready ACK,0.8518061637878418,0.8132398128509521,0.843538761138916
experiments/inferrelay_two_node/results/t1-125m-a-b-01,A-B,21,opt-125m,4,32,768,gpu,196608,float16,21,steady,0.856137752532959,0.017311999574303627,0.03484487533569336,0.010463999584317207,0.02697300910949707,0.7943198680877686,0.8115670680999756,True,local before background launch and D2H,local after ready ACK,0.856137752532959,0.8199799060821533,0.8504669666290283
experiments/inferrelay_two_node/results/t1-125m-a-b-01,A-B,21,opt-125m,4,32,768,gpu,196608,float16,22,steady,0.8602638244628906,0.018239999189972878,0.036998748779296875,0.010944000445306301,0.027395963668823242,0.7958691120147705,0.8174149990081787,True,local before background launch and D2H,local after ready ACK,0.8602638244628906,0.8254070281982422,0.856086015701294
experiments/inferrelay_two_node/results/t1-125m-a-b-01,A-B,21,opt-125m,4,32,768,gpu,196608,float16,23,steady,0.8711228370666504,0.01926399953663349,0.04005765914916992,0.009216000325977802,0.026662826538085938,0.8044023513793945,0.8283560276031494,True,local before background launch and D2H,local after ready ACK,0.8711228370666504,0.8367359638214111,0.8665740489959717
experiments/inferrelay_two_node/results/t1-125m-a-b-01,A-B,22,opt-125m,4,32,768,gpu_h2d,196608,float16,0,first_transfer,1.3087778091430664,0.02703999914228916,0.10606575012207031,0.155008003115654,0.2791411876678467,0.9235708713531494,0.8330810070037842,True,local before background launch and D2H,local after ready ACK,1.3087778091430664,0.9391191005706787,1.2428348064422607
experiments/inferrelay_two_node/results/t1-125m-a-b-01,A-B,22,opt-125m,4,32,768,gpu_h2d,196608,float16,1,warmup,1.4436774253845215,0.08195199817419052,0.13884878158569336,0.009344000369310379,0.4075479507446289,0.8972806930541992,0.9750549793243408,True,local before background launch and D2H,local after ready ACK,1.4436774253845215,1.0091650485992432,1.4258430004119873
experiments/inferrelay_two_node/results/t1-125m-a-b-01,A-B,22,opt-125m,4,32,768,gpu_h2d,196608,float16,2,warmup,1.4236721992492676,0.0326399989426136,0.13891935348510742,0.009375999681651592,0.37029194831848145,0.9144608974456787,1.0074169635772705,True,local before background launch and D2H,local after ready ACK,1.4236721992492676,1.0277349948883057,1.4032840728759766
experiments/inferrelay_two_node/results/t1-125m-a-b-01,A-B,22,opt-125m,4,32,768,gpu_h2d,196608,float16,3,warmup,1.4037866592407227,0.07875200361013412,0.10642433166503906,0.009344000369310379,0.46974873542785645,0.8276135921478271,0.8943591117858887,True,local before background launch and D2H,local after ready ACK,1.4037866592407227,0.9121689796447754,1.3866047859191895
experiments/inferrelay_two_node/results/t1-125m-a-b-01,A-B,22,opt-125m,4,32,768,gpu_h2d,196608,float16,4,steady,1.4012746810913086,0.058368001133203506,0.07829713821411133,0.009375999681651592,0.4968850612640381,0.8260924816131592,0.8630928993225098,True,local before background launch and D2H,local after ready ACK,1.4012746810913086,0.8800747394561768,1.3817148208618164
experiments/inferrelay_two_node/results/t1-125m-a-b-01,A-B,22,opt-125m,4,32,768,gpu_h2d,196608,float16,5,steady,1.3927721977233887,0.058720000088214874,0.07854700088500977,0.00940799992531538,0.5052180290222168,0.8090071678161621,0.8567988872528076,True,local before background launch and D2H,local after ready ACK,1.3927721977233887,0.8741500377655029,1.3840510845184326
experiments/inferrelay_two_node/results/t1-125m-a-b-01,A-B,22,opt-125m,4,32,768,gpu_h2d,196608,float16,6,steady,1.4029784202575684,0.02143999934196472,0.04045295715332031,0.009375999681651592,0.5469872951507568,0.8155381679534912,0.821110725402832,True,local before background launch and D2H,local after ready ACK,1.4029784202575684,0.8379080295562744,1.3892450332641602
experiments/inferrelay_two_node/results/t1-125m-a-b-01,A-B,22,opt-125m,4,32,768,gpu_h2d,196608,float16,7,steady,1.41072416305542,0.016863999888300896,0.03734922409057617,0.009344000369310379,0.5488948822021484,0.8244800567626953,0.812518835067749,True,local before background launch and D2H,local after ready ACK,1.41072416305542,0.8301889896392822,1.383634090423584
experiments/inferrelay_two_node/results/t1-125m-a-b-01,A-B,22,opt-125m,4,32,768,gpu_h2d,196608,float16,8,steady,1.3934097290039062,0.02284800074994564,0.16500282287597656,0.009344000369310379,0.3406229019165039,0.8877840042114258,1.0217981338500977,True,local before background launch and D2H,local after ready ACK,1.3934097290039062,1.038524866104126,1.3835620880126953
experiments/inferrelay_two_node/results/t1-125m-a-b-01,A-B,22,opt-125m,4,32,768,gpu_h2d,196608,float16,9,steady,1.3894357681274414,0.025887999683618546,0.16521263122558594,0.009344000369310379,0.33570218086242676,0.8885209560394287,1.023149013519287,True,local before background launch and D2H,local after ready ACK,1.3894357681274414,1.0402147769927979,1.3805809020996094
experiments/inferrelay_two_node/results/t1-125m-a-b-01,A-B,22,opt-125m,4,32,768,gpu_h2d,196608,float16,10,steady,1.383744716644287,0.026944000273942947,0.16880083084106445,0.009312000125646591,0.32837915420532227,0.8865647315979004,1.0270001888275146,True,local before background launch and D2H,local after ready ACK,1.383744716644287,1.043783187866211,1.3766112327575684
experiments/inferrelay_two_node/results/t1-125m-a-b-01,A-B,22,opt-125m,4,32,768,gpu_h2d,196608,float16,11,steady,1.3979287147521973,0.13891200721263885,0.16957378387451172,0.009375999681651592,0.34299612045288086,0.8853588104248047,1.023512840270996,True,local before background launch and D2H,local after ready ACK,1.3979287147521973,1.0404977798461914,1.3881638050079346
experiments/inferrelay_two_node/results/t1-125m-a-b-01,A-B,22,opt-125m,4,32,768,gpu_h2d,196608,float16,12,steady,1.4024686813354492,0.1313920021057129,0.16208887100219727,0.00940799992531538,0.34929609298706055,0.8910837173461914,1.0142450332641602,True,local before background launch and D2H,local after ready ACK,1.4024686813354492,1.0334501266479492,1.3872120380401611
experiments/inferrelay_two_node/results/t1-125m-a-b-01,A-B,22,opt-125m,4,32,768,gpu_h2d,196608,float16,13,steady,1.396934986114502,0.03299200162291527,0.1506948471069336,0.009312000125646591,0.35114479064941406,0.8950953483581543,1.0120527744293213,True,local before background launch and D2H,local after ready ACK,1.396934986114502,1.0284600257873535,1.3840761184692383
experiments/inferrelay_two_node/results/t1-125m-a-b-01,A-B,22,opt-125m,4,32,768,gpu_h2d,196608,float16,14,steady,1.3618230819702148,0.03129599988460541,0.1410365104675293,0.009375999681651592,0.3526320457458496,0.8681545257568359,1.0084521770477295,True,local before background launch and D2H,local after ready ACK,1.3618230819702148,1.0256741046905518,1.3826839923858643
experiments/inferrelay_two_node/results/t1-125m-a-b-01,A-B,22,opt-125m,4,32,768,gpu_h2d,196608,float16,15,steady,1.4897441864013672,0.024447999894618988,0.06687116622924805,0.009472000412642956,0.5330619812011719,0.8898110389709473,0.8708491325378418,True,local before background launch and D2H,local after ready ACK,1.4897441864013672,0.9168727397918701,1.4664440155029297
experiments/inferrelay_two_node/results/t1-125m-a-b-01,A-B,22,opt-125m,4,32,768,gpu_h2d,196608,float16,16,steady,1.3517098426818848,0.06415999680757523,0.10378026962280273,0.00940799992531538,0.35622596740722656,0.8917036056518555,0.920598030090332,True,local before background launch and D2H,local after ready ACK,1.3517098426818848,0.9523470401763916,1.3256940841674805
experiments/inferrelay_two_node/results/t1-125m-a-b-01,A-B,22,opt-125m,4,32,768,gpu_h2d,196608,float16,17,steady,1.350064754486084,0.13689599931240082,0.16727113723754883,0.009375999681651592,0.28841280937194824,0.8943808078765869,1.0220160484313965,True,local before background launch and D2H,local after ready ACK,1.350064754486084,1.0420727729797363,1.3398077487945557
experiments/inferrelay_two_node/results/t1-125m-a-b-01,A-B,22,opt-125m,4,32,768,gpu_h2d,196608,float16,18,steady,1.3108973503112793,0.13209599256515503,0.1623821258544922,0.009375999681651592,0.2613711357116699,0.8871440887451172,1.010159969329834,True,local before background launch and D2H,local after ready ACK,1.3108973503112793,1.0298199653625488,1.298508882522583
experiments/inferrelay_two_node/results/t1-125m-a-b-01,A-B,22,opt-125m,4,32,768,gpu_h2d,196608,float16,19,steady,1.3546109199523926,0.019392000511288643,0.040801048278808594,0.009375999681651592,0.442368745803833,0.871441125869751,0.8275110721588135,True,local before background launch and D2H,local after ready ACK,1.3546109199523926,0.8457529544830322,1.2928829193115234
experiments/inferrelay_two_node/results/t1-125m-a-b-01,A-B,22,opt-125m,4,32,768,gpu_h2d,196608,float16,20,steady,1.2605233192443848,0.03359999880194664,0.15597152709960938,0.00940799992531538,0.24321722984313965,0.8613345623016357,1.0251069068908691,True,local before background launch and D2H,local after ready ACK,1.2605233192443848,1.0434679985046387,1.2912249565124512
experiments/inferrelay_two_node/results/t1-125m-a-b-01,A-B,22,opt-125m,4,32,768,gpu_h2d,196608,float16,21,steady,1.2994532585144043,0.0650240033864975,0.10669755935668945,0.009440000168979168,0.335465669631958,0.8572900295257568,0.931516170501709,True,local before background launch and D2H,local after ready ACK,1.2994532585144043,0.9508919715881348,1.293832778930664
experiments/inferrelay_two_node/results/t1-125m-a-b-01,A-B,22,opt-125m,4,32,768,gpu_h2d,196608,float16,22,steady,1.402939796447754,0.03315199911594391,0.14759159088134766,0.00940799992531538,0.24513602256774902,1.0102121829986572,1.0185449123382568,True,local before background launch and D2H,local after ready ACK,1.402939796447754,1.0372209548950195,1.2990868091583252
experiments/inferrelay_two_node/results/t1-125m-a-b-01,A-B,22,opt-125m,4,32,768,gpu_h2d,196608,float16,23,steady,1.3484339714050293,0.034752000123262405,0.145751953125,0.009472000412642956,0.27013516426086426,0.932546854019165,1.0050570964813232,True,local before background launch and D2H,local after ready ACK,1.3484339714050293,1.0439059734344482,1.3319339752197266
experiments/inferrelay_two_node/results/t1-125m-a-b-01,A-B,23,opt-125m,4,32,768,gpu_compute,196608,float16,0,first_transfer,1.1080513000488281,0.09363199770450592,0.1435403823852539,0.021824000403285027,0.0598752498626709,0.9046356678009033,0.9926433563232422,True,local before background launch and D2H,local after ready ACK,1.1080513000488281,1.05470609664917,1.1228079795837402
experiments/inferrelay_two_node/results/t1-125m-a-b-01,A-B,23,opt-125m,4,32,768,gpu_compute,196608,float16,1,warmup,1.129133701324463,0.09993600100278854,0.18023300170898438,0.01817600056529045,0.04145383834838867,0.9074468612670898,0.9991071224212646,True,local before background launch and D2H,local after ready ACK,1.129133701324463,1.0168843269348145,1.0627741813659668
experiments/inferrelay_two_node/results/t1-125m-a-b-01,A-B,23,opt-125m,4,32,768,gpu_compute,196608,float16,2,warmup,1.0683813095092773,0.024927999824285507,0.1394038200378418,0.012992000207304955,0.03329825401306152,0.895679235458374,1.0014472007751465,True,local before background launch and D2H,local after ready ACK,1.0683813095092773,1.0146980285644531,1.0521349906921387
experiments/inferrelay_two_node/results/t1-125m-a-b-01,A-B,23,opt-125m,4,32,768,gpu_compute,196608,float16,3,warmup,1.0277891159057617,0.024447999894618988,0.15343952178955078,0.01360000018030405,0.03425478935241699,0.840094804763794,1.0131359100341797,True,local before background launch and D2H,local after ready ACK,1.0277891159057617,1.0268669128417969,1.0655097961425781
experiments/inferrelay_two_node/results/t1-125m-a-b-01,A-B,23,opt-125m,4,32,768,gpu_compute,196608,float16,4,steady,0.8912806510925293,0.018239999189972878,0.037537574768066406,0.017343999817967415,0.03973078727722168,0.8140122890472412,0.818976879119873,True,local before background launch and D2H,local after ready ACK,0.8912806510925293,0.8327617645263672,0.8766360282897949
experiments/inferrelay_two_node/results/t1-125m-a-b-01,A-B,23,opt-125m,4,32,768,gpu_compute,196608,float16,5,steady,0.9211063385009766,0.04668800160288811,0.06453180313110352,0.012992000207304955,0.03607320785522461,0.8205013275146484,0.8452649116516113,True,local before background launch and D2H,local after ready ACK,0.9211063385009766,0.8586540222167969,0.8990700244903564
experiments/inferrelay_two_node/results/t1-125m-a-b-01,A-B,23,opt-125m,4,32,768,gpu_compute,196608,float16,6,steady,0.9042239189147949,0.04182400181889534,0.05887317657470703,0.0144640002399683,0.03997683525085449,0.8053739070892334,0.8338229656219482,True,local before background launch and D2H,local after ready ACK,0.9042239189147949,0.8478751182556152,0.8920888900756836
experiments/inferrelay_two_node/results/t1-125m-a-b-01,A-B,23,opt-125m,4,32,768,gpu_compute,196608,float16,7,steady,0.9102354049682617,0.03996799886226654,0.056921958923339844,0.02300800010561943,0.047830820083618164,0.8054826259613037,0.8385701179504395,True,local before background launch and D2H,local after ready ACK,0.9102354049682617,0.8520278930664062,0.9035899639129639
experiments/inferrelay_two_node/results/t1-125m-a-b-01,A-B,23,opt-125m,4,32,768,gpu_compute,196608,float16,8,steady,0.9342198371887207,0.03936000168323517,0.056751251220703125,0.023264000192284584,0.04359889030456543,0.8338696956634521,0.8379831314086914,True,local before background launch and D2H,local after ready ACK,0.9342198371887207,0.849672794342041,0.9216618537902832
experiments/inferrelay_two_node/results/t1-125m-a-b-01,A-B,23,opt-125m,4,32,768,gpu_compute,196608,float16,9,steady,0.888427734375,0.04089599847793579,0.05782604217529297,0.01190400030463934,0.03124713897705078,0.7993545532226562,0.8368830680847168,True,local before background launch and D2H,local after ready ACK,0.888427734375,0.8508281707763672,0.8857951164245605
experiments/inferrelay_two_node/results/t1-125m-a-b-01,A-B,23,opt-125m,4,32,768,gpu_compute,196608,float16,10,steady,0.919130802154541,0.03961599990725517,0.056681156158447266,0.011615999974310398,0.030389070510864258,0.8320605754852295,0.8340559005737305,True,local before background launch and D2H,local after ready ACK,0.919130802154541,0.8458030223846436,0.9080109596252441
experiments/inferrelay_two_node/results/t1-125m-a-b-01,A-B,23,opt-125m,4,32,768,gpu_compute,196608,float16,11,steady,0.9080009460449219,0.04358400031924248,0.061606407165527344,0.01321600005030632,0.03602790832519531,0.8103666305541992,0.8414978981018066,True,local before background launch and D2H,local after ready ACK,0.9080009460449219,0.855194091796875,0.895658016204834
experiments/inferrelay_two_node/results/t1-125m-a-b-01,A-B,23,opt-125m,4,32,768,gpu_compute,196608,float16,12,steady,0.9128003120422363,0.04121600091457367,0.058741092681884766,0.01759999990463257,0.04304385185241699,0.8110153675079346,0.8420398235321045,True,local before background launch and D2H,local after ready ACK,0.9128003120422363,0.8557507991790771,0.9035696983337402
experiments/inferrelay_two_node/results/t1-125m-a-b-01,A-B,23,opt-125m,4,32,768,gpu_compute,196608,float16,13,steady,0.9030256271362305,0.040063999593257904,0.061876773834228516,0.011872000060975552,0.030608177185058594,0.8105406761169434,0.8379077911376953,True,local before background launch and D2H,local after ready ACK,0.9030256271362305,0.8513290882110596,0.8862628936767578
experiments/inferrelay_two_node/results/t1-125m-a-b-01,A-B,23,opt-125m,4,32,768,gpu_compute,196608,float16,14,steady,0.976768970489502,0.032607998698949814,0.04810333251953125,0.035551998764276505,0.08963513374328613,0.8390305042266846,0.7883810997009277,True,local before background launch and D2H,local after ready ACK,0.976768970489502,0.836122989654541,0.9452228546142578
experiments/inferrelay_two_node/results/t1-125m-a-b-01,A-B,23,opt-125m,4,32,768,gpu_compute,196608,float16,15,steady,0.9568619728088379,0.02115200087428093,0.03874969482421875,0.027008000761270523,0.07498311996459961,0.8431291580200195,0.8031749725341797,True,local before background launch and D2H,local after ready ACK,0.9568619728088379,0.8363001346588135,0.9215219020843506
experiments/inferrelay_two_node/results/t1-125m-a-b-01,A-B,23,opt-125m,4,32,768,gpu_compute,196608,float16,16,steady,0.9604153633117676,0.017376000061631203,0.033840179443359375,0.03167999908328056,0.0955500602722168,0.8310251235961914,0.7914960384368896,True,local before background launch and D2H,local after ready ACK,0.9604153633117676,0.8236370086669922,0.9396109580993652
experiments/inferrelay_two_node/results/t1-125m-a-b-01,A-B,23,opt-125m,4,32,768,gpu_compute,196608,float16,17,steady,0.9449281692504883,0.01727999933063984,0.03351879119873047,0.02707199938595295,0.07777881622314453,0.8336305618286133,0.7918000221252441,True,local before background launch and D2H,local after ready ACK,0.9449281692504883,0.823214054107666,0.9206368923187256
experiments/inferrelay_two_node/results/t1-125m-a-b-01,A-B,23,opt-125m,4,32,768,gpu_compute,196608,float16,18,steady,0.936638355255127,0.017184000462293625,0.03299283981323242,0.027103999629616737,0.07449102401733398,0.8291544914245605,0.7880878448486328,True,local before background launch and D2H,local after ready ACK,0.936638355255127,0.819770097732544,0.9122381210327148
experiments/inferrelay_two_node/results/t1-125m-a-b-01,A-B,23,opt-125m,4,32,768,gpu_compute,196608,float16,19,steady,0.8980560302734375,0.017184000462293625,0.03279829025268555,0.019551999866962433,0.057335853576660156,0.8079218864440918,0.7823309898376465,True,local before background launch and D2H,local after ready ACK,0.8980560302734375,0.8137609958648682,0.8822698593139648
experiments/inferrelay_two_node/results/t1-125m-a-b-01,A-B,23,opt-125m,4,32,768,gpu_compute,196608,float16,20,steady,0.9437117576599121,0.017343999817967415,0.03369617462158203,0.026208000257611275,0.0836021900177002,0.8264133930206299,0.8038589954376221,True,local before background launch and D2H,local after ready ACK,0.9437117576599121,0.8217542171478271,0.9192888736724854
experiments/inferrelay_two_node/results/t1-125m-a-b-01,A-B,23,opt-125m,4,32,768,gpu_compute,196608,float16,21,steady,0.936640739440918,0.0161920003592968,0.03157520294189453,0.025567999109625816,0.07257294654846191,0.8324925899505615,0.7849512100219727,True,local before background launch and D2H,local after ready ACK,0.936640739440918,0.8157598972320557,0.9082229137420654
experiments/inferrelay_two_node/results/t1-125m-a-b-01,A-B,23,opt-125m,4,32,768,gpu_compute,196608,float16,22,steady,0.906926155090332,0.041919998824596405,0.05886220932006836,0.01836800016462803,0.04233217239379883,0.8057317733764648,0.8315329551696777,True,local before background launch and D2H,local after ready ACK,0.906926155090332,0.846580982208252,0.8935930728912354
experiments/inferrelay_two_node/results/t1-125m-a-b-01,A-B,23,opt-125m,4,32,768,gpu_compute,196608,float16,23,steady,0.9083847999572754,0.04182400181889534,0.05835294723510742,0.014303999952971935,0.0363619327545166,0.8136699199676514,0.8295371532440186,True,local before background launch and D2H,local after ready ACK,0.9083847999572754,0.8473498821258545,0.8879239559173584
experiments/inferrelay_two_node/results/t1-125m-a-b-01,A-B,24,opt-125m,4,128,768,cpu,786432,float16,0,first_transfer,2.8954591751098633,0.0,0.0,0.0,0.0,2.8954591751098633,2.8101468086242676,True,local before background launch and D2H,local after ready ACK,2.8954591751098633,2.8740386962890625,2.87448787689209
experiments/inferrelay_two_node/results/t1-125m-a-b-01,A-B,24,opt-125m,4,128,768,cpu,786432,float16,1,warmup,2.869062900543213,0.0,0.0,0.0,0.0,2.869062900543213,2.850273847579956,True,local before background launch and D2H,local after ready ACK,2.869062900543213,2.8741259574890137,2.874424934387207
experiments/inferrelay_two_node/results/t1-125m-a-b-01,A-B,24,opt-125m,4,128,768,cpu,786432,float16,2,warmup,2.859926223754883,0.0,0.0,0.0,0.0,2.859926223754883,2.8618390560150146,True,local before background launch and D2H,local after ready ACK,2.859926223754883,2.8722407817840576,2.872546911239624
experiments/inferrelay_two_node/results/t1-125m-a-b-01,A-B,24,opt-125m,4,128,768,cpu,786432,float16,3,warmup,2.869434356689453,0.0,0.0,0.0,0.0,2.869434356689453,2.8501341342926025,True,local before background launch and D2H,local after ready ACK,2.869434356689453,2.8607871532440186,2.8610150814056396
experiments/inferrelay_two_node/results/t1-125m-a-b-01,A-B,24,opt-125m,4,128,768,cpu,786432,float16,4,steady,2.8144803047180176,0.0,0.0,0.0,0.0,2.8144803047180176,2.8666841983795166,True,local before background launch and D2H,local after ready ACK,2.8144803047180176,2.876026153564453,2.876328945159912
experiments/inferrelay_two_node/results/t1-125m-a-b-01,A-B,24,opt-125m,4,128,768,cpu,786432,float16,5,steady,2.7924246788024902,0.0,0.0,0.0,0.0,2.7924246788024902,2.7860469818115234,True,local before background launch and D2H,local after ready ACK,2.7924246788024902,2.7956650257110596,2.795952796936035
experiments/inferrelay_two_node/results/t1-125m-a-b-01,A-B,24,opt-125m,4,128,768,cpu,786432,float16,6,steady,2.8122825622558594,0.0,0.0,0.0,0.0,2.8122825622558594,2.803879737854004,True,local before background launch and D2H,local after ready ACK,2.8122825622558594,2.813361883163452,2.813593864440918
experiments/inferrelay_two_node/results/t1-125m-a-b-01,A-B,24,opt-125m,4,128,768,cpu,786432,float16,7,steady,2.8101210594177246,0.0,0.0,0.0,0.0,2.8101210594177246,2.8107151985168457,True,local before background launch and D2H,local after ready ACK,2.8101210594177246,2.820805072784424,2.821023941040039
experiments/inferrelay_two_node/results/t1-125m-a-b-01,A-B,24,opt-125m,4,128,768,cpu,786432,float16,8,steady,2.814849853515625,0.0,0.0,0.0,0.0,2.814849853515625,2.800311326980591,True,local before background launch and D2H,local after ready ACK,2.814849853515625,2.8101468086242676,2.81040096282959
experiments/inferrelay_two_node/results/t1-125m-a-b-01,A-B,24,opt-125m,4,128,768,cpu,786432,float16,9,steady,2.7982420921325684,0.0,0.0,0.0,0.0,2.7982420921325684,2.794097900390625,True,local before background launch and D2H,local after ready ACK,2.7982420921325684,2.8035857677459717,2.8038480281829834
experiments/inferrelay_two_node/results/t1-125m-a-b-01,A-B,24,opt-125m,4,128,768,cpu,786432,float16,10,steady,2.7930908203125,0.0,0.0,0.0,0.0,2.7930908203125,2.7916319370269775,True,local before background launch and D2H,local after ready ACK,2.7930908203125,2.8010151386260986,2.8012478351593018
experiments/inferrelay_two_node/results/t1-125m-a-b-01,A-B,24,opt-125m,4,128,768,cpu,786432,float16,11,steady,3.104368209838867,0.0,0.0,0.0,0.0,3.104368209838867,2.7887539863586426,True,local before background launch and D2H,local after ready ACK,3.104368209838867,2.797938108444214,2.7981932163238525
experiments/inferrelay_two_node/results/t1-125m-a-b-01,A-B,24,opt-125m,4,128,768,cpu,786432,float16,12,steady,2.7856574058532715,0.0,0.0,0.0,0.0,2.7856574058532715,2.781195878982544,True,local before background launch and D2H,local after ready ACK,2.7856574058532715,2.790498971939087,2.790731906890869
experiments/inferrelay_two_node/results/t1-125m-a-b-01,A-B,24,opt-125m,4,128,768,cpu,786432,float16,13,steady,2.798834800720215,0.0,0.0,0.0,0.0,2.798834800720215,2.782003164291382,True,local before background launch and D2H,local after ready ACK,2.798834800720215,2.791123867034912,2.7913620471954346
experiments/inferrelay_two_node/results/t1-125m-a-b-01,A-B,24,opt-125m,4,128,768,cpu,786432,float16,14,steady,2.803804397583008,0.0,0.0,0.0,0.0,2.803804397583008,2.802466869354248,True,local before background launch and D2H,local after ready ACK,2.803804397583008,2.8117971420288086,2.81204891204834
experiments/inferrelay_two_node/results/t1-125m-a-b-01,A-B,24,opt-125m,4,128,768,cpu,786432,float16,15,steady,3.0952930450439453,0.0,0.0,0.0,0.0,3.0952930450439453,2.7832281589508057,True,local before background launch and D2H,local after ready ACK,3.0952930450439453,2.7922449111938477,2.792466878890991
experiments/inferrelay_two_node/results/t1-125m-a-b-01,A-B,24,opt-125m,4,128,768,cpu,786432,float16,16,steady,2.783100128173828,0.0,0.0,0.0,0.0,2.783100128173828,2.780587911605835,True,local before background launch and D2H,local after ready ACK,2.783100128173828,2.7895097732543945,2.7897276878356934
experiments/inferrelay_two_node/results/t1-125m-a-b-01,A-B,24,opt-125m,4,128,768,cpu,786432,float16,17,steady,2.7802276611328125,0.0,0.0,0.0,0.0,2.7802276611328125,2.780324935913086,True,local before background launch and D2H,local after ready ACK,2.7802276611328125,2.789161205291748,2.789423942565918
experiments/inferrelay_two_node/results/t1-125m-a-b-01,A-B,24,opt-125m,4,128,768,cpu,786432,float16,18,steady,3.090108871459961,0.0,0.0,0.0,0.0,3.090108871459961,2.772017002105713,True,local before background launch and D2H,local after ready ACK,3.090108871459961,2.7818398475646973,2.7820661067962646
experiments/inferrelay_two_node/results/t1-125m-a-b-01,A-B,24,opt-125m,4,128,768,cpu,786432,float16,19,steady,2.7779159545898438,0.0,0.0,0.0,0.0,2.7779159545898438,2.780245780944824,True,local before background launch and D2H,local after ready ACK,2.7779159545898438,2.789538860321045,2.7897720336914062
experiments/inferrelay_two_node/results/t1-125m-a-b-01,A-B,24,opt-125m,4,128,768,cpu,786432,float16,20,steady,2.7779879570007324,0.0,0.0,0.0,0.0,2.7779879570007324,2.7721049785614014,True,local before background launch and D2H,local after ready ACK,2.7779879570007324,2.7857589721679688,2.7860021591186523
experiments/inferrelay_two_node/results/t1-125m-a-b-01,A-B,24,opt-125m,4,128,768,cpu,786432,float16,21,steady,2.7774128913879395,0.0,0.0,0.0,0.0,2.7774128913879395,2.7754158973693848,True,local before background launch and D2H,local after ready ACK,2.7774128913879395,2.7851381301879883,2.785384178161621
experiments/inferrelay_two_node/results/t1-125m-a-b-01,A-B,24,opt-125m,4,128,768,cpu,786432,float16,22,steady,2.773134231567383,0.0,0.0,0.0,0.0,2.773134231567383,2.7725210189819336,True,local before background launch and D2H,local after ready ACK,2.773134231567383,2.781770706176758,2.782010793685913
experiments/inferrelay_two_node/results/t1-125m-a-b-01,A-B,24,opt-125m,4,128,768,cpu,786432,float16,23,steady,2.7777061462402344,0.0,0.0,0.0,0.0,2.7777061462402344,2.776766300201416,True,local before background launch and D2H,local after ready ACK,2.7777061462402344,2.785813093185425,2.786052703857422
experiments/inferrelay_two_node/results/t1-125m-a-b-01,A-B,25,opt-125m,4,128,768,gpu,786432,float16,0,first_transfer,3.1172890663146973,0.06851200014352798,0.10496902465820312,0.05289600044488907,0.09521102905273438,2.9171090126037598,2.9978229999542236,True,local before background launch and D2H,local after ready ACK,3.1172890663146973,3.0599701404571533,3.1633832454681396
experiments/inferrelay_two_node/results/t1-125m-a-b-01,A-B,25,opt-125m,4,128,768,gpu,786432,float16,1,warmup,3.0378074645996094,0.06550399959087372,0.08818435668945312,0.03699199855327606,0.058851003646850586,2.8907721042633057,2.900115966796875,True,local before background launch and D2H,local after ready ACK,3.0378074645996094,2.9148318767547607,2.977876901626587
experiments/inferrelay_two_node/results/t1-125m-a-b-01,A-B,25,opt-125m,4,128,768,gpu,786432,float16,2,warmup,3.04024600982666,0.06470400094985962,0.08713293075561523,0.03532800078392029,0.05583810806274414,2.897274971008301,2.940311908721924,True,local before background launch and D2H,local after ready ACK,3.04024600982666,2.952608108520508,3.012193202972412
experiments/inferrelay_two_node/results/t1-125m-a-b-01,A-B,25,opt-125m,4,128,768,gpu,786432,float16,3,warmup,3.0321521759033203,0.06854400038719177,0.08993864059448242,0.03580800071358681,0.054712772369384766,2.887500762939453,2.957765817642212,True,local before background launch and D2H,local after ready ACK,3.0321521759033203,2.969918966293335,3.028282880783081
experiments/inferrelay_two_node/results/t1-125m-a-b-01,A-B,25,opt-125m,4,128,768,gpu,786432,float16,4,steady,3.051630973815918,0.06355199962854385,0.08601188659667969,0.03500799834728241,0.056437015533447266,2.909182071685791,2.9524898529052734,True,local before background launch and D2H,local after ready ACK,3.051630973815918,2.963887929916382,3.0241899490356445
experiments/inferrelay_two_node/results/t1-125m-a-b-01,A-B,25,opt-125m,4,128,768,gpu,786432,float16,5,steady,3.1176977157592773,0.07916799932718277,0.11222553253173828,0.03494400158524513,0.05520296096801758,2.9502692222595215,3.0346946716308594,True,local before background launch and D2H,local after ready ACK,3.1176977157592773,3.0464630126953125,3.1053600311279297
experiments/inferrelay_two_node/results/t1-125m-a-b-01,A-B,25,opt-125m,4,128,768,gpu,786432,float16,6,steady,3.096435070037842,0.070592001080513,0.10516691207885742,0.03593600168824196,0.054466962814331055,2.9368011951446533,3.0309438705444336,True,local before background launch and D2H,local after ready ACK,3.096435070037842,3.042670965194702,3.1007378101348877
experiments/inferrelay_two_node/results/t1-125m-a-b-01,A-B,25,opt-125m,4,128,768,gpu,786432,float16,7,steady,3.1312341690063477,0.07206399738788605,0.11067771911621094,0.03670400008559227,0.05530595779418945,2.9652504920959473,3.0453641414642334,True,local before background launch and D2H,local after ready ACK,3.1312341690063477,3.0569000244140625,3.1158671379089355
experiments/inferrelay_two_node/results/t1-125m-a-b-01,A-B,25,opt-125m,4,128,768,gpu,786432,float16,8,steady,3.1269278526306152,0.07123199850320816,0.10670089721679688,0.033984001725912094,0.05409598350524902,2.9661309719085693,3.041314125061035,True,local before background launch and D2H,local after ready ACK,3.1269278526306152,3.0526928901672363,3.1106879711151123
experiments/inferrelay_two_node/results/t1-125m-a-b-01,A-B,25,opt-125m,4,128,768,gpu,786432,float16,9,steady,3.122875690460205,0.07152000069618225,0.11945152282714844,0.03376000002026558,0.05363202095031738,2.9497921466827393,3.048246145248413,True,local before background launch and D2H,local after ready ACK,3.122875690460205,3.0594420433044434,3.1167919635772705
experiments/inferrelay_two_node/results/t1-125m-a-b-01,A-B,25,opt-125m,4,128,768,gpu,786432,float16,10,steady,3.134169578552246,0.0769599974155426,0.1136922836303711,0.033952001482248306,0.05427885055541992,2.966198444366455,3.0596039295196533,True,local before background launch and D2H,local after ready ACK,3.134169578552246,3.0707409381866455,3.1287038326263428
experiments/inferrelay_two_node/results/t1-125m-a-b-01,A-B,25,opt-125m,4,128,768,gpu,786432,float16,11,steady,3.1100897789001465,0.06995200365781784,0.10375690460205078,0.03574400022625923,0.05469799041748047,2.9516348838806152,3.0266101360321045,True,local before background launch and D2H,local after ready ACK,3.1100897789001465,3.0384039878845215,3.0966720581054688
experiments/inferrelay_two_node/results/t1-125m-a-b-01,A-B,25,opt-125m,4,128,768,gpu,786432,float16,12,steady,3.0172858238220215,0.06857600063085556,0.10100936889648438,0.03392000123858452,0.054421186447143555,2.8618552684783936,3.0148098468780518,True,local before background launch and D2H,local after ready ACK,3.0172858238220215,3.0264060497283936,3.0845940113067627
experiments/inferrelay_two_node/results/t1-125m-a-b-01,A-B,25,opt-125m,4,128,768,gpu,786432,float16,13,steady,2.962982654571533,0.061824001371860504,0.08629751205444336,0.03519999980926514,0.05412006378173828,2.8225650787353516,2.882473945617676,True,local before background launch and D2H,local after ready ACK,2.962982654571533,2.8937571048736572,2.9514169692993164
experiments/inferrelay_two_node/results/t1-125m-a-b-01,A-B,25,opt-125m,4,128,768,gpu,786432,float16,14,steady,2.960052490234375,0.060575999319553375,0.0832972526550293,0.03526400029659271,0.055129051208496094,2.8216261863708496,2.883009910583496,True,local before background launch and D2H,local after ready ACK,2.960052490234375,2.8944759368896484,2.9535179138183594
experiments/inferrelay_two_node/results/t1-125m-a-b-01,A-B,25,opt-125m,4,128,768,gpu,786432,float16,15,steady,2.9550890922546387,0.061184000223875046,0.08332490921020508,0.03417599946260452,0.05413985252380371,2.81762433052063,2.8736178874969482,True,local before background launch and D2H,local after ready ACK,2.9550890922546387,2.885122060775757,2.943024158477783
experiments/inferrelay_two_node/results/t1-125m-a-b-01,A-B,25,opt-125m,4,128,768,gpu,786432,float16,16,steady,2.948474884033203,0.05999999865889549,0.08188724517822266,0.034015998244285583,0.05422401428222656,2.812363624572754,2.868546962738037,True,local before background launch and D2H,local after ready ACK,2.948474884033203,2.880164861679077,2.938027858734131
experiments/inferrelay_two_node/results/t1-125m-a-b-01,A-B,25,opt-125m,4,128,768,gpu,786432,float16,17,steady,2.946589946746826,0.059647999703884125,0.08007621765136719,0.033824000507593155,0.05427408218383789,2.812239646911621,2.8720760345458984,True,local before background launch and D2H,local after ready ACK,2.946589946746826,2.883082866668701,2.941056966781616
experiments/inferrelay_two_node/results/t1-125m-a-b-01,A-B,25,opt-125m,4,128,768,gpu,786432,float16,18,steady,2.9801230430603027,0.06080000102519989,0.08395242691040039,0.04614400118589401,0.06432294845581055,2.831847667694092,2.887542963027954,True,local before background launch and D2H,local after ready ACK,2.9801230430603027,2.898597240447998,2.9666221141815186
experiments/inferrelay_two_node/results/t1-125m-a-b-01,A-B,25,opt-125m,4,128,768,gpu,786432,float16,19,steady,2.960489273071289,0.06137600168585777,0.08333444595336914,0.033344000577926636,0.05321097373962402,2.823943853378296,2.8832907676696777,True,local before background launch and D2H,local after ready ACK,2.960489273071289,2.8942880630493164,2.9509999752044678
experiments/inferrelay_two_node/results/t1-125m-a-b-01,A-B,25,opt-125m,4,128,768,gpu,786432,float16,20,steady,3.0110130310058594,0.06998399645090103,0.12108325958251953,0.03561599925160408,0.05484914779663086,2.835080623626709,2.9330861568450928,True,local before background launch and D2H,local after ready ACK,3.0110130310058594,2.944343090057373,3.002885103225708
experiments/inferrelay_two_node/results/t1-125m-a-b-01,A-B,25,opt-125m,4,128,768,gpu,786432,float16,21,steady,2.961782932281494,0.06070400029420853,0.08366203308105469,0.03379200026392937,0.05408906936645508,2.8240318298339844,2.877002716064453,True,local before background launch and D2H,local after ready ACK,2.961782932281494,2.8879590034484863,2.9456100463867188
experiments/inferrelay_two_node/results/t1-125m-a-b-01,A-B,25,opt-125m,4,128,768,gpu,786432,float16,22,steady,2.9980263710021973,0.06006399914622307,0.08214950561523438,0.03791999816894531,0.06940317153930664,2.8464736938476562,2.886549949645996,True,local before background launch and D2H,local after ready ACK,2.9980263710021973,2.8977179527282715,2.9706149101257324
experiments/inferrelay_two_node/results/t1-125m-a-b-01,A-B,25,opt-125m,4,128,768,gpu,786432,float16,23,steady,2.9530110359191895,0.059487998485565186,0.08076047897338867,0.033984001725912094,0.0536649227142334,2.8185856342315674,2.8759169578552246,True,local before background launch and D2H,local after ready ACK,2.9530110359191895,2.887284278869629,2.9446041584014893
experiments/inferrelay_two_node/results/t1-125m-a-b-01,A-B,26,opt-125m,4,128,768,gpu_h2d,786432,float16,0,first_transfer,3.416666030883789,0.09267199784517288,0.12940025329589844,0.07593599706888199,0.1887521743774414,3.098513603210449,3.1095259189605713,True,local before background launch and D2H,local after ready ACK,3.416666030883789,3.2047040462493896,3.4414141178131104
experiments/inferrelay_two_node/results/t1-125m-a-b-01,A-B,26,opt-125m,4,128,768,gpu_h2d,786432,float16,1,warmup,3.247476100921631,0.07161600142717361,0.09673500061035156,0.0318400003015995,0.257000207901001,2.8937408924102783,3.033252000808716,True,local before background launch and D2H,local after ready ACK,3.247476100921631,3.0567281246185303,3.318909168243408
experiments/inferrelay_two_node/results/t1-125m-a-b-01,A-B,26,opt-125m,4,128,768,gpu_h2d,786432,float16,2,warmup,3.2709431648254395,0.06364800035953522,0.14627981185913086,0.031808000057935715,0.23188495635986328,2.8927783966064453,3.0117859840393066,True,local before background launch and D2H,local after ready ACK,3.2709431648254395,3.0309200286865234,3.268292188644409
experiments/inferrelay_two_node/results/t1-125m-a-b-01,A-B,26,opt-125m,4,128,768,gpu_h2d,786432,float16,3,warmup,3.871541976928711,0.1637440025806427,0.18903303146362305,0.6444799900054932,0.6968820095062256,2.9856269359588623,3.1103389263153076,True,local before background launch and D2H,local after ready ACK,3.871541976928711,3.135739803314209,3.8437089920043945
experiments/inferrelay_two_node/results/t1-125m-a-b-01,A-B,26,opt-125m,4,128,768,gpu_h2d,786432,float16,4,steady,3.8590521812438965,0.16463999450206757,0.19269418716430664,0.6414080262184143,0.7262740135192871,2.9400839805603027,3.0545191764831543,True,local before background launch and D2H,local after ready ACK,3.8590521812438965,3.077010154724121,3.819772958755493
experiments/inferrelay_two_node/results/t1-125m-a-b-01,A-B,26,opt-125m,4,128,768,gpu_h2d,786432,float16,5,steady,3.254922866821289,0.08972799777984619,0.1708979606628418,0.03251200169324875,0.15979290008544922,2.924232006072998,3.0113890171051025,True,local before background launch and D2H,local after ready ACK,3.254922866821289,3.0302820205688477,3.194988965988159
experiments/inferrelay_two_node/results/t1-125m-a-b-01,A-B,26,opt-125m,4,128,768,gpu_h2d,786432,float16,6,steady,3.196901321411133,0.07449600100517273,0.09752893447875977,0.032287999987602234,0.19038081169128418,2.908991575241089,2.958054304122925,True,local before background launch and D2H,local after ready ACK,3.196901321411133,2.97712779045105,3.1725118160247803
experiments/inferrelay_two_node/results/t1-125m-a-b-01,A-B,26,opt-125m,4,128,768,gpu_h2d,786432,float16,7,steady,3.186652183532715,0.07315199822187424,0.1468205451965332,0.03222399950027466,0.12441802024841309,2.9154136180877686,3.0306150913238525,True,local before background launch and D2H,local after ready ACK,3.186652183532715,3.0508110523223877,3.182574987411499
experiments/inferrelay_two_node/results/t1-125m-a-b-01,A-B,26,opt-125m,4,128,768,gpu_h2d,786432,float16,8,steady,3.192302703857422,0.07337599992752075,0.1431713104248047,0.032287999987602234,0.14524006843566895,2.9038913249969482,2.999558687210083,True,local before background launch and D2H,local after ready ACK,3.192302703857422,3.0180020332336426,3.1685261726379395
experiments/inferrelay_two_node/results/t1-125m-a-b-01,A-B,26,opt-125m,4,128,768,gpu_h2d,786432,float16,9,steady,3.191676139831543,0.07369600236415863,0.09716796875,0.03177599981427193,0.1924128532409668,2.902095317840576,2.960365056991577,True,local before background launch and D2H,local after ready ACK,3.191676139831543,2.9795827865600586,3.1798508167266846
experiments/inferrelay_two_node/results/t1-125m-a-b-01,A-B,26,opt-125m,4,128,768,gpu_h2d,786432,float16,10,steady,3.1736221313476562,0.06531199812889099,0.18038606643676758,0.032255999743938446,0.07732129096984863,2.91591477394104,3.0747509002685547,True,local before background launch and D2H,local after ready ACK,3.1736221313476562,3.09352707862854,3.1786468029022217
experiments/inferrelay_two_node/results/t1-125m-a-b-01,A-B,26,opt-125m,4,128,768,gpu_h2d,786432,float16,11,steady,3.198948383331299,0.07088000327348709,0.09418010711669922,0.032255999743938446,0.20432114601135254,2.900447130203247,2.949368953704834,True,local before background launch and D2H,local after ready ACK,3.198948383331299,2.968116044998169,3.1773860454559326
experiments/inferrelay_two_node/results/t1-125m-a-b-01,A-B,26,opt-125m,4,128,768,gpu_h2d,786432,float16,12,steady,3.1846871376037598,0.07168000191450119,0.09556055068969727,0.03219199925661087,0.1897740364074707,2.899352550506592,2.9533121585845947,True,local before background launch and D2H,local after ready ACK,3.1846871376037598,2.9735090732574463,3.167987108230591
experiments/inferrelay_two_node/results/t1-125m-a-b-01,A-B,26,opt-125m,4,128,768,gpu_h2d,786432,float16,13,steady,3.2230420112609863,0.07315199822187424,0.09716320037841797,0.032287999987602234,0.21462512016296387,2.9112536907196045,2.944455862045288,True,local before background launch and D2H,local after ready ACK,3.2230420112609863,2.9764280319213867,3.198884963989258
experiments/inferrelay_two_node/results/t1-125m-a-b-01,A-B,26,opt-125m,4,128,768,gpu_h2d,786432,float16,14,steady,3.2081079483032227,0.1523520052433014,0.1819171905517578,0.03270399942994118,0.11898303031921387,2.907207727432251,3.0459110736846924,True,local before background launch and D2H,local after ready ACK,3.2081079483032227,3.0686748027801514,3.195067882537842
experiments/inferrelay_two_node/results/t1-125m-a-b-01,A-B,26,opt-125m,4,128,768,gpu_h2d,786432,float16,15,steady,3.2007241249084473,0.15404799580574036,0.1837611198425293,0.03267199918627739,0.10485005378723145,2.9121129512786865,3.0500071048736572,True,local before background launch and D2H,local after ready ACK,3.2007241249084473,3.0703091621398926,3.1800899505615234
experiments/inferrelay_two_node/results/t1-125m-a-b-01,A-B,26,opt-125m,4,128,768,gpu_h2d,786432,float16,16,steady,3.204789638519287,0.07417599856853485,0.1494307518005371,0.0326399989426136,0.1342611312866211,2.921097755432129,3.0208640098571777,True,local before background launch and D2H,local after ready ACK,3.204789638519287,3.0409321784973145,3.1803500652313232
experiments/inferrelay_two_node/results/t1-125m-a-b-01,A-B,26,opt-125m,4,128,768,gpu_h2d,786432,float16,17,steady,3.19539213180542,0.07273600250482559,0.09625720977783203,0.032127998769283295,0.18873214721679688,2.910402774810791,2.965355157852173,True,local before background launch and D2H,local after ready ACK,3.19539213180542,2.985671043395996,3.179455041885376
experiments/inferrelay_two_node/results/t1-125m-a-b-01,A-B,26,opt-125m,4,128,768,gpu_h2d,786432,float16,18,steady,3.20516300201416,0.06460800021886826,0.11619806289672852,0.032255999743938446,0.1775829792022705,2.911381959915161,2.9767699241638184,True,local before background launch and D2H,local after ready ACK,3.20516300201416,2.9964489936828613,3.1791560649871826
experiments/inferrelay_two_node/results/t1-125m-a-b-01,A-B,26,opt-125m,4,128,768,gpu_h2d,786432,float16,19,steady,3.1907434463500977,0.06425599753856659,0.09664011001586914,0.0326399989426136,0.2016150951385498,2.8924882411956787,2.9507322311401367,True,local before background launch and D2H,local after ready ACK,3.1907434463500977,2.970241069793701,3.176924228668213
experiments/inferrelay_two_node/results/t1-125m-a-b-01,A-B,26,opt-125m,4,128,768,gpu_h2d,786432,float16,20,steady,3.204608917236328,0.07369600236415863,0.15035438537597656,0.0323840007185936,0.1351919174194336,2.919062614440918,3.0185461044311523,True,local before background launch and D2H,local after ready ACK,3.204608917236328,3.0378918647766113,3.1802868843078613
experiments/inferrelay_two_node/results/t1-125m-a-b-01,A-B,26,opt-125m,4,128,768,gpu_h2d,786432,float16,21,steady,3.1829209327697754,0.07276800274848938,0.14046716690063477,0.032287999987602234,0.12908697128295898,2.9133667945861816,3.018409013748169,True,local before background launch and D2H,local after ready ACK,3.1829209327697754,3.03794002532959,3.174182176589966
experiments/inferrelay_two_node/results/t1-125m-a-b-01,A-B,26,opt-125m,4,128,768,gpu_h2d,786432,float16,22,steady,3.2021522521972656,0.07580800354480743,0.10169267654418945,0.03222399950027466,0.18778204917907715,2.912677526473999,2.962904930114746,True,local before background launch and D2H,local after ready ACK,3.2021522521972656,2.9824178218841553,3.1749658584594727
experiments/inferrelay_two_node/results/t1-125m-a-b-01,A-B,26,opt-125m,4,128,768,gpu_h2d,786432,float16,23,steady,3.1943488121032715,0.06428799778223038,0.0989232063293457,0.03219199925661087,0.19922518730163574,2.89620041847229,2.954766035079956,True,local before background launch and D2H,local after ready ACK,3.1943488121032715,2.974807024002075,3.1813390254974365
experiments/inferrelay_two_node/results/t1-125m-a-b-01,A-B,27,opt-125m,4,128,768,gpu_compute,786432,float16,0,first_transfer,3.1155242919921875,0.06499200314283371,0.11636877059936523,0.04195199906826019,0.07002806663513184,2.9291274547576904,2.992672920227051,True,local before background launch and D2H,local after ready ACK,3.1155242919921875,3.0461528301239014,3.13045597076416
experiments/inferrelay_two_node/results/t1-125m-a-b-01,A-B,27,opt-125m,4,128,768,gpu_compute,786432,float16,1,warmup,3.134986400604248,0.0711359977722168,0.15259981155395508,0.037376001477241516,0.06111788749694824,2.9212687015533447,2.9983341693878174,True,local before background launch and D2H,local after ready ACK,3.134986400604248,3.018733024597168,3.0844218730926514
experiments/inferrelay_two_node/results/t1-125m-a-b-01,A-B,27,opt-125m,4,128,768,gpu_compute,786432,float16,2,warmup,3.1396021842956543,0.0655359998345375,0.17921686172485352,0.050335999578237534,0.07384896278381348,2.8865363597869873,3.032202959060669,True,local before background launch and D2H,local after ready ACK,3.1396021842956543,3.049781084060669,3.1283559799194336
experiments/inferrelay_two_node/results/t1-125m-a-b-01,A-B,27,opt-125m,4,128,768,gpu_compute,786432,float16,3,warmup,3.165897846221924,0.06425599753856659,0.19679021835327148,0.036448001861572266,0.05931806564331055,2.909789562225342,3.0777320861816406,True,local before background launch and D2H,local after ready ACK,3.165897846221924,3.095261812210083,3.1592977046966553
experiments/inferrelay_two_node/results/t1-125m-a-b-01,A-B,27,opt-125m,4,128,768,gpu_compute,786432,float16,4,steady,3.1363778114318848,0.06547199934720993,0.19193506240844727,0.03612799942493439,0.05841994285583496,2.8860228061676025,3.0528430938720703,True,local before background launch and D2H,local after ready ACK,3.1363778114318848,3.0700221061706543,3.1325972080230713
experiments/inferrelay_two_node/results/t1-125m-a-b-01,A-B,27,opt-125m,4,128,768,gpu_compute,786432,float16,5,steady,3.093132972717285,0.06617599725723267,0.18793439865112305,0.036031998693943024,0.05871391296386719,2.846484661102295,3.0500500202178955,True,local before background launch and D2H,local after ready ACK,3.093132972717285,3.0667343139648438,3.129603147506714
experiments/inferrelay_two_node/results/t1-125m-a-b-01,A-B,27,opt-125m,4,128,768,gpu_compute,786432,float16,6,steady,2.9860339164733887,0.08256000280380249,0.10353279113769531,0.03657599911093712,0.06021308898925781,2.8222880363464355,2.8955161571502686,True,local before background launch and D2H,local after ready ACK,2.9860339164733887,2.9115142822265625,2.9759252071380615
experiments/inferrelay_two_node/results/t1-125m-a-b-01,A-B,27,opt-125m,4,128,768,gpu_compute,786432,float16,7,steady,2.9863839149475098,0.08124800026416779,0.10102987289428711,0.03763199970126152,0.0632009506225586,2.822153091430664,2.8869919776916504,True,local before background launch and D2H,local after ready ACK,2.9863839149475098,2.904179096221924,2.971726179122925
experiments/inferrelay_two_node/results/t1-125m-a-b-01,A-B,27,opt-125m,4,128,768,gpu_compute,786432,float16,8,steady,2.9759650230407715,0.07926400005817413,0.09997415542602539,0.03711999952793121,0.060320138931274414,2.8156707286834717,2.8827600479125977,True,local before background launch and D2H,local after ready ACK,2.9759650230407715,2.900391101837158,2.965296983718872
experiments/inferrelay_two_node/results/t1-125m-a-b-01,A-B,27,opt-125m,4,128,768,gpu_compute,786432,float16,9,steady,2.9833927154541016,0.07996799796819687,0.09991312026977539,0.0360959991812706,0.05900001525878906,2.824479579925537,2.8846240043640137,True,local before background launch and D2H,local after ready ACK,2.9833927154541016,2.901409149169922,2.964674949645996
experiments/inferrelay_two_node/results/t1-125m-a-b-01,A-B,27,opt-125m,4,128,768,gpu_compute,786432,float16,10,steady,3.083016872406006,0.0793600007891655,0.09766960144042969,0.03948799893260002,0.06799101829528809,2.917356252670288,2.977431058883667,True,local before background launch and D2H,local after ready ACK,3.083016872406006,2.9943509101867676,3.0678229331970215
experiments/inferrelay_two_node/results/t1-125m-a-b-01,A-B,27,opt-125m,4,128,768,gpu_compute,786432,float16,11,steady,2.974431037902832,0.07964800298213959,0.09791755676269531,0.03670400008559227,0.06369805335998535,2.8128154277801514,2.876772880554199,True,local before background launch and D2H,local after ready ACK,2.974431037902832,2.894195079803467,2.9627459049224854
experiments/inferrelay_two_node/results/t1-125m-a-b-01,A-B,27,opt-125m,4,128,768,gpu_compute,786432,float16,12,steady,2.9791507720947266,0.08032000064849854,0.09906005859375,0.03836800158023834,0.06244802474975586,2.8176426887512207,2.8805320262908936,True,local before background launch and D2H,local after ready ACK,2.9791507720947266,2.8973681926727295,2.968731164932251
experiments/inferrelay_two_node/results/t1-125m-a-b-01,A-B,27,opt-125m,4,128,768,gpu_compute,786432,float16,13,steady,2.991058826446533,0.0796160027384758,0.09773683547973633,0.03542400151491165,0.060888051986694336,2.8324339389801025,2.8792221546173096,True,local before background launch and D2H,local after ready ACK,2.991058826446533,2.8966448307037354,2.9616119861602783
experiments/inferrelay_two_node/results/t1-125m-a-b-01,A-B,27,opt-125m,4,128,768,gpu_compute,786432,float16,14,steady,3.0759453773498535,0.07001599669456482,0.14281129837036133,0.03612799942493439,0.0584568977355957,2.8746771812438965,2.985401153564453,True,local before background launch and D2H,local after ready ACK,3.0759453773498535,3.0020909309387207,3.0645511150360107
experiments/inferrelay_two_node/results/t1-125m-a-b-01,A-B,27,opt-125m,4,128,768,gpu_compute,786432,float16,15,steady,3.173732280731201,0.06771200150251389,0.14208316802978516,0.047520000487565994,0.12344098091125488,2.908208131790161,2.9903318881988525,True,local before background launch and D2H,local after ready ACK,3.173732280731201,3.007345199584961,3.1472620964050293
experiments/inferrelay_two_node/results/t1-125m-a-b-01,A-B,27,opt-125m,4,128,768,gpu_compute,786432,float16,16,steady,3.148380756378174,0.06697600334882736,0.1416029930114746,0.051872000098228455,0.10374879837036133,2.903028964996338,2.96437406539917,True,local before background launch and D2H,local after ready ACK,3.148380756378174,2.9984757900238037,3.1219089031219482
experiments/inferrelay_two_node/results/t1-125m-a-b-01,A-B,27,opt-125m,4,128,768,gpu_compute,786432,float16,17,steady,3.1183571815490723,0.06758400052785873,0.1371316909790039,0.04358400031924248,0.08983206748962402,2.8913934230804443,2.960775852203369,True,local before background launch and D2H,local after ready ACK,3.1183571815490723,2.9946651458740234,3.097525119781494
experiments/inferrelay_two_node/results/t1-125m-a-b-01,A-B,27,opt-125m,4,128,768,gpu_compute,786432,float16,18,steady,3.10074520111084,0.06672000139951706,0.13718223571777344,0.04243199899792671,0.07746076583862305,2.8861021995544434,2.9582579135894775,True,local before background launch and D2H,local after ready ACK,3.10074520111084,2.9899401664733887,3.077881097793579
experiments/inferrelay_two_node/results/t1-125m-a-b-01,A-B,27,opt-125m,4,128,768,gpu_compute,786432,float16,19,steady,3.0982890129089355,0.06684800237417221,0.14012718200683594,0.04057599976658821,0.07396316528320312,2.8841986656188965,2.970576047897339,True,local before background launch and D2H,local after ready ACK,3.0982890129089355,2.994072198867798,3.0786352157592773
experiments/inferrelay_two_node/results/t1-125m-a-b-01,A-B,27,opt-125m,4,128,768,gpu_compute,786432,float16,20,steady,3.1312122344970703,0.07184000313282013,0.13515472412109375,0.04057599976658821,0.07091379165649414,2.9251437187194824,2.964909791946411,True,local before background launch and D2H,local after ready ACK,3.1312122344970703,2.9880361557006836,3.067345142364502
experiments/inferrelay_two_node/results/t1-125m-a-b-01,A-B,27,opt-125m,4,128,768,gpu_compute,786432,float16,21,steady,3.205264091491699,0.06812799721956253,0.19921064376831055,0.04009599983692169,0.07422685623168945,2.931826591491699,3.0678491592407227,True,local before background launch and D2H,local after ready ACK,3.205264091491699,3.0908188819885254,3.175886869430542
experiments/inferrelay_two_node/results/t1-125m-a-b-01,A-B,27,opt-125m,4,128,768,gpu_compute,786432,float16,22,steady,3.131192207336426,0.1542080044746399,0.1869969367980957,0.04108799993991852,0.07143068313598633,2.8727645874023438,3.05036997795105,True,local before background launch and D2H,local after ready ACK,3.131192207336426,3.0706920623779297,3.152557849884033
experiments/inferrelay_two_node/results/t1-125m-a-b-01,A-B,27,opt-125m,4,128,768,gpu_compute,786432,float16,23,steady,3.0933971405029297,0.06828799843788147,0.1370677947998047,0.041152000427246094,0.0720980167388916,2.8842313289642334,2.9712419509887695,True,local before background launch and D2H,local after ready ACK,3.0933971405029297,2.992094039916992,3.073472261428833
experiments/inferrelay_two_node/results/t1-125m-a-b-01,A-B,28,opt-125m,4,256,768,cpu,1572864,float16,0,first_transfer,5.55956506729126,0.0,0.0,0.0,0.0,5.55956506729126,5.513381242752075,True,local before background launch and D2H,local after ready ACK,5.55956506729126,5.57574200630188,5.576235055923462
experiments/inferrelay_two_node/results/t1-125m-a-b-01,A-B,28,opt-125m,4,256,768,cpu,1572864,float16,1,warmup,5.501739501953125,0.0,0.0,0.0,0.0,5.501739501953125,5.518893241882324,True,local before background launch and D2H,local after ready ACK,5.501739501953125,5.542771100997925,5.543122053146362
experiments/inferrelay_two_node/results/t1-125m-a-b-01,A-B,28,opt-125m,4,256,768,cpu,1572864,float16,2,warmup,5.478487014770508,0.0,0.0,0.0,0.0,5.478487014770508,5.464951276779175,True,local before background launch and D2H,local after ready ACK,5.478487014770508,5.478616952896118,5.478908061981201
experiments/inferrelay_two_node/results/t1-125m-a-b-01,A-B,28,opt-125m,4,256,768,cpu,1572864,float16,3,warmup,5.480010032653809,0.0,0.0,0.0,0.0,5.480010032653809,5.471829652786255,True,local before background launch and D2H,local after ready ACK,5.480010032653809,5.483922004699707,5.484215021133423
experiments/inferrelay_two_node/results/t1-125m-a-b-01,A-B,28,opt-125m,4,256,768,cpu,1572864,float16,4,steady,5.475667476654053,0.0,0.0,0.0,0.0,5.475667476654053,5.466267108917236,True,local before background launch and D2H,local after ready ACK,5.475667476654053,5.478362798690796,5.47867488861084
experiments/inferrelay_two_node/results/t1-125m-a-b-01,A-B,28,opt-125m,4,256,768,cpu,1572864,float16,5,steady,5.46396017074585,0.0,0.0,0.0,0.0,5.46396017074585,5.4542999267578125,True,local before background launch and D2H,local after ready ACK,5.46396017074585,5.466404676437378,5.466689825057983
experiments/inferrelay_two_node/results/t1-125m-a-b-01,A-B,28,opt-125m,4,256,768,cpu,1572864,float16,6,steady,5.4606852531433105,0.0,0.0,0.0,0.0,5.4606852531433105,5.456005096435547,True,local before background launch and D2H,local after ready ACK,5.4606852531433105,5.467329978942871,5.467597007751465
experiments/inferrelay_two_node/results/t1-125m-a-b-01,A-B,28,opt-125m,4,256,768,cpu,1572864,float16,7,steady,5.4532036781311035,0.0,0.0,0.0,0.0,5.4532036781311035,5.447534084320068,True,local before background launch and D2H,local after ready ACK,5.4532036781311035,5.458945989608765,5.459239721298218
experiments/inferrelay_two_node/results/t1-125m-a-b-01,A-B,28,opt-125m,4,256,768,cpu,1572864,float16,8,steady,5.453387260437012,0.0,0.0,0.0,0.0,5.453387260437012,5.4473042488098145,True,local before background launch and D2H,local after ready ACK,5.453387260437012,5.458531856536865,5.4588000774383545
experiments/inferrelay_two_node/results/t1-125m-a-b-01,A-B,28,opt-125m,4,256,768,cpu,1572864,float16,9,steady,5.4605631828308105,0.0,0.0,0.0,0.0,5.4605631828308105,5.4470601081848145,True,local before background launch and D2H,local after ready ACK,5.4605631828308105,5.458676815032959,5.458983659744263
experiments/inferrelay_two_node/results/t1-125m-a-b-01,A-B,28,opt-125m,4,256,768,cpu,1572864,float16,10,steady,5.454530239105225,0.0,0.0,0.0,0.0,5.454530239105225,5.447228908538818,True,local before background launch and D2H,local after ready ACK,5.454530239105225,5.458845138549805,5.4591310024261475
experiments/inferrelay_two_node/results/t1-125m-a-b-01,A-B,28,opt-125m,4,256,768,cpu,1572864,float16,11,steady,5.452666759490967,0.0,0.0,0.0,0.0,5.452666759490967,5.446410894393921,True,local before background launch and D2H,local after ready ACK,5.452666759490967,5.457388877868652,5.457653045654297
experiments/inferrelay_two_node/results/t1-125m-a-b-01,A-B,28,opt-125m,4,256,768,cpu,1572864,float16,12,steady,5.452357292175293,0.0,0.0,0.0,0.0,5.452357292175293,5.450685977935791,True,local before background launch and D2H,local after ready ACK,5.452357292175293,5.461656093597412,5.46197509765625
experiments/inferrelay_two_node/results/t1-125m-a-b-01,A-B,28,opt-125m,4,256,768,cpu,1572864,float16,13,steady,5.4894490242004395,0.0,0.0,0.0,0.0,5.4894490242004395,5.452711820602417,True,local before background launch and D2H,local after ready ACK,5.4894490242004395,5.4645469188690186,5.465507984161377
experiments/inferrelay_two_node/results/t1-125m-a-b-01,A-B,28,opt-125m,4,256,768,cpu,1572864,float16,14,steady,5.480935573577881,0.0,0.0,0.0,0.0,5.480935573577881,5.415629863739014,True,local before background launch and D2H,local after ready ACK,5.480935573577881,5.457883834838867,5.461036920547485
experiments/inferrelay_two_node/results/t1-125m-a-b-01,A-B,28,opt-125m,4,256,768,cpu,1572864,float16,15,steady,5.470375061035156,0.0,0.0,0.0,0.0,5.470375061035156,5.4270007610321045,True,local before background launch and D2H,local after ready ACK,5.470375061035156,5.455828905105591,5.4564220905303955
experiments/inferrelay_two_node/results/t1-125m-a-b-01,A-B,28,opt-125m,4,256,768,cpu,1572864,float16,16,steady,5.456226825714111,0.0,0.0,0.0,0.0,5.456226825714111,5.430649995803833,True,local before background launch and D2H,local after ready ACK,5.456226825714111,5.45707893371582,5.457425117492676
experiments/inferrelay_two_node/results/t1-125m-a-b-01,A-B,28,opt-125m,4,256,768,cpu,1572864,float16,17,steady,5.454624176025391,0.0,0.0,0.0,0.0,5.454624176025391,5.4426939487457275,True,local before background launch and D2H,local after ready ACK,5.454624176025391,5.456701040267944,5.45703125
experiments/inferrelay_two_node/results/t1-125m-a-b-01,A-B,28,opt-125m,4,256,768,cpu,1572864,float16,18,steady,5.454998016357422,0.0,0.0,0.0,0.0,5.454998016357422,5.448976993560791,True,local before background launch and D2H,local after ready ACK,5.454998016357422,5.461446046829224,5.4617719650268555
experiments/inferrelay_two_node/results/t1-125m-a-b-01,A-B,28,opt-125m,4,256,768,cpu,1572864,float16,19,steady,5.468084812164307,0.0,0.0,0.0,0.0,5.468084812164307,5.444870233535767,True,local before background launch and D2H,local after ready ACK,5.468084812164307,5.457136869430542,5.457421064376831
experiments/inferrelay_two_node/results/t1-125m-a-b-01,A-B,28,opt-125m,4,256,768,cpu,1572864,float16,20,steady,5.458354949951172,0.0,0.0,0.0,0.0,5.458354949951172,5.448415279388428,True,local before background launch and D2H,local after ready ACK,5.458354949951172,5.460371971130371,5.460724115371704
experiments/inferrelay_two_node/results/t1-125m-a-b-01,A-B,28,opt-125m,4,256,768,cpu,1572864,float16,21,steady,5.461276531219482,0.0,0.0,0.0,0.0,5.461276531219482,5.456620931625366,True,local before background launch and D2H,local after ready ACK,5.461276531219482,5.468684911727905,5.468998908996582
experiments/inferrelay_two_node/results/t1-125m-a-b-01,A-B,28,opt-125m,4,256,768,cpu,1572864,float16,22,steady,5.457029819488525,0.0,0.0,0.0,0.0,5.457029819488525,5.448039293289185,True,local before background launch and D2H,local after ready ACK,5.457029819488525,5.459642171859741,5.460019111633301
experiments/inferrelay_two_node/results/t1-125m-a-b-01,A-B,28,opt-125m,4,256,768,cpu,1572864,float16,23,steady,5.450829029083252,0.0,0.0,0.0,0.0,5.450829029083252,5.443758010864258,True,local before background launch and D2H,local after ready ACK,5.450829029083252,5.455513000488281,5.455894708633423
experiments/inferrelay_two_node/results/t1-125m-a-b-01,A-B,29,opt-125m,4,256,768,gpu,1572864,float16,0,first_transfer,5.928421974182129,0.11907199770212173,0.14934825897216797,0.08940800279378891,0.16901898384094238,5.6100547313690186,5.616261720657349,True,local before background launch and D2H,local after ready ACK,5.928421974182129,5.661118268966675,5.84722113609314
experiments/inferrelay_two_node/results/t1-125m-a-b-01,A-B,29,opt-125m,4,256,768,gpu,1572864,float16,1,warmup,5.873444080352783,0.12323199957609177,0.1496601104736328,0.07372800260782242,0.11983823776245117,5.603945732116699,5.635588884353638,True,local before background launch and D2H,local after ready ACK,5.873444080352783,5.670109987258911,5.800167798995972
experiments/inferrelay_two_node/results/t1-125m-a-b-01,A-B,29,opt-125m,4,256,768,gpu,1572864,float16,2,warmup,5.866516590118408,0.12163200229406357,0.14778900146484375,0.07116799801588058,0.1110076904296875,5.607719898223877,5.705018043518066,True,local before background launch and D2H,local after ready ACK,5.866516590118408,5.724967002868652,5.844261884689331
experiments/inferrelay_two_node/results/t1-125m-a-b-01,A-B,29,opt-125m,4,256,768,gpu,1572864,float16,3,warmup,5.851440906524658,0.12355200201272964,0.1594681739807129,0.06700800359249115,0.09029102325439453,5.601681709289551,5.7705018520355225,True,local before background launch and D2H,local after ready ACK,5.851440906524658,5.785217046737671,5.879655838012695
experiments/inferrelay_two_node/results/t1-125m-a-b-01,A-B,29,opt-125m,4,256,768,gpu,1572864,float16,4,steady,5.874271869659424,0.12675200402736664,0.16599035263061523,0.06486400216817856,0.08722090721130371,5.621060609817505,5.755481243133545,True,local before background launch and D2H,local after ready ACK,5.874271869659424,5.767781019210815,5.859180927276611
experiments/inferrelay_two_node/results/t1-125m-a-b-01,A-B,29,opt-125m,4,256,768,gpu,1572864,float16,5,steady,5.858556747436523,0.12643200159072876,0.16533994674682617,0.06511999666690826,0.0874948501586914,5.605721950531006,5.747384071350098,True,local before background launch and D2H,local after ready ACK,5.858556747436523,5.759398937225342,5.850995779037476
experiments/inferrelay_two_node/results/t1-125m-a-b-01,A-B,29,opt-125m,4,256,768,gpu,1572864,float16,6,steady,5.827098369598389,0.1236800029873848,0.15592050552368164,0.06486400216817856,0.08621501922607422,5.584962844848633,5.716169834136963,True,local before background launch and D2H,local after ready ACK,5.827098369598389,5.728824138641357,5.8190672397613525
experiments/inferrelay_two_node/results/t1-125m-a-b-01,A-B,29,opt-125m,4,256,768,gpu,1572864,float16,7,steady,5.824354648590088,0.12319999933242798,0.15897798538208008,0.06492800265550613,0.08880114555358887,5.576575517654419,5.650506019592285,True,local before background launch and D2H,local after ready ACK,5.824354648590088,5.662285089492798,5.755373001098633
experiments/inferrelay_two_node/results/t1-125m-a-b-01,A-B,29,opt-125m,4,256,768,gpu,1572864,float16,8,steady,5.8169474601745605,0.12137600034475327,0.14979887008666992,0.06486400216817856,0.08603906631469727,5.581109523773193,5.695973873138428,True,local before background launch and D2H,local after ready ACK,5.8169474601745605,5.70862889289856,5.798565149307251
experiments/inferrelay_two_node/results/t1-125m-a-b-01,A-B,29,opt-125m,4,256,768,gpu,1572864,float16,9,steady,5.799905300140381,0.12028799951076508,0.14742803573608398,0.06611199676990509,0.086090087890625,5.566387176513672,5.685585975646973,True,local before background launch and D2H,local after ready ACK,5.799905300140381,5.698894023895264,5.789309978485107
experiments/inferrelay_two_node/results/t1-125m-a-b-01,A-B,29,opt-125m,4,256,768,gpu,1572864,float16,10,steady,5.800230979919434,0.12540799379348755,0.1515054702758789,0.06505600363016129,0.08582091331481934,5.562904596328735,5.6871960163116455,True,local before background launch and D2H,local after ready ACK,5.800230979919434,5.698574066162109,5.788320064544678
experiments/inferrelay_two_node/results/t1-125m-a-b-01,A-B,29,opt-125m,4,256,768,gpu,1572864,float16,11,steady,5.809772491455078,0.1250240057706833,0.1512460708618164,0.06515199691057205,0.08720612525939941,5.571320295333862,5.688742160797119,True,local before background launch and D2H,local after ready ACK,5.809772491455078,5.701312065124512,5.792757034301758
experiments/inferrelay_two_node/results/t1-125m-a-b-01,A-B,29,opt-125m,4,256,768,gpu,1572864,float16,12,steady,5.819326877593994,0.12176000326871872,0.15030813217163086,0.06588800251483917,0.08633804321289062,5.582680702209473,5.701412916183472,True,local before background launch and D2H,local after ready ACK,5.819326877593994,5.713799953460693,5.8042919635772705
experiments/inferrelay_two_node/results/t1-125m-a-b-01,A-B,29,opt-125m,4,256,768,gpu,1572864,float16,13,steady,5.805605888366699,0.12105599790811539,0.14822721481323242,0.06531199812889099,0.0863652229309082,5.571013450622559,5.6956071853637695,True,local before background launch and D2H,local after ready ACK,5.805605888366699,5.70773983001709,5.798115015029907
experiments/inferrelay_two_node/results/t1-125m-a-b-01,A-B,29,opt-125m,4,256,768,gpu,1572864,float16,14,steady,5.803147792816162,0.12054400146007538,0.14683818817138672,0.06496000289916992,0.08641695976257324,5.569892644882202,5.69260835647583,True,local before background launch and D2H,local after ready ACK,5.803147792816162,5.704803943634033,5.795328855514526
experiments/inferrelay_two_node/results/t1-125m-a-b-01,A-B,29,opt-125m,4,256,768,gpu,1572864,float16,15,steady,5.801685810089111,0.1249919980764389,0.15158796310424805,0.06489600241184235,0.0868680477142334,5.56322979927063,5.694911241531372,True,local before background launch and D2H,local after ready ACK,5.801685810089111,5.706521987915039,5.797597885131836
experiments/inferrelay_two_node/results/t1-125m-a-b-01,A-B,29,opt-125m,4,256,768,gpu,1572864,float16,16,steady,5.80242919921875,0.12028799951076508,0.1458425521850586,0.06505600363016129,0.08687090873718262,5.569715738296509,5.699151039123535,True,local before background launch and D2H,local after ready ACK,5.80242919921875,5.71141791343689,5.802267074584961
experiments/inferrelay_two_node/results/t1-125m-a-b-01,A-B,29,opt-125m,4,256,768,gpu,1572864,float16,17,steady,5.799120903015137,0.1199679970741272,0.1494293212890625,0.06620799750089645,0.08672618865966797,5.562965393066406,5.70005989074707,True,local before background launch and D2H,local after ready ACK,5.799120903015137,5.712146282196045,5.802710056304932
experiments/inferrelay_two_node/results/t1-125m-a-b-01,A-B,29,opt-125m,4,256,768,gpu,1572864,float16,18,steady,5.794475078582764,0.12012799829244614,0.14506053924560547,0.06505600363016129,0.0863499641418457,5.5630645751953125,5.681197166442871,True,local before background launch and D2H,local after ready ACK,5.794475078582764,5.702024221420288,5.792263031005859
experiments/inferrelay_two_node/results/t1-125m-a-b-01,A-B,29,opt-125m,4,256,768,gpu,1572864,float16,19,steady,5.792365074157715,0.11987199634313583,0.1446361541748047,0.06518399715423584,0.08696389198303223,5.560765027999878,5.691771984100342,True,local before background launch and D2H,local after ready ACK,5.792365074157715,5.704500198364258,5.796025037765503
experiments/inferrelay_two_node/results/t1-125m-a-b-01,A-B,29,opt-125m,4,256,768,gpu,1572864,float16,20,steady,5.807312965393066,0.1204800009727478,0.14676904678344727,0.06508799642324448,0.09899091720581055,5.561553001403809,5.680748224258423,True,local before background launch and D2H,local after ready ACK,5.807312965393066,5.692629098892212,5.795601844787598
experiments/inferrelay_two_node/results/t1-125m-a-b-01,A-B,29,opt-125m,4,256,768,gpu,1572864,float16,21,steady,5.811433792114258,0.12080000340938568,0.14769887924194336,0.06515199691057205,0.08673882484436035,5.576996088027954,5.697344064712524,True,local before background launch and D2H,local after ready ACK,5.811433792114258,5.70958399772644,5.800175905227661
experiments/inferrelay_two_node/results/t1-125m-a-b-01,A-B,29,opt-125m,4,256,768,gpu,1572864,float16,22,steady,5.807326316833496,0.12111999839544296,0.14775991439819336,0.06499200314283371,0.08692407608032227,5.5726423263549805,5.691701889038086,True,local before background launch and D2H,local after ready ACK,5.807326316833496,5.703622102737427,5.794616937637329
experiments/inferrelay_two_node/results/t1-125m-a-b-01,A-B,29,opt-125m,4,256,768,gpu,1572864,float16,23,steady,5.806041717529297,0.12044800072908401,0.14717960357666016,0.06505600363016129,0.08699607849121094,5.571866035461426,5.696249008178711,True,local before background launch and D2H,local after ready ACK,5.806041717529297,5.707973003387451,5.798943042755127
experiments/inferrelay_two_node/results/t1-125m-a-b-01,A-B,30,opt-125m,4,256,768,gpu_h2d,1572864,float16,0,first_transfer,5.979852199554443,0.1395840048789978,0.17250585556030273,0.0926399976015091,0.18227696418762207,5.6250693798065186,5.657739877700806,True,local before background launch and D2H,local after ready ACK,5.979852199554443,5.763854265213013,5.966774225234985
experiments/inferrelay_two_node/results/t1-125m-a-b-01,A-B,30,opt-125m,4,256,768,gpu_h2d,1572864,float16,1,warmup,6.462071418762207,0.1746560037136078,0.23548412322998047,0.06185600161552429,0.6538231372833252,5.572764158248901,5.76905083656311,True,local before background launch and D2H,local after ready ACK,6.462071418762207,5.791374206542969,6.451473236083984
experiments/inferrelay_two_node/results/t1-125m-a-b-01,A-B,30,opt-125m,4,256,768,gpu_h2d,1572864,float16,2,warmup,5.818521022796631,0.1268800050020218,0.15662717819213867,0.07999999821186066,0.12894988059997559,5.532943964004517,5.691266059875488,True,local before background launch and D2H,local after ready ACK,5.818521022796631,5.710491895675659,5.844727993011475
experiments/inferrelay_two_node/results/t1-125m-a-b-01,A-B,30,opt-125m,4,256,768,gpu_h2d,1572864,float16,3,warmup,5.837121963500977,0.11932799965143204,0.15872907638549805,0.06358399987220764,0.12355709075927734,5.554835796356201,5.66741681098938,True,local before background launch and D2H,local after ready ACK,5.837121963500977,5.686830043792725,5.818609952926636
experiments/inferrelay_two_node/results/t1-125m-a-b-01,A-B,30,opt-125m,4,256,768,gpu_h2d,1572864,float16,4,steady,6.340305805206299,0.14188799262046814,0.17436599731445312,0.061983998864889145,0.578057050704956,5.58788275718689,5.716312885284424,True,local before background launch and D2H,local after ready ACK,6.340305805206299,5.740340948104858,6.323743104934692
experiments/inferrelay_two_node/results/t1-125m-a-b-01,A-B,30,opt-125m,4,256,768,gpu_h2d,1572864,float16,5,steady,6.346940040588379,0.25276800990104675,0.2877621650695801,0.06195199862122536,0.48426103591918945,5.574916839599609,5.815270185470581,True,local before background launch and D2H,local after ready ACK,6.346940040588379,5.835859298706055,6.325537204742432
experiments/inferrelay_two_node/results/t1-125m-a-b-01,A-B,30,opt-125m,4,256,768,gpu_h2d,1572864,float16,6,steady,5.813060760498047,0.11993599683046341,0.14439916610717773,0.06249599903821945,0.09849429130554199,5.570167303085327,5.676603078842163,True,local before background launch and D2H,local after ready ACK,5.813060760498047,5.6965179443359375,5.800214052200317
experiments/inferrelay_two_node/results/t1-125m-a-b-01,A-B,30,opt-125m,4,256,768,gpu_h2d,1572864,float16,7,steady,6.416083812713623,0.1305599957704544,0.16701936721801758,0.6870080232620239,0.7142119407653809,5.534852504730225,5.699765920639038,True,local before background launch and D2H,local after ready ACK,6.416083812713623,5.718979120254517,6.438321113586426
experiments/inferrelay_two_node/results/t1-125m-a-b-01,A-B,30,opt-125m,4,256,768,gpu_h2d,1572864,float16,8,steady,6.3336381912231445,0.16607999801635742,0.21183347702026367,0.06220800057053566,0.56634521484375,5.555459499359131,5.729228973388672,True,local before background launch and D2H,local after ready ACK,6.3336381912231445,5.749542951583862,6.3208699226379395
experiments/inferrelay_two_node/results/t1-125m-a-b-01,A-B,30,opt-125m,4,256,768,gpu_h2d,1572864,float16,9,steady,5.822366714477539,0.1273919939994812,0.15691661834716797,0.06547199934720993,0.09513711929321289,5.570312976837158,5.69289493560791,True,local before background launch and D2H,local after ready ACK,5.822366714477539,5.71203088760376,5.812577962875366
experiments/inferrelay_two_node/results/t1-125m-a-b-01,A-B,30,opt-125m,4,256,768,gpu_h2d,1572864,float16,10,steady,6.328177452087402,0.1305599957704544,0.16054010391235352,0.06207999959588051,0.606802225112915,5.560835123062134,5.688166856765747,True,local before background launch and D2H,local after ready ACK,6.328177452087402,5.7084760665893555,6.32035493850708
experiments/inferrelay_two_node/results/t1-125m-a-b-01,A-B,30,opt-125m,4,256,768,gpu_h2d,1572864,float16,11,steady,5.788430213928223,0.11846400052309036,0.14209794998168945,0.0666240006685257,0.11109519004821777,5.535237073898315,5.656461954116821,True,local before background launch and D2H,local after ready ACK,5.788430213928223,5.687858819961548,5.80707311630249
experiments/inferrelay_two_node/results/t1-125m-a-b-01,A-B,30,opt-125m,4,256,768,gpu_h2d,1572864,float16,12,steady,5.870795249938965,0.12038400024175644,0.1914501190185547,0.06220800057053566,0.11306118965148926,5.566283941268921,5.718077898025513,True,local before background launch and D2H,local after ready ACK,5.870795249938965,5.739360809326172,5.858097791671753
experiments/inferrelay_two_node/results/t1-125m-a-b-01,A-B,30,opt-125m,4,256,768,gpu_h2d,1572864,float16,13,steady,5.914483070373535,0.14108799397945404,0.17496871948242188,0.06454399973154068,0.1297619342803955,5.609752416610718,5.693972110748291,True,local before background launch and D2H,local after ready ACK,5.914483070373535,5.740708112716675,5.899140119552612
experiments/inferrelay_two_node/results/t1-125m-a-b-01,A-B,30,opt-125m,4,256,768,gpu_h2d,1572864,float16,14,steady,5.909843921661377,0.12902399897575378,0.16155004501342773,0.062111999839544296,0.18020391464233398,5.568089962005615,5.690520286560059,True,local before background launch and D2H,local after ready ACK,5.909843921661377,5.712132930755615,5.898161888122559
experiments/inferrelay_two_node/results/t1-125m-a-b-01,A-B,30,opt-125m,4,256,768,gpu_h2d,1572864,float16,15,steady,5.822143077850342,0.12716799974441528,0.16389751434326172,0.08160000294446945,0.12023496627807617,5.538010597229004,5.6996190547943115,True,local before background launch and D2H,local after ready ACK,5.822143077850342,5.719518184661865,5.845387935638428
experiments/inferrelay_two_node/results/t1-125m-a-b-01,A-B,30,opt-125m,4,256,768,gpu_h2d,1572864,float16,16,steady,5.828679084777832,0.12038400024175644,0.18146181106567383,0.06646399945020676,0.09439420700073242,5.552823066711426,5.698366165161133,True,local before background launch and D2H,local after ready ACK,5.828679084777832,5.717840909957886,5.817401885986328
experiments/inferrelay_two_node/results/t1-125m-a-b-01,A-B,30,opt-125m,4,256,768,gpu_h2d,1572864,float16,17,steady,5.8649821281433105,0.11935999989509583,0.18097686767578125,0.06224000081419945,0.11351323127746582,5.5704920291900635,5.716695070266724,True,local before background launch and D2H,local after ready ACK,5.8649821281433105,5.735682964324951,5.854238986968994
experiments/inferrelay_two_node/results/t1-125m-a-b-01,A-B,30,opt-125m,4,256,768,gpu_h2d,1572864,float16,18,steady,5.902050018310547,0.1369599997997284,0.1666264533996582,0.06217600032687187,0.15927624702453613,5.5761473178863525,5.710618257522583,True,local before background launch and D2H,local after ready ACK,5.902050018310547,5.729218006134033,5.893321990966797
experiments/inferrelay_two_node/results/t1-125m-a-b-01,A-B,30,opt-125m,4,256,768,gpu_h2d,1572864,float16,19,steady,5.833151817321777,0.1382720023393631,0.1676769256591797,0.0751039981842041,0.10012292861938477,5.565351963043213,5.6946210861206055,True,local before background launch and D2H,local after ready ACK,5.833151817321777,5.712125062942505,5.817276954650879
experiments/inferrelay_two_node/results/t1-125m-a-b-01,A-B,30,opt-125m,4,256,768,gpu_h2d,1572864,float16,20,steady,6.293569564819336,0.1406719982624054,0.17086315155029297,0.06201599910855293,0.5955729484558105,5.527133464813232,5.69844388961792,True,local before background launch and D2H,local after ready ACK,6.293569564819336,5.717461109161377,6.317852973937988
experiments/inferrelay_two_node/results/t1-125m-a-b-01,A-B,30,opt-125m,4,256,768,gpu_h2d,1572864,float16,21,steady,6.441864013671875,0.13923199474811554,0.16931486129760742,0.6639040112495422,0.7109050750732422,5.561644077301025,5.697666883468628,True,local before background launch and D2H,local after ready ACK,6.441864013671875,5.71605110168457,6.4319071769714355
experiments/inferrelay_two_node/results/t1-125m-a-b-01,A-B,30,opt-125m,4,256,768,gpu_h2d,1572864,float16,22,steady,5.8522491455078125,0.14134399592876434,0.17125320434570312,0.08006399869918823,0.10379791259765625,5.577198028564453,5.712353944778442,True,local before background launch and D2H,local after ready ACK,5.8522491455078125,5.730817079544067,5.841001987457275
experiments/inferrelay_two_node/results/t1-125m-a-b-01,A-B,30,opt-125m,4,256,768,gpu_h2d,1572864,float16,23,steady,6.428012847900391,0.24063999950885773,0.2715725898742676,0.062144000083208084,0.5957889556884766,5.5606513023376465,5.797636032104492,True,local before background launch and D2H,local after ready ACK,6.428012847900391,5.817654132843018,6.418326377868652
experiments/inferrelay_two_node/results/t1-125m-a-b-01,A-B,31,opt-125m,4,256,768,gpu_compute,1572864,float16,0,first_transfer,5.832458019256592,0.1260479986667633,0.16252803802490234,0.0724480003118515,0.1105031967163086,5.559426784515381,5.66010594367981,True,local before background launch and D2H,local after ready ACK,5.832458019256592,5.72434401512146,5.843374967575073
experiments/inferrelay_two_node/results/t1-125m-a-b-01,A-B,31,opt-125m,4,256,768,gpu_compute,1572864,float16,1,warmup,5.972369194030762,0.1255359947681427,0.17992782592773438,0.07923199981451035,0.15021491050720215,5.642226457595825,5.711416959762573,True,local before background launch and D2H,local after ready ACK,5.972369194030762,5.732967853546143,5.891221046447754
experiments/inferrelay_two_node/results/t1-125m-a-b-01,A-B,31,opt-125m,4,256,768,gpu_compute,1572864,float16,2,warmup,5.853203296661377,0.12150400131940842,0.14609909057617188,0.07241600006818771,0.12690067291259766,5.580203533172607,5.697322130203247,True,local before background launch and D2H,local after ready ACK,5.853203296661377,5.718656063079834,5.855772972106934
experiments/inferrelay_two_node/results/t1-125m-a-b-01,A-B,31,opt-125m,4,256,768,gpu_compute,1572864,float16,3,warmup,6.010097980499268,0.32102400064468384,0.35573768615722656,0.06784000247716904,0.09387922286987305,5.560481071472168,5.910171985626221,True,local before background launch and D2H,local after ready ACK,6.010097980499268,5.929502725601196,6.028301954269409
experiments/inferrelay_two_node/results/t1-125m-a-b-01,A-B,31,opt-125m,4,256,768,gpu_compute,1572864,float16,4,steady,5.812449932098389,0.12086399644613266,0.14428186416625977,0.06835199892520905,0.09697699546813965,5.571191072463989,5.6945130825042725,True,local before background launch and D2H,local after ready ACK,5.812449932098389,5.712298154830933,5.8145530223846436
experiments/inferrelay_two_node/results/t1-125m-a-b-01,A-B,31,opt-125m,4,256,768,gpu_compute,1572864,float16,5,steady,5.797187805175781,0.12025599926710129,0.144317626953125,0.06803199648857117,0.09332394599914551,5.559546232223511,5.6828529834747314,True,local before background launch and D2H,local after ready ACK,5.797187805175781,5.701005935668945,5.803215265274048
experiments/inferrelay_two_node/results/t1-125m-a-b-01,A-B,31,opt-125m,4,256,768,gpu_compute,1572864,float16,6,steady,5.830142021179199,0.12086399644613266,0.14423418045043945,0.06694400310516357,0.1010122299194336,5.584895610809326,5.699010133743286,True,local before background launch and D2H,local after ready ACK,5.830142021179199,5.717082977294922,5.823535203933716
experiments/inferrelay_two_node/results/t1-125m-a-b-01,A-B,31,opt-125m,4,256,768,gpu_compute,1572864,float16,7,steady,5.809610366821289,0.11945600062608719,0.15233945846557617,0.066880002617836,0.09076118469238281,5.56650972366333,5.713367938995361,True,local before background launch and D2H,local after ready ACK,5.809610366821289,5.729438066482544,5.825092077255249
experiments/inferrelay_two_node/results/t1-125m-a-b-01,A-B,31,opt-125m,4,256,768,gpu_compute,1572864,float16,8,steady,5.798757076263428,0.11961600184440613,0.14305591583251953,0.06780800223350525,0.0959930419921875,5.559708118438721,5.6872007846832275,True,local before background launch and D2H,local after ready ACK,5.798757076263428,5.704349756240845,5.805810928344727
experiments/inferrelay_two_node/results/t1-125m-a-b-01,A-B,31,opt-125m,4,256,768,gpu_compute,1572864,float16,9,steady,5.7974934577941895,0.11952000111341476,0.14314985275268555,0.06719999760389328,0.09157085418701172,5.562772750854492,5.684237957000732,True,local before background launch and D2H,local after ready ACK,5.7974934577941895,5.701005935668945,5.798188209533691
experiments/inferrelay_two_node/results/t1-125m-a-b-01,A-B,31,opt-125m,4,256,768,gpu_compute,1572864,float16,10,steady,5.87272310256958,0.12179200351238251,0.14482975006103516,0.0676800012588501,0.09738588333129883,5.630507469177246,5.686416864395142,True,local before background launch and D2H,local after ready ACK,5.87272310256958,5.703638076782227,5.806244850158691
experiments/inferrelay_two_node/results/t1-125m-a-b-01,A-B,31,opt-125m,4,256,768,gpu_compute,1572864,float16,11,steady,5.825931549072266,0.1210239976644516,0.1447920799255371,0.06915199756622314,0.09639501571655273,5.584744453430176,5.693814039230347,True,local before background launch and D2H,local after ready ACK,5.825931549072266,5.711656808853149,5.813010931015015
experiments/inferrelay_two_node/results/t1-125m-a-b-01,A-B,31,opt-125m,4,256,768,gpu_compute,1572864,float16,12,steady,5.825460910797119,0.12111999839544296,0.14398813247680664,0.06719999760389328,0.09202384948730469,5.589448928833008,5.692989110946655,True,local before background launch and D2H,local after ready ACK,5.825460910797119,5.710669994354248,5.807929039001465
experiments/inferrelay_two_node/results/t1-125m-a-b-01,A-B,31,opt-125m,4,256,768,gpu_compute,1572864,float16,13,steady,5.8173065185546875,0.11840000003576279,0.14122819900512695,0.06921599805355072,0.09689497947692871,5.579183340072632,5.708464860916138,True,local before background launch and D2H,local after ready ACK,5.8173065185546875,5.725751876831055,5.827837705612183
experiments/inferrelay_two_node/results/t1-125m-a-b-01,A-B,31,opt-125m,4,256,768,gpu_compute,1572864,float16,14,steady,5.81506872177124,0.11910399794578552,0.1439228057861328,0.06697600334882736,0.09685897827148438,5.574286937713623,5.685662031173706,True,local before background launch and D2H,local after ready ACK,5.81506872177124,5.70314621925354,5.804868221282959
experiments/inferrelay_two_node/results/t1-125m-a-b-01,A-B,31,opt-125m,4,256,768,gpu_compute,1572864,float16,15,steady,5.806157112121582,0.1600639969110489,0.18280696868896484,0.06806399673223495,0.09994792938232422,5.523402214050293,5.66211199760437,True,local before background launch and D2H,local after ready ACK,5.806157112121582,5.6794281005859375,5.787661075592041
experiments/inferrelay_two_node/results/t1-125m-a-b-01,A-B,31,opt-125m,4,256,768,gpu_compute,1572864,float16,16,steady,5.718578338623047,0.1157120019197464,0.1339406967163086,0.06732799857854843,0.09113001823425293,5.493507623672485,5.586682081222534,True,local before background launch and D2H,local after ready ACK,5.718578338623047,5.605305910110474,5.704577922821045
experiments/inferrelay_two_node/results/t1-125m-a-b-01,A-B,31,opt-125m,4,256,768,gpu_compute,1572864,float16,17,steady,5.739389896392822,0.11776000261306763,0.14084434509277344,0.06716799736022949,0.09300994873046875,5.50553560256958,5.606856346130371,True,local before background launch and D2H,local after ready ACK,5.739389896392822,5.624424934387207,5.724903106689453
experiments/inferrelay_two_node/results/t1-125m-a-b-01,A-B,31,opt-125m,4,256,768,gpu_compute,1572864,float16,18,steady,5.714207649230957,0.11664000153541565,0.13475942611694336,0.06672000139951706,0.0902400016784668,5.489208221435547,5.590019226074219,True,local before background launch and D2H,local after ready ACK,5.714207649230957,5.60658597946167,5.701481819152832
experiments/inferrelay_two_node/results/t1-125m-a-b-01,A-B,31,opt-125m,4,256,768,gpu_compute,1572864,float16,19,steady,5.715421676635742,0.11494400352239609,0.1331806182861328,0.06710399687290192,0.09045100212097168,5.491790056228638,5.589252233505249,True,local before background launch and D2H,local after ready ACK,5.715421676635742,5.60593581199646,5.701587915420532
experiments/inferrelay_two_node/results/t1-125m-a-b-01,A-B,31,opt-125m,4,256,768,gpu_compute,1572864,float16,20,steady,5.712364196777344,0.11452800035476685,0.13225841522216797,0.06675200164318085,0.0945441722869873,5.4855616092681885,5.580322742462158,True,local before background launch and D2H,local after ready ACK,5.712364196777344,5.597749948501587,5.697148323059082
experiments/inferrelay_two_node/results/t1-125m-a-b-01,A-B,31,opt-125m,4,256,768,gpu_compute,1572864,float16,21,steady,5.717650890350342,0.11523199826478958,0.1334056854248047,0.06684800237417221,0.0905001163482666,5.4937450885772705,5.58892297744751,True,local before background launch and D2H,local after ready ACK,5.717650890350342,5.605557918548584,5.700775861740112
experiments/inferrelay_two_node/results/t1-125m-a-b-01,A-B,31,opt-125m,4,256,768,gpu_compute,1572864,float16,22,steady,5.7979607582092285,0.1186240017414093,0.1548328399658203,0.0666240006685257,0.09033513069152832,5.55279278755188,5.655179023742676,True,local before background launch and D2H,local after ready ACK,5.7979607582092285,5.6714630126953125,5.766746997833252
experiments/inferrelay_two_node/results/t1-125m-a-b-01,A-B,31,opt-125m,4,256,768,gpu_compute,1572864,float16,23,steady,5.890647888183594,0.1292800009250641,0.20037460327148438,0.09081599861383438,0.11746716499328613,5.572806119918823,5.74096417427063,True,local before background launch and D2H,local after ready ACK,5.890647888183594,5.758502244949341,5.88367223739624
experiments/inferrelay_two_node/results/t1-125m-b-a-01,B-A,0,opt-125m,1,1,768,cpu,1536,float16,0,first_transfer,0.2591240406036377,0.0,0.0,0.0,0.0,0.2591240406036377,0.27958202362060547,True,local before background launch and D2H,local after ready ACK,0.2591240406036377,0.30630016326904297,0.3066439628601074
experiments/inferrelay_two_node/results/t1-125m-b-a-01,B-A,0,opt-125m,1,1,768,cpu,1536,float16,1,warmup,0.19763398170471191,0.0,0.0,0.0,0.0,0.19763398170471191,0.19947147369384766,True,local before background launch and D2H,local after ready ACK,0.19763398170471191,0.2134852409362793,0.21373271942138672
experiments/inferrelay_two_node/results/t1-125m-b-a-01,B-A,0,opt-125m,1,1,768,cpu,1536,float16,2,warmup,0.37966012954711914,0.0,0.0,0.0,0.0,0.37966012954711914,0.18949031829833984,True,local before background launch and D2H,local after ready ACK,0.37966012954711914,0.23732423782348633,0.2404460906982422
experiments/inferrelay_two_node/results/t1-125m-b-a-01,B-A,0,opt-125m,1,1,768,cpu,1536,float16,3,warmup,0.25223708152770996,0.0,0.0,0.0,0.0,0.25223708152770996,0.023870468139648438,True,local before background launch and D2H,local after ready ACK,0.25223708152770996,0.19476699829101562,0.19635963439941406
experiments/inferrelay_two_node/results/t1-125m-b-a-01,B-A,0,opt-125m,1,1,768,cpu,1536,float16,4,steady,0.18893909454345703,0.0,0.0,0.0,0.0,0.18893909454345703,0.021490097045898438,True,local before background launch and D2H,local after ready ACK,0.18893909454345703,0.14586257934570312,0.14762306213378906
experiments/inferrelay_two_node/results/t1-125m-b-a-01,B-A,0,opt-125m,1,1,768,cpu,1536,float16,5,steady,0.18897700309753418,0.0,0.0,0.0,0.0,0.18897700309753418,0.021671772003173828,True,local before background launch and D2H,local after ready ACK,0.18897700309753418,0.14522981643676758,0.14704227447509766
experiments/inferrelay_two_node/results/t1-125m-b-a-01,B-A,0,opt-125m,1,1,768,cpu,1536,float16,6,steady,0.20870089530944824,0.0,0.0,0.0,0.0,0.20870089530944824,0.03987884521484375,True,local before background launch and D2H,local after ready ACK,0.20870089530944824,0.16334915161132812,0.16528844833374023
experiments/inferrelay_two_node/results/t1-125m-b-a-01,B-A,0,opt-125m,1,1,768,cpu,1536,float16,7,steady,0.18602299690246582,0.0,0.0,0.0,0.0,0.18602299690246582,0.021711349487304688,True,local before background launch and D2H,local after ready ACK,0.18602299690246582,0.14578866958618164,0.1475691795349121
experiments/inferrelay_two_node/results/t1-125m-b-a-01,B-A,0,opt-125m,1,1,768,cpu,1536,float16,8,steady,0.18157196044921875,0.0,0.0,0.0,0.0,0.18157196044921875,0.10714912414550781,True,local before background launch and D2H,local after ready ACK,0.18157196044921875,0.16117429733276367,0.16247940063476562
experiments/inferrelay_two_node/results/t1-125m-b-a-01,B-A,0,opt-125m,1,1,768,cpu,1536,float16,9,steady,0.15007591247558594,0.0,0.0,0.0,0.0,0.15007591247558594,0.09051895141601562,True,local before background launch and D2H,local after ready ACK,0.15007591247558594,0.13144445419311523,0.13249540328979492
experiments/inferrelay_two_node/results/t1-125m-b-a-01,B-A,0,opt-125m,1,1,768,cpu,1536,float16,10,steady,0.1454181671142578,0.0,0.0,0.0,0.0,0.1454181671142578,0.08608579635620117,True,local before background launch and D2H,local after ready ACK,0.1454181671142578,0.12750577926635742,0.12857437133789062
experiments/inferrelay_two_node/results/t1-125m-b-a-01,B-A,0,opt-125m,1,1,768,cpu,1536,float16,11,steady,0.1419680118560791,0.0,0.0,0.0,0.0,0.1419680118560791,0.08402824401855469,True,local before background launch and D2H,local after ready ACK,0.1419680118560791,0.12288379669189453,0.12398433685302734
experiments/inferrelay_two_node/results/t1-125m-b-a-01,B-A,0,opt-125m,1,1,768,cpu,1536,float16,12,steady,0.17271900177001953,0.0,0.0,0.0,0.0,0.17271900177001953,0.05175161361694336,True,local before background launch and D2H,local after ready ACK,0.17271900177001953,0.13426589965820312,0.13580894470214844
experiments/inferrelay_two_node/results/t1-125m-b-a-01,B-A,0,opt-125m,1,1,768,cpu,1536,float16,13,steady,0.1753981113433838,0.0,0.0,0.0,0.0,0.1753981113433838,0.07797098159790039,True,local before background launch and D2H,local after ready ACK,0.1753981113433838,0.12892723083496094,0.1303410530090332
experiments/inferrelay_two_node/results/t1-125m-b-a-01,B-A,0,opt-125m,1,1,768,cpu,1536,float16,14,steady,0.16117000579833984,0.0,0.0,0.0,0.0,0.16117000579833984,0.09417963027954102,True,local before background launch and D2H,local after ready ACK,0.16117000579833984,0.13917160034179688,0.1402416229248047
experiments/inferrelay_two_node/results/t1-125m-b-a-01,B-A,0,opt-125m,1,1,768,cpu,1536,float16,15,steady,0.15937399864196777,0.0,0.0,0.0,0.0,0.15937399864196777,0.09371805191040039,True,local before background launch and D2H,local after ready ACK,0.15937399864196777,0.1332716941833496,0.13414382934570312
experiments/inferrelay_two_node/results/t1-125m-b-a-01,B-A,0,opt-125m,1,1,768,cpu,1536,float16,16,steady,0.1585080623626709,0.0,0.0,0.0,0.0,0.1585080623626709,0.08627843856811523,True,local before background launch and D2H,local after ready ACK,0.1585080623626709,0.1339421272277832,0.13491106033325195
experiments/inferrelay_two_node/results/t1-125m-b-a-01,B-A,0,opt-125m,1,1,768,cpu,1536,float16,17,steady,0.15911006927490234,0.0,0.0,0.0,0.0,0.15911006927490234,0.09234285354614258,True,local before background launch and D2H,local after ready ACK,0.15911006927490234,0.13132619857788086,0.1322336196899414
experiments/inferrelay_two_node/results/t1-125m-b-a-01,B-A,0,opt-125m,1,1,768,cpu,1536,float16,18,steady,0.16103577613830566,0.0,0.0,0.0,0.0,0.16103577613830566,0.09239768981933594,True,local before background launch and D2H,local after ready ACK,0.16103577613830566,0.13265419006347656,0.1337146759033203
experiments/inferrelay_two_node/results/t1-125m-b-a-01,B-A,0,opt-125m,1,1,768,cpu,1536,float16,19,steady,0.15559816360473633,0.0,0.0,0.0,0.0,0.15559816360473633,0.09854364395141602,True,local before background launch and D2H,local after ready ACK,0.15559816360473633,0.13742637634277344,0.13845396041870117
experiments/inferrelay_two_node/results/t1-125m-b-a-01,B-A,0,opt-125m,1,1,768,cpu,1536,float16,20,steady,0.14063096046447754,0.0,0.0,0.0,0.0,0.14063096046447754,0.09410238265991211,True,local before background launch and D2H,local after ready ACK,0.14063096046447754,0.13227272033691406,0.13324356079101562
experiments/inferrelay_two_node/results/t1-125m-b-a-01,B-A,0,opt-125m,1,1,768,cpu,1536,float16,21,steady,0.15288519859313965,0.0,0.0,0.0,0.0,0.15288519859313965,0.0958251953125,True,local before background launch and D2H,local after ready ACK,0.15288519859313965,0.13262605667114258,0.13375282287597656
experiments/inferrelay_two_node/results/t1-125m-b-a-01,B-A,0,opt-125m,1,1,768,cpu,1536,float16,22,steady,0.16426301002502441,0.0,0.0,0.0,0.0,0.16426301002502441,0.09871435165405273,True,local before background launch and D2H,local after ready ACK,0.16426301002502441,0.13643121719360352,0.1377272605895996
experiments/inferrelay_two_node/results/t1-125m-b-a-01,B-A,0,opt-125m,1,1,768,cpu,1536,float16,23,steady,0.1617281436920166,0.0,0.0,0.0,0.0,0.1617281436920166,0.09755468368530273,True,local before background launch and D2H,local after ready ACK,0.1617281436920166,0.13590335845947266,0.13699007034301758
experiments/inferrelay_two_node/results/t1-125m-b-a-01,B-A,1,opt-125m,1,1,768,gpu,1536,float16,0,first_transfer,0.5653660297393799,0.020320000126957893,0.05727887153625488,0.019168000668287277,0.07002925872802734,0.43805789947509766,0.5468301773071289,True,local before background launch and D2H,local after ready ACK,0.5653660297393799,0.5815205574035645,0.6605958938598633
experiments/inferrelay_two_node/results/t1-125m-b-a-01,B-A,1,opt-125m,1,1,768,gpu,1536,float16,1,warmup,0.43671298027038574,0.01836800016462803,0.0431370735168457,0.01744000054895878,0.05852174758911133,0.3350541591644287,0.36513805389404297,True,local before background launch and D2H,local after ready ACK,0.43671298027038574,0.3785281181335449,0.4497652053833008
experiments/inferrelay_two_node/results/t1-125m-b-a-01,B-A,1,opt-125m,1,1,768,gpu,1536,float16,2,warmup,0.38031005859375,0.020255999639630318,0.04612898826599121,0.015807999297976494,0.051808834075927734,0.28237223625183105,0.3012809753417969,True,local before background launch and D2H,local after ready ACK,0.38031005859375,0.3136863708496094,0.3732419013977051
experiments/inferrelay_two_node/results/t1-125m-b-a-01,B-A,1,opt-125m,1,1,768,gpu,1536,float16,3,warmup,0.3807222843170166,0.0180479995906353,0.04432487487792969,0.016543999314308167,0.053318023681640625,0.2830793857574463,0.29320859909057617,True,local before background launch and D2H,local after ready ACK,0.3807222843170166,0.3046760559082031,0.36584043502807617
experiments/inferrelay_two_node/results/t1-125m-b-a-01,B-A,1,opt-125m,1,1,768,gpu,1536,float16,4,steady,0.21284794807434082,0.0180479995906353,0.04414987564086914,0.008991999551653862,0.028444766998291016,0.14025330543518066,0.16405487060546875,True,local before background launch and D2H,local after ready ACK,0.21284794807434082,0.17537784576416016,0.2073664665222168
experiments/inferrelay_two_node/results/t1-125m-b-a-01,B-A,1,opt-125m,1,1,768,gpu,1536,float16,5,steady,0.17261409759521484,0.010528000071644783,0.02900409698486328,0.009216000325977802,0.0261993408203125,0.11741065979003906,0.13237762451171875,True,local before background launch and D2H,local after ready ACK,0.17261409759521484,0.14072704315185547,0.1700458526611328
experiments/inferrelay_two_node/results/t1-125m-b-a-01,B-A,1,opt-125m,1,1,768,gpu,1536,float16,6,steady,0.1652369499206543,0.008960000239312649,0.027174949645996094,0.007007999811321497,0.023047924041748047,0.11501407623291016,0.15177583694458008,True,local before background launch and D2H,local after ready ACK,0.1652369499206543,0.1601099967956543,0.1862788200378418
experiments/inferrelay_two_node/results/t1-125m-b-a-01,B-A,1,opt-125m,1,1,768,gpu,1536,float16,7,steady,0.16457104682922363,0.008031999692320824,0.0261838436126709,0.007040000054985285,0.022957324981689453,0.11542987823486328,0.12734651565551758,True,local before background launch and D2H,local after ready ACK,0.16457104682922363,0.13543128967285156,0.16144466400146484
experiments/inferrelay_two_node/results/t1-125m-b-a-01,B-A,1,opt-125m,1,1,768,gpu,1536,float16,8,steady,0.16348791122436523,0.008191999979317188,0.02679610252380371,0.006943999789655209,0.022359371185302734,0.11433243751525879,0.1276998519897461,True,local before background launch and D2H,local after ready ACK,0.16348791122436523,0.13505887985229492,0.1604018211364746
experiments/inferrelay_two_node/results/t1-125m-b-a-01,B-A,1,opt-125m,1,1,768,gpu,1536,float16,9,steady,0.16755008697509766,0.007872000336647034,0.026583194732666016,0.007071999832987785,0.023128986358642578,0.11783790588378906,0.12700986862182617,True,local before background launch and D2H,local after ready ACK,0.16755008697509766,0.13547849655151367,0.16170644760131836
experiments/inferrelay_two_node/results/t1-125m-b-a-01,B-A,1,opt-125m,1,1,768,gpu,1536,float16,10,steady,0.1811690330505371,0.008448000065982342,0.02736210823059082,0.006976000033318996,0.02245616912841797,0.13135075569152832,0.1451568603515625,True,local before background launch and D2H,local after ready ACK,0.1811690330505371,0.15323209762573242,0.17873191833496094
experiments/inferrelay_two_node/results/t1-125m-b-a-01,B-A,1,opt-125m,1,1,768,gpu,1536,float16,11,steady,0.16462397575378418,0.0080960001796484,0.026571273803710938,0.007007999811321497,0.02313709259033203,0.11491560935974121,0.12814617156982422,True,local before background launch and D2H,local after ready ACK,0.16462397575378418,0.13631486892700195,0.16254854202270508
experiments/inferrelay_two_node/results/t1-125m-b-a-01,B-A,1,opt-125m,1,1,768,gpu,1536,float16,12,steady,0.1647779941558838,0.008415999822318554,0.027065038681030273,0.00723200011998415,0.02319955825805664,0.11451339721679688,0.12760162353515625,True,local before background launch and D2H,local after ready ACK,0.1647779941558838,0.1358628273010254,0.16212177276611328
experiments/inferrelay_two_node/results/t1-125m-b-a-01,B-A,1,opt-125m,1,1,768,gpu,1536,float16,13,steady,0.16541194915771484,0.008608000352978706,0.02753615379333496,0.006912000011652708,0.022940635681152344,0.11493515968322754,0.12842226028442383,True,local before background launch and D2H,local after ready ACK,0.16541194915771484,0.13660240173339844,0.1627669334411621
experiments/inferrelay_two_node/results/t1-125m-b-a-01,B-A,1,opt-125m,1,1,768,gpu,1536,float16,14,steady,0.1642301082611084,0.008320000022649765,0.02695298194885254,0.006976000033318996,0.022748947143554688,0.11452817916870117,0.12820672988891602,True,local before background launch and D2H,local after ready ACK,0.1642301082611084,0.135772705078125,0.16161441802978516
experiments/inferrelay_two_node/results/t1-125m-b-a-01,B-A,1,opt-125m,1,1,768,gpu,1536,float16,15,steady,0.1660778522491455,0.008608000352978706,0.027835845947265625,0.007135999854654074,0.022665977478027344,0.11557602882385254,0.1287975311279297,True,local before background launch and D2H,local after ready ACK,0.1660778522491455,0.13634490966796875,0.1620020866394043
experiments/inferrelay_two_node/results/t1-125m-b-a-01,B-A,1,opt-125m,1,1,768,gpu,1536,float16,16,steady,0.17023205757141113,0.008415999822318554,0.027788162231445312,0.006976000033318996,0.026833534240722656,0.11561036109924316,0.12845849990844727,True,local before background launch and D2H,local after ready ACK,0.17023205757141113,0.13628387451171875,0.1661529541015625
experiments/inferrelay_two_node/results/t1-125m-b-a-01,B-A,1,opt-125m,1,1,768,gpu,1536,float16,17,steady,0.1645948886871338,0.00886400043964386,0.027975082397460938,0.006624000146985054,0.02221822738647461,0.11440157890319824,0.1300373077392578,True,local before background launch and D2H,local after ready ACK,0.1645948886871338,0.1378192901611328,0.16302108764648438
experiments/inferrelay_two_node/results/t1-125m-b-a-01,B-A,1,opt-125m,1,1,768,gpu,1536,float16,18,steady,0.16959023475646973,0.00886400043964386,0.027992963790893555,0.00687999976798892,0.022253990173339844,0.11934328079223633,0.13483333587646484,True,local before background launch and D2H,local after ready ACK,0.16959023475646973,0.14245843887329102,0.1676039695739746
experiments/inferrelay_two_node/results/t1-125m-b-a-01,B-A,1,opt-125m,1,1,768,gpu,1536,float16,19,steady,0.1689739227294922,0.008991999551653862,0.028922080993652344,0.00723200011998415,0.021556854248046875,0.11849498748779297,0.14006423950195312,True,local before background launch and D2H,local after ready ACK,0.1689739227294922,0.14781665802001953,0.17229366302490234
experiments/inferrelay_two_node/results/t1-125m-b-a-01,B-A,1,opt-125m,1,1,768,gpu,1536,float16,20,steady,0.16898298263549805,0.009151999838650227,0.029562950134277344,0.006976000033318996,0.023066043853759766,0.11635398864746094,0.13724517822265625,True,local before background launch and D2H,local after ready ACK,0.16898298263549805,0.14459562301635742,0.17064380645751953
experiments/inferrelay_two_node/results/t1-125m-b-a-01,B-A,1,opt-125m,1,1,768,gpu,1536,float16,21,steady,0.17435193061828613,0.009312000125646591,0.029464006423950195,0.007615999784320593,0.022558212280273438,0.1223297119140625,0.13544702529907227,True,local before background launch and D2H,local after ready ACK,0.17435193061828613,0.14345407485961914,0.16897249221801758
experiments/inferrelay_two_node/results/t1-125m-b-a-01,B-A,1,opt-125m,1,1,768,gpu,1536,float16,22,steady,0.17026782035827637,0.00979200005531311,0.029884815216064453,0.006816000211983919,0.022767066955566406,0.11761593818664551,0.13437223434448242,True,local before background launch and D2H,local after ready ACK,0.17026782035827637,0.1419682502746582,0.16777420043945312
experiments/inferrelay_two_node/results/t1-125m-b-a-01,B-A,1,opt-125m,1,1,768,gpu,1536,float16,23,steady,0.1693580150604248,0.009344000369310379,0.02962779998779297,0.007040000054985285,0.022839069366455078,0.11689114570617676,0.13410615921020508,True,local before background launch and D2H,local after ready ACK,0.1693580150604248,0.14182567596435547,0.16771793365478516
experiments/inferrelay_two_node/results/t1-125m-b-a-01,B-A,2,opt-125m,1,1,768,gpu_h2d,1536,float16,0,first_transfer,0.46225810050964355,0.016607999801635742,0.04187512397766113,0.03372799977660179,0.09098243713378906,0.32940053939819336,0.4540290832519531,True,local before background launch and D2H,local after ready ACK,0.46225810050964355,0.5118460655212402,0.6121668815612793
experiments/inferrelay_two_node/results/t1-125m-b-a-01,B-A,2,opt-125m,1,1,768,gpu_h2d,1536,float16,1,warmup,1.3429460525512695,0.06207999959588051,0.1156458854675293,0.7636160254478455,0.9085149765014648,0.3187851905822754,0.4642949104309082,True,local before background launch and D2H,local after ready ACK,1.3429460525512695,0.49611520767211914,1.4158759117126465
experiments/inferrelay_two_node/results/t1-125m-b-a-01,B-A,2,opt-125m,1,1,768,gpu_h2d,1536,float16,2,warmup,1.3902688026428223,0.12943999469280243,0.175947904586792,0.001408000010997057,0.877129077911377,0.3371918201446533,0.5025010108947754,True,local before background launch and D2H,local after ready ACK,1.3902688026428223,0.5342392921447754,1.4225826263427734
experiments/inferrelay_two_node/results/t1-125m-b-a-01,B-A,2,opt-125m,1,1,768,gpu_h2d,1536,float16,3,warmup,1.4374241828918457,0.13094399869441986,0.17632484436035156,0.001408000010997057,0.871373176574707,0.3897261619567871,0.49005556106567383,True,local before background launch and D2H,local after ready ACK,1.4374241828918457,0.5219039916992188,1.404372215270996
experiments/inferrelay_two_node/results/t1-125m-b-a-01,B-A,2,opt-125m,1,1,768,gpu_h2d,1536,float16,4,steady,1.3833000659942627,0.11168000102043152,0.1573338508605957,0.0015999999595806003,0.9225301742553711,0.3034360408782959,0.4397258758544922,True,local before background launch and D2H,local after ready ACK,1.3833000659942627,0.4709053039550781,1.4014439582824707
experiments/inferrelay_two_node/results/t1-125m-b-a-01,B-A,2,opt-125m,1,1,768,gpu_h2d,1536,float16,5,steady,1.4838621616363525,0.11827199906110764,0.1610250473022461,0.0014400000218302011,0.882957935333252,0.4398791790008545,0.5131673812866211,True,local before background launch and D2H,local after ready ACK,1.4838621616363525,0.5439949035644531,1.4368081092834473
experiments/inferrelay_two_node/results/t1-125m-b-a-01,B-A,2,opt-125m,1,1,768,gpu_h2d,1536,float16,6,steady,1.2363157272338867,0.11788800358772278,0.15911006927490234,0.0015360000543296337,0.7684173583984375,0.3087882995605469,0.46692609786987305,True,local before background launch and D2H,local after ready ACK,1.2363157272338867,0.5022182464599609,1.2864961624145508
experiments/inferrelay_two_node/results/t1-125m-b-a-01,B-A,2,opt-125m,1,1,768,gpu_h2d,1536,float16,7,steady,1.351090908050537,0.015039999969303608,0.03797626495361328,0.001408000010997057,0.8129396438598633,0.5001749992370605,0.5131101608276367,True,local before background launch and D2H,local after ready ACK,1.351090908050537,0.5444259643554688,1.3671936988830566
experiments/inferrelay_two_node/results/t1-125m-b-a-01,B-A,2,opt-125m,1,1,768,gpu_h2d,1536,float16,8,steady,1.3555717468261719,0.022752000018954277,0.14948010444641113,0.001408000010997057,0.8144121170043945,0.3916795253753662,0.5143160820007324,True,local before background launch and D2H,local after ready ACK,1.3555717468261719,0.5451860427856445,1.369493007659912
experiments/inferrelay_two_node/results/t1-125m-b-a-01,B-A,2,opt-125m,1,1,768,gpu_h2d,1536,float16,9,steady,1.3153166770935059,0.023679999634623528,0.04958677291870117,0.001408000010997057,0.9258065223693848,0.3399233818054199,0.4043002128601074,True,local before background launch and D2H,local after ready ACK,1.3153166770935059,0.43551206588745117,1.3711342811584473
experiments/inferrelay_two_node/results/t1-125m-b-a-01,B-A,2,opt-125m,1,1,768,gpu_h2d,1536,float16,10,steady,1.3854129314422607,0.022463999688625336,0.13900279998779297,0.001408000010997057,0.9243130683898926,0.3220970630645752,0.4642190933227539,True,local before background launch and D2H,local after ready ACK,1.3854129314422607,0.4989161491394043,1.4343352317810059
experiments/inferrelay_two_node/results/t1-125m-b-a-01,B-A,2,opt-125m,1,1,768,gpu_h2d,1536,float16,11,steady,1.3400893211364746,0.02505600079894066,0.04883408546447754,0.001567999948747456,0.9736104011535645,0.3176448345184326,0.3055391311645508,True,local before background launch and D2H,local after ready ACK,1.3400893211364746,0.3364424705505371,1.3195829391479492
experiments/inferrelay_two_node/results/t1-125m-b-a-01,B-A,2,opt-125m,1,1,768,gpu_h2d,1536,float16,12,steady,1.3254961967468262,0.020479999482631683,0.14127802848815918,0.0014400000218302011,0.934049129486084,0.250169038772583,0.35150718688964844,True,local before background launch and D2H,local after ready ACK,1.3254961967468262,0.37191295623779297,1.3109588623046875
experiments/inferrelay_two_node/results/t1-125m-b-a-01,B-A,2,opt-125m,1,1,768,gpu_h2d,1536,float16,13,steady,1.3457982540130615,0.02595200017094612,0.14545702934265137,0.001408000010997057,0.9184403419494629,0.28190088272094727,0.3682126998901367,True,local before background launch and D2H,local after ready ACK,1.3457982540130615,0.3989109992980957,1.3268609046936035
experiments/inferrelay_two_node/results/t1-125m-b-a-01,B-A,2,opt-125m,1,1,768,gpu_h2d,1536,float16,14,steady,1.3261339664459229,0.024639999493956566,0.14264416694641113,0.001408000010997057,0.9140100479125977,0.26947975158691406,0.3595290184020996,True,local before background launch and D2H,local after ready ACK,1.3261339664459229,0.38489532470703125,1.3085947036743164
experiments/inferrelay_two_node/results/t1-125m-b-a-01,B-A,2,opt-125m,1,1,768,gpu_h2d,1536,float16,15,steady,1.419565200805664,0.022112000733613968,0.04392600059509277,0.0014400000218302011,1.0153203010559082,0.3603188991546631,0.2892599105834961,True,local before background launch and D2H,local after ready ACK,1.419565200805664,0.3197469711303711,1.34476900100708
experiments/inferrelay_two_node/results/t1-125m-b-a-01,B-A,2,opt-125m,1,1,768,gpu_h2d,1536,float16,16,steady,1.311713695526123,0.023360000923275948,0.047100067138671875,0.001408000010997057,0.996436595916748,0.2681770324707031,0.2520155906677246,True,local before background launch and D2H,local after ready ACK,1.311713695526123,0.2823481559753418,1.2883319854736328
experiments/inferrelay_two_node/results/t1-125m-b-a-01,B-A,2,opt-125m,1,1,768,gpu_h2d,1536,float16,17,steady,1.263167142868042,0.018688000738620758,0.04479408264160156,0.001408000010997057,0.9971761703491211,0.22119688987731934,0.24984407424926758,True,local before background launch and D2H,local after ready ACK,1.263167142868042,0.28072261810302734,1.287306308746338
experiments/inferrelay_two_node/results/t1-125m-b-a-01,B-A,2,opt-125m,1,1,768,gpu_h2d,1536,float16,18,steady,1.3950259685516357,0.021695999428629875,0.08499383926391602,0.001408000010997057,1.0825886726379395,0.22744345664978027,0.2340068817138672,True,local before background launch and D2H,local after ready ACK,1.3950259685516357,0.2642946243286133,1.3566107749938965
experiments/inferrelay_two_node/results/t1-125m-b-a-01,B-A,2,opt-125m,1,1,768,gpu_h2d,1536,float16,19,steady,1.3850698471069336,0.010239999741315842,0.0376591682434082,0.0014400000218302011,1.1252288818359375,0.2221817970275879,0.18448591232299805,True,local before background launch and D2H,local after ready ACK,1.3850698471069336,0.20979738235473633,1.3448834419250488
experiments/inferrelay_two_node/results/t1-125m-b-a-01,B-A,2,opt-125m,1,1,768,gpu_h2d,1536,float16,20,steady,1.305962085723877,0.018848000094294548,0.0373530387878418,0.0014400000218302011,1.0797266960144043,0.18888235092163086,0.17300081253051758,True,local before background launch and D2H,local after ready ACK,1.305962085723877,0.19791650772094727,1.2873291969299316
experiments/inferrelay_two_node/results/t1-125m-b-a-01,B-A,2,opt-125m,1,1,768,gpu_h2d,1536,float16,21,steady,1.3068792819976807,0.017152000218629837,0.03481721878051758,0.001408000010997057,1.0833520889282227,0.18870997428894043,0.1665940284729004,True,local before background launch and D2H,local after ready ACK,1.3068792819976807,0.19703102111816406,1.290132999420166
experiments/inferrelay_two_node/results/t1-125m-b-a-01,B-A,2,opt-125m,1,1,768,gpu_h2d,1536,float16,22,steady,1.2711107730865479,0.00902399979531765,0.03593301773071289,0.001567999948747456,1.1081690788269043,0.12700867652893066,0.12388086318969727,True,local before background launch and D2H,local after ready ACK,1.2711107730865479,0.14880847930908203,1.262082576751709
experiments/inferrelay_two_node/results/t1-125m-b-a-01,B-A,2,opt-125m,1,1,768,gpu_h2d,1536,float16,23,steady,0.33673691749572754,0.009535999968647957,0.0357210636138916,0.002015999983996153,0.09112787246704102,0.20988798141479492,0.18799591064453125,True,local before background launch and D2H,local after ready ACK,0.33673691749572754,0.21993255615234375,0.3202672004699707
experiments/inferrelay_two_node/results/t1-125m-b-a-01,B-A,3,opt-125m,1,1,768,gpu_compute,1536,float16,0,first_transfer,0.5129938125610352,0.017535999417304993,0.044912099838256836,0.023584000766277313,0.07645320892333984,0.3916285037994385,0.4432101249694824,True,local before background launch and D2H,local after ready ACK,0.5129938125610352,0.4975309371948242,0.5832619667053223
experiments/inferrelay_two_node/results/t1-125m-b-a-01,B-A,3,opt-125m,1,1,768,gpu_compute,1536,float16,1,warmup,0.45351409912109375,0.0197759997099638,0.0999453067779541,0.01990400068461895,0.06695747375488281,0.28661131858825684,0.4073348045349121,True,local before background launch and D2H,local after ready ACK,0.45351409912109375,0.4447026252746582,0.5294923782348633
experiments/inferrelay_two_node/results/t1-125m-b-a-01,B-A,3,opt-125m,1,1,768,gpu_compute,1536,float16,2,warmup,0.35428810119628906,0.009440000168979168,0.0276339054107666,0.06595200300216675,0.11219406127929688,0.21446013450622559,0.15012693405151367,True,local before background launch and D2H,local after ready ACK,0.35428810119628906,0.18398141860961914,0.30779266357421875
experiments/inferrelay_two_node/results/t1-125m-b-a-01,B-A,3,opt-125m,1,1,768,gpu_compute,1536,float16,3,warmup,0.3179619312286377,0.007648000027984381,0.024593830108642578,0.03500799834728241,0.1057729721069336,0.18759512901306152,0.13180780410766602,True,local before background launch and D2H,local after ready ACK,0.3179619312286377,0.15051984786987305,0.2748236656188965
experiments/inferrelay_two_node/results/t1-125m-b-a-01,B-A,3,opt-125m,1,1,768,gpu_compute,1536,float16,4,steady,0.2653181552886963,0.006783999968320131,0.02312493324279785,0.025631999596953392,0.08827400207519531,0.15391921997070312,0.10708904266357422,True,local before background launch and D2H,local after ready ACK,0.2653181552886963,0.14164400100708008,0.24461984634399414
experiments/inferrelay_two_node/results/t1-125m-b-a-01,B-A,3,opt-125m,1,1,768,gpu_compute,1536,float16,5,steady,0.344667911529541,0.04041599854826927,0.06512594223022461,0.03385600075125694,0.11627912521362305,0.16326284408569336,0.14947032928466797,True,local before background launch and D2H,local after ready ACK,0.344667911529541,0.1822071075439453,0.31788206100463867
experiments/inferrelay_two_node/results/t1-125m-b-a-01,B-A,3,opt-125m,1,1,768,gpu_compute,1536,float16,6,steady,0.3311288356781006,0.0360959991812706,0.055513620376586914,0.032735999673604965,0.11849737167358398,0.1571178436279297,0.14036321640014648,True,local before background launch and D2H,local after ready ACK,0.3311288356781006,0.1719493865966797,0.31110095977783203
experiments/inferrelay_two_node/results/t1-125m-b-a-01,B-A,3,opt-125m,1,1,768,gpu_compute,1536,float16,7,steady,0.329693078994751,0.03683200106024742,0.05613589286804199,0.0344959981739521,0.11638402938842773,0.15717315673828125,0.14421892166137695,True,local before background launch and D2H,local after ready ACK,0.329693078994751,0.17525577545166016,0.30974292755126953
experiments/inferrelay_two_node/results/t1-125m-b-a-01,B-A,3,opt-125m,1,1,768,gpu_compute,1536,float16,8,steady,0.3236088752746582,0.036607999354600906,0.055676937103271484,0.03311999887228012,0.11451959609985352,0.1534123420715332,0.13579177856445312,True,local before background launch and D2H,local after ready ACK,0.3236088752746582,0.1673750877380371,0.301544189453125
experiments/inferrelay_two_node/results/t1-125m-b-a-01,B-A,3,opt-125m,1,1,768,gpu_compute,1536,float16,9,steady,0.32445192337036133,0.0360959991812706,0.055673837661743164,0.05119999870657921,0.10958671569824219,0.15919137001037598,0.14993524551391602,True,local before background launch and D2H,local after ready ACK,0.32445192337036133,0.1806631088256836,0.30516862869262695
experiments/inferrelay_two_node/results/t1-125m-b-a-01,B-A,3,opt-125m,1,1,768,gpu_compute,1536,float16,10,steady,0.3366661071777344,0.03721600025892258,0.056655168533325195,0.06284800171852112,0.11952829360961914,0.16048264503479004,0.15057897567749023,True,local before background launch and D2H,local after ready ACK,0.3366661071777344,0.1810131072998047,0.3159308433532715
experiments/inferrelay_two_node/results/t1-125m-b-a-01,B-A,3,opt-125m,1,1,768,gpu_compute,1536,float16,11,steady,0.3281528949737549,0.03625600039958954,0.0555109977722168,0.03200000151991844,0.11636829376220703,0.15627360343933105,0.14250993728637695,True,local before background launch and D2H,local after ready ACK,0.3281528949737549,0.17303705215454102,0.3061866760253906
experiments/inferrelay_two_node/results/t1-125m-b-a-01,B-A,3,opt-125m,1,1,768,gpu_compute,1536,float16,12,steady,0.3409230709075928,0.03561599925160408,0.05718493461608887,0.06230400130152702,0.1280512809753418,0.1556868553161621,0.1423497200012207,True,local before background launch and D2H,local after ready ACK,0.3409230709075928,0.17320489883422852,0.31901073455810547
experiments/inferrelay_two_node/results/t1-125m-b-a-01,B-A,3,opt-125m,1,1,768,gpu_compute,1536,float16,13,steady,0.32802724838256836,0.040031999349594116,0.05992603302001953,0.03110400028526783,0.11225032806396484,0.15585088729858398,0.14412641525268555,True,local before background launch and D2H,local after ready ACK,0.32802724838256836,0.17577695846557617,0.30858802795410156
experiments/inferrelay_two_node/results/t1-125m-b-a-01,B-A,3,opt-125m,1,1,768,gpu_compute,1536,float16,14,steady,0.36570191383361816,0.03638400137424469,0.055223941802978516,0.04950400069355965,0.13083696365356445,0.1796410083770752,0.14150381088256836,True,local before background launch and D2H,local after ready ACK,0.36570191383361816,0.17223882675170898,0.3230094909667969
experiments/inferrelay_two_node/results/t1-125m-b-a-01,B-A,3,opt-125m,1,1,768,gpu_compute,1536,float16,15,steady,0.33257198333740234,0.034752000123262405,0.0530858039855957,0.0777600035071373,0.1239781379699707,0.15550804138183594,0.13840055465698242,True,local before background launch and D2H,local after ready ACK,0.33257198333740234,0.16934442520141602,0.31052112579345703
experiments/inferrelay_two_node/results/t1-125m-b-a-01,B-A,3,opt-125m,1,1,768,gpu_compute,1536,float16,16,steady,0.32724905014038086,0.0350399985909462,0.05442214012145996,0.02860799990594387,0.10796308517456055,0.16486382484436035,0.13725900650024414,True,local before background launch and D2H,local after ready ACK,0.32724905014038086,0.17105674743652344,0.2958402633666992
experiments/inferrelay_two_node/results/t1-125m-b-a-01,B-A,3,opt-125m,1,1,768,gpu_compute,1536,float16,17,steady,0.32823801040649414,0.03411199897527695,0.0528416633605957,0.06454399973154068,0.11476325988769531,0.16063308715820312,0.13901805877685547,True,local before background launch and D2H,local after ready ACK,0.32823801040649414,0.16982793807983398,0.30185794830322266
experiments/inferrelay_two_node/results/t1-125m-b-a-01,B-A,3,opt-125m,1,1,768,gpu_compute,1536,float16,18,steady,0.3550891876220703,0.03497600182890892,0.05366206169128418,0.06748799979686737,0.11665678024291992,0.1847703456878662,0.14379119873046875,True,local before background launch and D2H,local after ready ACK,0.3550891876220703,0.17480707168579102,0.30942726135253906
experiments/inferrelay_two_node/results/t1-125m-b-a-01,B-A,3,opt-125m,1,1,768,gpu_compute,1536,float16,19,steady,0.33440613746643066,0.035679999738931656,0.05500197410583496,0.03244800120592117,0.1148691177368164,0.1645350456237793,0.14060497283935547,True,local before background launch and D2H,local after ready ACK,0.33440613746643066,0.17148971557617188,0.30850887298583984
experiments/inferrelay_two_node/results/t1-125m-b-a-01,B-A,3,opt-125m,1,1,768,gpu_compute,1536,float16,20,steady,0.32360291481018066,0.03577600046992302,0.054656982421875,0.058240000158548355,0.11063957214355469,0.15830636024475098,0.14120054244995117,True,local before background launch and D2H,local after ready ACK,0.32360291481018066,0.17197275161743164,0.3000059127807617
experiments/inferrelay_two_node/results/t1-125m-b-a-01,B-A,3,opt-125m,1,1,768,gpu_compute,1536,float16,21,steady,0.33223605155944824,0.035551998764276505,0.054229021072387695,0.0695360004901886,0.11934804916381836,0.1586589813232422,0.14029836654663086,True,local before background launch and D2H,local after ready ACK,0.33223605155944824,0.1716299057006836,0.31119775772094727
experiments/inferrelay_two_node/results/t1-125m-b-a-01,B-A,3,opt-125m,1,1,768,gpu_compute,1536,float16,22,steady,0.3517639636993408,0.0342399999499321,0.0526430606842041,0.06204799935221672,0.1222834587097168,0.17683744430541992,0.1414494514465332,True,local before background launch and D2H,local after ready ACK,0.3517639636993408,0.17235374450683594,0.3129911422729492
experiments/inferrelay_two_node/results/t1-125m-b-a-01,B-A,3,opt-125m,1,1,768,gpu_compute,1536,float16,23,steady,0.32665491104125977,0.03484800085425377,0.05347704887390137,0.06358399987220764,0.11347770690917969,0.1597001552581787,0.13971519470214844,True,local before background launch and D2H,local after ready ACK,0.32665491104125977,0.17046689987182617,0.30120849609375
experiments/inferrelay_two_node/results/t1-125m-b-a-01,B-A,4,opt-125m,1,32,768,cpu,49152,float16,0,first_transfer,0.7242720127105713,0.0,0.0,0.0,0.0,0.7242720127105713,0.8612408638000488,True,local before background launch and D2H,local after ready ACK,0.7242720127105713,0.9328289031982422,0.933445930480957
experiments/inferrelay_two_node/results/t1-125m-b-a-01,B-A,4,opt-125m,1,32,768,cpu,49152,float16,1,warmup,0.29154300689697266,0.0,0.0,0.0,0.0,0.29154300689697266,0.28213024139404297,True,local before background launch and D2H,local after ready ACK,0.29154300689697266,0.30859804153442383,0.3088831901550293
experiments/inferrelay_two_node/results/t1-125m-b-a-01,B-A,4,opt-125m,1,32,768,cpu,49152,float16,2,warmup,0.29319119453430176,0.0,0.0,0.0,0.0,0.29319119453430176,0.350034236907959,True,local before background launch and D2H,local after ready ACK,0.29319119453430176,0.3607969284057617,0.3610057830810547
experiments/inferrelay_two_node/results/t1-125m-b-a-01,B-A,4,opt-125m,1,32,768,cpu,49152,float16,3,warmup,0.2796018123626709,0.0,0.0,0.0,0.0,0.2796018123626709,0.27848339080810547,True,local before background launch and D2H,local after ready ACK,0.2796018123626709,0.28816986083984375,0.2884068489074707
experiments/inferrelay_two_node/results/t1-125m-b-a-01,B-A,4,opt-125m,1,32,768,cpu,49152,float16,4,steady,0.26770806312561035,0.0,0.0,0.0,0.0,0.26770806312561035,0.2704806327819824,True,local before background launch and D2H,local after ready ACK,0.26770806312561035,0.2788224220275879,0.27904367446899414
experiments/inferrelay_two_node/results/t1-125m-b-a-01,B-A,4,opt-125m,1,32,768,cpu,49152,float16,5,steady,0.26914381980895996,0.0,0.0,0.0,0.0,0.26914381980895996,0.27080774307250977,True,local before background launch and D2H,local after ready ACK,0.26914381980895996,0.2788100242614746,0.2790241241455078
experiments/inferrelay_two_node/results/t1-125m-b-a-01,B-A,4,opt-125m,1,32,768,cpu,49152,float16,6,steady,0.27544307708740234,0.0,0.0,0.0,0.0,0.27544307708740234,0.2757420539855957,True,local before background launch and D2H,local after ready ACK,0.27544307708740234,0.2834177017211914,0.2836179733276367
experiments/inferrelay_two_node/results/t1-125m-b-a-01,B-A,4,opt-125m,1,32,768,cpu,49152,float16,7,steady,0.2673819065093994,0.0,0.0,0.0,0.0,0.2673819065093994,0.2676858901977539,True,local before background launch and D2H,local after ready ACK,0.2673819065093994,0.27551746368408203,0.27572107315063477
experiments/inferrelay_two_node/results/t1-125m-b-a-01,B-A,4,opt-125m,1,32,768,cpu,49152,float16,8,steady,0.2734391689300537,0.0,0.0,0.0,0.0,0.2734391689300537,0.26438283920288086,True,local before background launch and D2H,local after ready ACK,0.2734391689300537,0.27198219299316406,0.2722001075744629
experiments/inferrelay_two_node/results/t1-125m-b-a-01,B-A,4,opt-125m,1,32,768,cpu,49152,float16,9,steady,0.300504207611084,0.0,0.0,0.0,0.0,0.300504207611084,0.2643890380859375,True,local before background launch and D2H,local after ready ACK,0.300504207611084,0.2725648880004883,0.27276611328125
experiments/inferrelay_two_node/results/t1-125m-b-a-01,B-A,4,opt-125m,1,32,768,cpu,49152,float16,10,steady,0.2575869560241699,0.0,0.0,0.0,0.0,0.2575869560241699,0.2644658088684082,True,local before background launch and D2H,local after ready ACK,0.2575869560241699,0.27237987518310547,0.27260303497314453
experiments/inferrelay_two_node/results/t1-125m-b-a-01,B-A,4,opt-125m,1,32,768,cpu,49152,float16,11,steady,0.2832651138305664,0.0,0.0,0.0,0.0,0.2832651138305664,0.275698184967041,True,local before background launch and D2H,local after ready ACK,0.2832651138305664,0.28369140625,0.2839031219482422
experiments/inferrelay_two_node/results/t1-125m-b-a-01,B-A,4,opt-125m,1,32,768,cpu,49152,float16,12,steady,0.2883338928222656,0.0,0.0,0.0,0.0,0.2883338928222656,0.28135013580322266,True,local before background launch and D2H,local after ready ACK,0.2883338928222656,0.2889399528503418,0.28915929794311523
experiments/inferrelay_two_node/results/t1-125m-b-a-01,B-A,4,opt-125m,1,32,768,cpu,49152,float16,13,steady,0.2639801502227783,0.0,0.0,0.0,0.0,0.2639801502227783,0.26747989654541016,True,local before background launch and D2H,local after ready ACK,0.2639801502227783,0.2749142646789551,0.2751340866088867
experiments/inferrelay_two_node/results/t1-125m-b-a-01,B-A,4,opt-125m,1,32,768,cpu,49152,float16,14,steady,0.27184200286865234,0.0,0.0,0.0,0.0,0.27184200286865234,0.2629814147949219,True,local before background launch and D2H,local after ready ACK,0.27184200286865234,0.27076101303100586,0.2709369659423828
experiments/inferrelay_two_node/results/t1-125m-b-a-01,B-A,4,opt-125m,1,32,768,cpu,49152,float16,15,steady,0.2632119655609131,0.0,0.0,0.0,0.0,0.2632119655609131,0.2662782669067383,True,local before background launch and D2H,local after ready ACK,0.2632119655609131,0.2739386558532715,0.2741208076477051
experiments/inferrelay_two_node/results/t1-125m-b-a-01,B-A,4,opt-125m,1,32,768,cpu,49152,float16,16,steady,0.2745850086212158,0.0,0.0,0.0,0.0,0.2745850086212158,0.2720756530761719,True,local before background launch and D2H,local after ready ACK,0.2745850086212158,0.27980613708496094,0.2799978256225586
experiments/inferrelay_two_node/results/t1-125m-b-a-01,B-A,4,opt-125m,1,32,768,cpu,49152,float16,17,steady,0.27077293395996094,0.0,0.0,0.0,0.0,0.27077293395996094,0.2687678337097168,True,local before background launch and D2H,local after ready ACK,0.27077293395996094,0.27612829208374023,0.2763404846191406
experiments/inferrelay_two_node/results/t1-125m-b-a-01,B-A,4,opt-125m,1,32,768,cpu,49152,float16,18,steady,0.28014397621154785,0.0,0.0,0.0,0.0,0.28014397621154785,0.2740139961242676,True,local before background launch and D2H,local after ready ACK,0.28014397621154785,0.2814168930053711,0.28163909912109375
experiments/inferrelay_two_node/results/t1-125m-b-a-01,B-A,4,opt-125m,1,32,768,cpu,49152,float16,19,steady,0.27015018463134766,0.0,0.0,0.0,0.0,0.27015018463134766,0.2676711082458496,True,local before background launch and D2H,local after ready ACK,0.27015018463134766,0.27522993087768555,0.2754201889038086
experiments/inferrelay_two_node/results/t1-125m-b-a-01,B-A,4,opt-125m,1,32,768,cpu,49152,float16,20,steady,0.29938626289367676,0.0,0.0,0.0,0.0,0.29938626289367676,0.26864099502563477,True,local before background launch and D2H,local after ready ACK,0.29938626289367676,0.2760310173034668,0.2762117385864258
experiments/inferrelay_two_node/results/t1-125m-b-a-01,B-A,4,opt-125m,1,32,768,cpu,49152,float16,21,steady,0.2689230442047119,0.0,0.0,0.0,0.0,0.2689230442047119,0.2767829895019531,True,local before background launch and D2H,local after ready ACK,0.2689230442047119,0.2843289375305176,0.28459978103637695
experiments/inferrelay_two_node/results/t1-125m-b-a-01,B-A,4,opt-125m,1,32,768,cpu,49152,float16,22,steady,0.2650141716003418,0.0,0.0,0.0,0.0,0.2650141716003418,0.26323413848876953,True,local before background launch and D2H,local after ready ACK,0.2650141716003418,0.27082204818725586,0.27101898193359375
experiments/inferrelay_two_node/results/t1-125m-b-a-01,B-A,4,opt-125m,1,32,768,cpu,49152,float16,23,steady,0.29907894134521484,0.0,0.0,0.0,0.0,0.29907894134521484,0.2680068016052246,True,local before background launch and D2H,local after ready ACK,0.29907894134521484,0.27564382553100586,0.2758312225341797
experiments/inferrelay_two_node/results/t1-125m-b-a-01,B-A,5,opt-125m,1,32,768,gpu,49152,float16,0,first_transfer,0.5083699226379395,0.0161920003592968,0.04711580276489258,0.02035200037062168,0.05302286148071289,0.408231258392334,0.4159665107727051,True,local before background launch and D2H,local after ready ACK,0.5083699226379395,0.44063901901245117,0.4989790916442871
experiments/inferrelay_two_node/results/t1-125m-b-a-01,B-A,5,opt-125m,1,32,768,gpu,49152,float16,1,warmup,0.4477870464324951,0.016063999384641647,0.03840994834899902,0.010367999784648418,0.029014110565185547,0.38036298751831055,0.3939948081970215,True,local before background launch and D2H,local after ready ACK,0.4477870464324951,0.40551090240478516,0.4406900405883789
experiments/inferrelay_two_node/results/t1-125m-b-a-01,B-A,5,opt-125m,1,32,768,gpu,49152,float16,2,warmup,0.4397108554840088,0.015519999898970127,0.03815197944641113,0.00863999966531992,0.025687217712402344,0.3758716583251953,0.38938045501708984,True,local before background launch and D2H,local after ready ACK,0.4397108554840088,0.3988819122314453,0.42796850204467773
experiments/inferrelay_two_node/results/t1-125m-b-a-01,B-A,5,opt-125m,1,32,768,gpu,49152,float16,3,warmup,0.3816874027252197,0.015552000142633915,0.03698396682739258,0.008320000022649765,0.025829315185546875,0.3188741207122803,0.3367648124694824,True,local before background launch and D2H,local after ready ACK,0.3816874027252197,0.3455662727355957,0.3746218681335449
experiments/inferrelay_two_node/results/t1-125m-b-a-01,B-A,5,opt-125m,1,32,768,gpu,49152,float16,4,steady,0.3453209400177002,0.0077760000713169575,0.024341106414794922,0.0081599997356534,0.02479839324951172,0.29618144035339355,0.30509281158447266,True,local before background launch and D2H,local after ready ACK,0.3453209400177002,0.31322622299194336,0.3412351608276367
experiments/inferrelay_two_node/results/t1-125m-b-a-01,B-A,5,opt-125m,1,32,768,gpu,49152,float16,5,steady,0.33802294731140137,0.007007999811321497,0.024049043655395508,0.008352000266313553,0.024847984313964844,0.289125919342041,0.30150461196899414,True,local before background launch and D2H,local after ready ACK,0.33802294731140137,0.3094968795776367,0.3374919891357422
experiments/inferrelay_two_node/results/t1-125m-b-a-01,B-A,5,opt-125m,1,32,768,gpu,49152,float16,6,steady,0.33290791511535645,0.006688000168651342,0.021353960037231445,0.00825599953532219,0.024591922760009766,0.28696203231811523,0.2932157516479492,True,local before background launch and D2H,local after ready ACK,0.33290791511535645,0.30127811431884766,0.32898759841918945
experiments/inferrelay_two_node/results/t1-125m-b-a-01,B-A,5,opt-125m,1,32,768,gpu,49152,float16,7,steady,0.34449291229248047,0.006496000103652477,0.02157282829284668,0.0081599997356534,0.024311542510986328,0.29860854148864746,0.3047218322753906,True,local before background launch and D2H,local after ready ACK,0.34449291229248047,0.3130311965942383,0.3405113220214844
experiments/inferrelay_two_node/results/t1-125m-b-a-01,B-A,5,opt-125m,1,32,768,gpu,49152,float16,8,steady,0.3254358768463135,0.006399999838322401,0.021872997283935547,0.008128000423312187,0.024329185485839844,0.2792336940765381,0.2957801818847656,True,local before background launch and D2H,local after ready ACK,0.3254358768463135,0.30384111404418945,0.33122920989990234
experiments/inferrelay_two_node/results/t1-125m-b-a-01,B-A,5,opt-125m,1,32,768,gpu,49152,float16,9,steady,0.33306002616882324,0.006560000125318766,0.0222930908203125,0.00825599953532219,0.023872852325439453,0.2868940830230713,0.2950401306152344,True,local before background launch and D2H,local after ready ACK,0.33306002616882324,0.30281543731689453,0.3298020362854004
experiments/inferrelay_two_node/results/t1-125m-b-a-01,B-A,5,opt-125m,1,32,768,gpu,49152,float16,10,steady,0.33376502990722656,0.006783999968320131,0.02215290069580078,0.008511999621987343,0.02446269989013672,0.28714942932128906,0.2951478958129883,True,local before background launch and D2H,local after ready ACK,0.33376502990722656,0.30294132232666016,0.33058786392211914
experiments/inferrelay_two_node/results/t1-125m-b-a-01,B-A,5,opt-125m,1,32,768,gpu,49152,float16,11,steady,0.3326091766357422,0.0063680000603199005,0.022087812423706055,0.0081599997356534,0.02442789077758789,0.28609347343444824,0.2920041084289551,True,local before background launch and D2H,local after ready ACK,0.3326091766357422,0.30096435546875,0.3285403251647949
experiments/inferrelay_two_node/results/t1-125m-b-a-01,B-A,5,opt-125m,1,32,768,gpu,49152,float16,12,steady,0.3413228988647461,0.006399999838322401,0.02181410789489746,0.00848000030964613,0.02555990219116211,0.2939488887786865,0.30190038681030273,True,local before background launch and D2H,local after ready ACK,0.3413228988647461,0.31014156341552734,0.33915233612060547
experiments/inferrelay_two_node/results/t1-125m-b-a-01,B-A,5,opt-125m,1,32,768,gpu,49152,float16,13,steady,0.33502793312072754,0.006432000081986189,0.021133899688720703,0.008608000352978706,0.025238990783691406,0.28865504264831543,0.29243898391723633,True,local before background launch and D2H,local after ready ACK,0.33502793312072754,0.3011741638183594,0.3298611640930176
experiments/inferrelay_two_node/results/t1-125m-b-a-01,B-A,5,opt-125m,1,32,768,gpu,49152,float16,14,steady,0.33225083351135254,0.006432000081986189,0.021445035934448242,0.008767999708652496,0.024683475494384766,0.28612232208251953,0.2932705879211426,True,local before background launch and D2H,local after ready ACK,0.33225083351135254,0.3012552261352539,0.32914018630981445
experiments/inferrelay_two_node/results/t1-125m-b-a-01,B-A,5,opt-125m,1,32,768,gpu,49152,float16,15,steady,0.3302478790283203,0.006399999838322401,0.02107405662536621,0.0080960001796484,0.023369312286376953,0.28580451011657715,0.29389190673828125,True,local before background launch and D2H,local after ready ACK,0.3302478790283203,0.30127668380737305,0.3276848793029785
experiments/inferrelay_two_node/results/t1-125m-b-a-01,B-A,5,opt-125m,1,32,768,gpu,49152,float16,16,steady,0.33724117279052734,0.006496000103652477,0.021287918090820312,0.007935999892652035,0.030067920684814453,0.2858853340148926,0.29416799545288086,True,local before background launch and D2H,local after ready ACK,0.33724117279052734,0.3019399642944336,0.33524274826049805
experiments/inferrelay_two_node/results/t1-125m-b-a-01,B-A,5,opt-125m,1,32,768,gpu,49152,float16,17,steady,0.33324718475341797,0.006591999903321266,0.0214540958404541,0.008224000222980976,0.02379131317138672,0.28800177574157715,0.2939176559448242,True,local before background launch and D2H,local after ready ACK,0.33324718475341797,0.30176353454589844,0.32905006408691406
experiments/inferrelay_two_node/results/t1-125m-b-a-01,B-A,5,opt-125m,1,32,768,gpu,49152,float16,18,steady,0.3329958915710449,0.006496000103652477,0.021026134490966797,0.008736000396311283,0.025504589080810547,0.2864651679992676,0.2960209846496582,True,local before background launch and D2H,local after ready ACK,0.3329958915710449,0.3039255142211914,0.3342556953430176
experiments/inferrelay_two_node/results/t1-125m-b-a-01,B-A,5,opt-125m,1,32,768,gpu,49152,float16,19,steady,0.3346538543701172,0.006432000081986189,0.020962953567504883,0.008287999778985977,0.028374195098876953,0.28531670570373535,0.2962489128112793,True,local before background launch and D2H,local after ready ACK,0.3346538543701172,0.3038344383239746,0.33554792404174805
experiments/inferrelay_two_node/results/t1-125m-b-a-01,B-A,5,opt-125m,1,32,768,gpu,49152,float16,20,steady,0.3323848247528076,0.006271999794989824,0.02103114128112793,0.007903999648988247,0.024239063262939453,0.28711462020874023,0.29821014404296875,True,local before background launch and D2H,local after ready ACK,0.3323848247528076,0.30558347702026367,0.33322668075561523
experiments/inferrelay_two_node/results/t1-125m-b-a-01,B-A,5,opt-125m,1,32,768,gpu,49152,float16,21,steady,0.330963134765625,0.006624000146985054,0.02168107032775879,0.008576000109314919,0.023859024047851562,0.28542304039001465,0.29495668411254883,True,local before background launch and D2H,local after ready ACK,0.330963134765625,0.3044123649597168,0.33145570755004883
experiments/inferrelay_two_node/results/t1-125m-b-a-01,B-A,5,opt-125m,1,32,768,gpu,49152,float16,22,steady,0.33033108711242676,0.006399999838322401,0.02162480354309082,0.00825599953532219,0.023680686950683594,0.28502559661865234,0.29375600814819336,True,local before background launch and D2H,local after ready ACK,0.33033108711242676,0.30118322372436523,0.32787418365478516
experiments/inferrelay_two_node/results/t1-125m-b-a-01,B-A,5,opt-125m,1,32,768,gpu,49152,float16,23,steady,0.3316020965576172,0.006527999881654978,0.021648168563842773,0.0080960001796484,0.02342081069946289,0.2865331172943115,0.29508209228515625,True,local before background launch and D2H,local after ready ACK,0.3316020965576172,0.30209922790527344,0.32864952087402344
experiments/inferrelay_two_node/results/t1-125m-b-a-01,B-A,6,opt-125m,1,32,768,gpu_h2d,49152,float16,0,first_transfer,1.3785500526428223,0.09619200229644775,0.14014196395874023,0.6331520080566406,0.7320742607116699,0.5063338279724121,0.6049509048461914,True,local before background launch and D2H,local after ready ACK,1.3785500526428223,0.6242260932922363,1.3802976608276367
experiments/inferrelay_two_node/results/t1-125m-b-a-01,B-A,6,opt-125m,1,32,768,gpu_h2d,49152,float16,1,warmup,1.2473011016845703,0.11807999759912491,0.16274523735046387,0.005408000200986862,0.6473259925842285,0.43722987174987793,0.6282773017883301,True,local before background launch and D2H,local after ready ACK,1.2473011016845703,0.6591711044311523,1.3194479942321777
experiments/inferrelay_two_node/results/t1-125m-b-a-01,B-A,6,opt-125m,1,32,768,gpu_h2d,49152,float16,2,warmup,1.1902680397033691,0.027295999228954315,0.1395108699798584,0.005439999978989363,0.6441211700439453,0.40663599967956543,0.6018009185791016,True,local before background launch and D2H,local after ready ACK,1.1902680397033691,0.6225228309631348,1.2759613990783691
experiments/inferrelay_two_node/results/t1-125m-b-a-01,B-A,6,opt-125m,1,32,768,gpu_h2d,49152,float16,3,warmup,1.2840547561645508,0.021536000072956085,0.132889986038208,0.005216000135987997,0.7501263618469238,0.40103840827941895,0.49860429763793945,True,local before background launch and D2H,local after ready ACK,1.2840547561645508,0.5186924934387207,1.2738709449768066
experiments/inferrelay_two_node/results/t1-125m-b-a-01,B-A,6,opt-125m,1,32,768,gpu_h2d,49152,float16,4,steady,1.2879881858825684,0.02143999934196472,0.1392977237701416,0.005280000157654285,0.7413148880004883,0.4073755741119385,0.512455940246582,True,local before background launch and D2H,local after ready ACK,1.2879881858825684,0.5430426597595215,1.2937026023864746
experiments/inferrelay_two_node/results/t1-125m-b-a-01,B-A,6,opt-125m,1,32,768,gpu_h2d,49152,float16,5,steady,1.2607901096343994,0.02348800003528595,0.14023423194885254,0.005344000179320574,0.7435131072998047,0.3770427703857422,0.5016570091247559,True,local before background launch and D2H,local after ready ACK,1.2607901096343994,0.5216717720031738,1.2699861526489258
experiments/inferrelay_two_node/results/t1-125m-b-a-01,B-A,6,opt-125m,1,32,768,gpu_h2d,49152,float16,6,steady,1.2813808917999268,0.02611199952661991,0.08784294128417969,0.005311999935656786,0.8655881881713867,0.32794976234436035,0.3793363571166992,True,local before background launch and D2H,local after ready ACK,1.2813808917999268,0.39740610122680664,1.2676091194152832
experiments/inferrelay_two_node/results/t1-125m-b-a-01,B-A,6,opt-125m,1,32,768,gpu_h2d,49152,float16,7,steady,1.2823681831359863,0.022175999358296394,0.1392378807067871,0.005311999935656786,0.7458052635192871,0.3973250389099121,0.5016918182373047,True,local before background launch and D2H,local after ready ACK,1.2823681831359863,0.5189409255981445,1.2693557739257812
experiments/inferrelay_two_node/results/t1-125m-b-a-01,B-A,6,opt-125m,1,32,768,gpu_h2d,49152,float16,8,steady,1.3357539176940918,0.027712000533938408,0.09201979637145996,0.005311999935656786,0.8937606811523438,0.3499734401702881,0.4408087730407715,True,local before background launch and D2H,local after ready ACK,1.3357539176940918,0.4583568572998047,1.365671157836914
experiments/inferrelay_two_node/results/t1-125m-b-a-01,B-A,6,opt-125m,1,32,768,gpu_h2d,49152,float16,9,steady,1.2955138683319092,0.13600000739097595,0.18002009391784668,0.005311999935656786,0.6703166961669922,0.4451770782470703,0.5561637878417969,True,local before background launch and D2H,local after ready ACK,1.2955138683319092,0.5886116027832031,1.2692670822143555
experiments/inferrelay_two_node/results/t1-125m-b-a-01,B-A,6,opt-125m,1,32,768,gpu_h2d,49152,float16,10,steady,1.2260959148406982,0.0225600004196167,0.04561495780944824,0.005408000200986862,0.7806606292724609,0.39982032775878906,0.37929773330688477,True,local before background launch and D2H,local after ready ACK,1.2260959148406982,0.4121718406677246,1.2056941986083984
experiments/inferrelay_two_node/results/t1-125m-b-a-01,B-A,6,opt-125m,1,32,768,gpu_h2d,49152,float16,11,steady,1.2425529956817627,0.02627200074493885,0.049298763275146484,0.005311999935656786,0.7753968238830566,0.41785740852355957,0.3880119323730469,True,local before background launch and D2H,local after ready ACK,1.2425529956817627,0.41059303283691406,1.2068028450012207
experiments/inferrelay_two_node/results/t1-125m-b-a-01,B-A,6,opt-125m,1,32,768,gpu_h2d,49152,float16,12,steady,1.292722225189209,0.025599999353289604,0.047254085540771484,0.005311999935656786,0.8691821098327637,0.37628602981567383,0.3919186592102051,True,local before background launch and D2H,local after ready ACK,1.292722225189209,0.4098062515258789,1.2836661338806152
experiments/inferrelay_two_node/results/t1-125m-b-a-01,B-A,6,opt-125m,1,32,768,gpu_h2d,49152,float16,13,steady,1.2727100849151611,0.019007999449968338,0.0398099422454834,0.005344000179320574,0.9193124771118164,0.31358766555786133,0.32382678985595703,True,local before background launch and D2H,local after ready ACK,1.2727100849151611,0.3411273956298828,1.26487398147583
experiments/inferrelay_two_node/results/t1-125m-b-a-01,B-A,6,opt-125m,1,32,768,gpu_h2d,49152,float16,14,steady,1.2200639247894287,0.02425600029528141,0.0891120433807373,0.005344000179320574,0.795051097869873,0.33590078353881836,0.44570493698120117,True,local before background launch and D2H,local after ready ACK,1.2200639247894287,0.4630265235900879,1.2629923820495605
experiments/inferrelay_two_node/results/t1-125m-b-a-01,B-A,6,opt-125m,1,32,768,gpu_h2d,49152,float16,15,steady,1.2698030471801758,0.018688000738620758,0.038330793380737305,0.005344000179320574,0.9163017272949219,0.3151705265045166,0.32179880142211914,True,local before background launch and D2H,local after ready ACK,1.2698030471801758,0.3403048515319824,1.2611675262451172
experiments/inferrelay_two_node/results/t1-125m-b-a-01,B-A,6,opt-125m,1,32,768,gpu_h2d,49152,float16,16,steady,1.2715122699737549,0.018432000651955605,0.037075042724609375,0.005311999935656786,0.9300827980041504,0.3043544292449951,0.31199121475219727,True,local before background launch and D2H,local after ready ACK,1.2715122699737549,0.330169677734375,1.2649307250976562
experiments/inferrelay_two_node/results/t1-125m-b-a-01,B-A,6,opt-125m,1,32,768,gpu_h2d,49152,float16,17,steady,1.2654297351837158,0.009151999838650227,0.03518271446228027,0.005311999935656786,0.9294958114624023,0.3007512092590332,0.30987548828125,True,local before background launch and D2H,local after ready ACK,1.2654297351837158,0.3267383575439453,1.2607460021972656
experiments/inferrelay_two_node/results/t1-125m-b-a-01,B-A,6,opt-125m,1,32,768,gpu_h2d,49152,float16,18,steady,1.2723190784454346,0.01990400068461895,0.03839421272277832,0.005375999957323074,0.9316802024841309,0.3022446632385254,0.308351993560791,True,local before background launch and D2H,local after ready ACK,1.2723190784454346,0.3276381492614746,1.2639460563659668
experiments/inferrelay_two_node/results/t1-125m-b-a-01,B-A,6,opt-125m,1,32,768,gpu_h2d,49152,float16,19,steady,1.2680439949035645,0.008608000352978706,0.0350191593170166,0.005247999913990498,0.932403564453125,0.30062127113342285,0.3080110549926758,True,local before background launch and D2H,local after ready ACK,1.2680439949035645,0.3258061408996582,1.262826919555664
experiments/inferrelay_two_node/results/t1-125m-b-a-01,B-A,6,opt-125m,1,32,768,gpu_h2d,49152,float16,20,steady,1.2696290016174316,0.009535999968647957,0.03523683547973633,0.005280000157654285,0.937809944152832,0.2965822219848633,0.3012070655822754,True,local before background launch and D2H,local after ready ACK,1.2696290016174316,0.3195328712463379,1.2621722221374512
experiments/inferrelay_two_node/results/t1-125m-b-a-01,B-A,6,opt-125m,1,32,768,gpu_h2d,49152,float16,21,steady,1.2707462310791016,0.007199999876320362,0.02454996109008789,0.0054720002226531506,0.9387679100036621,0.30742835998535156,0.30167579650878906,True,local before background launch and D2H,local after ready ACK,1.2707462310791016,0.32106685638427734,1.2642560005187988
experiments/inferrelay_two_node/results/t1-125m-b-a-01,B-A,6,opt-125m,1,32,768,gpu_h2d,49152,float16,22,steady,1.3175990581512451,0.007071999832987785,0.03646111488342285,0.005344000179320574,0.94500732421875,0.33613061904907227,0.31361913681030273,True,local before background launch and D2H,local after ready ACK,1.3175990581512451,0.33054113388061523,1.295309066772461
experiments/inferrelay_two_node/results/t1-125m-b-a-01,B-A,6,opt-125m,1,32,768,gpu_h2d,49152,float16,23,steady,1.2516419887542725,0.007007999811321497,0.03717303276062012,0.005247999913990498,0.8889260292053223,0.3255429267883301,0.2859001159667969,True,local before background launch and D2H,local after ready ACK,1.2516419887542725,0.3257622718811035,1.232316493988037
experiments/inferrelay_two_node/results/t1-125m-b-a-01,B-A,7,opt-125m,1,32,768,gpu_compute,49152,float16,0,first_transfer,0.7742562294006348,0.019936000928282738,0.16533803939819336,0.024671999737620354,0.0695037841796875,0.5394144058227539,0.7624187469482422,True,local before background launch and D2H,local after ready ACK,0.7742562294006348,0.7951807975769043,0.8776440620422363
experiments/inferrelay_two_node/results/t1-125m-b-a-01,B-A,7,opt-125m,1,32,768,gpu_compute,49152,float16,1,warmup,0.6469769477844238,0.015776000916957855,0.03811502456665039,0.013376000337302685,0.03922080993652344,0.56964111328125,0.49782752990722656,True,local before background launch and D2H,local after ready ACK,0.6469769477844238,0.5153388977050781,0.5634722709655762
experiments/inferrelay_two_node/results/t1-125m-b-a-01,B-A,7,opt-125m,1,32,768,gpu_compute,49152,float16,2,warmup,0.456834077835083,0.01587199978530407,0.03795886039733887,0.012768000364303589,0.03520822525024414,0.3836669921875,0.3903837203979492,True,local before background launch and D2H,local after ready ACK,0.456834077835083,0.4047207832336426,0.44470977783203125
experiments/inferrelay_two_node/results/t1-125m-b-a-01,B-A,7,opt-125m,1,32,768,gpu_compute,49152,float16,3,warmup,0.36913299560546875,0.008576000109314919,0.024890899658203125,0.013887999579310417,0.03761005401611328,0.30663204193115234,0.29793787002563477,True,local before background launch and D2H,local after ready ACK,0.36913299560546875,0.3129243850708008,0.35521507263183594
experiments/inferrelay_two_node/results/t1-125m-b-a-01,B-A,7,opt-125m,1,32,768,gpu_compute,49152,float16,4,steady,0.3711509704589844,0.007712000049650669,0.024308204650878906,0.012415999546647072,0.033820152282714844,0.3130226135253906,0.30327320098876953,True,local before background launch and D2H,local after ready ACK,0.3711509704589844,0.3171811103820801,0.35570716857910156
experiments/inferrelay_two_node/results/t1-125m-b-a-01,B-A,7,opt-125m,1,32,768,gpu_compute,49152,float16,5,steady,0.36483287811279297,0.00723200011998415,0.02276015281677246,0.01065600011497736,0.030524730682373047,0.31154799461364746,0.29442739486694336,True,local before background launch and D2H,local after ready ACK,0.36483287811279297,0.30847978591918945,0.34337329864501953
experiments/inferrelay_two_node/results/t1-125m-b-a-01,B-A,7,opt-125m,1,32,768,gpu_compute,49152,float16,6,steady,0.36879777908325195,0.006912000011652708,0.022031068801879883,0.010400000028312206,0.034902095794677734,0.31186461448669434,0.29230499267578125,True,local before background launch and D2H,local after ready ACK,0.36879777908325195,0.3059530258178711,0.34815073013305664
experiments/inferrelay_two_node/results/t1-125m-b-a-01,B-A,7,opt-125m,1,32,768,gpu_compute,49152,float16,7,steady,0.37811875343322754,0.006271999794989824,0.022114038467407227,0.011648000217974186,0.03278923034667969,0.3232154846191406,0.29401111602783203,True,local before background launch and D2H,local after ready ACK,0.37811875343322754,0.3075261116027832,0.34474849700927734
experiments/inferrelay_two_node/results/t1-125m-b-a-01,B-A,7,opt-125m,1,32,768,gpu_compute,49152,float16,8,steady,0.3893411159515381,0.007360000163316727,0.02373218536376953,0.010591999627649784,0.03881549835205078,0.3267934322357178,0.29867029190063477,True,local before background launch and D2H,local after ready ACK,0.3893411159515381,0.3123459815979004,0.35611486434936523
experiments/inferrelay_two_node/results/t1-125m-b-a-01,B-A,7,opt-125m,1,32,768,gpu_compute,49152,float16,9,steady,0.4463999271392822,0.04543999955058098,0.06731510162353516,0.015072000212967396,0.03763723373413086,0.3414475917816162,0.3757929801940918,True,local before background launch and D2H,local after ready ACK,0.4463999271392822,0.3890666961669922,0.4365096092224121
experiments/inferrelay_two_node/results/t1-125m-b-a-01,B-A,7,opt-125m,1,32,768,gpu_compute,49152,float16,10,steady,0.4320247173309326,0.047359999269247055,0.07214999198913574,0.011487999930977821,0.037867069244384766,0.3220076560974121,0.37056732177734375,True,local before background launch and D2H,local after ready ACK,0.4320247173309326,0.38389062881469727,0.42615699768066406
experiments/inferrelay_two_node/results/t1-125m-b-a-01,B-A,7,opt-125m,1,32,768,gpu_compute,49152,float16,11,steady,0.4238321781158447,0.04956800118088722,0.07813405990600586,0.010239999741315842,0.033421993255615234,0.31227612495422363,0.36514711380004883,True,local before background launch and D2H,local after ready ACK,0.4238321781158447,0.3782353401184082,0.4158744812011719
experiments/inferrelay_two_node/results/t1-125m-b-a-01,B-A,7,opt-125m,1,32,768,gpu_compute,49152,float16,12,steady,0.4381289482116699,0.04912000149488449,0.0764312744140625,0.011680000461637974,0.035056114196777344,0.3266415596008301,0.3845958709716797,True,local before background launch and D2H,local after ready ACK,0.4381289482116699,0.39826107025146484,0.4374547004699707
experiments/inferrelay_two_node/results/t1-125m-b-a-01,B-A,7,opt-125m,1,32,768,gpu_compute,49152,float16,13,steady,0.441784143447876,0.052032001316547394,0.07922077178955078,0.011744000017642975,0.03527641296386719,0.327286958694458,0.3774118423461914,True,local before background launch and D2H,local after ready ACK,0.441784143447876,0.39087677001953125,0.4303779602050781
experiments/inferrelay_two_node/results/t1-125m-b-a-01,B-A,7,opt-125m,1,32,768,gpu_compute,49152,float16,14,steady,0.4494142532348633,0.058079998940229416,0.08721804618835449,0.014655999839305878,0.03479623794555664,0.32739996910095215,0.38601160049438477,True,local before background launch and D2H,local after ready ACK,0.4494142532348633,0.3993344306945801,0.44066619873046875
experiments/inferrelay_two_node/results/t1-125m-b-a-01,B-A,7,opt-125m,1,32,768,gpu_compute,49152,float16,15,steady,0.45583081245422363,0.06067200005054474,0.0932471752166748,0.010143999941647053,0.03069925308227539,0.33188438415527344,0.3976740837097168,True,local before background launch and D2H,local after ready ACK,0.45583081245422363,0.4111628532409668,0.4465341567993164
experiments/inferrelay_two_node/results/t1-125m-b-a-01,B-A,7,opt-125m,1,32,768,gpu_compute,49152,float16,16,steady,0.4624919891357422,0.06080000102519989,0.09236907958984375,0.013439999893307686,0.0334320068359375,0.33669090270996094,0.39244508743286133,True,local before background launch and D2H,local after ready ACK,0.4624919891357422,0.40541934967041016,0.4434661865234375
experiments/inferrelay_two_node/results/t1-125m-b-a-01,B-A,7,opt-125m,1,32,768,gpu_compute,49152,float16,17,steady,0.47412991523742676,0.0642239972949028,0.0979912281036377,0.013728000223636627,0.03750181198120117,0.3386368751525879,0.40844202041625977,True,local before background launch and D2H,local after ready ACK,0.47412991523742676,0.4217090606689453,0.4642515182495117
experiments/inferrelay_two_node/results/t1-125m-b-a-01,B-A,7,opt-125m,1,32,768,gpu_compute,49152,float16,18,steady,0.472491979598999,0.0679360032081604,0.10301995277404785,0.012415999546647072,0.03374624252319336,0.3357257843017578,0.4131145477294922,True,local before background launch and D2H,local after ready ACK,0.472491979598999,0.426271915435791,0.46456098556518555
experiments/inferrelay_two_node/results/t1-125m-b-a-01,B-A,7,opt-125m,1,32,768,gpu_compute,49152,float16,19,steady,0.47502994537353516,0.0658240020275116,0.10154390335083008,0.011839999817311764,0.03660297393798828,0.3368830680847168,0.4205589294433594,True,local before background launch and D2H,local after ready ACK,0.47502994537353516,0.43390703201293945,0.4747610092163086
experiments/inferrelay_two_node/results/t1-125m-b-a-01,B-A,7,opt-125m,1,32,768,gpu_compute,49152,float16,20,steady,0.5172231197357178,0.06483200192451477,0.0986638069152832,0.010591999627649784,0.03190898895263672,0.38665032386779785,0.4003276824951172,True,local before background launch and D2H,local after ready ACK,0.5172231197357178,0.4135580062866211,0.4533519744873047
experiments/inferrelay_two_node/results/t1-125m-b-a-01,B-A,7,opt-125m,1,32,768,gpu_compute,49152,float16,21,steady,0.46467065811157227,0.063680000603199,0.09693193435668945,0.011071999557316303,0.03457498550415039,0.3331637382507324,0.4033370018005371,True,local before background launch and D2H,local after ready ACK,0.46467065811157227,0.41614866256713867,0.4548826217651367
experiments/inferrelay_two_node/results/t1-125m-b-a-01,B-A,7,opt-125m,1,32,768,gpu_compute,49152,float16,22,steady,0.45049524307250977,0.05817599967122078,0.08843708038330078,0.01017600018531084,0.030406475067138672,0.3316516876220703,0.3965921401977539,True,local before background launch and D2H,local after ready ACK,0.45049524307250977,0.4093508720397949,0.44405174255371094
experiments/inferrelay_two_node/results/t1-125m-b-a-01,B-A,7,opt-125m,1,32,768,gpu_compute,49152,float16,23,steady,0.4506568908691406,0.057151999324560165,0.08642911911010742,0.011711999773979187,0.031902313232421875,0.33232545852661133,0.38853883743286133,True,local before background launch and D2H,local after ready ACK,0.4506568908691406,0.4016718864440918,0.44120311737060547
experiments/inferrelay_two_node/results/t1-125m-b-a-01,B-A,8,opt-125m,1,128,768,cpu,196608,float16,0,first_transfer,0.9047048091888428,0.0,0.0,0.0,0.0,0.9047048091888428,0.8141508102416992,True,local before background launch and D2H,local after ready ACK,0.9047048091888428,0.8675041198730469,0.8683552742004395
experiments/inferrelay_two_node/results/t1-125m-b-a-01,B-A,8,opt-125m,1,128,768,cpu,196608,float16,1,warmup,0.8337380886077881,0.0,0.0,0.0,0.0,0.8337380886077881,0.805537223815918,True,local before background launch and D2H,local after ready ACK,0.8337380886077881,0.8582425117492676,0.8617329597473145
experiments/inferrelay_two_node/results/t1-125m-b-a-01,B-A,8,opt-125m,1,128,768,cpu,196608,float16,2,warmup,0.8570210933685303,0.0,0.0,0.0,0.0,0.8570210933685303,0.7443819046020508,True,local before background launch and D2H,local after ready ACK,0.8570210933685303,0.7978277206420898,0.7983436584472656
experiments/inferrelay_two_node/results/t1-125m-b-a-01,B-A,8,opt-125m,1,128,768,cpu,196608,float16,3,warmup,0.8628180027008057,0.0,0.0,0.0,0.0,0.8628180027008057,0.8115067481994629,True,local before background launch and D2H,local after ready ACK,0.8628180027008057,0.8382024765014648,0.8387928009033203
experiments/inferrelay_two_node/results/t1-125m-b-a-01,B-A,8,opt-125m,1,128,768,cpu,196608,float16,4,steady,0.8450381755828857,0.0,0.0,0.0,0.0,0.8450381755828857,0.794743537902832,True,local before background launch and D2H,local after ready ACK,0.8450381755828857,0.8208780288696289,0.821375846862793
experiments/inferrelay_two_node/results/t1-125m-b-a-01,B-A,8,opt-125m,1,128,768,cpu,196608,float16,5,steady,0.8260200023651123,0.0,0.0,0.0,0.0,0.8260200023651123,0.7877960205078125,True,local before background launch and D2H,local after ready ACK,0.8260200023651123,0.8123440742492676,0.8128070831298828
experiments/inferrelay_two_node/results/t1-125m-b-a-01,B-A,8,opt-125m,1,128,768,cpu,196608,float16,6,steady,0.8694448471069336,0.0,0.0,0.0,0.0,0.8694448471069336,0.8206872940063477,True,local before background launch and D2H,local after ready ACK,0.8694448471069336,0.8448905944824219,0.8454952239990234
experiments/inferrelay_two_node/results/t1-125m-b-a-01,B-A,8,opt-125m,1,128,768,cpu,196608,float16,7,steady,0.8024208545684814,0.0,0.0,0.0,0.0,0.8024208545684814,0.7770719528198242,True,local before background launch and D2H,local after ready ACK,0.8024208545684814,0.8056836128234863,0.8060364723205566
experiments/inferrelay_two_node/results/t1-125m-b-a-01,B-A,8,opt-125m,1,128,768,cpu,196608,float16,8,steady,0.8939859867095947,0.0,0.0,0.0,0.0,0.8939859867095947,0.7999539375305176,True,local before background launch and D2H,local after ready ACK,0.8939859867095947,0.8097872734069824,0.8100161552429199
experiments/inferrelay_two_node/results/t1-125m-b-a-01,B-A,8,opt-125m,1,128,768,cpu,196608,float16,9,steady,0.8033208847045898,0.0,0.0,0.0,0.0,0.8033208847045898,0.8033370971679688,True,local before background launch and D2H,local after ready ACK,0.8033208847045898,0.8114490509033203,0.8116483688354492
experiments/inferrelay_two_node/results/t1-125m-b-a-01,B-A,8,opt-125m,1,128,768,cpu,196608,float16,10,steady,0.8073430061340332,0.0,0.0,0.0,0.0,0.8073430061340332,0.8027515411376953,True,local before background launch and D2H,local after ready ACK,0.8073430061340332,0.8104476928710938,0.8106460571289062
experiments/inferrelay_two_node/results/t1-125m-b-a-01,B-A,8,opt-125m,1,128,768,cpu,196608,float16,11,steady,0.8017539978027344,0.0,0.0,0.0,0.0,0.8017539978027344,0.805875301361084,True,local before background launch and D2H,local after ready ACK,0.8017539978027344,0.8134875297546387,0.8136897087097168
experiments/inferrelay_two_node/results/t1-125m-b-a-01,B-A,8,opt-125m,1,128,768,cpu,196608,float16,12,steady,0.8063061237335205,0.0,0.0,0.0,0.0,0.8063061237335205,0.8016939163208008,True,local before background launch and D2H,local after ready ACK,0.8063061237335205,0.8095283508300781,0.8097109794616699
experiments/inferrelay_two_node/results/t1-125m-b-a-01,B-A,8,opt-125m,1,128,768,cpu,196608,float16,13,steady,0.801842212677002,0.0,0.0,0.0,0.0,0.801842212677002,0.8040876388549805,True,local before background launch and D2H,local after ready ACK,0.801842212677002,0.8118867874145508,0.8121771812438965
experiments/inferrelay_two_node/results/t1-125m-b-a-01,B-A,8,opt-125m,1,128,768,cpu,196608,float16,14,steady,0.8003582954406738,0.0,0.0,0.0,0.0,0.8003582954406738,0.8059630393981934,True,local before background launch and D2H,local after ready ACK,0.8003582954406738,0.8144125938415527,0.8145918846130371
experiments/inferrelay_two_node/results/t1-125m-b-a-01,B-A,8,opt-125m,1,128,768,cpu,196608,float16,15,steady,0.8078279495239258,0.0,0.0,0.0,0.0,0.8078279495239258,0.8024730682373047,True,local before background launch and D2H,local after ready ACK,0.8078279495239258,0.8103203773498535,0.8105282783508301
experiments/inferrelay_two_node/results/t1-125m-b-a-01,B-A,8,opt-125m,1,128,768,cpu,196608,float16,16,steady,0.8029029369354248,0.0,0.0,0.0,0.0,0.8029029369354248,0.8023419380187988,True,local before background launch and D2H,local after ready ACK,0.8029029369354248,0.8106098175048828,0.8107762336730957
experiments/inferrelay_two_node/results/t1-125m-b-a-01,B-A,8,opt-125m,1,128,768,cpu,196608,float16,17,steady,0.8051939010620117,0.0,0.0,0.0,0.0,0.8051939010620117,0.8051919937133789,True,local before background launch and D2H,local after ready ACK,0.8051939010620117,0.812955379486084,0.8131251335144043
experiments/inferrelay_two_node/results/t1-125m-b-a-01,B-A,8,opt-125m,1,128,768,cpu,196608,float16,18,steady,0.8008022308349609,0.0,0.0,0.0,0.0,0.8008022308349609,0.8066859245300293,True,local before background launch and D2H,local after ready ACK,0.8008022308349609,0.8144679069519043,0.8147258758544922
experiments/inferrelay_two_node/results/t1-125m-b-a-01,B-A,8,opt-125m,1,128,768,cpu,196608,float16,19,steady,0.8010709285736084,0.0,0.0,0.0,0.0,0.8010709285736084,0.7999005317687988,True,local before background launch and D2H,local after ready ACK,0.8010709285736084,0.8088603019714355,0.8090753555297852
experiments/inferrelay_two_node/results/t1-125m-b-a-01,B-A,8,opt-125m,1,128,768,cpu,196608,float16,20,steady,0.8059380054473877,0.0,0.0,0.0,0.0,0.8059380054473877,0.8037323951721191,True,local before background launch and D2H,local after ready ACK,0.8059380054473877,0.8139028549194336,0.8141703605651855
experiments/inferrelay_two_node/results/t1-125m-b-a-01,B-A,8,opt-125m,1,128,768,cpu,196608,float16,21,steady,0.816565990447998,0.0,0.0,0.0,0.0,0.816565990447998,0.8086729049682617,True,local before background launch and D2H,local after ready ACK,0.816565990447998,0.819087028503418,0.8193221092224121
experiments/inferrelay_two_node/results/t1-125m-b-a-01,B-A,8,opt-125m,1,128,768,cpu,196608,float16,22,steady,0.8228461742401123,0.0,0.0,0.0,0.0,0.8228461742401123,0.8139243125915527,True,local before background launch and D2H,local after ready ACK,0.8228461742401123,0.8241157531738281,0.8243374824523926
experiments/inferrelay_two_node/results/t1-125m-b-a-01,B-A,8,opt-125m,1,128,768,cpu,196608,float16,23,steady,0.826988935470581,0.0,0.0,0.0,0.0,0.826988935470581,0.8221163749694824,True,local before background launch and D2H,local after ready ACK,0.826988935470581,0.8324823379516602,0.8327369689941406
experiments/inferrelay_two_node/results/t1-125m-b-a-01,B-A,9,opt-125m,1,128,768,gpu,196608,float16,0,first_transfer,1.0391058921813965,0.015072000212967396,0.048753976821899414,0.028575999662280083,0.0733036994934082,0.9170482158660889,0.9183669090270996,True,local before background launch and D2H,local after ready ACK,1.0391058921813965,0.9502382278442383,1.0317254066467285
experiments/inferrelay_two_node/results/t1-125m-b-a-01,B-A,9,opt-125m,1,128,768,gpu,196608,float16,1,warmup,0.8968510627746582,0.017632000148296356,0.038919925689697266,0.01881599985063076,0.039330482482910156,0.8186006546020508,0.8343992233276367,True,local before background launch and D2H,local after ready ACK,0.8968510627746582,0.8460965156555176,0.8890705108642578
experiments/inferrelay_two_node/results/t1-125m-b-a-01,B-A,9,opt-125m,1,128,768,gpu,196608,float16,2,warmup,0.9670050144195557,0.011455999687314034,0.028090953826904297,0.03728000074625015,0.10459089279174805,0.8343231678009033,0.8124918937683105,True,local before background launch and D2H,local after ready ACK,0.9670050144195557,0.8249201774597168,0.9441289901733398
experiments/inferrelay_two_node/results/t1-125m-b-a-01,B-A,9,opt-125m,1,128,768,gpu,196608,float16,3,warmup,0.9092662334442139,0.010080000385642052,0.025671958923339844,0.02739199995994568,0.06762838363647461,0.8159658908843994,0.7865352630615234,True,local before background launch and D2H,local after ready ACK,0.9092662334442139,0.812720775604248,0.8927044868469238
experiments/inferrelay_two_node/results/t1-125m-b-a-01,B-A,9,opt-125m,1,128,768,gpu,196608,float16,4,steady,0.903026819229126,0.009759999811649323,0.02485203742980957,0.027008000761270523,0.06589603424072266,0.8122787475585938,0.7852640151977539,True,local before background launch and D2H,local after ready ACK,0.903026819229126,0.8096466064453125,0.8871746063232422
experiments/inferrelay_two_node/results/t1-125m-b-a-01,B-A,9,opt-125m,1,128,768,gpu,196608,float16,5,steady,0.9042799472808838,0.009440000168979168,0.02521800994873047,0.02691200003027916,0.06611824035644531,0.812943696975708,0.7863926887512207,True,local before background launch and D2H,local after ready ACK,0.9042799472808838,0.8112516403198242,0.8890261650085449
experiments/inferrelay_two_node/results/t1-125m-b-a-01,B-A,9,opt-125m,1,128,768,gpu,196608,float16,6,steady,0.866337776184082,0.009472000412642956,0.024772167205810547,0.025631999596953392,0.0493006706237793,0.7922649383544922,0.7784743309020996,True,local before background launch and D2H,local after ready ACK,0.866337776184082,0.8035588264465332,0.8569426536560059
experiments/inferrelay_two_node/results/t1-125m-b-a-01,B-A,9,opt-125m,1,128,768,gpu,196608,float16,7,steady,0.8560628890991211,0.009312000125646591,0.02474188804626465,0.019840000197291374,0.0396728515625,0.7916481494903564,0.7953438758850098,True,local before background launch and D2H,local after ready ACK,0.8560628890991211,0.8057761192321777,0.8490757942199707
experiments/inferrelay_two_node/results/t1-125m-b-a-01,B-A,9,opt-125m,1,128,768,gpu,196608,float16,8,steady,0.8521509170532227,0.009855999611318111,0.024889707565307617,0.018015999346971512,0.037075042724609375,0.7901861667633057,0.7955384254455566,True,local before background launch and D2H,local after ready ACK,0.8521509170532227,0.8055200576782227,0.846158504486084
experiments/inferrelay_two_node/results/t1-125m-b-a-01,B-A,9,opt-125m,1,128,768,gpu,196608,float16,9,steady,0.8535568714141846,0.01027199998497963,0.026044845581054688,0.017823999747633934,0.035990238189697266,0.7915217876434326,0.797490119934082,True,local before background launch and D2H,local after ready ACK,0.8535568714141846,0.8063521385192871,0.8458051681518555
experiments/inferrelay_two_node/results/t1-125m-b-a-01,B-A,9,opt-125m,1,128,768,gpu,196608,float16,10,steady,0.8585939407348633,0.010239999741315842,0.027403831481933594,0.019936000928282738,0.03662729263305664,0.794562816619873,0.8035564422607422,True,local before background launch and D2H,local after ready ACK,0.8585939407348633,0.8119668960571289,0.8520188331604004
experiments/inferrelay_two_node/results/t1-125m-b-a-01,B-A,9,opt-125m,1,128,768,gpu,196608,float16,11,steady,0.8669052124023438,0.013088000006973743,0.03277587890625,0.018880000337958336,0.035723209381103516,0.7984061241149902,0.813896656036377,True,local before background launch and D2H,local after ready ACK,0.8669052124023438,0.8221392631530762,0.8613390922546387
experiments/inferrelay_two_node/results/t1-125m-b-a-01,B-A,9,opt-125m,1,128,768,gpu,196608,float16,12,steady,0.8652389049530029,0.012223999947309494,0.03128314018249512,0.017664000391960144,0.03613471984863281,0.797821044921875,0.8115420341491699,True,local before background launch and D2H,local after ready ACK,0.8652389049530029,0.8200087547302246,0.8593850135803223
experiments/inferrelay_two_node/results/t1-125m-b-a-01,B-A,9,opt-125m,1,128,768,gpu,196608,float16,13,steady,0.8747649192810059,0.011552000418305397,0.03408193588256836,0.01740800030529499,0.03559112548828125,0.8050918579101562,0.8191771507263184,True,local before background launch and D2H,local after ready ACK,0.8747649192810059,0.8275418281555176,0.8666963577270508
experiments/inferrelay_two_node/results/t1-125m-b-a-01,B-A,9,opt-125m,1,128,768,gpu,196608,float16,14,steady,0.8806350231170654,0.012256000190973282,0.03597307205200195,0.019999999552965164,0.03798484802246094,0.8066771030426025,0.8238739967346191,True,local before background launch and D2H,local after ready ACK,0.8806350231170654,0.8326067924499512,0.8739466667175293
experiments/inferrelay_two_node/results/t1-125m-b-a-01,B-A,9,opt-125m,1,128,768,gpu,196608,float16,15,steady,0.8883159160614014,0.013151999562978745,0.03672313690185547,0.017376000061631203,0.03546428680419922,0.8161284923553467,0.838810920715332,True,local before background launch and D2H,local after ready ACK,0.8883159160614014,0.8469386100769043,0.8857226371765137
experiments/inferrelay_two_node/results/t1-125m-b-a-01,B-A,9,opt-125m,1,128,768,gpu,196608,float16,16,steady,0.9041688442230225,0.012896000407636166,0.05471611022949219,0.01756799966096878,0.03542757034301758,0.8140251636505127,0.8492302894592285,True,local before background launch and D2H,local after ready ACK,0.9041688442230225,0.8582243919372559,0.8972182273864746
experiments/inferrelay_two_node/results/t1-125m-b-a-01,B-A,9,opt-125m,1,128,768,gpu,196608,float16,17,steady,0.8976860046386719,0.015584000386297703,0.04315185546875,0.018880000337958336,0.035712242126464844,0.818821907043457,0.8459339141845703,True,local before background launch and D2H,local after ready ACK,0.8976860046386719,0.8543076515197754,0.8932991027832031
experiments/inferrelay_two_node/results/t1-125m-b-a-01,B-A,9,opt-125m,1,128,768,gpu,196608,float16,18,steady,0.9029221534729004,0.01484800036996603,0.04373288154602051,0.019872000440955162,0.036432743072509766,0.8227565288543701,0.853611946105957,True,local before background launch and D2H,local after ready ACK,0.9029221534729004,0.8618893623352051,0.9018411636352539
experiments/inferrelay_two_node/results/t1-125m-b-a-01,B-A,9,opt-125m,1,128,768,gpu,196608,float16,19,steady,0.9115900993347168,0.015424000099301338,0.04687619209289551,0.01740800030529499,0.0353999137878418,0.8293139934539795,0.8573846817016602,True,local before background launch and D2H,local after ready ACK,0.9115900993347168,0.8654561042785645,0.9040699005126953
experiments/inferrelay_two_node/results/t1-125m-b-a-01,B-A,9,opt-125m,1,128,768,gpu,196608,float16,20,steady,0.9211227893829346,0.017376000061631203,0.04954791069030762,0.01724799908697605,0.03500509262084961,0.8365697860717773,0.8671622276306152,True,local before background launch and D2H,local after ready ACK,0.9211227893829346,0.8758010864257812,0.9142951965332031
experiments/inferrelay_two_node/results/t1-125m-b-a-01,B-A,9,opt-125m,1,128,768,gpu,196608,float16,21,steady,0.9346950054168701,0.019872000440955162,0.055600881576538086,0.018751999363303185,0.035936832427978516,0.8431572914123535,0.8811235427856445,True,local before background launch and D2H,local after ready ACK,0.9346950054168701,0.8894624710083008,0.928962230682373
experiments/inferrelay_two_node/results/t1-125m-b-a-01,B-A,9,opt-125m,1,128,768,gpu,196608,float16,22,steady,0.932858943939209,0.018880000337958336,0.053817033767700195,0.017823999747633934,0.0351099967956543,0.8439319133758545,0.8804001808166504,True,local before background launch and D2H,local after ready ACK,0.932858943939209,0.8883457183837891,0.9266371726989746
experiments/inferrelay_two_node/results/t1-125m-b-a-01,B-A,9,opt-125m,1,128,768,gpu,196608,float16,23,steady,0.9360949993133545,0.020287999883294106,0.05752992630004883,0.017535999417304993,0.0350337028503418,0.8435313701629639,0.8882384300231934,True,local before background launch and D2H,local after ready ACK,0.9360949993133545,0.8967347145080566,0.9350552558898926
experiments/inferrelay_two_node/results/t1-125m-b-a-01,B-A,10,opt-125m,1,128,768,gpu_h2d,196608,float16,0,first_transfer,1.4207971096038818,0.23942400515079498,0.2795751094818115,0.028416000306606293,0.11079216003417969,1.0304298400878906,1.376708984375,True,local before background launch and D2H,local after ready ACK,1.4207971096038818,1.4492144584655762,1.5773463249206543
experiments/inferrelay_two_node/results/t1-125m-b-a-01,B-A,10,opt-125m,1,128,768,gpu_h2d,196608,float16,1,warmup,1.3059279918670654,0.02860799990594387,0.08966398239135742,0.016736000776290894,0.3775615692138672,0.8387024402618408,0.8714771270751953,True,local before background launch and D2H,local after ready ACK,1.3059279918670654,0.903477668762207,1.2905688285827637
experiments/inferrelay_two_node/results/t1-125m-b-a-01,B-A,10,opt-125m,1,128,768,gpu_h2d,196608,float16,2,warmup,1.2985761165618896,0.016256000846624374,0.14658403396606445,0.01679999940097332,0.24946308135986328,0.9025290012359619,1.0073108673095703,True,local before background launch and D2H,local after ready ACK,1.2985761165618896,1.0285463333129883,1.2830395698547363
experiments/inferrelay_two_node/results/t1-125m-b-a-01,B-A,10,opt-125m,1,128,768,gpu_h2d,196608,float16,3,warmup,1.3059091567993164,0.04540799930691719,0.18883395195007324,0.016767999157309532,0.2289109230041504,0.8881642818450928,1.0441832542419434,True,local before background launch and D2H,local after ready ACK,1.3059091567993164,1.063124656677246,1.2974462509155273
experiments/inferrelay_two_node/results/t1-125m-b-a-01,B-A,10,opt-125m,1,128,768,gpu_h2d,196608,float16,4,steady,1.3377797603607178,0.05852799862623215,0.1068260669708252,0.016672000288963318,0.34169721603393555,0.889256477355957,0.9370765686035156,True,local before background launch and D2H,local after ready ACK,1.3377797603607178,0.96759033203125,1.3164987564086914
experiments/inferrelay_two_node/results/t1-125m-b-a-01,B-A,10,opt-125m,1,128,768,gpu_h2d,196608,float16,5,steady,1.3443338871002197,0.025855999439954758,0.08895301818847656,0.016704000532627106,0.3464679718017578,0.9089128971099854,0.9349303245544434,True,local before background launch and D2H,local after ready ACK,1.3443338871002197,0.9556612968444824,1.317061424255371
experiments/inferrelay_two_node/results/t1-125m-b-a-01,B-A,10,opt-125m,1,128,768,gpu_h2d,196608,float16,6,steady,1.3511638641357422,0.009472000412642956,0.14654183387756348,0.016896000131964684,0.28076744079589844,0.9238545894622803,1.0067758560180664,True,local before background launch and D2H,local after ready ACK,1.3511638641357422,1.032364845275879,1.3280301094055176
experiments/inferrelay_two_node/results/t1-125m-b-a-01,B-A,10,opt-125m,1,128,768,gpu_h2d,196608,float16,7,steady,1.3310809135437012,0.02816000021994114,0.1432192325592041,0.016767999157309532,0.2879624366760254,0.8998992443084717,1.0038065910339355,True,local before background launch and D2H,local after ready ACK,1.3310809135437012,1.0227580070495605,1.3162212371826172
experiments/inferrelay_two_node/results/t1-125m-b-a-01,B-A,10,opt-125m,1,128,768,gpu_h2d,196608,float16,8,steady,1.3075261116027832,0.02659199945628643,0.1429429054260254,0.016736000776290894,0.2725052833557129,0.8920779228210449,1.0058703422546387,True,local before background launch and D2H,local after ready ACK,1.3075261116027832,1.0237078666687012,1.301034927368164
experiments/inferrelay_two_node/results/t1-125m-b-a-01,B-A,10,opt-125m,1,128,768,gpu_h2d,196608,float16,9,steady,1.3184559345245361,0.012095999903976917,0.13825297355651855,0.016736000776290894,0.2768440246582031,0.9033589363098145,0.9965019226074219,True,local before background launch and D2H,local after ready ACK,1.3184559345245361,1.014242172241211,1.2959413528442383
experiments/inferrelay_two_node/results/t1-125m-b-a-01,B-A,10,opt-125m,1,128,768,gpu_h2d,196608,float16,10,steady,1.362900972366333,0.024831999093294144,0.08794593811035156,0.016736000776290894,0.3936195373535156,0.8813354969024658,0.8816509246826172,True,local before background launch and D2H,local after ready ACK,1.362900972366333,0.8995389938354492,1.2979698181152344
experiments/inferrelay_two_node/results/t1-125m-b-a-01,B-A,10,opt-125m,1,128,768,gpu_h2d,196608,float16,11,steady,1.2757220268249512,0.02627200074493885,0.1369471549987793,0.016704000532627106,0.2781853675842285,0.8605895042419434,0.9947061538696289,True,local before background launch and D2H,local after ready ACK,1.2757220268249512,1.0132379531860352,1.2959928512573242
experiments/inferrelay_two_node/results/t1-125m-b-a-01,B-A,10,opt-125m,1,128,768,gpu_h2d,196608,float16,12,steady,1.2367279529571533,0.028384000062942505,0.1475059986114502,0.016672000288963318,0.17755651473999023,0.9116654396057129,0.9965214729309082,True,local before background launch and D2H,local after ready ACK,1.2367279529571533,1.0290522575378418,1.2184629440307617
experiments/inferrelay_two_node/results/t1-125m-b-a-01,B-A,10,opt-125m,1,128,768,gpu_h2d,196608,float16,13,steady,1.260326862335205,0.024607999250292778,0.08551669120788574,0.016736000776290894,0.28984498977661133,0.884965181350708,0.8786454200744629,True,local before background launch and D2H,local after ready ACK,1.260326862335205,0.900658130645752,1.1956686973571777
experiments/inferrelay_two_node/results/t1-125m-b-a-01,B-A,10,opt-125m,1,128,768,gpu_h2d,196608,float16,14,steady,1.2029871940612793,0.026208000257611275,0.14080381393432617,0.016831999644637108,0.16848468780517578,0.8936986923217773,0.9978337287902832,True,local before background launch and D2H,local after ready ACK,1.2029871940612793,1.0175533294677734,1.1910319328308105
experiments/inferrelay_two_node/results/t1-125m-b-a-01,B-A,10,opt-125m,1,128,768,gpu_h2d,196608,float16,15,steady,1.3217949867248535,0.02735999971628189,0.141068696975708,0.016672000288963318,0.2822132110595703,0.8985130786895752,1.0054106712341309,True,local before background launch and D2H,local after ready ACK,1.3217949867248535,1.0243701934814453,1.311549186706543
experiments/inferrelay_two_node/results/t1-125m-b-a-01,B-A,10,opt-125m,1,128,768,gpu_h2d,196608,float16,16,steady,1.4504868984222412,0.024320000782608986,0.1391000747680664,0.016767999157309532,0.3765549659729004,0.9348318576812744,1.007112979888916,True,local before background launch and D2H,local after ready ACK,1.4504868984222412,1.0272488594055176,1.4200968742370605
experiments/inferrelay_two_node/results/t1-125m-b-a-01,B-A,10,opt-125m,1,128,768,gpu_h2d,196608,float16,17,steady,1.3886921405792236,0.02502400055527687,0.1386721134185791,0.016831999644637108,0.32153987884521484,0.9284801483154297,0.9816937446594238,True,local before background launch and D2H,local after ready ACK,1.3886921405792236,1.0293850898742676,1.3663058280944824
experiments/inferrelay_two_node/results/t1-125m-b-a-01,B-A,10,opt-125m,1,128,768,gpu_h2d,196608,float16,18,steady,1.3074951171875,0.06521599739789963,0.1106870174407959,0.016704000532627106,0.32886791229248047,0.8679401874542236,0.9461359977722168,True,local before background launch and D2H,local after ready ACK,1.3074951171875,0.9665927886962891,1.3004989624023438
experiments/inferrelay_two_node/results/t1-125m-b-a-01,B-A,10,opt-125m,1,128,768,gpu_h2d,196608,float16,19,steady,1.3256468772888184,0.024671999737620354,0.14075899124145508,0.016704000532627106,0.29105377197265625,0.893834114074707,1.0046844482421875,True,local before background launch and D2H,local after ready ACK,1.3256468772888184,1.0234160423278809,1.3193278312683105
experiments/inferrelay_two_node/results/t1-125m-b-a-01,B-A,10,opt-125m,1,128,768,gpu_h2d,196608,float16,20,steady,1.2626879215240479,0.02396799996495247,0.1528029441833496,0.016736000776290894,0.26247501373291016,0.8474099636077881,1.0117220878601074,True,local before background launch and D2H,local after ready ACK,1.2626879215240479,1.0299530029296875,1.2971439361572266
experiments/inferrelay_two_node/results/t1-125m-b-a-01,B-A,10,opt-125m,1,128,768,gpu_h2d,196608,float16,21,steady,1.2664883136749268,0.02537599951028824,0.08824992179870605,0.016767999157309532,0.30435752868652344,0.8738808631896973,0.8771848678588867,True,local before background launch and D2H,local after ready ACK,1.2664883136749268,0.8952622413635254,1.2045578956604004
experiments/inferrelay_two_node/results/t1-125m-b-a-01,B-A,10,opt-125m,1,128,768,gpu_h2d,196608,float16,22,steady,1.2072269916534424,0.021727999672293663,0.1385498046875,0.016736000776290894,0.17765331268310547,0.8910238742828369,0.9921112060546875,True,local before background launch and D2H,local after ready ACK,1.2072269916534424,1.010171890258789,1.195716381072998
experiments/inferrelay_two_node/results/t1-125m-b-a-01,B-A,10,opt-125m,1,128,768,gpu_h2d,196608,float16,23,steady,1.206031084060669,0.0261439997702837,0.14148688316345215,0.016736000776290894,0.16387319564819336,0.9006710052490234,1.003098487854004,True,local before background launch and D2H,local after ready ACK,1.206031084060669,1.021378993988037,1.1898250579833984
experiments/inferrelay_two_node/results/t1-125m-b-a-01,B-A,11,opt-125m,1,128,768,gpu_compute,196608,float16,0,first_transfer,1.1817498207092285,0.14182400703430176,0.18788814544677734,0.02921600081026554,0.06741809844970703,0.9264435768127441,1.1081018447875977,True,local before background launch and D2H,local after ready ACK,1.1817498207092285,1.1380414962768555,1.221386432647705
experiments/inferrelay_two_node/results/t1-125m-b-a-01,B-A,11,opt-125m,1,128,768,gpu_compute,196608,float16,1,warmup,1.1414589881896973,0.02703999914228916,0.163330078125,0.02067199908196926,0.04294586181640625,0.935183048248291,1.0557708740234375,True,local before background launch and D2H,local after ready ACK,1.1414589881896973,1.0723271369934082,1.1195330619812012
experiments/inferrelay_two_node/results/t1-125m-b-a-01,B-A,11,opt-125m,1,128,768,gpu_compute,196608,float16,2,warmup,0.945868968963623,0.023520000278949738,0.07768082618713379,0.019039999693632126,0.04038667678833008,0.8278014659881592,0.8783164024353027,True,local before background launch and D2H,local after ready ACK,0.945868968963623,0.8919806480407715,0.9364829063415527
experiments/inferrelay_two_node/results/t1-125m-b-a-01,B-A,11,opt-125m,1,128,768,gpu_compute,196608,float16,3,warmup,0.9061031341552734,0.03494400158524513,0.055886268615722656,0.019936000928282738,0.040360450744628906,0.8098564147949219,0.8372292518615723,True,local before background launch and D2H,local after ready ACK,0.9061031341552734,0.8522071838378906,0.8965921401977539
experiments/inferrelay_two_node/results/t1-125m-b-a-01,B-A,11,opt-125m,1,128,768,gpu_compute,196608,float16,4,steady,2.4822659492492676,0.03558399900794029,0.054913997650146484,0.02751999907195568,0.07186222076416016,2.355489730834961,2.360081195831299,True,local before background launch and D2H,local after ready ACK,2.4822659492492676,2.3726749420166016,2.4554338455200195
experiments/inferrelay_two_node/results/t1-125m-b-a-01,B-A,11,opt-125m,1,128,768,gpu_compute,196608,float16,5,steady,0.9430630207061768,0.03718400001525879,0.056825876235961914,0.031168000772595406,0.06958961486816406,0.8166475296020508,0.8090615272521973,True,local before background launch and D2H,local after ready ACK,0.9430630207061768,0.8410201072692871,0.9212203025817871
experiments/inferrelay_two_node/results/t1-125m-b-a-01,B-A,11,opt-125m,1,128,768,gpu_compute,196608,float16,6,steady,0.9343688488006592,0.033824000507593155,0.05140185356140137,0.021056000143289566,0.06858396530151367,0.8143830299377441,0.8293910026550293,True,local before background launch and D2H,local after ready ACK,0.9343688488006592,0.8474082946777344,0.9215173721313477
experiments/inferrelay_two_node/results/t1-125m-b-a-01,B-A,11,opt-125m,1,128,768,gpu_compute,196608,float16,7,steady,0.9256117343902588,0.03420799970626831,0.05330514907836914,0.02550400048494339,0.05170726776123047,0.8205993175506592,0.8406662940979004,True,local before background launch and D2H,local after ready ACK,0.9256117343902588,0.8558268547058105,0.9123988151550293
experiments/inferrelay_two_node/results/t1-125m-b-a-01,B-A,11,opt-125m,1,128,768,gpu_compute,196608,float16,8,steady,0.9158809185028076,0.0350399985909462,0.05232691764831543,0.03296000137925148,0.058553218841552734,0.8050007820129395,0.8271560668945312,True,local before background launch and D2H,local after ready ACK,0.9158809185028076,0.8415131568908691,0.9044990539550781
experiments/inferrelay_two_node/results/t1-125m-b-a-01,B-A,11,opt-125m,1,128,768,gpu_compute,196608,float16,9,steady,0.9416401386260986,0.03734400123357773,0.05656003952026367,0.019519999623298645,0.06384754180908203,0.8212325572967529,0.8328471183776855,True,local before background launch and D2H,local after ready ACK,0.9416401386260986,0.8462395668029785,0.9204802513122559
experiments/inferrelay_two_node/results/t1-125m-b-a-01,B-A,11,opt-125m,1,128,768,gpu_compute,196608,float16,10,steady,0.9179911613464355,0.03596799820661545,0.05583810806274414,0.03359999880194664,0.058498382568359375,0.803654670715332,0.8319153785705566,True,local before background launch and D2H,local after ready ACK,0.9179911613464355,0.8454360961914062,0.908379077911377
experiments/inferrelay_two_node/results/t1-125m-b-a-01,B-A,11,opt-125m,1,128,768,gpu_compute,196608,float16,11,steady,0.9228348731994629,0.03811199963092804,0.05812692642211914,0.03433600068092346,0.0595250129699707,0.805182933807373,0.8358325958251953,True,local before background launch and D2H,local after ready ACK,0.9228348731994629,0.8490390777587891,0.9130301475524902
experiments/inferrelay_two_node/results/t1-125m-b-a-01,B-A,11,opt-125m,1,128,768,gpu_compute,196608,float16,12,steady,0.9466190338134766,0.039872001856565475,0.06019783020019531,0.024159999564290047,0.07300758361816406,0.8134136199951172,0.8428521156311035,True,local before background launch and D2H,local after ready ACK,0.9466190338134766,0.8563318252563477,0.934053897857666
experiments/inferrelay_two_node/results/t1-125m-b-a-01,B-A,11,opt-125m,1,128,768,gpu_compute,196608,float16,13,steady,0.9206061363220215,0.037408001720905304,0.0567777156829834,0.03417599946260452,0.05855607986450195,0.8052723407745361,0.8339395523071289,True,local before background launch and D2H,local after ready ACK,0.9206061363220215,0.8477048873901367,0.9110560417175293
experiments/inferrelay_two_node/results/t1-125m-b-a-01,B-A,11,opt-125m,1,128,768,gpu_compute,196608,float16,14,steady,0.9246599674224854,0.037696000188589096,0.055230140686035156,0.037087999284267426,0.06256294250488281,0.8068668842315674,0.8334054946899414,True,local before background launch and D2H,local after ready ACK,0.9246599674224854,0.8470354080200195,0.9169654846191406
experiments/inferrelay_two_node/results/t1-125m-b-a-01,B-A,11,opt-125m,1,128,768,gpu_compute,196608,float16,15,steady,1.0039770603179932,0.1302720010280609,0.15661215782165527,0.02070399932563305,0.04160261154174805,0.8057622909545898,0.9291539192199707,True,local before background launch and D2H,local after ready ACK,1.0039770603179932,0.9428873062133789,0.9937572479248047
experiments/inferrelay_two_node/results/t1-125m-b-a-01,B-A,11,opt-125m,1,128,768,gpu_compute,196608,float16,16,steady,0.921018123626709,0.03500799834728241,0.05329298973083496,0.03500799834728241,0.059626102447509766,0.8080990314483643,0.8387150764465332,True,local before background launch and D2H,local after ready ACK,0.921018123626709,0.8527650833129883,0.9169206619262695
experiments/inferrelay_two_node/results/t1-125m-b-a-01,B-A,11,opt-125m,1,128,768,gpu_compute,196608,float16,17,steady,0.898068904876709,0.03471999987959862,0.0517878532409668,0.019551999866962433,0.04382181167602539,0.8024592399597168,0.8261532783508301,True,local before background launch and D2H,local after ready ACK,0.898068904876709,0.8399600982666016,0.8882060050964355
experiments/inferrelay_two_node/results/t1-125m-b-a-01,B-A,11,opt-125m,1,128,768,gpu_compute,196608,float16,18,steady,0.923583984375,0.03388800099492073,0.053112030029296875,0.034304000437259674,0.05896902084350586,0.8115029335021973,0.8300457000732422,True,local before background launch and D2H,local after ready ACK,0.923583984375,0.8440895080566406,0.9076519012451172
experiments/inferrelay_two_node/results/t1-125m-b-a-01,B-A,11,opt-125m,1,128,768,gpu_compute,196608,float16,19,steady,0.919295072555542,0.034143999218940735,0.05244898796081543,0.01945599913597107,0.06325912475585938,0.8035869598388672,0.8280777931213379,True,local before background launch and D2H,local after ready ACK,0.919295072555542,0.8423666954040527,0.9101996421813965
experiments/inferrelay_two_node/results/t1-125m-b-a-01,B-A,11,opt-125m,1,128,768,gpu_compute,196608,float16,20,steady,0.9046039581298828,0.03484800085425377,0.053236961364746094,0.019328000023961067,0.04301786422729492,0.8083491325378418,0.835120677947998,True,local before background launch and D2H,local after ready ACK,0.9046039581298828,0.848759651184082,0.8964109420776367
experiments/inferrelay_two_node/results/t1-125m-b-a-01,B-A,11,opt-125m,1,128,768,gpu_compute,196608,float16,21,steady,0.9246912002563477,0.03359999880194664,0.053133249282836914,0.01961600035429001,0.06261348724365234,0.8089444637298584,0.8294506072998047,True,local before background launch and D2H,local after ready ACK,0.9246912002563477,0.8435006141662598,0.9106926918029785
experiments/inferrelay_two_node/results/t1-125m-b-a-01,B-A,11,opt-125m,1,128,768,gpu_compute,196608,float16,22,steady,0.925062894821167,0.034015998244285583,0.05366396903991699,0.01945599913597107,0.05378293991088867,0.8176159858703613,0.8301200866699219,True,local before background launch and D2H,local after ready ACK,0.925062894821167,0.8438587188720703,0.9075407981872559
experiments/inferrelay_two_node/results/t1-125m-b-a-01,B-A,11,opt-125m,1,128,768,gpu_compute,196608,float16,23,steady,0.9279749393463135,0.035232000052928925,0.05496716499328613,0.04419200122356415,0.06515216827392578,0.8078556060791016,0.8395061492919922,True,local before background launch and D2H,local after ready ACK,0.9279749393463135,0.8532271385192871,0.9228191375732422
experiments/inferrelay_two_node/results/t1-125m-b-a-01,B-A,12,opt-125m,1,256,768,cpu,393216,float16,0,first_transfer,1.5217320919036865,0.0,0.0,0.0,0.0,1.5217320919036865,1.4921092987060547,True,local before background launch and D2H,local after ready ACK,1.5217320919036865,1.541433334350586,1.5424385070800781
experiments/inferrelay_two_node/results/t1-125m-b-a-01,B-A,12,opt-125m,1,256,768,cpu,393216,float16,1,warmup,1.477006196975708,0.0,0.0,0.0,0.0,1.477006196975708,1.389686107635498,True,local before background launch and D2H,local after ready ACK,1.477006196975708,1.4542055130004883,1.454725742340088
experiments/inferrelay_two_node/results/t1-125m-b-a-01,B-A,12,opt-125m,1,256,768,cpu,393216,float16,2,warmup,1.47495698928833,0.0,0.0,0.0,0.0,1.47495698928833,1.4237661361694336,True,local before background launch and D2H,local after ready ACK,1.47495698928833,1.4512372016906738,1.4518413543701172
experiments/inferrelay_two_node/results/t1-125m-b-a-01,B-A,12,opt-125m,1,256,768,cpu,393216,float16,3,warmup,1.4673922061920166,0.0,0.0,0.0,0.0,1.4673922061920166,1.4252800941467285,True,local before background launch and D2H,local after ready ACK,1.4673922061920166,1.4520063400268555,1.4525041580200195
experiments/inferrelay_two_node/results/t1-125m-b-a-01,B-A,12,opt-125m,1,256,768,cpu,393216,float16,4,steady,1.464806079864502,0.0,0.0,0.0,0.0,1.464806079864502,1.423691749572754,True,local before background launch and D2H,local after ready ACK,1.464806079864502,1.4491658210754395,1.4496989250183105
experiments/inferrelay_two_node/results/t1-125m-b-a-01,B-A,12,opt-125m,1,256,768,cpu,393216,float16,5,steady,1.477963924407959,0.0,0.0,0.0,0.0,1.477963924407959,1.4307680130004883,True,local before background launch and D2H,local after ready ACK,1.477963924407959,1.455458164215088,1.4559659957885742
experiments/inferrelay_two_node/results/t1-125m-b-a-01,B-A,12,opt-125m,1,256,768,cpu,393216,float16,6,steady,1.4636671543121338,0.0,0.0,0.0,0.0,1.4636671543121338,1.4233369827270508,True,local before background launch and D2H,local after ready ACK,1.4636671543121338,1.4479913711547852,1.448503017425537
experiments/inferrelay_two_node/results/t1-125m-b-a-01,B-A,12,opt-125m,1,256,768,cpu,393216,float16,7,steady,1.4659218788146973,0.0,0.0,0.0,0.0,1.4659218788146973,1.42588472366333,True,local before background launch and D2H,local after ready ACK,1.4659218788146973,1.4502196311950684,1.450685977935791
experiments/inferrelay_two_node/results/t1-125m-b-a-01,B-A,12,opt-125m,1,256,768,cpu,393216,float16,8,steady,1.4702348709106445,0.0,0.0,0.0,0.0,1.4702348709106445,1.42567777633667,True,local before background launch and D2H,local after ready ACK,1.4702348709106445,1.449432373046875,1.4499692916870117
experiments/inferrelay_two_node/results/t1-125m-b-a-01,B-A,12,opt-125m,1,256,768,cpu,393216,float16,9,steady,1.4542062282562256,0.0,0.0,0.0,0.0,1.4542062282562256,1.422544002532959,True,local before background launch and D2H,local after ready ACK,1.4542062282562256,1.4464550018310547,1.446913719177246
experiments/inferrelay_two_node/results/t1-125m-b-a-01,B-A,12,opt-125m,1,256,768,cpu,393216,float16,10,steady,1.4683730602264404,0.0,0.0,0.0,0.0,1.4683730602264404,1.4294319152832031,True,local before background launch and D2H,local after ready ACK,1.4683730602264404,1.4528141021728516,1.4532852172851562
experiments/inferrelay_two_node/results/t1-125m-b-a-01,B-A,12,opt-125m,1,256,768,cpu,393216,float16,11,steady,1.4778449535369873,0.0,0.0,0.0,0.0,1.4778449535369873,1.4295177459716797,True,local before background launch and D2H,local after ready ACK,1.4778449535369873,1.4528069496154785,1.453260898590088
experiments/inferrelay_two_node/results/t1-125m-b-a-01,B-A,12,opt-125m,1,256,768,cpu,393216,float16,12,steady,1.478355884552002,0.0,0.0,0.0,0.0,1.478355884552002,1.4387092590332031,True,local before background launch and D2H,local after ready ACK,1.478355884552002,1.4620132446289062,1.4624881744384766
experiments/inferrelay_two_node/results/t1-125m-b-a-01,B-A,12,opt-125m,1,256,768,cpu,393216,float16,13,steady,1.468822956085205,0.0,0.0,0.0,0.0,1.468822956085205,1.438915729522705,True,local before background launch and D2H,local after ready ACK,1.468822956085205,1.4622864723205566,1.4627480506896973
experiments/inferrelay_two_node/results/t1-125m-b-a-01,B-A,12,opt-125m,1,256,768,cpu,393216,float16,14,steady,1.491940975189209,0.0,0.0,0.0,0.0,1.491940975189209,1.4407577514648438,True,local before background launch and D2H,local after ready ACK,1.491940975189209,1.4647068977355957,1.46551513671875
experiments/inferrelay_two_node/results/t1-125m-b-a-01,B-A,12,opt-125m,1,256,768,cpu,393216,float16,15,steady,1.4536857604980469,0.0,0.0,0.0,0.0,1.4536857604980469,1.4236068725585938,True,local before background launch and D2H,local after ready ACK,1.4536857604980469,1.4572949409484863,1.4575605392456055
experiments/inferrelay_two_node/results/t1-125m-b-a-01,B-A,12,opt-125m,1,256,768,cpu,393216,float16,16,steady,1.4585707187652588,0.0,0.0,0.0,0.0,1.4585707187652588,1.4503207206726074,True,local before background launch and D2H,local after ready ACK,1.4585707187652588,1.4625301361083984,1.4627470970153809
experiments/inferrelay_two_node/results/t1-125m-b-a-01,B-A,12,opt-125m,1,256,768,cpu,393216,float16,17,steady,1.4836740493774414,0.0,0.0,0.0,0.0,1.4836740493774414,1.461042881011963,True,local before background launch and D2H,local after ready ACK,1.4836740493774414,1.4712705612182617,1.474456787109375
experiments/inferrelay_two_node/results/t1-125m-b-a-01,B-A,12,opt-125m,1,256,768,cpu,393216,float16,18,steady,1.478801965713501,0.0,0.0,0.0,0.0,1.478801965713501,1.4343104362487793,True,local before background launch and D2H,local after ready ACK,1.478801965713501,1.4632329940795898,1.4637165069580078
experiments/inferrelay_two_node/results/t1-125m-b-a-01,B-A,12,opt-125m,1,256,768,cpu,393216,float16,19,steady,1.4732251167297363,0.0,0.0,0.0,0.0,1.4732251167297363,1.4268240928649902,True,local before background launch and D2H,local after ready ACK,1.4732251167297363,1.45064115524292,1.451192855834961
experiments/inferrelay_two_node/results/t1-125m-b-a-01,B-A,12,opt-125m,1,256,768,cpu,393216,float16,20,steady,1.4683136940002441,0.0,0.0,0.0,0.0,1.4683136940002441,1.431128978729248,True,local before background launch and D2H,local after ready ACK,1.4683136940002441,1.454786777496338,1.4552769660949707
experiments/inferrelay_two_node/results/t1-125m-b-a-01,B-A,12,opt-125m,1,256,768,cpu,393216,float16,21,steady,1.4801051616668701,0.0,0.0,0.0,0.0,1.4801051616668701,1.4357085227966309,True,local before background launch and D2H,local after ready ACK,1.4801051616668701,1.4591765403747559,1.4596781730651855
experiments/inferrelay_two_node/results/t1-125m-b-a-01,B-A,12,opt-125m,1,256,768,cpu,393216,float16,22,steady,1.471980094909668,0.0,0.0,0.0,0.0,1.471980094909668,1.4327383041381836,True,local before background launch and D2H,local after ready ACK,1.471980094909668,1.4559893608093262,1.456465244293213
experiments/inferrelay_two_node/results/t1-125m-b-a-01,B-A,12,opt-125m,1,256,768,cpu,393216,float16,23,steady,1.4785130023956299,0.0,0.0,0.0,0.0,1.4785130023956299,1.4337997436523438,True,local before background launch and D2H,local after ready ACK,1.4785130023956299,1.4569916725158691,1.4574518203735352
experiments/inferrelay_two_node/results/t1-125m-b-a-01,B-A,13,opt-125m,1,256,768,gpu,393216,float16,0,first_transfer,1.7504119873046875,0.023744000121951103,0.05574989318847656,0.04447999969124794,0.08760213851928711,1.6070599555969238,1.6135039329528809,True,local before background launch and D2H,local after ready ACK,1.7504119873046875,1.6454391479492188,1.7412757873535156
experiments/inferrelay_two_node/results/t1-125m-b-a-01,B-A,13,opt-125m,1,256,768,gpu,393216,float16,1,warmup,1.6535520553588867,0.025631999596953392,0.04951906204223633,0.035392001271247864,0.05985069274902344,1.544182300567627,1.5697216987609863,True,local before background launch and D2H,local after ready ACK,1.6535520553588867,1.5848512649536133,1.649120807647705
experiments/inferrelay_two_node/results/t1-125m-b-a-01,B-A,13,opt-125m,1,256,768,gpu,393216,float16,2,warmup,1.647021770477295,0.023264000192284584,0.04531502723693848,0.03500799834728241,0.056821346282958984,1.5448853969573975,1.5612187385559082,True,local before background launch and D2H,local after ready ACK,1.647021770477295,1.5730962753295898,1.6338062286376953
experiments/inferrelay_two_node/results/t1-125m-b-a-01,B-A,13,opt-125m,1,256,768,gpu,393216,float16,3,warmup,1.6373600959777832,0.02364799939095974,0.04683184623718262,0.03340800106525421,0.052275657653808594,1.538252592086792,1.5635590553283691,True,local before background launch and D2H,local after ready ACK,1.6373600959777832,1.573354721069336,1.6290206909179688
experiments/inferrelay_two_node/results/t1-125m-b-a-01,B-A,13,opt-125m,1,256,768,gpu,393216,float16,4,steady,1.5858428478240967,0.023264000192284584,0.044795989990234375,0.03286400064826012,0.05157947540283203,1.4894673824310303,1.5775938034057617,True,local before background launch and D2H,local after ready ACK,1.5858428478240967,1.5873618125915527,1.64227294921875
experiments/inferrelay_two_node/results/t1-125m-b-a-01,B-A,13,opt-125m,1,256,768,gpu,393216,float16,5,steady,1.5897407531738281,0.02316799946129322,0.04470205307006836,0.0326399989426136,0.052596092224121094,1.4924426078796387,1.571516990661621,True,local before background launch and D2H,local after ready ACK,1.5897407531738281,1.580763339996338,1.6372528076171875
experiments/inferrelay_two_node/results/t1-125m-b-a-01,B-A,13,opt-125m,1,256,768,gpu,393216,float16,6,steady,1.5637869834899902,0.02099199965596199,0.039772987365722656,0.03359999880194664,0.05316162109375,1.4708523750305176,1.486396312713623,True,local before background launch and D2H,local after ready ACK,1.5637869834899902,1.4965252876281738,1.5535612106323242
experiments/inferrelay_two_node/results/t1-125m-b-a-01,B-A,13,opt-125m,1,256,768,gpu,393216,float16,7,steady,1.5571939945220947,0.01775999926030636,0.03648805618286133,0.03270399942994118,0.05149221420288086,1.4692137241363525,1.4878191947937012,True,local before background launch and D2H,local after ready ACK,1.5571939945220947,1.497476577758789,1.5524239540100098
experiments/inferrelay_two_node/results/t1-125m-b-a-01,B-A,13,opt-125m,1,256,768,gpu,393216,float16,8,steady,1.5679709911346436,0.018912000581622124,0.04082202911376953,0.034623999148607254,0.05234527587890625,1.4748036861419678,1.4947519302368164,True,local before background launch and D2H,local after ready ACK,1.5679709911346436,1.503854751586914,1.5595779418945312
experiments/inferrelay_two_node/results/t1-125m-b-a-01,B-A,13,opt-125m,1,256,768,gpu,393216,float16,9,steady,1.5788731575012207,0.018624000251293182,0.04232597351074219,0.03455999866127968,0.0520482063293457,1.4844989776611328,1.5022730827331543,True,local before background launch and D2H,local after ready ACK,1.5788731575012207,1.5119471549987793,1.5674281120300293
experiments/inferrelay_two_node/results/t1-125m-b-a-01,B-A,13,opt-125m,1,256,768,gpu,393216,float16,10,steady,1.6072490215301514,0.020320000126957893,0.04834294319152832,0.034912001341581345,0.052733421325683594,1.5061726570129395,1.5337538719177246,True,local before background launch and D2H,local after ready ACK,1.6072490215301514,1.5431780815124512,1.5994420051574707
experiments/inferrelay_two_node/results/t1-125m-b-a-01,B-A,13,opt-125m,1,256,768,gpu,393216,float16,11,steady,1.63474702835083,0.026335999369621277,0.06267976760864258,0.03465599939227104,0.05272531509399414,1.5193419456481934,1.5583829879760742,True,local before background launch and D2H,local after ready ACK,1.63474702835083,1.568528652191162,1.624640941619873
experiments/inferrelay_two_node/results/t1-125m-b-a-01,B-A,13,opt-125m,1,256,768,gpu,393216,float16,12,steady,1.6210980415344238,0.024032000452280045,0.05995488166809082,0.0344959981739521,0.05241727828979492,1.508725881576538,1.547454833984375,True,local before background launch and D2H,local after ready ACK,1.6210980415344238,1.5573086738586426,1.6130847930908203
experiments/inferrelay_two_node/results/t1-125m-b-a-01,B-A,13,opt-125m,1,256,768,gpu,393216,float16,13,steady,1.6140589714050293,0.021983999758958817,0.05428194999694824,0.03452799841761589,0.052313804626464844,1.5074632167816162,1.5400886535644531,True,local before background launch and D2H,local after ready ACK,1.6140589714050293,1.5496411323547363,1.6053729057312012
experiments/inferrelay_two_node/results/t1-125m-b-a-01,B-A,13,opt-125m,1,256,768,gpu,393216,float16,14,steady,1.612807035446167,0.021503999829292297,0.05499100685119629,0.03280000016093254,0.05167198181152344,1.5061440467834473,1.5364832878112793,True,local before background launch and D2H,local after ready ACK,1.612807035446167,1.5458641052246094,1.6007652282714844
experiments/inferrelay_two_node/results/t1-125m-b-a-01,B-A,13,opt-125m,1,256,768,gpu,393216,float16,15,steady,1.6295909881591797,0.025119999423623085,0.06222987174987793,0.0326399989426136,0.051991939544677734,1.515369176864624,1.5616931915283203,True,local before background launch and D2H,local after ready ACK,1.6295909881591797,1.5708351135253906,1.62652587890625
experiments/inferrelay_two_node/results/t1-125m-b-a-01,B-A,13,opt-125m,1,256,768,gpu,393216,float16,16,steady,1.61077880859375,0.021727999672293663,0.05443120002746582,0.03468799963593483,0.052236080169677734,1.5041115283966064,1.537419319152832,True,local before background launch and D2H,local after ready ACK,1.61077880859375,1.546712875366211,1.6022634506225586
experiments/inferrelay_two_node/results/t1-125m-b-a-01,B-A,13,opt-125m,1,256,768,gpu,393216,float16,17,steady,1.604583978652954,0.021407999098300934,0.05470085144042969,0.032255999743938446,0.05173015594482422,1.4981529712677002,1.5325727462768555,True,local before background launch and D2H,local after ready ACK,1.604583978652954,1.5416488647460938,1.5967397689819336
experiments/inferrelay_two_node/results/t1-125m-b-a-01,B-A,13,opt-125m,1,256,768,gpu,393216,float16,18,steady,1.6055610179901123,0.021568000316619873,0.053854942321777344,0.03286400064826012,0.051006317138671875,1.500699758529663,1.5377182960510254,True,local before background launch and D2H,local after ready ACK,1.6055610179901123,1.547010898590088,1.6012768745422363
experiments/inferrelay_two_node/results/t1-125m-b-a-01,B-A,13,opt-125m,1,256,768,gpu,393216,float16,19,steady,1.6143510341644287,0.024224000051617622,0.05677509307861328,0.03267199918627739,0.05178022384643555,1.5057957172393799,1.5414338111877441,True,local before background launch and D2H,local after ready ACK,1.6143510341644287,1.550877571105957,1.6060452461242676
experiments/inferrelay_two_node/results/t1-125m-b-a-01,B-A,13,opt-125m,1,256,768,gpu,393216,float16,20,steady,1.603761911392212,0.021344000473618507,0.05298113822937012,0.032607998698949814,0.05169486999511719,1.4990859031677246,1.527113437652588,True,local before background launch and D2H,local after ready ACK,1.603761911392212,1.536752700805664,1.5917935371398926
experiments/inferrelay_two_node/results/t1-125m-b-a-01,B-A,13,opt-125m,1,256,768,gpu,393216,float16,21,steady,1.5965189933776855,0.02115200087428093,0.05107879638671875,0.03248000144958496,0.05153656005859375,1.493903636932373,1.525012493133545,True,local before background launch and D2H,local after ready ACK,1.5965189933776855,1.534651756286621,1.5896215438842773
experiments/inferrelay_two_node/results/t1-125m-b-a-01,B-A,13,opt-125m,1,256,768,gpu,393216,float16,22,steady,1.5994539260864258,0.019936000928282738,0.04964590072631836,0.03276799991726875,0.05122184753417969,1.4985861778259277,1.524153232574463,True,local before background launch and D2H,local after ready ACK,1.5994539260864258,1.533454418182373,1.5882682800292969
experiments/inferrelay_two_node/results/t1-125m-b-a-01,B-A,13,opt-125m,1,256,768,gpu,393216,float16,23,steady,1.5948960781097412,0.02099199965596199,0.051722049713134766,0.03248000144958496,0.050937652587890625,1.4922363758087158,1.5288891792297363,True,local before background launch and D2H,local after ready ACK,1.5948960781097412,1.5382022857666016,1.5925769805908203
experiments/inferrelay_two_node/results/t1-125m-b-a-01,B-A,14,opt-125m,1,256,768,gpu_h2d,393216,float16,0,first_transfer,2.512935161590576,0.18140800297260284,0.21278595924377441,0.5898560285568237,0.6706771850585938,1.629472017288208,1.848334789276123,True,local before background launch and D2H,local after ready ACK,2.512935161590576,1.919445514678955,2.6122865676879883
experiments/inferrelay_two_node/results/t1-125m-b-a-01,B-A,14,opt-125m,1,256,768,gpu_h2d,393216,float16,1,warmup,2.388071060180664,0.15385599434375763,0.18202710151672363,0.03206399828195572,0.6170578002929688,1.5889861583709717,1.7104949951171875,True,local before background launch and D2H,local after ready ACK,2.388071060180664,1.7442984580993652,2.3736348152160645
experiments/inferrelay_two_node/results/t1-125m-b-a-01,B-A,14,opt-125m,1,256,768,gpu_h2d,393216,float16,2,warmup,2.3777637481689453,0.03436800092458725,0.14804506301879883,0.0315839983522892,0.6590418815612793,1.5706768035888672,1.6709823608398438,True,local before background launch and D2H,local after ready ACK,2.3777637481689453,1.6933245658874512,2.3604812622070312
experiments/inferrelay_two_node/results/t1-125m-b-a-01,B-A,14,opt-125m,1,256,768,gpu_h2d,393216,float16,3,warmup,2.4926607608795166,0.029279999434947968,0.14337825775146484,0.03145600110292435,0.8052821159362793,1.5440003871917725,1.661536693572998,True,local before background launch and D2H,local after ready ACK,2.4926607608795166,1.6873421669006348,2.502223014831543
experiments/inferrelay_two_node/results/t1-125m-b-a-01,B-A,14,opt-125m,1,256,768,gpu_h2d,393216,float16,4,steady,2.4932332038879395,0.07369600236415863,0.11863112449645996,0.03145600110292435,0.8405661582946777,1.5340359210968018,1.6175155639648438,True,local before background launch and D2H,local after ready ACK,2.4932332038879395,1.6395020484924316,2.485574245452881
experiments/inferrelay_two_node/results/t1-125m-b-a-01,B-A,14,opt-125m,1,256,768,gpu_h2d,393216,float16,5,steady,2.495310068130493,0.06323199719190598,0.10469698905944824,0.03136000037193298,0.8637418746948242,1.5268712043762207,1.598513126373291,True,local before background launch and D2H,local after ready ACK,2.495310068130493,1.6185612678527832,2.4870920181274414
experiments/inferrelay_two_node/results/t1-125m-b-a-01,B-A,14,opt-125m,1,256,768,gpu_h2d,393216,float16,6,steady,2.5126450061798096,0.030400000512599945,0.08892107009887695,0.031647998839616776,0.8476033210754395,1.5761206150054932,1.6000690460205078,True,local before background launch and D2H,local after ready ACK,2.5126450061798096,1.6400198936462402,2.49658203125
experiments/inferrelay_two_node/results/t1-125m-b-a-01,B-A,14,opt-125m,1,256,768,gpu_h2d,393216,float16,7,steady,2.4915239810943604,0.033695999532938004,0.14766883850097656,0.032287999987602234,0.7755312919616699,1.5683238506317139,1.674229621887207,True,local before background launch and D2H,local after ready ACK,2.4915239810943604,1.6960296630859375,2.4792919158935547
experiments/inferrelay_two_node/results/t1-125m-b-a-01,B-A,14,opt-125m,1,256,768,gpu_h2d,393216,float16,8,steady,2.454885959625244,0.0306560005992651,0.14273500442504883,0.03206399828195572,0.7426047325134277,1.5695462226867676,1.678025245666504,True,local before background launch and D2H,local after ready ACK,2.454885959625244,1.6965374946594238,2.444394111633301
experiments/inferrelay_two_node/results/t1-125m-b-a-01,B-A,14,opt-125m,1,256,768,gpu_h2d,393216,float16,9,steady,2.455946922302246,0.034752000123262405,0.14611291885375977,0.031808000057935715,0.7448759078979492,1.564958095550537,1.6730003356933594,True,local before background launch and D2H,local after ready ACK,2.455946922302246,1.6905317306518555,2.440485954284668
experiments/inferrelay_two_node/results/t1-125m-b-a-01,B-A,14,opt-125m,1,256,768,gpu_h2d,393216,float16,10,steady,2.448026180267334,0.035679999738931656,0.22982430458068848,0.03206399828195572,0.6666407585144043,1.5515611171722412,1.7493929862976074,True,local before background launch and D2H,local after ready ACK,2.448026180267334,1.7667384147644043,2.4381918907165527
experiments/inferrelay_two_node/results/t1-125m-b-a-01,B-A,14,opt-125m,1,256,768,gpu_h2d,393216,float16,11,steady,2.4543869495391846,0.029632000252604485,0.14444899559020996,0.031808000057935715,0.7433338165283203,1.5666041374206543,1.6734418869018555,True,local before background launch and D2H,local after ready ACK,2.4543869495391846,1.6904444694519043,2.438516139984131
experiments/inferrelay_two_node/results/t1-125m-b-a-01,B-A,14,opt-125m,1,256,768,gpu_h2d,393216,float16,12,steady,2.4178738594055176,0.03446400165557861,0.14400410652160645,0.03190400078892708,0.7427592277526855,1.5311105251312256,1.679248332977295,True,local before background launch and D2H,local after ready ACK,2.4178738594055176,1.6961588859558105,2.444216251373291
experiments/inferrelay_two_node/results/t1-125m-b-a-01,B-A,14,opt-125m,1,256,768,gpu_h2d,393216,float16,13,steady,2.3843812942504883,0.026559999212622643,0.1370532512664795,0.03177599981427193,0.6599893569946289,1.5873386859893799,1.6794209480285645,True,local before background launch and D2H,local after ready ACK,2.3843812942504883,1.6975631713867188,2.362473964691162
experiments/inferrelay_two_node/results/t1-125m-b-a-01,B-A,14,opt-125m,1,256,768,gpu_h2d,393216,float16,14,steady,2.357957124710083,0.031647998839616776,0.14627814292907715,0.03235200047492981,0.6458582878112793,1.5658206939697266,1.677823543548584,True,local before background launch and D2H,local after ready ACK,2.357957124710083,1.697561264038086,2.3508501052856445
experiments/inferrelay_two_node/results/t1-125m-b-a-01,B-A,14,opt-125m,1,256,768,gpu_h2d,393216,float16,15,steady,2.312993049621582,0.12934400141239166,0.16878724098205566,0.032287999987602234,0.6249771118164062,1.5192286968231201,1.7003779411315918,True,local before background launch and D2H,local after ready ACK,2.312993049621582,1.7190313339233398,2.3488759994506836
experiments/inferrelay_two_node/results/t1-125m-b-a-01,B-A,14,opt-125m,1,256,768,gpu_h2d,393216,float16,16,steady,2.35280704498291,0.03046399913728237,0.14064311981201172,0.03235200047492981,0.644556999206543,1.5676069259643555,1.6791481971740723,True,local before background launch and D2H,local after ready ACK,2.35280704498291,1.6972827911376953,2.3469667434692383
experiments/inferrelay_two_node/results/t1-125m-b-a-01,B-A,14,opt-125m,1,256,768,gpu_h2d,393216,float16,17,steady,2.370965003967285,0.1345600038766861,0.17381691932678223,0.03171199932694435,0.6151070594787598,1.5820410251617432,1.706167221069336,True,local before background launch and D2H,local after ready ACK,2.370965003967285,1.724557876586914,2.3444766998291016
experiments/inferrelay_two_node/results/t1-125m-b-a-01,B-A,14,opt-125m,1,256,768,gpu_h2d,393216,float16,18,steady,2.366858959197998,0.03519999980926514,0.14228415489196777,0.03171199932694435,0.6462140083312988,1.5783607959747314,1.6736655235290527,True,local before background launch and D2H,local after ready ACK,2.366858959197998,1.692234992980957,2.3432021141052246
experiments/inferrelay_two_node/results/t1-125m-b-a-01,B-A,14,opt-125m,1,256,768,gpu_h2d,393216,float16,19,steady,2.3326468467712402,0.030848000198602676,0.13899803161621094,0.03177599981427193,0.6555123329162598,1.5381364822387695,1.6750540733337402,True,local before background launch and D2H,local after ready ACK,2.3326468467712402,1.6935420036315918,2.3569507598876953
experiments/inferrelay_two_node/results/t1-125m-b-a-01,B-A,14,opt-125m,1,256,768,gpu_h2d,393216,float16,20,steady,2.367595911026001,0.03200000151991844,0.0922861099243164,0.031808000057935715,0.7162837982177734,1.5590260028839111,1.6155195236206055,True,local before background launch and D2H,local after ready ACK,2.367595911026001,1.6339106559753418,2.355012893676758
experiments/inferrelay_two_node/results/t1-125m-b-a-01,B-A,14,opt-125m,1,256,768,gpu_h2d,393216,float16,21,steady,2.350593090057373,0.030719999223947525,0.14506006240844727,0.0323840007185936,0.638880729675293,1.5666522979736328,1.6870594024658203,True,local before background launch and D2H,local after ready ACK,2.350593090057373,1.7054462432861328,2.3491764068603516
experiments/inferrelay_two_node/results/t1-125m-b-a-01,B-A,14,opt-125m,1,256,768,gpu_h2d,393216,float16,22,steady,2.357516050338745,0.13097600638866425,0.17035484313964844,0.03187200054526329,0.6220159530639648,1.5651452541351318,1.705502986907959,True,local before background launch and D2H,local after ready ACK,2.357516050338745,1.7237458229064941,2.3508405685424805
experiments/inferrelay_two_node/results/t1-125m-b-a-01,B-A,14,opt-125m,1,256,768,gpu_h2d,393216,float16,23,steady,2.3596959114074707,0.030592000111937523,0.14462900161743164,0.0318400003015995,0.6453886032104492,1.5696783065795898,1.676839828491211,True,local before background launch and D2H,local after ready ACK,2.3596959114074707,1.6960840225219727,2.34938383102417
experiments/inferrelay_two_node/results/t1-125m-b-a-01,B-A,15,opt-125m,1,256,768,gpu_compute,393216,float16,0,first_transfer,1.6792325973510742,0.025407999753952026,0.04590177536010742,0.054496001452207565,0.1138620376586914,1.5194687843322754,1.5673928260803223,True,local before background launch and D2H,local after ready ACK,1.6792325973510742,1.598008632659912,1.721971035003662
experiments/inferrelay_two_node/results/t1-125m-b-a-01,B-A,15,opt-125m,1,256,768,gpu_compute,393216,float16,1,warmup,1.7633607387542725,0.08563199639320374,0.13354897499084473,0.03932800143957138,0.08718681335449219,1.5426249504089355,1.6409025192260742,True,local before background launch and D2H,local after ready ACK,1.7633607387542725,1.6606383323669434,1.753605842590332
experiments/inferrelay_two_node/results/t1-125m-b-a-01,B-A,15,opt-125m,1,256,768,gpu_compute,393216,float16,2,warmup,1.7524921894073486,0.07097599655389786,0.12689614295959473,0.03951999917626381,0.06517553329467773,1.5604205131530762,1.6504402160644531,True,local before background launch and D2H,local after ready ACK,1.7524921894073486,1.666846752166748,1.7372140884399414
experiments/inferrelay_two_node/results/t1-125m-b-a-01,B-A,15,opt-125m,1,256,768,gpu_compute,393216,float16,3,warmup,1.7412948608398438,0.06611199676990509,0.11216282844543457,0.03542400151491165,0.08287334442138672,1.5462586879730225,1.6176676750183105,True,local before background launch and D2H,local after ready ACK,1.7412948608398438,1.633903980255127,1.7217063903808594
experiments/inferrelay_two_node/results/t1-125m-b-a-01,B-A,15,opt-125m,1,256,768,gpu_compute,393216,float16,4,steady,1.8018531799316406,0.026528000831604004,0.20931506156921387,0.03667199984192848,0.05982494354248047,1.5327131748199463,1.7088217735290527,True,local before background launch and D2H,local after ready ACK,1.8018531799316406,1.7241291999816895,1.788729190826416
experiments/inferrelay_two_node/results/t1-125m-b-a-01,B-A,15,opt-125m,1,256,768,gpu_compute,393216,float16,5,steady,1.626816749572754,0.027327999472618103,0.07433223724365234,0.037567999213933945,0.0607457160949707,1.4917387962341309,1.5407929420471191,True,local before background launch and D2H,local after ready ACK,1.626816749572754,1.5559391975402832,1.6210112571716309
experiments/inferrelay_two_node/results/t1-125m-b-a-01,B-A,15,opt-125m,1,256,768,gpu_compute,393216,float16,6,steady,1.594764232635498,0.04124800115823746,0.06044411659240723,0.03590400144457817,0.060662269592285156,1.4736578464508057,1.506159782409668,True,local before background launch and D2H,local after ready ACK,1.594764232635498,1.521224021911621,1.5862841606140137
experiments/inferrelay_two_node/results/t1-125m-b-a-01,B-A,15,opt-125m,1,256,768,gpu_compute,393216,float16,7,steady,1.605626106262207,0.03961599990725517,0.05755209922790527,0.03417599946260452,0.05670595169067383,1.491368055343628,1.5235772132873535,True,local before background launch and D2H,local after ready ACK,1.605626106262207,1.5385627746582031,1.599900245666504
experiments/inferrelay_two_node/results/t1-125m-b-a-01,B-A,15,opt-125m,1,256,768,gpu_compute,393216,float16,8,steady,1.6219689846038818,0.04483199864625931,0.06502699851989746,0.03673600032925606,0.06304693222045898,1.4938950538635254,1.5283112525939941,True,local before background launch and D2H,local after ready ACK,1.6219689846038818,1.5435056686401367,1.610888957977295
experiments/inferrelay_two_node/results/t1-125m-b-a-01,B-A,15,opt-125m,1,256,768,gpu_compute,393216,float16,9,steady,1.6015331745147705,0.042688000947237015,0.062272071838378906,0.03798399865627289,0.06115102767944336,1.4781100749969482,1.5038046836853027,True,local before background launch and D2H,local after ready ACK,1.6015331745147705,1.5194778442382812,1.588003158569336
experiments/inferrelay_two_node/results/t1-125m-b-a-01,B-A,15,opt-125m,1,256,768,gpu_compute,393216,float16,10,steady,1.6107449531555176,0.04444799944758415,0.0628211498260498,0.03372799977660179,0.05760622024536133,1.4903175830841064,1.5274662971496582,True,local before background launch and D2H,local after ready ACK,1.6107449531555176,1.5427236557006836,1.6048336029052734
experiments/inferrelay_two_node/results/t1-125m-b-a-01,B-A,15,opt-125m,1,256,768,gpu_compute,393216,float16,11,steady,1.590620994567871,0.04009599983692169,0.05810117721557617,0.035711999982595444,0.058405399322509766,1.4741144180297852,1.4999785423278809,True,local before background launch and D2H,local after ready ACK,1.590620994567871,1.5154509544372559,1.5806589126586914
experiments/inferrelay_two_node/results/t1-125m-b-a-01,B-A,15,opt-125m,1,256,768,gpu_compute,393216,float16,12,steady,1.598036289215088,0.03916800022125244,0.05719900131225586,0.03590400144457817,0.06204986572265625,1.4787874221801758,1.5042662620544434,True,local before background launch and D2H,local after ready ACK,1.598036289215088,1.5196924209594727,1.5882563591003418
experiments/inferrelay_two_node/results/t1-125m-b-a-01,B-A,15,opt-125m,1,256,768,gpu_compute,393216,float16,13,steady,1.5893149375915527,0.03936000168323517,0.05797600746154785,0.038176000118255615,0.0605921745300293,1.4707467555999756,1.497532844543457,True,local before background launch and D2H,local after ready ACK,1.5893149375915527,1.5130186080932617,1.57985258102417
experiments/inferrelay_two_node/results/t1-125m-b-a-01,B-A,15,opt-125m,1,256,768,gpu_compute,393216,float16,14,steady,1.6836521625518799,0.04358400031924248,0.060925960540771484,0.048448000103235245,0.10963678359985352,1.5130894184112549,1.5073909759521484,True,local before background launch and D2H,local after ready ACK,1.6836521625518799,1.5228147506713867,1.655407428741455
experiments/inferrelay_two_node/results/t1-125m-b-a-01,B-A,15,opt-125m,1,256,768,gpu_compute,393216,float16,15,steady,1.6144649982452393,0.017343999817967415,0.033677101135253906,0.04297599941492081,0.09060001373291016,1.4901878833770752,1.4501585960388184,True,local before background launch and D2H,local after ready ACK,1.6144649982452393,1.485689640045166,1.5928549766540527
experiments/inferrelay_two_node/results/t1-125m-b-a-01,B-A,15,opt-125m,1,256,768,gpu_compute,393216,float16,16,steady,1.6385078430175781,0.01820800080895424,0.03438091278076172,0.050912000238895416,0.10191869735717773,1.5022082328796387,1.4618124961853027,True,local before background launch and D2H,local after ready ACK,1.6385078430175781,1.4954948425292969,1.6180753707885742
experiments/inferrelay_two_node/results/t1-125m-b-a-01,B-A,15,opt-125m,1,256,768,gpu_compute,393216,float16,17,steady,1.643031120300293,0.017216000705957413,0.033406972885131836,0.042527999728918076,0.09972667694091797,1.5098974704742432,1.4626150131225586,True,local before background launch and D2H,local after ready ACK,1.643031120300293,1.494926929473877,1.6123580932617188
experiments/inferrelay_two_node/results/t1-125m-b-a-01,B-A,15,opt-125m,1,256,768,gpu_compute,393216,float16,18,steady,1.6349692344665527,0.01772800087928772,0.03711104393005371,0.04287999868392944,0.09259700775146484,1.5052611827850342,1.4741039276123047,True,local before background launch and D2H,local after ready ACK,1.6349692344665527,1.5065016746520996,1.6164135932922363
experiments/inferrelay_two_node/results/t1-125m-b-a-01,B-A,15,opt-125m,1,256,768,gpu_compute,393216,float16,19,steady,1.682265043258667,0.01788800023496151,0.09831500053405762,0.04249599948525429,0.08188915252685547,1.502060890197754,1.5327911376953125,True,local before background launch and D2H,local after ready ACK,1.682265043258667,1.5647220611572266,1.6582951545715332
experiments/inferrelay_two_node/results/t1-125m-b-a-01,B-A,15,opt-125m,1,256,768,gpu_compute,393216,float16,20,steady,1.6904189586639404,0.020735999569296837,0.10178494453430176,0.03606399893760681,0.08266305923461914,1.5059709548950195,1.559664249420166,True,local before background launch and D2H,local after ready ACK,1.6904189586639404,1.579164981842041,1.667245864868164
experiments/inferrelay_two_node/results/t1-125m-b-a-01,B-A,15,opt-125m,1,256,768,gpu_compute,393216,float16,21,steady,1.6755092144012451,0.018783999606966972,0.10408186912536621,0.04915200173854828,0.0746307373046875,1.4967966079711914,1.5620841979980469,True,local before background launch and D2H,local after ready ACK,1.6755092144012451,1.5785942077636719,1.65761137008667
experiments/inferrelay_two_node/results/t1-125m-b-a-01,B-A,15,opt-125m,1,256,768,gpu_compute,393216,float16,22,steady,1.6985712051391602,0.01929599978029728,0.12027478218078613,0.0350399985909462,0.06394004821777344,1.5143563747406006,1.598076343536377,True,local before background launch and D2H,local after ready ACK,1.6985712051391602,1.6136536598205566,1.688333511352539
experiments/inferrelay_two_node/results/t1-125m-b-a-01,B-A,15,opt-125m,1,256,768,gpu_compute,393216,float16,23,steady,1.7002921104431152,0.019680000841617584,0.04470205307006836,0.06115199998021126,0.08382129669189453,1.5717687606811523,1.5936565399169922,True,local before background launch and D2H,local after ready ACK,1.7002921104431152,1.6090288162231445,1.7001099586486816
experiments/inferrelay_two_node/results/t1-125m-b-a-01,B-A,16,opt-125m,4,1,768,cpu,6144,float16,0,first_transfer,0.316054105758667,0.0,0.0,0.0,0.0,0.316054105758667,0.2640237808227539,True,local before background launch and D2H,local after ready ACK,0.316054105758667,0.30238962173461914,0.3030509948730469
experiments/inferrelay_two_node/results/t1-125m-b-a-01,B-A,16,opt-125m,4,1,768,cpu,6144,float16,1,warmup,0.27716898918151855,0.0,0.0,0.0,0.0,0.27716898918151855,0.31063270568847656,True,local before background launch and D2H,local after ready ACK,0.27716898918151855,0.33850955963134766,0.3392510414123535
experiments/inferrelay_two_node/results/t1-125m-b-a-01,B-A,16,opt-125m,4,1,768,cpu,6144,float16,2,warmup,0.20261883735656738,0.0,0.0,0.0,0.0,0.20261883735656738,0.21448707580566406,True,local before background launch and D2H,local after ready ACK,0.20261883735656738,0.2419719696044922,0.24274873733520508
experiments/inferrelay_two_node/results/t1-125m-b-a-01,B-A,16,opt-125m,4,1,768,cpu,6144,float16,3,warmup,0.1636676788330078,0.0,0.0,0.0,0.0,0.1636676788330078,0.13004493713378906,True,local before background launch and D2H,local after ready ACK,0.1636676788330078,0.1586284637451172,0.15933895111083984
experiments/inferrelay_two_node/results/t1-125m-b-a-01,B-A,16,opt-125m,4,1,768,cpu,6144,float16,4,steady,0.1569511890411377,0.0,0.0,0.0,0.0,0.1569511890411377,0.1252446174621582,True,local before background launch and D2H,local after ready ACK,0.1569511890411377,0.15186786651611328,0.15259218215942383
experiments/inferrelay_two_node/results/t1-125m-b-a-01,B-A,16,opt-125m,4,1,768,cpu,6144,float16,5,steady,0.1087031364440918,0.0,0.0,0.0,0.0,0.1087031364440918,0.08692121505737305,True,local before background launch and D2H,local after ready ACK,0.1087031364440918,0.11401557922363281,0.11431026458740234
experiments/inferrelay_two_node/results/t1-125m-b-a-01,B-A,16,opt-125m,4,1,768,cpu,6144,float16,6,steady,0.10848474502563477,0.0,0.0,0.0,0.0,0.10848474502563477,0.10367822647094727,True,local before background launch and D2H,local after ready ACK,0.10848474502563477,0.11640262603759766,0.11664247512817383
experiments/inferrelay_two_node/results/t1-125m-b-a-01,B-A,16,opt-125m,4,1,768,cpu,6144,float16,7,steady,0.10779809951782227,0.0,0.0,0.0,0.0,0.10779809951782227,0.10393667221069336,True,local before background launch and D2H,local after ready ACK,0.10779809951782227,0.11347818374633789,0.11371326446533203
experiments/inferrelay_two_node/results/t1-125m-b-a-01,B-A,16,opt-125m,4,1,768,cpu,6144,float16,8,steady,0.10639691352844238,0.0,0.0,0.0,0.0,0.10639691352844238,0.10519075393676758,True,local before background launch and D2H,local after ready ACK,0.10639691352844238,0.1144862174987793,0.1147150993347168
experiments/inferrelay_two_node/results/t1-125m-b-a-01,B-A,16,opt-125m,4,1,768,cpu,6144,float16,9,steady,0.10828375816345215,0.0,0.0,0.0,0.0,0.10828375816345215,0.11084794998168945,True,local before background launch and D2H,local after ready ACK,0.10828375816345215,0.11973905563354492,0.11997365951538086
experiments/inferrelay_two_node/results/t1-125m-b-a-01,B-A,16,opt-125m,4,1,768,cpu,6144,float16,10,steady,0.10676097869873047,0.0,0.0,0.0,0.0,0.10676097869873047,0.10617303848266602,True,local before background launch and D2H,local after ready ACK,0.10676097869873047,0.11505794525146484,0.11529064178466797
experiments/inferrelay_two_node/results/t1-125m-b-a-01,B-A,16,opt-125m,4,1,768,cpu,6144,float16,11,steady,0.1117861270904541,0.0,0.0,0.0,0.0,0.1117861270904541,0.11047649383544922,True,local before background launch and D2H,local after ready ACK,0.1117861270904541,0.11937141418457031,0.11963033676147461
experiments/inferrelay_two_node/results/t1-125m-b-a-01,B-A,16,opt-125m,4,1,768,cpu,6144,float16,12,steady,0.11207389831542969,0.0,0.0,0.0,0.0,0.11207389831542969,0.1112518310546875,True,local before background launch and D2H,local after ready ACK,0.11207389831542969,0.12012004852294922,0.12034940719604492
experiments/inferrelay_two_node/results/t1-125m-b-a-01,B-A,16,opt-125m,4,1,768,cpu,6144,float16,13,steady,0.11230778694152832,0.0,0.0,0.0,0.0,0.11230778694152832,0.10953712463378906,True,local before background launch and D2H,local after ready ACK,0.11230778694152832,0.11857223510742188,0.1188211441040039
experiments/inferrelay_two_node/results/t1-125m-b-a-01,B-A,16,opt-125m,4,1,768,cpu,6144,float16,14,steady,0.10847711563110352,0.0,0.0,0.0,0.0,0.10847711563110352,0.10678529739379883,True,local before background launch and D2H,local after ready ACK,0.10847711563110352,0.11594676971435547,0.11619091033935547
experiments/inferrelay_two_node/results/t1-125m-b-a-01,B-A,16,opt-125m,4,1,768,cpu,6144,float16,15,steady,0.10876798629760742,0.0,0.0,0.0,0.0,0.10876798629760742,0.11200618743896484,True,local before background launch and D2H,local after ready ACK,0.10876798629760742,0.12111663818359375,0.12136125564575195
experiments/inferrelay_two_node/results/t1-125m-b-a-01,B-A,16,opt-125m,4,1,768,cpu,6144,float16,16,steady,0.10944795608520508,0.0,0.0,0.0,0.0,0.10944795608520508,0.11286783218383789,True,local before background launch and D2H,local after ready ACK,0.10944795608520508,0.12226009368896484,0.12252998352050781
experiments/inferrelay_two_node/results/t1-125m-b-a-01,B-A,16,opt-125m,4,1,768,cpu,6144,float16,17,steady,0.10902595520019531,0.0,0.0,0.0,0.0,0.10902595520019531,0.11207437515258789,True,local before background launch and D2H,local after ready ACK,0.10902595520019531,0.12154102325439453,0.12182760238647461
experiments/inferrelay_two_node/results/t1-125m-b-a-01,B-A,16,opt-125m,4,1,768,cpu,6144,float16,18,steady,0.10867810249328613,0.0,0.0,0.0,0.0,0.10867810249328613,0.10621309280395508,True,local before background launch and D2H,local after ready ACK,0.10867810249328613,0.11582231521606445,0.11605691909790039
experiments/inferrelay_two_node/results/t1-125m-b-a-01,B-A,16,opt-125m,4,1,768,cpu,6144,float16,19,steady,0.10779976844787598,0.0,0.0,0.0,0.0,0.10779976844787598,0.11065912246704102,True,local before background launch and D2H,local after ready ACK,0.10779976844787598,0.12049579620361328,0.12077999114990234
experiments/inferrelay_two_node/results/t1-125m-b-a-01,B-A,16,opt-125m,4,1,768,cpu,6144,float16,20,steady,0.10945487022399902,0.0,0.0,0.0,0.0,0.10945487022399902,0.11237001419067383,True,local before background launch and D2H,local after ready ACK,0.10945487022399902,0.12153434753417969,0.12178611755371094
experiments/inferrelay_two_node/results/t1-125m-b-a-01,B-A,16,opt-125m,4,1,768,cpu,6144,float16,21,steady,0.10957026481628418,0.0,0.0,0.0,0.0,0.10957026481628418,0.11223888397216797,True,local before background launch and D2H,local after ready ACK,0.10957026481628418,0.12140321731567383,0.12166213989257812
experiments/inferrelay_two_node/results/t1-125m-b-a-01,B-A,16,opt-125m,4,1,768,cpu,6144,float16,22,steady,0.1092827320098877,0.0,0.0,0.0,0.0,0.1092827320098877,0.11075401306152344,True,local before background launch and D2H,local after ready ACK,0.1092827320098877,0.12014579772949219,0.12040185928344727
experiments/inferrelay_two_node/results/t1-125m-b-a-01,B-A,16,opt-125m,4,1,768,cpu,6144,float16,23,steady,0.10938096046447754,0.0,0.0,0.0,0.0,0.10938096046447754,0.10833311080932617,True,local before background launch and D2H,local after ready ACK,0.10938096046447754,0.11746740341186523,0.11774015426635742
experiments/inferrelay_two_node/results/t1-125m-b-a-01,B-A,17,opt-125m,4,1,768,gpu,6144,float16,0,first_transfer,0.38295602798461914,0.016383999958634377,0.04848599433898926,0.019711999222636223,0.07009506225585938,0.2643749713897705,0.2618441581726074,True,local before background launch and D2H,local after ready ACK,0.38295602798461914,0.2923159599304199,0.37120771408081055
experiments/inferrelay_two_node/results/t1-125m-b-a-01,B-A,17,opt-125m,4,1,768,gpu,6144,float16,1,warmup,0.2645130157470703,0.007712000049650669,0.02595996856689453,0.015936000272631645,0.053340911865234375,0.1852121353149414,0.20722484588623047,True,local before background launch and D2H,local after ready ACK,0.2645130157470703,0.2195873260498047,0.2807760238647461
experiments/inferrelay_two_node/results/t1-125m-b-a-01,B-A,17,opt-125m,4,1,768,gpu,6144,float16,2,warmup,0.30092883110046387,0.015584000386297703,0.037229061126708984,0.015807999297976494,0.052077293395996094,0.2116224765777588,0.27739477157592773,True,local before background launch and D2H,local after ready ACK,0.30092883110046387,0.28842926025390625,0.3483099937438965
experiments/inferrelay_two_node/results/t1-125m-b-a-01,B-A,17,opt-125m,4,1,768,gpu,6144,float16,3,warmup,0.268068790435791,0.01206399966031313,0.029571056365966797,0.016127999871969223,0.05730104446411133,0.1811966896057129,0.17734527587890625,True,local before background launch and D2H,local after ready ACK,0.268068790435791,0.18906497955322266,0.25429773330688477
experiments/inferrelay_two_node/results/t1-125m-b-a-01,B-A,17,opt-125m,4,1,768,gpu,6144,float16,4,steady,0.29734206199645996,0.006912000011652708,0.022969961166381836,0.03017600066959858,0.08147048950195312,0.192901611328125,0.17683124542236328,True,local before background launch and D2H,local after ready ACK,0.29734206199645996,0.1875624656677246,0.2790651321411133
experiments/inferrelay_two_node/results/t1-125m-b-a-01,B-A,17,opt-125m,4,1,768,gpu,6144,float16,5,steady,0.17507004737854004,0.006047999951988459,0.02137303352355957,0.008960000239312649,0.026868820190429688,0.12682819366455078,0.12709617614746094,True,local before background launch and D2H,local after ready ACK,0.17507004737854004,0.1384572982788086,0.16889142990112305
experiments/inferrelay_two_node/results/t1-125m-b-a-01,B-A,17,opt-125m,4,1,768,gpu,6144,float16,6,steady,0.1695728302001953,0.006207999773323536,0.020900964736938477,0.007071999832987785,0.023125171661376953,0.12554669380187988,0.12935209274291992,True,local before background launch and D2H,local after ready ACK,0.1695728302001953,0.13751840591430664,0.16375112533569336
experiments/inferrelay_two_node/results/t1-125m-b-a-01,B-A,17,opt-125m,4,1,768,gpu,6144,float16,7,steady,0.16995024681091309,0.006432000081986189,0.021141767501831055,0.006912000011652708,0.02269887924194336,0.12610960006713867,0.13203859329223633,True,local before background launch and D2H,local after ready ACK,0.16995024681091309,0.13983440399169922,0.16566228866577148
experiments/inferrelay_two_node/results/t1-125m-b-a-01,B-A,17,opt-125m,4,1,768,gpu,6144,float16,8,steady,0.16714906692504883,0.006335999816656113,0.02062702178955078,0.006783999968320131,0.022206783294677734,0.12431526184082031,0.13537311553955078,True,local before background launch and D2H,local after ready ACK,0.16714906692504883,0.1429886817932129,0.16823196411132812
experiments/inferrelay_two_node/results/t1-125m-b-a-01,B-A,17,opt-125m,4,1,768,gpu,6144,float16,9,steady,0.16788196563720703,0.0054720002226531506,0.020548105239868164,0.006527999881654978,0.022464752197265625,0.12486910820007324,0.13681554794311523,True,local before background launch and D2H,local after ready ACK,0.16788196563720703,0.1442708969116211,0.1698908805847168
experiments/inferrelay_two_node/results/t1-125m-b-a-01,B-A,17,opt-125m,4,1,768,gpu,6144,float16,10,steady,0.17008566856384277,0.0058559998869895935,0.020025968551635742,0.006783999968320131,0.02635669708251953,0.1237030029296875,0.13032293319702148,True,local before background launch and D2H,local after ready ACK,0.17008566856384277,0.13772106170654297,0.1671762466430664
experiments/inferrelay_two_node/results/t1-125m-b-a-01,B-A,17,opt-125m,4,1,768,gpu,6144,float16,11,steady,0.17165827751159668,0.006207999773323536,0.023846864700317383,0.007040000054985285,0.02223062515258789,0.1255807876586914,0.1368856430053711,True,local before background launch and D2H,local after ready ACK,0.17165827751159668,0.14432811737060547,0.16953086853027344
experiments/inferrelay_two_node/results/t1-125m-b-a-01,B-A,17,opt-125m,4,1,768,gpu,6144,float16,12,steady,0.16713404655456543,0.006304000038653612,0.02095484733581543,0.006752000190317631,0.022095203399658203,0.1240839958190918,0.1294403076171875,True,local before background launch and D2H,local after ready ACK,0.16713404655456543,0.13681316375732422,0.16191530227661133
experiments/inferrelay_two_node/results/t1-125m-b-a-01,B-A,17,opt-125m,4,1,768,gpu,6144,float16,13,steady,0.1673722267150879,0.006240000016987324,0.02132391929626465,0.006304000038653612,0.02163219451904297,0.12441611289978027,0.13428926467895508,True,local before background launch and D2H,local after ready ACK,0.1673722267150879,0.14139890670776367,0.16603612899780273
experiments/inferrelay_two_node/results/t1-125m-b-a-01,B-A,17,opt-125m,4,1,768,gpu,6144,float16,14,steady,0.1675262451171875,0.006496000103652477,0.020965099334716797,0.006719999946653843,0.022745609283447266,0.12381553649902344,0.1316385269165039,True,local before background launch and D2H,local after ready ACK,0.1675262451171875,0.13924551010131836,0.16507625579833984
experiments/inferrelay_two_node/results/t1-125m-b-a-01,B-A,17,opt-125m,4,1,768,gpu,6144,float16,15,steady,0.17026782035827637,0.006335999816656113,0.02110004425048828,0.006943999789655209,0.022328853607177734,0.12683892250061035,0.12977886199951172,True,local before background launch and D2H,local after ready ACK,0.17026782035827637,0.13761043548583984,0.16286516189575195
experiments/inferrelay_two_node/results/t1-125m-b-a-01,B-A,17,opt-125m,4,1,768,gpu,6144,float16,16,steady,0.1675410270690918,0.006175999995321035,0.02071404457092285,0.007040000054985285,0.02273416519165039,0.12409281730651855,0.1318659782409668,True,local before background launch and D2H,local after ready ACK,0.1675410270690918,0.13924455642700195,0.1650238037109375
experiments/inferrelay_two_node/results/t1-125m-b-a-01,B-A,17,opt-125m,4,1,768,gpu,6144,float16,17,steady,0.16794705390930176,0.00598399993032217,0.021266937255859375,0.006271999794989824,0.022047996520996094,0.12463212013244629,0.13271665573120117,True,local before background launch and D2H,local after ready ACK,0.16794705390930176,0.14048194885253906,0.16553306579589844
experiments/inferrelay_two_node/results/t1-125m-b-a-01,B-A,17,opt-125m,4,1,768,gpu,6144,float16,18,steady,0.16991710662841797,0.006432000081986189,0.02187180519104004,0.00687999976798892,0.022422313690185547,0.12562298774719238,0.13498687744140625,True,local before background launch and D2H,local after ready ACK,0.16991710662841797,0.14227533340454102,0.16768836975097656
experiments/inferrelay_two_node/results/t1-125m-b-a-01,B-A,17,opt-125m,4,1,768,gpu,6144,float16,19,steady,0.16999292373657227,0.006560000125318766,0.02180194854736328,0.00687999976798892,0.021826744079589844,0.12636423110961914,0.13491296768188477,True,local before background launch and D2H,local after ready ACK,0.16999292373657227,0.14219331741333008,0.16710519790649414
experiments/inferrelay_two_node/results/t1-125m-b-a-01,B-A,17,opt-125m,4,1,768,gpu,6144,float16,20,steady,0.16821718215942383,0.006463999859988689,0.02118206024169922,0.006976000033318996,0.022689342498779297,0.12434577941894531,0.13625383377075195,True,local before background launch and D2H,local after ready ACK,0.16821718215942383,0.14367198944091797,0.16958904266357422
experiments/inferrelay_two_node/results/t1-125m-b-a-01,B-A,17,opt-125m,4,1,768,gpu,6144,float16,21,steady,0.16788792610168457,0.005888000130653381,0.020473957061767578,0.006399999838322401,0.022687911987304688,0.1247260570526123,0.1365828514099121,True,local before background launch and D2H,local after ready ACK,0.16788792610168457,0.14411020278930664,0.16990995407104492
experiments/inferrelay_two_node/results/t1-125m-b-a-01,B-A,17,opt-125m,4,1,768,gpu,6144,float16,22,steady,0.16544318199157715,0.006175999995321035,0.020648717880249023,0.008704000152647495,0.023672103881835938,0.12112236022949219,0.13003158569335938,True,local before background launch and D2H,local after ready ACK,0.16544318199157715,0.1367940902709961,0.16346502304077148
experiments/inferrelay_two_node/results/t1-125m-b-a-01,B-A,17,opt-125m,4,1,768,gpu,6144,float16,23,steady,0.16752386093139648,0.006304000038653612,0.020804166793823242,0.007199999876320362,0.022642135620117188,0.12407755851745605,0.13166093826293945,True,local before background launch and D2H,local after ready ACK,0.16752386093139648,0.13930845260620117,0.1650228500366211
experiments/inferrelay_two_node/results/t1-125m-b-a-01,B-A,18,opt-125m,4,1,768,gpu_h2d,6144,float16,0,first_transfer,1.2165238857269287,0.08534400165081024,0.13077998161315918,0.6238719820976257,0.7185401916503906,0.3672037124633789,0.5963039398193359,True,local before background launch and D2H,local after ready ACK,1.2165238857269287,0.6602363586425781,1.3898143768310547
experiments/inferrelay_two_node/results/t1-125m-b-a-01,B-A,18,opt-125m,4,1,768,gpu_h2d,6144,float16,1,warmup,1.2499430179595947,0.026208000257611275,0.09450006484985352,0.001888000057078898,0.8076672554016113,0.3477756977081299,0.471926212310791,True,local before background launch and D2H,local after ready ACK,1.2499430179595947,0.5030007362365723,1.3204460144042969
experiments/inferrelay_two_node/results/t1-125m-b-a-01,B-A,18,opt-125m,4,1,768,gpu_h2d,6144,float16,2,warmup,1.3010637760162354,0.02566399984061718,0.04802513122558594,0.001888000057078898,0.8659768104553223,0.38706183433532715,0.4618673324584961,True,local before background launch and D2H,local after ready ACK,1.3010637760162354,0.4922175407409668,1.3681845664978027
experiments/inferrelay_two_node/results/t1-125m-b-a-01,B-A,18,opt-125m,4,1,768,gpu_h2d,6144,float16,3,warmup,1.338183879852295,0.02489599958062172,0.08913087844848633,0.0019199999514967203,0.8996772766113281,0.34937572479248047,0.41847896575927734,True,local before background launch and D2H,local after ready ACK,1.338183879852295,0.44835329055786133,1.3579621315002441
experiments/inferrelay_two_node/results/t1-125m-b-a-01,B-A,18,opt-125m,4,1,768,gpu_h2d,6144,float16,4,steady,1.3392980098724365,0.007903999648988247,0.02714705467224121,0.001888000057078898,0.9895200729370117,0.3226308822631836,0.3333625793457031,True,local before background launch and D2H,local after ready ACK,1.3392980098724365,0.3605790138244629,1.3601679801940918
experiments/inferrelay_two_node/results/t1-125m-b-a-01,B-A,18,opt-125m,4,1,768,gpu_h2d,6144,float16,5,steady,1.288025140762329,0.007648000027984381,0.025562047958374023,0.001888000057078898,0.9489998817443848,0.3134632110595703,0.3243288993835449,True,local before background launch and D2H,local after ready ACK,1.288025140762329,0.3543233871459961,1.3130011558532715
experiments/inferrelay_two_node/results/t1-125m-b-a-01,B-A,18,opt-125m,4,1,768,gpu_h2d,6144,float16,6,steady,1.2884109020233154,0.007519999984651804,0.025433063507080078,0.0019199999514967203,0.9382038116455078,0.32477402687072754,0.33582115173339844,True,local before background launch and D2H,local after ready ACK,1.2884109020233154,0.36629247665405273,1.314192295074463
experiments/inferrelay_two_node/results/t1-125m-b-a-01,B-A,18,opt-125m,4,1,768,gpu_h2d,6144,float16,7,steady,1.235954761505127,0.007327999919652939,0.024272918701171875,0.001888000057078898,0.8991427421569824,0.31253910064697266,0.3328399658203125,True,local before background launch and D2H,local after ready ACK,1.235954761505127,0.35989999771118164,1.2686219215393066
experiments/inferrelay_two_node/results/t1-125m-b-a-01,B-A,18,opt-125m,4,1,768,gpu_h2d,6144,float16,8,steady,1.4084389209747314,0.006624000146985054,0.024567127227783203,0.001888000057078898,1.0555129051208496,0.32835888862609863,0.2869071960449219,True,local before background launch and D2H,local after ready ACK,1.4084389209747314,0.31693410873413086,1.3824748992919922
experiments/inferrelay_two_node/results/t1-125m-b-a-01,B-A,18,opt-125m,4,1,768,gpu_h2d,6144,float16,9,steady,1.251343011856079,0.08585599809885025,0.13060498237609863,0.0019199999514967203,0.7762441635131836,0.3444938659667969,0.4504814147949219,True,local before background launch and D2H,local after ready ACK,1.251343011856079,0.4925727844238281,1.2832212448120117
experiments/inferrelay_two_node/results/t1-125m-b-a-01,B-A,18,opt-125m,4,1,768,gpu_h2d,6144,float16,10,steady,1.3372869491577148,0.06454399973154068,0.1219329833984375,0.0019519999623298645,0.8692173957824707,0.34613656997680664,0.4688100814819336,True,local before background launch and D2H,local after ready ACK,1.3372869491577148,0.5114836692810059,1.394935131072998
experiments/inferrelay_two_node/results/t1-125m-b-a-01,B-A,18,opt-125m,4,1,768,gpu_h2d,6144,float16,11,steady,1.374600887298584,0.061824001371860504,0.10204887390136719,0.0019199999514967203,0.9952068328857422,0.2773451805114746,0.32352495193481445,True,local before background launch and D2H,local after ready ACK,1.374600887298584,0.354525089263916,1.3590903282165527
experiments/inferrelay_two_node/results/t1-125m-b-a-01,B-A,18,opt-125m,4,1,768,gpu_h2d,6144,float16,12,steady,1.4372658729553223,0.017823999747633934,0.03992199897766113,0.001888000057078898,1.1363410949707031,0.261002779006958,0.23984813690185547,True,local before background launch and D2H,local after ready ACK,1.4372658729553223,0.27019739151000977,1.4177050590515137
experiments/inferrelay_two_node/results/t1-125m-b-a-01,B-A,18,opt-125m,4,1,768,gpu_h2d,6144,float16,13,steady,1.3837900161743164,0.023231999948620796,0.13789582252502441,0.001888000057078898,0.918644905090332,0.32724928855895996,0.4015798568725586,True,local before background launch and D2H,local after ready ACK,1.3837900161743164,0.431793212890625,1.360241413116455
experiments/inferrelay_two_node/results/t1-125m-b-a-01,B-A,18,opt-125m,4,1,768,gpu_h2d,6144,float16,14,steady,1.3208410739898682,0.007615999784320593,0.08409595489501953,0.0019199999514967203,0.9590363502502441,0.2777087688446045,0.311614990234375,True,local before background launch and D2H,local after ready ACK,1.3208410739898682,0.3367948532104492,1.3052968978881836
experiments/inferrelay_two_node/results/t1-125m-b-a-01,B-A,18,opt-125m,4,1,768,gpu_h2d,6144,float16,15,steady,1.34739089012146,0.012992000207304955,0.14092612266540527,0.0019519999623298645,0.9515037536621094,0.2549610137939453,0.30751609802246094,True,local before background launch and D2H,local after ready ACK,1.34739089012146,0.3478212356567383,1.3136544227600098
experiments/inferrelay_two_node/results/t1-125m-b-a-01,B-A,18,opt-125m,4,1,768,gpu_h2d,6144,float16,16,steady,1.361332893371582,0.023135999217629433,0.04643607139587402,0.0019199999514967203,1.0607647895812988,0.2541320323944092,0.20709991455078125,True,local before background launch and D2H,local after ready ACK,1.361332893371582,0.24770069122314453,1.3344597816467285
experiments/inferrelay_two_node/results/t1-125m-b-a-01,B-A,18,opt-125m,4,1,768,gpu_h2d,6144,float16,17,steady,1.4883711338043213,0.02239999920129776,0.04591012001037598,0.001888000057078898,1.075531005859375,0.3669300079345703,0.25228071212768555,True,local before background launch and D2H,local after ready ACK,1.4883711338043213,0.28317785263061523,1.3700909614562988
experiments/inferrelay_two_node/results/t1-125m-b-a-01,B-A,18,opt-125m,4,1,768,gpu_h2d,6144,float16,18,steady,1.3747870922088623,0.02707199938595295,0.14930295944213867,0.0018560000462457538,0.9454083442687988,0.2800757884979248,0.3663501739501953,True,local before background launch and D2H,local after ready ACK,1.3747870922088623,0.39809417724609375,1.3545780181884766
experiments/inferrelay_two_node/results/t1-125m-b-a-01,B-A,18,opt-125m,4,1,768,gpu_h2d,6144,float16,19,steady,1.3770110607147217,0.017216000705957413,0.14223027229309082,0.001888000057078898,0.9528293609619141,0.2819514274597168,0.3512401580810547,True,local before background launch and D2H,local after ready ACK,1.3770110607147217,0.381803035736084,1.3446002006530762
experiments/inferrelay_two_node/results/t1-125m-b-a-01,B-A,18,opt-125m,4,1,768,gpu_h2d,6144,float16,20,steady,1.3691978454589844,0.1258240044116974,0.16517019271850586,0.001888000057078898,0.9288249015808105,0.27520275115966797,0.3777933120727539,True,local before background launch and D2H,local after ready ACK,1.3691978454589844,0.40857410430908203,1.3473281860351562
experiments/inferrelay_two_node/results/t1-125m-b-a-01,B-A,18,opt-125m,4,1,768,gpu_h2d,6144,float16,21,steady,1.3738470077514648,0.02534399926662445,0.14238286018371582,0.001888000057078898,0.9547038078308105,0.2767603397369385,0.35184335708618164,True,local before background launch and D2H,local after ready ACK,1.3738470077514648,0.3822603225708008,1.3470497131347656
experiments/inferrelay_two_node/results/t1-125m-b-a-01,B-A,18,opt-125m,4,1,768,gpu_h2d,6144,float16,22,steady,1.3524551391601562,0.023840000852942467,0.14487099647521973,0.001888000057078898,0.9305033683776855,0.277080774307251,0.3737630844116211,True,local before background launch and D2H,local after ready ACK,1.3524551391601562,0.4047403335571289,1.3452496528625488
experiments/inferrelay_two_node/results/t1-125m-b-a-01,B-A,18,opt-125m,4,1,768,gpu_h2d,6144,float16,23,steady,1.374568223953247,0.023423999547958374,0.04700016975402832,0.001888000057078898,1.0589027404785156,0.2686653137207031,0.25264501571655273,True,local before background launch and D2H,local after ready ACK,1.374568223953247,0.28371477127075195,1.35258150100708
experiments/inferrelay_two_node/results/t1-125m-b-a-01,B-A,19,opt-125m,4,1,768,gpu_compute,6144,float16,0,first_transfer,0.4924201965332031,0.025151999667286873,0.05062222480773926,0.029184000566601753,0.07494211196899414,0.3668558597564697,0.32944250106811523,True,local before background launch and D2H,local after ready ACK,0.4924201965332031,0.3965163230895996,0.4804067611694336
experiments/inferrelay_two_node/results/t1-125m-b-a-01,B-A,19,opt-125m,4,1,768,gpu_compute,6144,float16,1,warmup,0.3761560916900635,0.008128000423312187,0.024502992630004883,0.03244800120592117,0.10871028900146484,0.24294281005859375,0.21016311645507812,True,local before background launch and D2H,local after ready ACK,0.3761560916900635,0.24268054962158203,0.36812686920166016
experiments/inferrelay_two_node/results/t1-125m-b-a-01,B-A,19,opt-125m,4,1,768,gpu_compute,6144,float16,2,warmup,0.2742800712585449,0.0072639998979866505,0.022766828536987305,0.025248000398278236,0.07445716857910156,0.17705607414245605,0.11838102340698242,True,local before background launch and D2H,local after ready ACK,0.2742800712585449,0.15546703338623047,0.2399897575378418
experiments/inferrelay_two_node/results/t1-125m-b-a-01,B-A,19,opt-125m,4,1,768,gpu_compute,6144,float16,3,warmup,0.2788808345794678,0.00863999966531992,0.024296283721923828,0.031231999397277832,0.08036327362060547,0.17422127723693848,0.11863374710083008,True,local before background launch and D2H,local after ready ACK,0.2788808345794678,0.15179729461669922,0.2489638328552246
experiments/inferrelay_two_node/results/t1-125m-b-a-01,B-A,19,opt-125m,4,1,768,gpu_compute,6144,float16,4,steady,0.37465405464172363,0.006560000125318766,0.022114992141723633,0.027424000203609467,0.08637666702270508,0.2661623954772949,0.11017513275146484,True,local before background launch and D2H,local after ready ACK,0.37465405464172363,0.1421499252319336,0.2456498146057129
experiments/inferrelay_two_node/results/t1-125m-b-a-01,B-A,19,opt-125m,4,1,768,gpu_compute,6144,float16,5,steady,0.5082149505615234,0.03276799991726875,0.15893983840942383,0.026623999699950218,0.07709550857543945,0.27217960357666016,0.36408185958862305,True,local before background launch and D2H,local after ready ACK,0.5082149505615234,0.3955388069152832,0.48498106002807617
experiments/inferrelay_two_node/results/t1-125m-b-a-01,B-A,19,opt-125m,4,1,768,gpu_compute,6144,float16,6,steady,0.4446289539337158,0.022752000018954277,0.15129995346069336,0.027807999402284622,0.08031558990478516,0.2130134105682373,0.34095335006713867,True,local before background launch and D2H,local after ready ACK,0.4446289539337158,0.37209367752075195,0.46764087677001953
experiments/inferrelay_two_node/results/t1-125m-b-a-01,B-A,19,opt-125m,4,1,768,gpu_compute,6144,float16,7,steady,0.33799290657043457,0.01603199914097786,0.060812950134277344,0.024831999093294144,0.0776972770690918,0.19948267936706543,0.1906428337097168,True,local before background launch and D2H,local after ready ACK,0.33799290657043457,0.22187328338623047,0.3177814483642578
experiments/inferrelay_two_node/results/t1-125m-b-a-01,B-A,19,opt-125m,4,1,768,gpu_compute,6144,float16,8,steady,0.3455958366394043,0.0360959991812706,0.057256221771240234,0.05104000121355057,0.11283493041992188,0.1755046844482422,0.16063594818115234,True,local before background launch and D2H,local after ready ACK,0.3455958366394043,0.19379901885986328,0.3208308219909668
experiments/inferrelay_two_node/results/t1-125m-b-a-01,B-A,19,opt-125m,4,1,768,gpu_compute,6144,float16,9,steady,0.33257484436035156,0.03759999945759773,0.057824134826660156,0.02579200081527233,0.07213020324707031,0.2026205062866211,0.19105195999145508,True,local before background launch and D2H,local after ready ACK,0.33257484436035156,0.2219686508178711,0.3107891082763672
experiments/inferrelay_two_node/results/t1-125m-b-a-01,B-A,19,opt-125m,4,1,768,gpu_compute,6144,float16,10,steady,0.3508267402648926,0.03782400116324425,0.05733323097229004,0.029600000008940697,0.0866861343383789,0.20680737495422363,0.19349098205566406,True,local before background launch and D2H,local after ready ACK,0.3508267402648926,0.22426271438598633,0.325559139251709
experiments/inferrelay_two_node/results/t1-125m-b-a-01,B-A,19,opt-125m,4,1,768,gpu_compute,6144,float16,11,steady,0.37143421173095703,0.03622400015592575,0.05586099624633789,0.024960000067949295,0.07816123962402344,0.2374119758605957,0.19604778289794922,True,local before background launch and D2H,local after ready ACK,0.37143421173095703,0.2265939712524414,0.32664918899536133
experiments/inferrelay_two_node/results/t1-125m-b-a-01,B-A,19,opt-125m,4,1,768,gpu_compute,6144,float16,12,steady,0.3408060073852539,0.03670400008559227,0.05550026893615723,0.024831999093294144,0.1031184196472168,0.18218731880187988,0.16443681716918945,True,local before background launch and D2H,local after ready ACK,0.3408060073852539,0.19489479064941406,0.3164858818054199
experiments/inferrelay_two_node/results/t1-125m-b-a-01,B-A,19,opt-125m,4,1,768,gpu_compute,6144,float16,13,steady,0.36418890953063965,0.03574400022625923,0.054527997970581055,0.024480000138282776,0.0764017105102539,0.2332592010498047,0.19633913040161133,True,local before background launch and D2H,local after ready ACK,0.36418890953063965,0.22713804244995117,0.3240838050842285
experiments/inferrelay_two_node/results/t1-125m-b-a-01,B-A,19,opt-125m,4,1,768,gpu_compute,6144,float16,14,steady,0.3598346710205078,0.036768000572919846,0.05495285987854004,0.02937600016593933,0.0829916000366211,0.22189021110534668,0.19487428665161133,True,local before background launch and D2H,local after ready ACK,0.3598346710205078,0.2255406379699707,0.3259601593017578
experiments/inferrelay_two_node/results/t1-125m-b-a-01,B-A,19,opt-125m,4,1,768,gpu_compute,6144,float16,15,steady,0.35985302925109863,0.036288000643253326,0.05492377281188965,0.029343999922275543,0.08208703994750977,0.22284221649169922,0.19083499908447266,True,local before background launch and D2H,local after ready ACK,0.35985302925109863,0.22134876251220703,0.3257460594177246
experiments/inferrelay_two_node/results/t1-125m-b-a-01,B-A,19,opt-125m,4,1,768,gpu_compute,6144,float16,16,steady,0.34210824966430664,0.040192000567913055,0.058785200119018555,0.0261439997702837,0.071746826171875,0.21157622337341309,0.19349288940429688,True,local before background launch and D2H,local after ready ACK,0.34210824966430664,0.22431421279907227,0.3152642250061035
experiments/inferrelay_two_node/results/t1-125m-b-a-01,B-A,19,opt-125m,4,1,768,gpu_compute,6144,float16,17,steady,0.339724063873291,0.03625600039958954,0.05481386184692383,0.02672000043094158,0.07581281661987305,0.20909738540649414,0.1909799575805664,True,local before background launch and D2H,local after ready ACK,0.339724063873291,0.221649169921875,0.3092050552368164
experiments/inferrelay_two_node/results/t1-125m-b-a-01,B-A,19,opt-125m,4,1,768,gpu_compute,6144,float16,18,steady,0.35828304290771484,0.03683200106024742,0.05532193183898926,0.025312000885605812,0.07231664657592773,0.23064446449279785,0.18897294998168945,True,local before background launch and D2H,local after ready ACK,0.35828304290771484,0.21919488906860352,0.315248966217041
experiments/inferrelay_two_node/results/t1-125m-b-a-01,B-A,19,opt-125m,4,1,768,gpu_compute,6144,float16,19,steady,0.36176395416259766,0.0363520011305809,0.05425381660461426,0.028991999104619026,0.08063602447509766,0.22687411308288574,0.19088125228881836,True,local before background launch and D2H,local after ready ACK,0.36176395416259766,0.22144365310668945,0.3193368911743164
experiments/inferrelay_two_node/results/t1-125m-b-a-01,B-A,19,opt-125m,4,1,768,gpu_compute,6144,float16,20,steady,0.35547304153442383,0.03392000123858452,0.052781105041503906,0.024000000208616257,0.07674074172973633,0.2259511947631836,0.19046688079833984,True,local before background launch and D2H,local after ready ACK,0.35547304153442383,0.22124814987182617,0.3128070831298828
experiments/inferrelay_two_node/results/t1-125m-b-a-01,B-A,19,opt-125m,4,1,768,gpu_compute,6144,float16,21,steady,0.3248779773712158,0.036031998693943024,0.05454206466674805,0.02502400055527687,0.0706028938293457,0.19973301887512207,0.18854379653930664,True,local before background launch and D2H,local after ready ACK,0.3248779773712158,0.21924257278442383,0.3022165298461914
experiments/inferrelay_two_node/results/t1-125m-b-a-01,B-A,19,opt-125m,4,1,768,gpu_compute,6144,float16,22,steady,0.3299129009246826,0.036639999598264694,0.054463863372802734,0.02486399933695793,0.07103395462036133,0.20441508293151855,0.19370365142822266,True,local before background launch and D2H,local after ready ACK,0.3299129009246826,0.2240438461303711,0.306549072265625
experiments/inferrelay_two_node/results/t1-125m-b-a-01,B-A,19,opt-125m,4,1,768,gpu_compute,6144,float16,23,steady,0.33733201026916504,0.03683200106024742,0.055557966232299805,0.025728000327944756,0.0708169937133789,0.21095705032348633,0.1925368309020996,True,local before background launch and D2H,local after ready ACK,0.33733201026916504,0.2229747772216797,0.31063175201416016
experiments/inferrelay_two_node/results/t1-125m-b-a-01,B-A,20,opt-125m,4,32,768,cpu,196608,float16,0,first_transfer,0.9213540554046631,0.0,0.0,0.0,0.0,0.9213540554046631,0.9360408782958984,True,local before background launch and D2H,local after ready ACK,0.9213540554046631,0.9793744087219238,0.9799141883850098
experiments/inferrelay_two_node/results/t1-125m-b-a-01,B-A,20,opt-125m,4,32,768,cpu,196608,float16,1,warmup,1.4974479675292969,0.0,0.0,0.0,0.0,1.4974479675292969,1.4681930541992188,True,local before background launch and D2H,local after ready ACK,1.4974479675292969,1.492485523223877,1.4932465553283691
experiments/inferrelay_two_node/results/t1-125m-b-a-01,B-A,20,opt-125m,4,32,768,cpu,196608,float16,2,warmup,0.8704009056091309,0.0,0.0,0.0,0.0,0.8704009056091309,0.8245601654052734,True,local before background launch and D2H,local after ready ACK,0.8704009056091309,0.8558816909790039,0.8564906120300293
experiments/inferrelay_two_node/results/t1-125m-b-a-01,B-A,20,opt-125m,4,32,768,cpu,196608,float16,3,warmup,0.7991399765014648,0.0,0.0,0.0,0.0,0.7991399765014648,0.8342423439025879,True,local before background launch and D2H,local after ready ACK,0.7991399765014648,0.8584170341491699,0.8586959838867188
experiments/inferrelay_two_node/results/t1-125m-b-a-01,B-A,20,opt-125m,4,32,768,cpu,196608,float16,4,steady,0.8036551475524902,0.0,0.0,0.0,0.0,0.8036551475524902,0.7673773765563965,True,local before background launch and D2H,local after ready ACK,0.8036551475524902,0.7776317596435547,0.7778968811035156
experiments/inferrelay_two_node/results/t1-125m-b-a-01,B-A,20,opt-125m,4,32,768,cpu,196608,float16,5,steady,0.8401050567626953,0.0,0.0,0.0,0.0,0.8401050567626953,0.8313002586364746,True,local before background launch and D2H,local after ready ACK,0.8401050567626953,0.8398313522338867,0.8400912284851074
experiments/inferrelay_two_node/results/t1-125m-b-a-01,B-A,20,opt-125m,4,32,768,cpu,196608,float16,6,steady,0.8054680824279785,0.0,0.0,0.0,0.0,0.8054680824279785,0.8072266578674316,True,local before background launch and D2H,local after ready ACK,0.8054680824279785,0.8151068687438965,0.8153171539306641
experiments/inferrelay_two_node/results/t1-125m-b-a-01,B-A,20,opt-125m,4,32,768,cpu,196608,float16,7,steady,0.8134260177612305,0.0,0.0,0.0,0.0,0.8134260177612305,0.8035688400268555,True,local before background launch and D2H,local after ready ACK,0.8134260177612305,0.8115520477294922,0.8117480278015137
experiments/inferrelay_two_node/results/t1-125m-b-a-01,B-A,20,opt-125m,4,32,768,cpu,196608,float16,8,steady,0.8083090782165527,0.0,0.0,0.0,0.0,0.8083090782165527,0.8024787902832031,True,local before background launch and D2H,local after ready ACK,0.8083090782165527,0.8103327751159668,0.8105344772338867
experiments/inferrelay_two_node/results/t1-125m-b-a-01,B-A,20,opt-125m,4,32,768,cpu,196608,float16,9,steady,0.8962318897247314,0.0,0.0,0.0,0.0,0.8962318897247314,0.8071455955505371,True,local before background launch and D2H,local after ready ACK,0.8962318897247314,0.8151130676269531,0.815300464630127
experiments/inferrelay_two_node/results/t1-125m-b-a-01,B-A,20,opt-125m,4,32,768,cpu,196608,float16,10,steady,0.8005149364471436,0.0,0.0,0.0,0.0,0.8005149364471436,0.8011436462402344,True,local before background launch and D2H,local after ready ACK,0.8005149364471436,0.8090147972106934,0.8092479705810547
experiments/inferrelay_two_node/results/t1-125m-b-a-01,B-A,20,opt-125m,4,32,768,cpu,196608,float16,11,steady,0.7999491691589355,0.0,0.0,0.0,0.0,0.7999491691589355,0.801872730255127,True,local before background launch and D2H,local after ready ACK,0.7999491691589355,0.8099398612976074,0.8101558685302734
experiments/inferrelay_two_node/results/t1-125m-b-a-01,B-A,20,opt-125m,4,32,768,cpu,196608,float16,12,steady,0.8016481399536133,0.0,0.0,0.0,0.0,0.8016481399536133,0.8060088157653809,True,local before background launch and D2H,local after ready ACK,0.8016481399536133,0.8140802383422852,0.814267635345459
experiments/inferrelay_two_node/results/t1-125m-b-a-01,B-A,20,opt-125m,4,32,768,cpu,196608,float16,13,steady,0.806297779083252,0.0,0.0,0.0,0.0,0.806297779083252,0.800264835357666,True,local before background launch and D2H,local after ready ACK,0.806297779083252,0.8085150718688965,0.8087215423583984
experiments/inferrelay_two_node/results/t1-125m-b-a-01,B-A,20,opt-125m,4,32,768,cpu,196608,float16,14,steady,0.8059759140014648,0.0,0.0,0.0,0.0,0.8059759140014648,0.799811840057373,True,local before background launch and D2H,local after ready ACK,0.8059759140014648,0.8084096908569336,0.8086519241333008
experiments/inferrelay_two_node/results/t1-125m-b-a-01,B-A,20,opt-125m,4,32,768,cpu,196608,float16,15,steady,0.810150146484375,0.0,0.0,0.0,0.0,0.810150146484375,0.7969956398010254,True,local before background launch and D2H,local after ready ACK,0.810150146484375,0.8065919876098633,0.8068399429321289
experiments/inferrelay_two_node/results/t1-125m-b-a-01,B-A,20,opt-125m,4,32,768,cpu,196608,float16,16,steady,0.8096063137054443,0.0,0.0,0.0,0.0,0.8096063137054443,0.8014063835144043,True,local before background launch and D2H,local after ready ACK,0.8096063137054443,0.8110461235046387,0.8113360404968262
experiments/inferrelay_two_node/results/t1-125m-b-a-01,B-A,20,opt-125m,4,32,768,cpu,196608,float16,17,steady,0.8289968967437744,0.0,0.0,0.0,0.0,0.8289968967437744,0.8061738014221191,True,local before background launch and D2H,local after ready ACK,0.8289968967437744,0.8170590400695801,0.8173418045043945
experiments/inferrelay_two_node/results/t1-125m-b-a-01,B-A,20,opt-125m,4,32,768,cpu,196608,float16,18,steady,0.8155167102813721,0.0,0.0,0.0,0.0,0.8155167102813721,0.8076553344726562,True,local before background launch and D2H,local after ready ACK,0.8155167102813721,0.8184871673583984,0.8187751770019531
experiments/inferrelay_two_node/results/t1-125m-b-a-01,B-A,20,opt-125m,4,32,768,cpu,196608,float16,19,steady,0.8259720802307129,0.0,0.0,0.0,0.0,0.8259720802307129,0.8169374465942383,True,local before background launch and D2H,local after ready ACK,0.8259720802307129,0.8301601409912109,0.8305292129516602
experiments/inferrelay_two_node/results/t1-125m-b-a-01,B-A,20,opt-125m,4,32,768,cpu,196608,float16,20,steady,0.8315091133117676,0.0,0.0,0.0,0.0,0.8315091133117676,0.8218798637390137,True,local before background launch and D2H,local after ready ACK,0.8315091133117676,0.8355255126953125,0.8358840942382812
experiments/inferrelay_two_node/results/t1-125m-b-a-01,B-A,20,opt-125m,4,32,768,cpu,196608,float16,21,steady,0.8446741104125977,0.0,0.0,0.0,0.0,0.8446741104125977,0.8345913887023926,True,local before background launch and D2H,local after ready ACK,0.8446741104125977,0.8475923538208008,0.847933292388916
experiments/inferrelay_two_node/results/t1-125m-b-a-01,B-A,20,opt-125m,4,32,768,cpu,196608,float16,22,steady,0.8531932830810547,0.0,0.0,0.0,0.0,0.8531932830810547,0.8340463638305664,True,local before background launch and D2H,local after ready ACK,0.8531932830810547,0.8523106575012207,0.8526568412780762
experiments/inferrelay_two_node/results/t1-125m-b-a-01,B-A,20,opt-125m,4,32,768,cpu,196608,float16,23,steady,0.8384730815887451,0.0,0.0,0.0,0.0,0.8384730815887451,0.8316540718078613,True,local before background launch and D2H,local after ready ACK,0.8384730815887451,0.845064640045166,0.8454146385192871
experiments/inferrelay_two_node/results/t1-125m-b-a-01,B-A,21,opt-125m,4,32,768,gpu,196608,float16,0,first_transfer,1.0633621215820312,0.02006400004029274,0.054609060287475586,0.039712000638246536,0.08158683776855469,0.927166223526001,0.9528369903564453,True,local before background launch and D2H,local after ready ACK,1.0633621215820312,1.013033390045166,1.1025300025939941
experiments/inferrelay_two_node/results/t1-125m-b-a-01,B-A,21,opt-125m,4,32,768,gpu,196608,float16,1,warmup,0.9598910808563232,0.018303999677300453,0.04209709167480469,0.019648000597953796,0.04090309143066406,0.8768908977508545,0.8986673355102539,True,local before background launch and D2H,local after ready ACK,0.9598910808563232,0.9108200073242188,0.9556479454040527
experiments/inferrelay_two_node/results/t1-125m-b-a-01,B-A,21,opt-125m,4,32,768,gpu,196608,float16,2,warmup,0.9454247951507568,0.017216000705957413,0.03948497772216797,0.017472000792622566,0.03571271896362305,0.8702270984649658,0.8818960189819336,True,local before background launch and D2H,local after ready ACK,0.9454247951507568,0.8910894393920898,0.9302458763122559
experiments/inferrelay_two_node/results/t1-125m-b-a-01,B-A,21,opt-125m,4,32,768,gpu,196608,float16,3,warmup,0.9483847618103027,0.01724799908697605,0.03864312171936035,0.017696000635623932,0.03525209426879883,0.8744895458221436,0.8982691764831543,True,local before background launch and D2H,local after ready ACK,0.9483847618103027,0.9064431190490723,0.9449262619018555
experiments/inferrelay_two_node/results/t1-125m-b-a-01,B-A,21,opt-125m,4,32,768,gpu,196608,float16,4,steady,0.9605660438537598,0.01929599978029728,0.0444028377532959,0.017376000061631203,0.0354161262512207,0.8807470798492432,4.070696830749512,True,local before background launch and D2H,local after ready ACK,0.9605660438537598,4.078963756561279,4.117650985717773
experiments/inferrelay_two_node/results/t1-125m-b-a-01,B-A,21,opt-125m,4,32,768,gpu,196608,float16,5,steady,0.9441931247711182,0.017023999243974686,0.037576913833618164,0.01711999997496605,0.03537797927856445,0.8712382316589355,0.8953075408935547,True,local before background launch and D2H,local after ready ACK,0.9441931247711182,0.9035983085632324,0.9422893524169922
experiments/inferrelay_two_node/results/t1-125m-b-a-01,B-A,21,opt-125m,4,32,768,gpu,196608,float16,6,steady,0.9487931728363037,0.01692800037562847,0.037709951400756836,0.01711999997496605,0.0349879264831543,0.8760952949523926,0.8973979949951172,True,local before background launch and D2H,local after ready ACK,0.9487931728363037,0.9061541557312012,0.945979118347168
experiments/inferrelay_two_node/results/t1-125m-b-a-01,B-A,21,opt-125m,4,32,768,gpu,196608,float16,7,steady,0.9415640830993652,0.017023999243974686,0.03743386268615723,0.016543999314308167,0.03467273712158203,0.869457483291626,0.8349032402038574,True,local before background launch and D2H,local after ready ACK,0.9415640830993652,0.8430647850036621,0.881004810333252
experiments/inferrelay_two_node/results/t1-125m-b-a-01,B-A,21,opt-125m,4,32,768,gpu,196608,float16,8,steady,0.8838639259338379,0.016575999557971954,0.037494659423828125,0.01696000061929226,0.03406572341918945,0.8123035430908203,0.8332085609436035,True,local before background launch and D2H,local after ready ACK,0.8838639259338379,0.8413548469543457,0.8787117004394531
experiments/inferrelay_two_node/results/t1-125m-b-a-01,B-A,21,opt-125m,4,32,768,gpu,196608,float16,9,steady,0.8575758934020996,0.013919999822974205,0.030833005905151367,0.016575999557971954,0.03502082824707031,0.7917220592498779,0.8056130409240723,True,local before background launch and D2H,local after ready ACK,0.8575758934020996,0.8133859634399414,0.8514981269836426
experiments/inferrelay_two_node/results/t1-125m-b-a-01,B-A,21,opt-125m,4,32,768,gpu,196608,float16,10,steady,0.8555428981781006,0.011552000418305397,0.027455806732177734,0.017343999817967415,0.03490877151489258,0.7931783199310303,0.8077411651611328,True,local before background launch and D2H,local after ready ACK,0.8555428981781006,0.8157329559326172,0.8539772033691406
experiments/inferrelay_two_node/results/t1-125m-b-a-01,B-A,21,opt-125m,4,32,768,gpu,196608,float16,11,steady,0.9627940654754639,0.011392000131309032,0.027426958084106445,0.03846399858593941,0.10772514343261719,0.8276419639587402,0.8059964179992676,True,local before background launch and D2H,local after ready ACK,0.9627940654754639,0.8151941299438477,0.9410381317138672
experiments/inferrelay_two_node/results/t1-125m-b-a-01,B-A,21,opt-125m,4,32,768,gpu,196608,float16,12,steady,0.9146378040313721,0.011487999930977821,0.02736210823059082,0.0272000003606081,0.07872581481933594,0.8085498809814453,0.7840390205383301,True,local before background launch and D2H,local after ready ACK,0.9146378040313721,0.811164379119873,0.8986063003540039
experiments/inferrelay_two_node/results/t1-125m-b-a-01,B-A,21,opt-125m,4,32,768,gpu,196608,float16,13,steady,0.8612279891967773,0.011552000418305397,0.02781510353088379,0.01881599985063076,0.03931283950805664,0.7941000461578369,0.7983894348144531,True,local before background launch and D2H,local after ready ACK,0.8612279891967773,0.8104028701782227,0.8535246849060059
experiments/inferrelay_two_node/results/t1-125m-b-a-01,B-A,21,opt-125m,4,32,768,gpu,196608,float16,14,steady,0.8608169555664062,0.011327999643981457,0.0270078182220459,0.017920000478625298,0.036158084869384766,0.7976510524749756,0.8026080131530762,True,local before background launch and D2H,local after ready ACK,0.8608169555664062,0.8117623329162598,0.8512740135192871
experiments/inferrelay_two_node/results/t1-125m-b-a-01,B-A,21,opt-125m,4,32,768,gpu,196608,float16,15,steady,0.8635799884796143,0.011648000217974186,0.0296480655670166,0.017664000391960144,0.03638410568237305,0.7975478172302246,0.8051548004150391,True,local before background launch and D2H,local after ready ACK,0.8635799884796143,0.8151035308837891,0.8548164367675781
experiments/inferrelay_two_node/results/t1-125m-b-a-01,B-A,21,opt-125m,4,32,768,gpu,196608,float16,16,steady,0.8673121929168701,0.011776000261306763,0.031527042388916016,0.01727999933063984,0.035648345947265625,0.8001368045806885,0.8132967948913574,True,local before background launch and D2H,local after ready ACK,0.8673121929168701,0.8221945762634277,0.8612017631530762
experiments/inferrelay_two_node/results/t1-125m-b-a-01,B-A,21,opt-125m,4,32,768,gpu,196608,float16,17,steady,0.8797791004180908,0.012191999703645706,0.03361010551452637,0.01664000004529953,0.03483867645263672,0.8113303184509277,0.8253293037414551,True,local before background launch and D2H,local after ready ACK,0.8797791004180908,0.8332381248474121,0.8711752891540527
experiments/inferrelay_two_node/results/t1-125m-b-a-01,B-A,21,opt-125m,4,32,768,gpu,196608,float16,18,steady,0.8834271430969238,0.012736000120639801,0.03591322898864746,0.017472000792622566,0.035303592681884766,0.8122103214263916,0.8285932540893555,True,local before background launch and D2H,local after ready ACK,0.8834271430969238,0.8370680809020996,0.8757133483886719
experiments/inferrelay_two_node/results/t1-125m-b-a-01,B-A,21,opt-125m,4,32,768,gpu,196608,float16,19,steady,0.901785135269165,0.013504000380635262,0.041502952575683594,0.017664000391960144,0.03583478927612305,0.8244473934173584,0.8444504737854004,True,local before background launch and D2H,local after ready ACK,0.901785135269165,0.8531599044799805,0.8922419548034668
experiments/inferrelay_two_node/results/t1-125m-b-a-01,B-A,21,opt-125m,4,32,768,gpu,196608,float16,20,steady,0.9227747917175293,0.014751999638974667,0.044828176498413086,0.017376000061631203,0.03571891784667969,0.8422276973724365,0.8496260643005371,True,local before background launch and D2H,local after ready ACK,0.9227747917175293,0.8586182594299316,0.8976626396179199
experiments/inferrelay_two_node/results/t1-125m-b-a-01,B-A,21,opt-125m,4,32,768,gpu,196608,float16,21,steady,0.9273679256439209,0.01836800016462803,0.052802085876464844,0.017184000462293625,0.03593111038208008,0.838634729385376,0.8733954429626465,True,local before background launch and D2H,local after ready ACK,0.9273679256439209,0.8818621635437012,0.9213128089904785
experiments/inferrelay_two_node/results/t1-125m-b-a-01,B-A,21,opt-125m,4,32,768,gpu,196608,float16,22,steady,0.9351930618286133,0.01990400068461895,0.055709123611450195,0.017823999747633934,0.03708028793334961,0.8424036502838135,0.8764762878417969,True,local before background launch and D2H,local after ready ACK,0.9351930618286133,0.8855099678039551,0.9258637428283691
experiments/inferrelay_two_node/results/t1-125m-b-a-01,B-A,21,opt-125m,4,32,768,gpu,196608,float16,23,steady,0.9399471282958984,0.020255999639630318,0.05904221534729004,0.017503999173641205,0.03488302230834961,0.8460218906402588,0.8850669860839844,True,local before background launch and D2H,local after ready ACK,0.9399471282958984,0.8935871124267578,0.9317092895507812
experiments/inferrelay_two_node/results/t1-125m-b-a-01,B-A,22,opt-125m,4,32,768,gpu_h2d,196608,float16,0,first_transfer,1.3114371299743652,0.17763200402259827,0.21036100387573242,0.0830719992518425,0.16231298446655273,0.9387631416320801,1.1694121360778809,True,local before background launch and D2H,local after ready ACK,1.3114371299743652,1.241264820098877,1.425076961517334
experiments/inferrelay_two_node/results/t1-125m-b-a-01,B-A,22,opt-125m,4,32,768,gpu_h2d,196608,float16,1,warmup,1.341508150100708,0.08323200047016144,0.12776398658752441,0.016831999644637108,0.28897714614868164,0.924767017364502,0.9798331260681152,True,local before background launch and D2H,local after ready ACK,1.341508150100708,1.006065845489502,1.3178033828735352
experiments/inferrelay_two_node/results/t1-125m-b-a-01,B-A,22,opt-125m,4,32,768,gpu_h2d,196608,float16,2,warmup,1.334913969039917,0.017055999487638474,0.039189815521240234,0.01692800037562847,0.37169408798217773,0.924030065536499,0.8769583702087402,True,local before background launch and D2H,local after ready ACK,1.334913969039917,0.9195852279663086,1.3077468872070312
experiments/inferrelay_two_node/results/t1-125m-b-a-01,B-A,22,opt-125m,4,32,768,gpu_h2d,196608,float16,3,warmup,1.2467529773712158,0.024607999250292778,0.13723993301391602,0.016736000776290894,0.20379257202148438,0.9057204723358154,0.9748969078063965,True,local before background launch and D2H,local after ready ACK,1.2467529773712158,1.0067925453186035,1.2240147590637207
experiments/inferrelay_two_node/results/t1-125m-b-a-01,B-A,22,opt-125m,4,32,768,gpu_h2d,196608,float16,4,steady,1.222687005996704,0.02393599972128868,0.13928508758544922,0.016736000776290894,0.18695974349975586,0.896442174911499,0.9881782531738281,True,local before background launch and D2H,local after ready ACK,1.222687005996704,1.0104804039001465,1.202925205230713
experiments/inferrelay_two_node/results/t1-125m-b-a-01,B-A,22,opt-125m,4,32,768,gpu_h2d,196608,float16,5,steady,1.2028038501739502,0.010015999898314476,0.1328108310699463,0.016704000532627106,0.17568588256835938,0.8943071365356445,0.9913997650146484,True,local before background launch and D2H,local after ready ACK,1.2028038501739502,1.0115489959716797,1.1922192573547363
experiments/inferrelay_two_node/results/t1-125m-b-a-01,B-A,22,opt-125m,4,32,768,gpu_h2d,196608,float16,6,steady,1.254464864730835,0.029440000653266907,0.09116601943969727,0.016672000288963318,0.28539276123046875,0.877906084060669,0.87994384765625,True,local before background launch and D2H,local after ready ACK,1.254464864730835,0.8988747596740723,1.1920075416564941
experiments/inferrelay_two_node/results/t1-125m-b-a-01,B-A,22,opt-125m,4,32,768,gpu_h2d,196608,float16,7,steady,1.3526427745819092,0.026048000901937485,0.14263701438903809,0.01679999940097332,0.3071737289428711,0.90283203125,0.9953136444091797,True,local before background launch and D2H,local after ready ACK,1.3526427745819092,1.0150556564331055,1.3275961875915527
experiments/inferrelay_two_node/results/t1-125m-b-a-01,B-A,22,opt-125m,4,32,768,gpu_h2d,196608,float16,8,steady,1.3157398700714111,0.024224000051617622,0.13419389724731445,0.016767999157309532,0.2816963195800781,0.8998496532440186,0.9960718154907227,True,local before background launch and D2H,local after ready ACK,1.3157398700714111,1.014944076538086,1.3017997741699219
experiments/inferrelay_two_node/results/t1-125m-b-a-01,B-A,22,opt-125m,4,32,768,gpu_h2d,196608,float16,9,steady,1.320302963256836,0.14467200636863708,0.16782021522521973,0.016736000776290894,0.25238513946533203,0.9000976085662842,1.026318073272705,True,local before background launch and D2H,local after ready ACK,1.320302963256836,1.0468363761901855,1.3040885925292969
experiments/inferrelay_two_node/results/t1-125m-b-a-01,B-A,22,opt-125m,4,32,768,gpu_h2d,196608,float16,10,steady,1.3282651901245117,0.02691200003027916,0.14369797706604004,0.01696000061929226,0.2528800964355469,0.9316871166229248,1.0039677619934082,True,local before background launch and D2H,local after ready ACK,1.3282651901245117,1.0246038436889648,1.2972869873046875
experiments/inferrelay_two_node/results/t1-125m-b-a-01,B-A,22,opt-125m,4,32,768,gpu_h2d,196608,float16,11,steady,1.2223529815673828,0.009472000412642956,0.13080310821533203,0.016672000288963318,0.18932533264160156,0.9022245407104492,0.9833164215087891,True,local before background launch and D2H,local after ready ACK,1.2223529815673828,1.010411262512207,1.2084503173828125
experiments/inferrelay_two_node/results/t1-125m-b-a-01,B-A,22,opt-125m,4,32,768,gpu_h2d,196608,float16,12,steady,1.201653242111206,0.024383999407291412,0.13770508766174316,0.016704000532627106,0.16730690002441406,0.8966412544250488,1.0044398307800293,True,local before background launch and D2H,local after ready ACK,1.201653242111206,1.0257248878479004,1.1981730461120605
experiments/inferrelay_two_node/results/t1-125m-b-a-01,B-A,22,opt-125m,4,32,768,gpu_h2d,196608,float16,13,steady,1.2071382999420166,0.024000000208616257,0.13446807861328125,0.016704000532627106,0.17659568786621094,0.8960745334625244,0.9991669654846191,True,local before background launch and D2H,local after ready ACK,1.2071382999420166,1.0199060440063477,1.2043261528015137
experiments/inferrelay_two_node/results/t1-125m-b-a-01,B-A,22,opt-125m,4,32,768,gpu_h2d,196608,float16,14,steady,1.3327836990356445,0.02412799932062626,0.15474510192871094,0.016767999157309532,0.2783675193786621,0.8996710777282715,1.0105400085449219,True,local before background launch and D2H,local after ready ACK,1.3327836990356445,1.0323052406311035,1.3158998489379883
experiments/inferrelay_two_node/results/t1-125m-b-a-01,B-A,22,opt-125m,4,32,768,gpu_h2d,196608,float16,15,steady,1.1733570098876953,0.024224000051617622,0.13474416732788086,0.016831999644637108,0.18803691864013672,0.8505759239196777,0.9934487342834473,True,local before background launch and D2H,local after ready ACK,1.1733570098876953,1.0140128135681152,1.206918716430664
experiments/inferrelay_two_node/results/t1-125m-b-a-01,B-A,22,opt-125m,4,32,768,gpu_h2d,196608,float16,16,steady,1.2116870880126953,0.0244159996509552,0.08688497543334961,0.016704000532627106,0.24472427368164062,0.8800778388977051,0.9292912483215332,True,local before background launch and D2H,local after ready ACK,1.2116870880126953,0.9504151344299316,1.1999831199645996
experiments/inferrelay_two_node/results/t1-125m-b-a-01,B-A,22,opt-125m,4,32,768,gpu_h2d,196608,float16,17,steady,1.2526791095733643,0.024768000468611717,0.13958191871643066,0.01692800037562847,0.1791529655456543,0.9339442253112793,1.001889705657959,True,local before background launch and D2H,local after ready ACK,1.2526791095733643,1.0229225158691406,1.2227606773376465
experiments/inferrelay_two_node/results/t1-125m-b-a-01,B-A,22,opt-125m,4,32,768,gpu_h2d,196608,float16,18,steady,1.2436861991882324,0.02755199931561947,0.14699721336364746,0.01692800037562847,0.16729164123535156,0.9293973445892334,0.9990372657775879,True,local before background launch and D2H,local after ready ACK,1.2436861991882324,1.038001537322998,1.2279400825500488
experiments/inferrelay_two_node/results/t1-125m-b-a-01,B-A,22,opt-125m,4,32,768,gpu_h2d,196608,float16,19,steady,1.3062069416046143,0.0272000003606081,0.149885892868042,0.016704000532627106,0.24886369705200195,0.9074573516845703,0.999053955078125,True,local before background launch and D2H,local after ready ACK,1.3062069416046143,1.0300378799438477,1.288133144378662
experiments/inferrelay_two_node/results/t1-125m-b-a-01,B-A,22,opt-125m,4,32,768,gpu_h2d,196608,float16,20,steady,1.3215410709381104,0.025439999997615814,0.14367413520812988,0.016831999644637108,0.2850222587585449,0.8928446769714355,1.0010042190551758,True,local before background launch and D2H,local after ready ACK,1.3215410709381104,1.0274319648742676,1.318356990814209
experiments/inferrelay_two_node/results/t1-125m-b-a-01,B-A,22,opt-125m,4,32,768,gpu_h2d,196608,float16,21,steady,1.3168771266937256,0.023231999948620796,0.13298487663269043,0.01679999940097332,0.28632640838623047,0.8975658416748047,0.990877628326416,True,local before background launch and D2H,local after ready ACK,1.3168771266937256,1.0126781463623047,1.304196834564209
experiments/inferrelay_two_node/results/t1-125m-b-a-01,B-A,22,opt-125m,4,32,768,gpu_h2d,196608,float16,22,steady,1.3079750537872314,0.017952000722289085,0.047338008880615234,0.016736000776290894,0.3820328712463379,0.8786041736602783,0.898871898651123,True,local before background launch and D2H,local after ready ACK,1.3079750537872314,0.9177970886230469,1.304931640625
experiments/inferrelay_two_node/results/t1-125m-b-a-01,B-A,22,opt-125m,4,32,768,gpu_h2d,196608,float16,23,steady,1.3302922248840332,0.02380800060927868,0.13639020919799805,0.01692800037562847,0.2552647590637207,0.9386372566223145,1.0094695091247559,True,local before background launch and D2H,local after ready ACK,1.3302922248840332,1.0295639038085938,1.3031949996948242
experiments/inferrelay_two_node/results/t1-125m-b-a-01,B-A,23,opt-125m,4,32,768,gpu_compute,196608,float16,0,first_transfer,1.0786769390106201,0.07916799932718277,0.12195897102355957,0.02783999964594841,0.07345294952392578,0.8832650184631348,0.9926619529724121,True,local before background launch and D2H,local after ready ACK,1.0786769390106201,1.0271797180175781,1.1158361434936523
experiments/inferrelay_two_node/results/t1-125m-b-a-01,B-A,23,opt-125m,4,32,768,gpu_compute,196608,float16,1,warmup,1.000736951828003,0.02672000043094158,0.0884709358215332,0.022207999601960182,0.04452705383300781,0.8677389621734619,0.9353513717651367,True,local before background launch and D2H,local after ready ACK,1.000736951828003,0.9527740478515625,1.0017552375793457
experiments/inferrelay_two_node/results/t1-125m-b-a-01,B-A,23,opt-125m,4,32,768,gpu_compute,196608,float16,2,warmup,1.199254035949707,0.06092799827456474,0.21123099327087402,0.020255999639630318,0.04103279113769531,0.9469902515411377,1.1320090293884277,True,local before background launch and D2H,local after ready ACK,1.199254035949707,1.1455187797546387,1.1906018257141113
experiments/inferrelay_two_node/results/t1-125m-b-a-01,B-A,23,opt-125m,4,32,768,gpu_compute,196608,float16,3,warmup,1.0007750988006592,0.02566399984061718,0.10099387168884277,0.020640000700950623,0.04395627975463867,0.8558249473571777,0.9331974983215332,True,local before background launch and D2H,local after ready ACK,1.0007750988006592,0.9453592300415039,0.9936709403991699
experiments/inferrelay_two_node/results/t1-125m-b-a-01,B-A,23,opt-125m,4,32,768,gpu_compute,196608,float16,4,steady,0.9957528114318848,0.029120000079274178,0.09681487083435059,0.022336000576615334,0.0435938835144043,0.8553440570831299,0.9232540130615234,True,local before background launch and D2H,local after ready ACK,0.9957528114318848,0.937349796295166,0.9855270385742188
experiments/inferrelay_two_node/results/t1-125m-b-a-01,B-A,23,opt-125m,4,32,768,gpu_compute,196608,float16,5,steady,1.0069189071655273,0.024671999737620354,0.09648585319519043,0.02208000048995018,0.04383659362792969,0.8665964603424072,0.9370951652526855,True,local before background launch and D2H,local after ready ACK,1.0069189071655273,0.9509172439575195,0.998955249786377
experiments/inferrelay_two_node/results/t1-125m-b-a-01,B-A,23,opt-125m,4,32,768,gpu_compute,196608,float16,6,steady,1.0007798671722412,0.024480000138282776,0.09328389167785645,0.021503999829292297,0.042996883392333984,0.8644990921020508,0.9195752143859863,True,local before background launch and D2H,local after ready ACK,1.0007798671722412,0.9331350326538086,0.9847049713134766
experiments/inferrelay_two_node/results/t1-125m-b-a-01,B-A,23,opt-125m,4,32,768,gpu_compute,196608,float16,7,steady,0.9942049980163574,0.02521600015461445,0.1006622314453125,0.019840000197291374,0.042786598205566406,0.8507561683654785,0.9221491813659668,True,local before background launch and D2H,local after ready ACK,0.9942049980163574,0.9371147155761719,0.9843649864196777
experiments/inferrelay_two_node/results/t1-125m-b-a-01,B-A,23,opt-125m,4,32,768,gpu_compute,196608,float16,8,steady,0.9962711334228516,0.028192000463604927,0.09421801567077637,0.021983999758958817,0.04268312454223633,0.8593699932098389,0.9223017692565918,True,local before background launch and D2H,local after ready ACK,0.9962711334228516,0.9360089302062988,0.988257884979248
experiments/inferrelay_two_node/results/t1-125m-b-a-01,B-A,23,opt-125m,4,32,768,gpu_compute,196608,float16,9,steady,0.9983060359954834,0.025087999179959297,0.09997797012329102,0.02038400061428547,0.04270219802856445,0.8556258678436279,0.9242806434631348,True,local before background launch and D2H,local after ready ACK,0.9983060359954834,0.9381842613220215,0.9875459671020508
experiments/inferrelay_two_node/results/t1-125m-b-a-01,B-A,23,opt-125m,4,32,768,gpu_compute,196608,float16,10,steady,0.9970507621765137,0.024351999163627625,0.09711122512817383,0.021983999758958817,0.04267168045043945,0.8572678565979004,0.9279880523681641,True,local before background launch and D2H,local after ready ACK,0.9970507621765137,0.9419469833374023,0.9892430305480957
experiments/inferrelay_two_node/results/t1-125m-b-a-01,B-A,23,opt-125m,4,32,768,gpu_compute,196608,float16,11,steady,1.001343011856079,0.024032000452280045,0.09537386894226074,0.021856000646948814,0.04437875747680664,0.8615903854370117,0.9223260879516602,True,local before background launch and D2H,local after ready ACK,1.001343011856079,0.9361624717712402,0.9899516105651855
experiments/inferrelay_two_node/results/t1-125m-b-a-01,B-A,23,opt-125m,4,32,768,gpu_compute,196608,float16,12,steady,0.9994611740112305,0.024064000695943832,0.09496688842773438,0.02208000048995018,0.043614864349365234,0.8608794212341309,0.9233307838439941,True,local before background launch and D2H,local after ready ACK,0.9994611740112305,0.9369301795959473,0.9897866249084473
experiments/inferrelay_two_node/results/t1-125m-b-a-01,B-A,23,opt-125m,4,32,768,gpu_compute,196608,float16,13,steady,1.004601001739502,0.024639999493956566,0.10045480728149414,0.022112000733613968,0.04599905014038086,0.858147144317627,0.9273552894592285,True,local before background launch and D2H,local after ready ACK,1.004601001739502,0.9414253234863281,0.9950113296508789
experiments/inferrelay_two_node/results/t1-125m-b-a-01,B-A,23,opt-125m,4,32,768,gpu_compute,196608,float16,14,steady,0.9951169490814209,0.02908799983561039,0.09510302543640137,0.021056000143289566,0.04271888732910156,0.857295036315918,0.9208841323852539,True,local before background launch and D2H,local after ready ACK,0.9951169490814209,0.9355120658874512,0.983978271484375
experiments/inferrelay_two_node/results/t1-125m-b-a-01,B-A,23,opt-125m,4,32,768,gpu_compute,196608,float16,15,steady,1.1212491989135742,0.06563200056552887,0.15440821647644043,0.020031999796628952,0.04546833038330078,0.921372652053833,1.0470495223999023,True,local before background launch and D2H,local after ready ACK,1.1212491989135742,1.0607290267944336,1.1109580993652344
experiments/inferrelay_two_node/results/t1-125m-b-a-01,B-A,23,opt-125m,4,32,768,gpu_compute,196608,float16,16,steady,0.999215841293335,0.024159999564290047,0.09397315979003906,0.02112000063061714,0.04045391082763672,0.8647887706756592,0.9266395568847656,True,local before background launch and D2H,local after ready ACK,0.999215841293335,0.9400033950805664,0.9889497756958008
experiments/inferrelay_two_node/results/t1-125m-b-a-01,B-A,23,opt-125m,4,32,768,gpu_compute,196608,float16,17,steady,0.995776891708374,0.02380800060927868,0.09441924095153809,0.021503999829292297,0.042789459228515625,0.8585681915283203,0.9212417602539062,True,local before background launch and D2H,local after ready ACK,0.995776891708374,0.9350419044494629,0.9848856925964355
experiments/inferrelay_two_node/results/t1-125m-b-a-01,B-A,23,opt-125m,4,32,768,gpu_compute,196608,float16,18,steady,1.137322187423706,0.025855999439954758,0.0966188907623291,0.026976000517606735,0.07329607009887695,0.9674072265625,0.983759880065918,True,local before background launch and D2H,local after ready ACK,1.137322187423706,1.0317020416259766,1.1151480674743652
experiments/inferrelay_two_node/results/t1-125m-b-a-01,B-A,23,opt-125m,4,32,768,gpu_compute,196608,float16,19,steady,1.0515570640563965,0.024992000311613083,0.1002359390258789,0.02703999914228916,0.06710672378540039,0.8842144012451172,0.930793285369873,True,local before background launch and D2H,local after ready ACK,1.0515570640563965,0.957089900970459,1.0359230041503906
experiments/inferrelay_two_node/results/t1-125m-b-a-01,B-A,23,opt-125m,4,32,768,gpu_compute,196608,float16,20,steady,1.0074238777160645,0.023679999634623528,0.09283995628356934,0.023520000278949738,0.04713296890258789,0.8674509525299072,0.9280118942260742,True,local before background launch and D2H,local after ready ACK,1.0074238777160645,0.9459753036499023,0.9979724884033203
experiments/inferrelay_two_node/results/t1-125m-b-a-01,B-A,23,opt-125m,4,32,768,gpu_compute,196608,float16,21,steady,1.0149106979370117,0.025248000398278236,0.09575867652893066,0.020800000056624413,0.04322195053100586,0.8759300708770752,0.9271297454833984,True,local before background launch and D2H,local after ready ACK,1.0149106979370117,0.9425711631774902,0.9936647415161133
experiments/inferrelay_two_node/results/t1-125m-b-a-01,B-A,23,opt-125m,4,32,768,gpu_compute,196608,float16,22,steady,0.9958150386810303,0.02579200081527233,0.09883618354797363,0.020576000213623047,0.04244661331176758,0.8545322418212891,0.9242153167724609,True,local before background launch and D2H,local after ready ACK,0.9958150386810303,0.9388151168823242,0.9889369010925293
experiments/inferrelay_two_node/results/t1-125m-b-a-01,B-A,23,opt-125m,4,32,768,gpu_compute,196608,float16,23,steady,0.99704909324646,0.02486399933695793,0.09732985496520996,0.02147199958562851,0.04292869567871094,0.8567905426025391,0.923253059387207,True,local before background launch and D2H,local after ready ACK,0.99704909324646,0.9375276565551758,0.9880638122558594
experiments/inferrelay_two_node/results/t1-125m-b-a-01,B-A,24,opt-125m,4,128,768,cpu,786432,float16,0,first_transfer,2.8656020164489746,0.0,0.0,0.0,0.0,2.8656020164489746,2.848987579345703,True,local before background launch and D2H,local after ready ACK,2.8656020164489746,2.882598400115967,2.883091449737549
experiments/inferrelay_two_node/results/t1-125m-b-a-01,B-A,24,opt-125m,4,128,768,cpu,786432,float16,1,warmup,2.846925973892212,0.0,0.0,0.0,0.0,2.846925973892212,2.8235511779785156,True,local before background launch and D2H,local after ready ACK,2.846925973892212,2.8477139472961426,2.8481011390686035
experiments/inferrelay_two_node/results/t1-125m-b-a-01,B-A,24,opt-125m,4,128,768,cpu,786432,float16,2,warmup,2.8248159885406494,0.0,0.0,0.0,0.0,2.8248159885406494,2.803211212158203,True,local before background launch and D2H,local after ready ACK,2.8248159885406494,2.823423385620117,2.823678970336914
experiments/inferrelay_two_node/results/t1-125m-b-a-01,B-A,24,opt-125m,4,128,768,cpu,786432,float16,3,warmup,2.825299024581909,0.0,0.0,0.0,0.0,2.825299024581909,2.814957618713379,True,local before background launch and D2H,local after ready ACK,2.825299024581909,2.8303751945495605,2.8306198120117188
experiments/inferrelay_two_node/results/t1-125m-b-a-01,B-A,24,opt-125m,4,128,768,cpu,786432,float16,4,steady,2.818603038787842,0.0,0.0,0.0,0.0,2.818603038787842,2.81180477142334,True,local before background launch and D2H,local after ready ACK,2.818603038787842,2.824188232421875,2.8243870735168457
experiments/inferrelay_two_node/results/t1-125m-b-a-01,B-A,24,opt-125m,4,128,768,cpu,786432,float16,5,steady,2.859265089035034,0.0,0.0,0.0,0.0,2.859265089035034,2.8173723220825195,True,local before background launch and D2H,local after ready ACK,2.859265089035034,2.8293280601501465,2.8303208351135254
experiments/inferrelay_two_node/results/t1-125m-b-a-01,B-A,24,opt-125m,4,128,768,cpu,786432,float16,6,steady,2.8466250896453857,0.0,0.0,0.0,0.0,2.8466250896453857,2.7734217643737793,True,local before background launch and D2H,local after ready ACK,2.8466250896453857,2.8213658332824707,2.8220462799072266
experiments/inferrelay_two_node/results/t1-125m-b-a-01,B-A,24,opt-125m,4,128,768,cpu,786432,float16,7,steady,2.8552191257476807,0.0,0.0,0.0,0.0,2.8552191257476807,2.796783924102783,True,local before background launch and D2H,local after ready ACK,2.8552191257476807,2.825226306915283,2.825789451599121
experiments/inferrelay_two_node/results/t1-125m-b-a-01,B-A,24,opt-125m,4,128,768,cpu,786432,float16,8,steady,2.9444990158081055,0.0,0.0,0.0,0.0,2.9444990158081055,2.8211636543273926,True,local before background launch and D2H,local after ready ACK,2.9444990158081055,2.8479175567626953,2.8484950065612793
experiments/inferrelay_two_node/results/t1-125m-b-a-01,B-A,24,opt-125m,4,128,768,cpu,786432,float16,9,steady,2.908473014831543,0.0,0.0,0.0,0.0,2.908473014831543,2.8747897148132324,True,local before background launch and D2H,local after ready ACK,2.908473014831543,2.902817726135254,2.903489589691162
experiments/inferrelay_two_node/results/t1-125m-b-a-01,B-A,24,opt-125m,4,128,768,cpu,786432,float16,10,steady,2.8810081481933594,0.0,0.0,0.0,0.0,2.8810081481933594,2.854489326477051,True,local before background launch and D2H,local after ready ACK,2.8810081481933594,2.8784122467041016,2.878734588623047
experiments/inferrelay_two_node/results/t1-125m-b-a-01,B-A,24,opt-125m,4,128,768,cpu,786432,float16,11,steady,2.8773889541625977,0.0,0.0,0.0,0.0,2.8773889541625977,2.8646535873413086,True,local before background launch and D2H,local after ready ACK,2.8773889541625977,2.87846040725708,2.8787102699279785
experiments/inferrelay_two_node/results/t1-125m-b-a-01,B-A,24,opt-125m,4,128,768,cpu,786432,float16,12,steady,2.8738818168640137,0.0,0.0,0.0,0.0,2.8738818168640137,2.8606839179992676,True,local before background launch and D2H,local after ready ACK,2.8738818168640137,2.8724517822265625,2.8727827072143555
experiments/inferrelay_two_node/results/t1-125m-b-a-01,B-A,24,opt-125m,4,128,768,cpu,786432,float16,13,steady,2.8662309646606445,0.0,0.0,0.0,0.0,2.8662309646606445,2.8622608184814453,True,local before background launch and D2H,local after ready ACK,2.8662309646606445,2.873838424682617,2.8740897178649902
experiments/inferrelay_two_node/results/t1-125m-b-a-01,B-A,24,opt-125m,4,128,768,cpu,786432,float16,14,steady,2.8602147102355957,0.0,0.0,0.0,0.0,2.8602147102355957,2.8532285690307617,True,local before background launch and D2H,local after ready ACK,2.8602147102355957,2.864466667175293,2.8646926879882812
experiments/inferrelay_two_node/results/t1-125m-b-a-01,B-A,24,opt-125m,4,128,768,cpu,786432,float16,15,steady,2.8537721633911133,0.0,0.0,0.0,0.0,2.8537721633911133,2.84963321685791,True,local before background launch and D2H,local after ready ACK,2.8537721633911133,2.8604660034179688,2.8607826232910156
experiments/inferrelay_two_node/results/t1-125m-b-a-01,B-A,24,opt-125m,4,128,768,cpu,786432,float16,16,steady,2.853102922439575,0.0,0.0,0.0,0.0,2.853102922439575,2.853762626647949,True,local before background launch and D2H,local after ready ACK,2.853102922439575,2.864340305328369,2.864589214324951
experiments/inferrelay_two_node/results/t1-125m-b-a-01,B-A,24,opt-125m,4,128,768,cpu,786432,float16,17,steady,2.857192039489746,0.0,0.0,0.0,0.0,2.857192039489746,2.8516597747802734,True,local before background launch and D2H,local after ready ACK,2.857192039489746,2.862076759338379,2.862320899963379
experiments/inferrelay_two_node/results/t1-125m-b-a-01,B-A,24,opt-125m,4,128,768,cpu,786432,float16,18,steady,2.8605480194091797,0.0,0.0,0.0,0.0,2.8605480194091797,2.8514604568481445,True,local before background launch and D2H,local after ready ACK,2.8605480194091797,2.861760139465332,2.862088680267334
experiments/inferrelay_two_node/results/t1-125m-b-a-01,B-A,24,opt-125m,4,128,768,cpu,786432,float16,19,steady,2.8589580059051514,0.0,0.0,0.0,0.0,2.8589580059051514,2.8556790351867676,True,local before background launch and D2H,local after ready ACK,2.8589580059051514,2.8670854568481445,2.867326259613037
experiments/inferrelay_two_node/results/t1-125m-b-a-01,B-A,24,opt-125m,4,128,768,cpu,786432,float16,20,steady,2.851317882537842,0.0,0.0,0.0,0.0,2.851317882537842,2.8497085571289062,True,local before background launch and D2H,local after ready ACK,2.851317882537842,2.8599185943603516,2.8601584434509277
experiments/inferrelay_two_node/results/t1-125m-b-a-01,B-A,24,opt-125m,4,128,768,cpu,786432,float16,21,steady,2.7965168952941895,0.0,0.0,0.0,0.0,2.7965168952941895,2.7937378883361816,True,local before background launch and D2H,local after ready ACK,2.7965168952941895,2.8038787841796875,2.8042149543762207
experiments/inferrelay_two_node/results/t1-125m-b-a-01,B-A,24,opt-125m,4,128,768,cpu,786432,float16,22,steady,2.79715895652771,0.0,0.0,0.0,0.0,2.79715895652771,2.7940115928649902,True,local before background launch and D2H,local after ready ACK,2.79715895652771,2.8044471740722656,2.8046650886535645
experiments/inferrelay_two_node/results/t1-125m-b-a-01,B-A,24,opt-125m,4,128,768,cpu,786432,float16,23,steady,2.778002977371216,0.0,0.0,0.0,0.0,2.778002977371216,2.7787070274353027,True,local before background launch and D2H,local after ready ACK,2.778002977371216,2.7889723777770996,2.789219856262207
experiments/inferrelay_two_node/results/t1-125m-b-a-01,B-A,25,opt-125m,4,128,768,gpu,786432,float16,0,first_transfer,3.0754921436309814,0.03977600112557411,0.07024598121643066,0.07708799839019775,0.11924362182617188,2.886002540588379,2.891249179840088,True,local before background launch and D2H,local after ready ACK,3.0754921436309814,2.9608192443847656,3.088125228881836
experiments/inferrelay_two_node/results/t1-125m-b-a-01,B-A,25,opt-125m,4,128,768,gpu,786432,float16,1,warmup,3.0530240535736084,0.04572800174355507,0.0896449089050293,0.06483200192451477,0.0868830680847168,2.8764960765838623,2.934509754180908,True,local before background launch and D2H,local after ready ACK,3.0530240535736084,2.949247360229492,3.0401015281677246
experiments/inferrelay_two_node/results/t1-125m-b-a-01,B-A,25,opt-125m,4,128,768,gpu,786432,float16,2,warmup,3.013725757598877,0.038784001022577286,0.07537722587585449,0.06409599632024765,0.08508825302124023,2.8532602787017822,2.8824210166931152,True,local before background launch and D2H,local after ready ACK,3.013725757598877,2.9135212898254395,3.0023441314697266
experiments/inferrelay_two_node/results/t1-125m-b-a-01,B-A,25,opt-125m,4,128,768,gpu,786432,float16,3,warmup,3.008932113647461,0.0387520007789135,0.07473492622375488,0.06451199948787689,0.08354759216308594,2.85064959526062,2.902392864227295,True,local before background launch and D2H,local after ready ACK,3.008932113647461,2.9139270782470703,3.001053810119629
experiments/inferrelay_two_node/results/t1-125m-b-a-01,B-A,25,opt-125m,4,128,768,gpu,786432,float16,4,steady,3.008420944213867,0.038336001336574554,0.07338976860046387,0.06390400230884552,0.08416080474853516,2.850870370864868,2.8989930152893066,True,local before background launch and D2H,local after ready ACK,3.008420944213867,2.9103260040283203,2.9983296394348145
experiments/inferrelay_two_node/results/t1-125m-b-a-01,B-A,25,opt-125m,4,128,768,gpu,786432,float16,5,steady,3.1354048252105713,0.03932800143957138,0.09236717224121094,0.0769599974155426,0.13878583908081055,2.90425181388855,2.9462060928344727,True,local before background launch and D2H,local after ready ACK,3.1354048252105713,2.9581127166748047,3.1136207580566406
experiments/inferrelay_two_node/results/t1-125m-b-a-01,B-A,25,opt-125m,4,128,768,gpu,786432,float16,6,steady,3.089266300201416,0.04188799858093262,0.08372616767883301,0.07238399982452393,0.11496305465698242,2.8905770778656006,2.9097156524658203,True,local before background launch and D2H,local after ready ACK,3.089266300201416,2.937229633331299,3.0651698112487793
experiments/inferrelay_two_node/results/t1-125m-b-a-01,B-A,25,opt-125m,4,128,768,gpu,786432,float16,7,steady,3.0971829891204834,0.042080000042915344,0.08791613578796387,0.07267200201749802,0.11301708221435547,2.896249771118164,2.9264631271362305,True,local before background launch and D2H,local after ready ACK,3.0971829891204834,2.952192783355713,3.077575206756592
experiments/inferrelay_two_node/results/t1-125m-b-a-01,B-A,25,opt-125m,4,128,768,gpu,786432,float16,8,steady,3.086695909500122,0.041471999138593674,0.08559799194335938,0.07337599992752075,0.11138725280761719,2.8897106647491455,2.9218716621398926,True,local before background launch and D2H,local after ready ACK,3.086695909500122,2.946526050567627,3.0673561096191406
experiments/inferrelay_two_node/results/t1-125m-b-a-01,B-A,25,opt-125m,4,128,768,gpu,786432,float16,9,steady,3.071768045425415,0.040991999208927155,0.0825810432434082,0.07107199728488922,0.1096348762512207,2.879552125930786,2.9102940559387207,True,local before background launch and D2H,local after ready ACK,3.071768045425415,2.9350132942199707,3.052868366241455
experiments/inferrelay_two_node/results/t1-125m-b-a-01,B-A,25,opt-125m,4,128,768,gpu,786432,float16,10,steady,3.043692111968994,0.040352001786231995,0.08153200149536133,0.06460800021886826,0.08672285079956055,2.8754372596740723,2.927504062652588,True,local before background launch and D2H,local after ready ACK,3.043692111968994,2.9419751167297363,3.0330252647399902
experiments/inferrelay_two_node/results/t1-125m-b-a-01,B-A,25,opt-125m,4,128,768,gpu,786432,float16,11,steady,3.032811164855957,0.03951999917626381,0.07779598236083984,0.06406400352716446,0.09754562377929688,2.8574695587158203,2.908963680267334,True,local before background launch and D2H,local after ready ACK,3.032811164855957,2.9237122535705566,3.0250749588012695
experiments/inferrelay_two_node/results/t1-125m-b-a-01,B-A,25,opt-125m,4,128,768,gpu,786432,float16,12,steady,3.017016887664795,0.039264000952243805,0.0774390697479248,0.06467200070619583,0.08463144302368164,2.8549463748931885,2.909553050994873,True,local before background launch and D2H,local after ready ACK,3.017016887664795,2.9212427139282227,3.0099425315856934
experiments/inferrelay_two_node/results/t1-125m-b-a-01,B-A,25,opt-125m,4,128,768,gpu,786432,float16,13,steady,3.0047683715820312,0.03830400109291077,0.0739128589630127,0.06496000289916992,0.08371210098266602,2.8471434116363525,2.89530086517334,True,local before background launch and D2H,local after ready ACK,3.0047683715820312,2.9060721397399902,2.993433952331543
experiments/inferrelay_two_node/results/t1-125m-b-a-01,B-A,25,opt-125m,4,128,768,gpu,786432,float16,14,steady,2.9972052574157715,0.03779200091958046,0.07136893272399902,0.06281600147485733,0.0832982063293457,2.8425381183624268,2.8882555961608887,True,local before background launch and D2H,local after ready ACK,2.9972052574157715,2.8998360633850098,2.9870033264160156
experiments/inferrelay_two_node/results/t1-125m-b-a-01,B-A,25,opt-125m,4,128,768,gpu,786432,float16,15,steady,3.003563165664673,0.03766399994492531,0.07103729248046875,0.06300800293684006,0.08282995223999023,2.849695920944214,2.892246723175049,True,local before background launch and D2H,local after ready ACK,3.003563165664673,2.9035959243774414,2.9902119636535645
experiments/inferrelay_two_node/results/t1-125m-b-a-01,B-A,25,opt-125m,4,128,768,gpu,786432,float16,16,steady,2.993699073791504,0.037248000502586365,0.07102799415588379,0.06204799935221672,0.08174610137939453,2.8409249782562256,2.892214298248291,True,local before background launch and D2H,local after ready ACK,2.993699073791504,2.9032368659973145,2.988494873046875
experiments/inferrelay_two_node/results/t1-125m-b-a-01,B-A,25,opt-125m,4,128,768,gpu,786432,float16,17,steady,2.998755931854248,0.037696000188589096,0.07074618339538574,0.06297600269317627,0.08398580551147461,2.8440239429473877,2.893336296081543,True,local before background launch and D2H,local after ready ACK,2.998755931854248,2.90499210357666,2.9928197860717773
experiments/inferrelay_two_node/results/t1-125m-b-a-01,B-A,25,opt-125m,4,128,768,gpu,786432,float16,18,steady,2.9959518909454346,0.037408001720905304,0.07105302810668945,0.06278400123119354,0.08315467834472656,2.8417441844940186,2.892988681793213,True,local before background launch and D2H,local after ready ACK,2.9959518909454346,2.9043312072753906,2.9913010597229004
experiments/inferrelay_two_node/results/t1-125m-b-a-01,B-A,25,opt-125m,4,128,768,gpu,786432,float16,19,steady,2.99812388420105,0.038495998829603195,0.07196807861328125,0.06294400244951248,0.08282613754272461,2.843329668045044,2.900200366973877,True,local before background launch and D2H,local after ready ACK,2.99812388420105,2.911916732788086,2.998340129852295
experiments/inferrelay_two_node/results/t1-125m-b-a-01,B-A,25,opt-125m,4,128,768,gpu,786432,float16,20,steady,3.0515758991241455,0.03759999945759773,0.07163286209106445,0.06265600025653839,0.08283710479736328,2.8971059322357178,2.890289783477783,True,local before background launch and D2H,local after ready ACK,3.0515758991241455,2.9017434120178223,2.988438129425049
experiments/inferrelay_two_node/results/t1-125m-b-a-01,B-A,25,opt-125m,4,128,768,gpu,786432,float16,21,steady,3.033097267150879,0.04121600091457367,0.06427407264709473,0.06319999694824219,0.08278036117553711,2.886042833328247,2.877351760864258,True,local before background launch and D2H,local after ready ACK,3.033097267150879,2.8886470794677734,2.975217342376709
experiments/inferrelay_two_node/results/t1-125m-b-a-01,B-A,25,opt-125m,4,128,768,gpu,786432,float16,22,steady,3.0171518325805664,0.037728000432252884,0.058892011642456055,0.06419199705123901,0.0825662612915039,2.8756935596466064,2.919511318206787,True,local before background launch and D2H,local after ready ACK,3.0171518325805664,2.9308528900146484,3.0170531272888184
experiments/inferrelay_two_node/results/t1-125m-b-a-01,B-A,25,opt-125m,4,128,768,gpu,786432,float16,23,steady,2.9801688194274902,0.03750399872660637,0.059662818908691406,0.06297600269317627,0.08332204818725586,2.837183952331543,2.928403377532959,True,local before background launch and D2H,local after ready ACK,2.9801688194274902,2.9395408630371094,3.026648998260498
experiments/inferrelay_two_node/results/t1-125m-b-a-01,B-A,26,opt-125m,4,128,768,gpu_h2d,786432,float16,0,first_transfer,3.718935012817383,0.0920960009098053,0.13660311698913574,0.5630080103874207,0.6470918655395508,2.9352400302886963,3.0619773864746094,True,local before background launch and D2H,local after ready ACK,3.718935012817383,3.1095027923583984,3.771294593811035
experiments/inferrelay_two_node/results/t1-125m-b-a-01,B-A,26,opt-125m,4,128,768,gpu_h2d,786432,float16,1,warmup,3.666520118713379,0.06524799764156342,0.10999798774719238,0.06147199869155884,0.660862922668457,2.8956592082977295,2.9407224655151367,True,local before background launch and D2H,local after ready ACK,3.666520118713379,2.972534656524658,3.6418118476867676
experiments/inferrelay_two_node/results/t1-125m-b-a-01,B-A,26,opt-125m,4,128,768,gpu_h2d,786432,float16,2,warmup,3.635934829711914,0.04633599892258644,0.15445709228515625,0.061055999249219894,0.5689411163330078,2.91253662109375,3.027810573577881,True,local before background launch and D2H,local after ready ACK,3.635934829711914,3.048983097076416,3.6230831146240234
experiments/inferrelay_two_node/results/t1-125m-b-a-01,B-A,26,opt-125m,4,128,768,gpu_h2d,786432,float16,3,warmup,3.716996908187866,0.04604800045490265,0.1502997875213623,0.06108799949288368,0.6424698829650879,2.924227237701416,3.0063281059265137,True,local before background launch and D2H,local after ready ACK,3.716996908187866,3.03725528717041,3.6912760734558105
experiments/inferrelay_two_node/results/t1-125m-b-a-01,B-A,26,opt-125m,4,128,768,gpu_h2d,786432,float16,4,steady,3.659489870071411,0.07081600278615952,0.10513091087341309,0.060896001756191254,0.6568741798400879,2.89748477935791,2.9566731452941895,True,local before background launch and D2H,local after ready ACK,3.659489870071411,2.978870391845703,3.6441659927368164
experiments/inferrelay_two_node/results/t1-125m-b-a-01,B-A,26,opt-125m,4,128,768,gpu_h2d,786432,float16,5,steady,3.7157580852508545,0.047040000557899475,0.14113116264343262,0.06083200126886368,0.6882400512695312,2.8863868713378906,3.026404857635498,True,local before background launch and D2H,local after ready ACK,3.7157580852508545,3.04799222946167,3.741115093231201
experiments/inferrelay_two_node/results/t1-125m-b-a-01,B-A,26,opt-125m,4,128,768,gpu_h2d,786432,float16,6,steady,3.572413921356201,0.06159999966621399,0.10209512710571289,0.06111999973654747,0.5902948379516602,2.880023956298828,2.9261560440063477,True,local before background launch and D2H,local after ready ACK,3.572413921356201,2.9572577476501465,3.5559048652648926
experiments/inferrelay_two_node/results/t1-125m-b-a-01,B-A,26,opt-125m,4,128,768,gpu_h2d,786432,float16,7,steady,3.5418007373809814,0.0628800019621849,0.10285496711730957,0.06111999973654747,0.5737619400024414,2.8651838302612305,2.930270195007324,True,local before background launch and D2H,local after ready ACK,3.5418007373809814,2.9532318115234375,3.5319862365722656
experiments/inferrelay_two_node/results/t1-125m-b-a-01,B-A,26,opt-125m,4,128,768,gpu_h2d,786432,float16,8,steady,3.9044721126556396,0.043455999344587326,0.08776712417602539,0.06111999973654747,0.8841900825500488,2.9325149059295654,2.9625048637390137,True,local before background launch and D2H,local after ready ACK,3.9044721126556396,2.988828182220459,3.887620449066162
experiments/inferrelay_two_node/results/t1-125m-b-a-01,B-A,26,opt-125m,4,128,768,gpu_h2d,786432,float16,9,steady,3.728132963180542,0.12336000055074692,0.16066694259643555,0.060896001756191254,0.648615837097168,2.9188501834869385,3.0282602310180664,True,local before background launch and D2H,local after ready ACK,3.728132963180542,3.050325870513916,3.70704984664917
experiments/inferrelay_two_node/results/t1-125m-b-a-01,B-A,26,opt-125m,4,128,768,gpu_h2d,786432,float16,10,steady,3.723389148712158,0.044064000248909,0.15314984321594238,0.060896001756191254,0.6657261848449707,2.904513120651245,3.0168323516845703,True,local before background launch and D2H,local after ready ACK,3.723389148712158,3.0372843742370605,3.7084693908691406
experiments/inferrelay_two_node/results/t1-125m-b-a-01,B-A,26,opt-125m,4,128,768,gpu_h2d,786432,float16,11,steady,3.591580867767334,0.02924799919128418,0.1474769115447998,0.062272001057863235,0.5276079177856445,2.9164960384368896,2.98704195022583,True,local before background launch and D2H,local after ready ACK,3.591580867767334,3.0283823013305664,3.5681686401367188
experiments/inferrelay_two_node/results/t1-125m-b-a-01,B-A,26,opt-125m,4,128,768,gpu_h2d,786432,float16,12,steady,3.5747978687286377,0.04412800073623657,0.14635515213012695,0.06207999959588051,0.4932723045349121,2.9351704120635986,3.008263111114502,True,local before background launch and D2H,local after ready ACK,3.5747978687286377,3.0449280738830566,3.5526790618896484
experiments/inferrelay_two_node/results/t1-125m-b-a-01,B-A,26,opt-125m,4,128,768,gpu_h2d,786432,float16,13,steady,3.661586046218872,0.06239999830722809,0.10400104522705078,0.060896001756191254,0.6843757629394531,2.873209238052368,2.9373440742492676,True,local before background launch and D2H,local after ready ACK,3.661586046218872,2.9567527770996094,3.6492919921875
experiments/inferrelay_two_node/results/t1-125m-b-a-01,B-A,26,opt-125m,4,128,768,gpu_h2d,786432,float16,14,steady,3.6416218280792236,0.04806400090456009,0.1568920612335205,0.06080000102519989,0.5612659454345703,2.923463821411133,3.037804126739502,True,local before background launch and D2H,local after ready ACK,3.6416218280792236,3.05718994140625,3.6269240379333496
experiments/inferrelay_two_node/results/t1-125m-b-a-01,B-A,26,opt-125m,4,128,768,gpu_h2d,786432,float16,15,steady,3.753666877746582,0.04678399860858917,0.1558992862701416,0.061216000467538834,0.6535367965698242,2.944230794906616,3.031780242919922,True,local before background launch and D2H,local after ready ACK,3.753666877746582,3.051027297973633,3.730283260345459
experiments/inferrelay_two_node/results/t1-125m-b-a-01,B-A,26,opt-125m,4,128,768,gpu_h2d,786432,float16,16,steady,3.5794708728790283,0.045951999723911285,0.1529068946838379,0.062111999839544296,0.5053997039794922,2.9211642742156982,3.003650665283203,True,local before background launch and D2H,local after ready ACK,3.5794708728790283,3.040328025817871,3.555695056915283
experiments/inferrelay_two_node/results/t1-125m-b-a-01,B-A,26,opt-125m,4,128,768,gpu_h2d,786432,float16,17,steady,3.568819999694824,0.04438399896025658,0.15188026428222656,0.06185600161552429,0.49181461334228516,2.9251251220703125,3.0029311180114746,True,local before background launch and D2H,local after ready ACK,3.568819999694824,3.03804874420166,3.538196086883545
experiments/inferrelay_two_node/results/t1-125m-b-a-01,B-A,26,opt-125m,4,128,768,gpu_h2d,786432,float16,18,steady,3.6779611110687256,0.14051200449466705,0.16570305824279785,0.06083200126886368,0.5905580520629883,2.9217000007629395,3.0283236503601074,True,local before background launch and D2H,local after ready ACK,3.6779611110687256,3.049304485321045,3.6483378410339355
experiments/inferrelay_two_node/results/t1-125m-b-a-01,B-A,26,opt-125m,4,128,768,gpu_h2d,786432,float16,19,steady,3.6507768630981445,0.04870399832725525,0.15130996704101562,0.060864001512527466,0.5731501579284668,2.926316738128662,3.0232748985290527,True,local before background launch and D2H,local after ready ACK,3.6507768630981445,3.042819023132324,3.621504783630371
experiments/inferrelay_two_node/results/t1-125m-b-a-01,B-A,26,opt-125m,4,128,768,gpu_h2d,786432,float16,20,steady,3.672905921936035,0.12588800489902496,0.16484785079956055,0.06102399900555611,0.6034860610961914,2.904572010040283,3.037385940551758,True,local before background launch and D2H,local after ready ACK,3.672905921936035,3.0566840171813965,3.664569854736328
experiments/inferrelay_two_node/results/t1-125m-b-a-01,B-A,26,opt-125m,4,128,768,gpu_h2d,786432,float16,21,steady,3.6055731773376465,0.12748800218105316,0.1667008399963379,0.06207999959588051,0.5002756118774414,2.938596725463867,3.0125508308410645,True,local before background launch and D2H,local after ready ACK,3.6055731773376465,3.054107189178467,3.5667409896850586
experiments/inferrelay_two_node/results/t1-125m-b-a-01,B-A,26,opt-125m,4,128,768,gpu_h2d,786432,float16,22,steady,3.562297821044922,0.04771199822425842,0.15355992317199707,0.06140799820423126,0.489560604095459,2.919177293777466,3.007746696472168,True,local before background launch and D2H,local after ready ACK,3.562297821044922,3.044780731201172,3.5426998138427734
experiments/inferrelay_two_node/results/t1-125m-b-a-01,B-A,26,opt-125m,4,128,768,gpu_h2d,786432,float16,23,steady,3.6711552143096924,0.04419200122356415,0.0876922607421875,0.06083200126886368,0.6815557479858398,2.901907205581665,2.94191312789917,True,local before background launch and D2H,local after ready ACK,3.6711552143096924,2.9624180793762207,3.649207592010498
experiments/inferrelay_two_node/results/t1-125m-b-a-01,B-A,27,opt-125m,4,128,768,gpu_compute,786432,float16,0,first_transfer,3.125566244125366,0.03670400008559227,0.1154170036315918,0.07734400033950806,0.12712907791137695,2.8830201625823975,2.9442434310913086,True,local before background launch and D2H,local after ready ACK,3.125566244125366,3.000332832336426,3.136066436767578
experiments/inferrelay_two_node/results/t1-125m-b-a-01,B-A,27,opt-125m,4,128,768,gpu_compute,786432,float16,1,warmup,3.1220920085906982,0.08940800279378891,0.14738893508911133,0.0655359998345375,0.09076547622680664,2.8839375972747803,2.989029884338379,True,local before background launch and D2H,local after ready ACK,3.1220920085906982,3.0084176063537598,3.1080703735351562
experiments/inferrelay_two_node/results/t1-125m-b-a-01,B-A,27,opt-125m,4,128,768,gpu_compute,786432,float16,2,warmup,3.097144842147827,0.04214400053024292,0.12317514419555664,0.06486400216817856,0.08834028244018555,2.885629415512085,2.9731054306030273,True,local before background launch and D2H,local after ready ACK,3.097144842147827,2.9905009269714355,3.0839056968688965
experiments/inferrelay_two_node/results/t1-125m-b-a-01,B-A,27,opt-125m,4,128,768,gpu_compute,786432,float16,3,warmup,3.086355209350586,0.043455999344587326,0.11285996437072754,0.06467200070619583,0.09115314483642578,2.8823421001434326,2.96517276763916,True,local before background launch and D2H,local after ready ACK,3.086355209350586,2.9809751510620117,3.076673984527588
experiments/inferrelay_two_node/results/t1-125m-b-a-01,B-A,27,opt-125m,4,128,768,gpu_compute,786432,float16,4,steady,3.0803921222686768,0.044096000492572784,0.10792398452758789,0.06825599819421768,0.09356021881103516,2.8789079189300537,2.9493303298950195,True,local before background launch and D2H,local after ready ACK,3.0803921222686768,2.965573787689209,3.0692548751831055
experiments/inferrelay_two_node/results/t1-125m-b-a-01,B-A,27,opt-125m,4,128,768,gpu_compute,786432,float16,5,steady,3.0646350383758545,0.0427200011909008,0.1080930233001709,0.06585600227117538,0.09041929244995117,2.8661227226257324,2.9402027130126953,True,local before background launch and D2H,local after ready ACK,3.0646350383758545,2.957540988922119,3.0528979301452637
experiments/inferrelay_two_node/results/t1-125m-b-a-01,B-A,27,opt-125m,4,128,768,gpu_compute,786432,float16,6,steady,3.071938991546631,0.040352001786231995,0.10961008071899414,0.06905599683523178,0.09316825866699219,2.8691606521606445,2.9471030235290527,True,local before background launch and D2H,local after ready ACK,3.071938991546631,2.9636082649230957,3.0612688064575195
experiments/inferrelay_two_node/results/t1-125m-b-a-01,B-A,27,opt-125m,4,128,768,gpu_compute,786432,float16,7,steady,3.1071131229400635,0.059808000922203064,0.1459488868713379,0.06496000289916992,0.08957719802856445,2.871587038040161,2.9833984375,True,local before background launch and D2H,local after ready ACK,3.1071131229400635,3.0014052391052246,3.0954856872558594
experiments/inferrelay_two_node/results/t1-125m-b-a-01,B-A,27,opt-125m,4,128,768,gpu_compute,786432,float16,8,steady,3.067976951599121,0.04265600070357323,0.10630989074707031,0.06627199798822403,0.096649169921875,2.865017890930176,2.9361557960510254,True,local before background launch and D2H,local after ready ACK,3.067976951599121,2.9521660804748535,3.0590481758117676
experiments/inferrelay_two_node/results/t1-125m-b-a-01,B-A,27,opt-125m,4,128,768,gpu_compute,786432,float16,9,steady,3.0655980110168457,0.043807998299598694,0.10761785507202148,0.0660799965262413,0.09348440170288086,2.8644957542419434,2.9407992362976074,True,local before background launch and D2H,local after ready ACK,3.0655980110168457,2.958033561706543,3.056046962738037
experiments/inferrelay_two_node/results/t1-125m-b-a-01,B-A,27,opt-125m,4,128,768,gpu_compute,786432,float16,10,steady,3.0581820011138916,0.04025600105524063,0.10400199890136719,0.06515199691057205,0.0892939567565918,2.8648860454559326,2.935028076171875,True,local before background launch and D2H,local after ready ACK,3.0581820011138916,2.9519925117492676,3.045896053314209
experiments/inferrelay_two_node/results/t1-125m-b-a-01,B-A,27,opt-125m,4,128,768,gpu_compute,786432,float16,11,steady,3.06740403175354,0.039712000638246536,0.10723590850830078,0.06841599941253662,0.09210538864135742,2.868062734603882,2.942596435546875,True,local before background launch and D2H,local after ready ACK,3.06740403175354,2.9590630531311035,3.0557613372802734
experiments/inferrelay_two_node/results/t1-125m-b-a-01,B-A,27,opt-125m,4,128,768,gpu_compute,786432,float16,12,steady,3.0623981952667236,0.0395519994199276,0.10660195350646973,0.06550399959087372,0.08923006057739258,2.8665661811828613,2.939533233642578,True,local before background launch and D2H,local after ready ACK,3.0623981952667236,2.9559683799743652,3.0498809814453125
experiments/inferrelay_two_node/results/t1-125m-b-a-01,B-A,27,opt-125m,4,128,768,gpu_compute,786432,float16,13,steady,3.066056966781616,0.03961599990725517,0.10697388648986816,0.0655359998345375,0.08802318572998047,2.8710598945617676,2.945143699645996,True,local before background launch and D2H,local after ready ACK,3.066056966781616,2.961738109588623,3.054272174835205
experiments/inferrelay_two_node/results/t1-125m-b-a-01,B-A,27,opt-125m,4,128,768,gpu_compute,786432,float16,14,steady,3.065700054168701,0.03984000161290169,0.10661625862121582,0.07100799679756165,0.09874296188354492,2.8603408336639404,2.933537483215332,True,local before background launch and D2H,local after ready ACK,3.065700054168701,2.95050048828125,3.0535831451416016
experiments/inferrelay_two_node/results/t1-125m-b-a-01,B-A,27,opt-125m,4,128,768,gpu_compute,786432,float16,15,steady,3.076927900314331,0.0398080013692379,0.11201906204223633,0.07212799787521362,0.09952259063720703,2.8653862476348877,2.947856903076172,True,local before background launch and D2H,local after ready ACK,3.076927900314331,2.965221405029297,3.0692410469055176
experiments/inferrelay_two_node/results/t1-125m-b-a-01,B-A,27,opt-125m,4,128,768,gpu_compute,786432,float16,16,steady,3.0564591884613037,0.04217600077390671,0.1046142578125,0.06540799885988235,0.08927726745605469,2.862567663192749,2.935199737548828,True,local before background launch and D2H,local after ready ACK,3.0564591884613037,2.9521727561950684,3.0459771156311035
experiments/inferrelay_two_node/results/t1-125m-b-a-01,B-A,27,opt-125m,4,128,768,gpu_compute,786432,float16,17,steady,3.10884690284729,0.04255999997258186,0.10835695266723633,0.06896000355482101,0.0928640365600586,2.907625913619995,2.9407567977905273,True,local before background launch and D2H,local after ready ACK,3.10884690284729,2.957350254058838,3.0547451972961426
experiments/inferrelay_two_node/results/t1-125m-b-a-01,B-A,27,opt-125m,4,128,768,gpu_compute,786432,float16,18,steady,3.090834856033325,0.042688000947237015,0.09275388717651367,0.06764800101518631,0.09384489059448242,2.904236078262329,2.9544177055358887,True,local before background launch and D2H,local after ready ACK,3.090834856033325,2.9710168838500977,3.069399833679199
experiments/inferrelay_two_node/results/t1-125m-b-a-01,B-A,27,opt-125m,4,128,768,gpu_compute,786432,float16,19,steady,3.0147719383239746,0.05984000116586685,0.08383297920227051,0.06617599725723267,0.08977651596069336,2.8411624431610107,2.9452567100524902,True,local before background launch and D2H,local after ready ACK,3.0147719383239746,2.9620003700256348,3.056262969970703
experiments/inferrelay_two_node/results/t1-125m-b-a-01,B-A,27,opt-125m,4,128,768,gpu_compute,786432,float16,20,steady,2.998241901397705,0.05584000051021576,0.07647180557250977,0.06755200028419495,0.09235429763793945,2.829415798187256,2.8679118156433105,True,local before background launch and D2H,local after ready ACK,2.998241901397705,2.8851318359375,2.9905619621276855
experiments/inferrelay_two_node/results/t1-125m-b-a-01,B-A,27,opt-125m,4,128,768,gpu_compute,786432,float16,21,steady,2.990565061569214,0.05500800162553787,0.07651710510253906,0.06758400052785873,0.09161663055419922,2.8224313259124756,2.8652992248535156,True,local before background launch and D2H,local after ready ACK,2.990565061569214,2.8823561668395996,2.978425979614258
experiments/inferrelay_two_node/results/t1-125m-b-a-01,B-A,27,opt-125m,4,128,768,gpu_compute,786432,float16,22,steady,3.095860004425049,0.058559998869895935,0.07926201820373535,0.09673599898815155,0.15943527221679688,2.8571627140045166,2.865535259246826,True,local before background launch and D2H,local after ready ACK,3.095860004425049,2.8843531608581543,3.065833568572998
experiments/inferrelay_two_node/results/t1-125m-b-a-01,B-A,27,opt-125m,4,128,768,gpu_compute,786432,float16,23,steady,3.010586977005005,0.05571199953556061,0.07645487785339355,0.07340800017118454,0.10220718383789062,2.8319249153137207,2.8645243644714355,True,local before background launch and D2H,local after ready ACK,3.010586977005005,2.8873648643493652,2.997790813446045
experiments/inferrelay_two_node/results/t1-125m-b-a-01,B-A,28,opt-125m,4,256,768,cpu,1572864,float16,0,first_transfer,5.5671586990356445,0.0,0.0,0.0,0.0,5.5671586990356445,5.5618577003479,True,local before background launch and D2H,local after ready ACK,5.5671586990356445,5.629495620727539,5.630049705505371
experiments/inferrelay_two_node/results/t1-125m-b-a-01,B-A,28,opt-125m,4,256,768,cpu,1572864,float16,1,warmup,5.5143821239471436,0.0,0.0,0.0,0.0,5.5143821239471436,5.488959312438965,True,local before background launch and D2H,local after ready ACK,5.5143821239471436,5.512889385223389,5.513285160064697
experiments/inferrelay_two_node/results/t1-125m-b-a-01,B-A,28,opt-125m,4,256,768,cpu,1572864,float16,2,warmup,5.507391929626465,0.0,0.0,0.0,0.0,5.507391929626465,5.491732120513916,True,local before background launch and D2H,local after ready ACK,5.507391929626465,5.50531005859375,5.505669593811035
experiments/inferrelay_two_node/results/t1-125m-b-a-01,B-A,28,opt-125m,4,256,768,cpu,1572864,float16,3,warmup,5.510925054550171,0.0,0.0,0.0,0.0,5.510925054550171,5.494106769561768,True,local before background launch and D2H,local after ready ACK,5.510925054550171,5.5067057609558105,5.507052421569824
experiments/inferrelay_two_node/results/t1-125m-b-a-01,B-A,28,opt-125m,4,256,768,cpu,1572864,float16,4,steady,5.527912855148315,0.0,0.0,0.0,0.0,5.527912855148315,5.518762588500977,True,local before background launch and D2H,local after ready ACK,5.527912855148315,5.530411243438721,5.530760765075684
experiments/inferrelay_two_node/results/t1-125m-b-a-01,B-A,28,opt-125m,4,256,768,cpu,1572864,float16,5,steady,5.508687734603882,0.0,0.0,0.0,0.0,5.508687734603882,5.502009391784668,True,local before background launch and D2H,local after ready ACK,5.508687734603882,5.51365327835083,5.513997554779053
experiments/inferrelay_two_node/results/t1-125m-b-a-01,B-A,28,opt-125m,4,256,768,cpu,1572864,float16,6,steady,5.497831106185913,0.0,0.0,0.0,0.0,5.497831106185913,5.487675666809082,True,local before background launch and D2H,local after ready ACK,5.497831106185913,5.498927116394043,5.499217987060547
experiments/inferrelay_two_node/results/t1-125m-b-a-01,B-A,28,opt-125m,4,256,768,cpu,1572864,float16,7,steady,5.498754024505615,0.0,0.0,0.0,0.0,5.498754024505615,5.488430976867676,True,local before background launch and D2H,local after ready ACK,5.498754024505615,5.500810623168945,5.501231670379639
experiments/inferrelay_two_node/results/t1-125m-b-a-01,B-A,28,opt-125m,4,256,768,cpu,1572864,float16,8,steady,5.552878141403198,0.0,0.0,0.0,0.0,5.552878141403198,5.499808311462402,True,local before background launch and D2H,local after ready ACK,5.552878141403198,5.5106730461120605,5.510987758636475
experiments/inferrelay_two_node/results/t1-125m-b-a-01,B-A,28,opt-125m,4,256,768,cpu,1572864,float16,9,steady,5.544471025466919,0.0,0.0,0.0,0.0,5.544471025466919,5.524894714355469,True,local before background launch and D2H,local after ready ACK,5.544471025466919,5.536192893981934,5.536489009857178
experiments/inferrelay_two_node/results/t1-125m-b-a-01,B-A,28,opt-125m,4,256,768,cpu,1572864,float16,10,steady,5.531981945037842,0.0,0.0,0.0,0.0,5.531981945037842,5.532391548156738,True,local before background launch and D2H,local after ready ACK,5.531981945037842,5.543666839599609,5.544168949127197
experiments/inferrelay_two_node/results/t1-125m-b-a-01,B-A,28,opt-125m,4,256,768,cpu,1572864,float16,11,steady,5.53228497505188,0.0,0.0,0.0,0.0,5.53228497505188,5.525142192840576,True,local before background launch and D2H,local after ready ACK,5.53228497505188,5.536651134490967,5.536988258361816
experiments/inferrelay_two_node/results/t1-125m-b-a-01,B-A,28,opt-125m,4,256,768,cpu,1572864,float16,12,steady,5.526666164398193,0.0,0.0,0.0,0.0,5.526666164398193,5.522626876831055,True,local before background launch and D2H,local after ready ACK,5.526666164398193,5.533781051635742,5.534214019775391
experiments/inferrelay_two_node/results/t1-125m-b-a-01,B-A,28,opt-125m,4,256,768,cpu,1572864,float16,13,steady,5.53363299369812,0.0,0.0,0.0,0.0,5.53363299369812,5.522695064544678,True,local before background launch and D2H,local after ready ACK,5.53363299369812,5.5337090492248535,5.534171104431152
experiments/inferrelay_two_node/results/t1-125m-b-a-01,B-A,28,opt-125m,4,256,768,cpu,1572864,float16,14,steady,5.528702020645142,0.0,0.0,0.0,0.0,5.528702020645142,5.531596660614014,True,local before background launch and D2H,local after ready ACK,5.528702020645142,5.542089939117432,5.542331695556641
experiments/inferrelay_two_node/results/t1-125m-b-a-01,B-A,28,opt-125m,4,256,768,cpu,1572864,float16,15,steady,5.53251576423645,0.0,0.0,0.0,0.0,5.53251576423645,5.529358386993408,True,local before background launch and D2H,local after ready ACK,5.53251576423645,5.539968013763428,5.540308952331543
experiments/inferrelay_two_node/results/t1-125m-b-a-01,B-A,28,opt-125m,4,256,768,cpu,1572864,float16,16,steady,5.540871858596802,0.0,0.0,0.0,0.0,5.540871858596802,5.531164646148682,True,local before background launch and D2H,local after ready ACK,5.540871858596802,5.542336940765381,5.542771816253662
experiments/inferrelay_two_node/results/t1-125m-b-a-01,B-A,28,opt-125m,4,256,768,cpu,1572864,float16,17,steady,5.53321099281311,0.0,0.0,0.0,0.0,5.53321099281311,5.533238887786865,True,local before background launch and D2H,local after ready ACK,5.53321099281311,5.544074058532715,5.544396877288818
experiments/inferrelay_two_node/results/t1-125m-b-a-01,B-A,28,opt-125m,4,256,768,cpu,1572864,float16,18,steady,5.525625944137573,0.0,0.0,0.0,0.0,5.525625944137573,5.523554801940918,True,local before background launch and D2H,local after ready ACK,5.525625944137573,5.534427165985107,5.534768104553223
experiments/inferrelay_two_node/results/t1-125m-b-a-01,B-A,28,opt-125m,4,256,768,cpu,1572864,float16,19,steady,5.529771089553833,0.0,0.0,0.0,0.0,5.529771089553833,5.524219989776611,True,local before background launch and D2H,local after ready ACK,5.529771089553833,5.535653114318848,5.535971164703369
experiments/inferrelay_two_node/results/t1-125m-b-a-01,B-A,28,opt-125m,4,256,768,cpu,1572864,float16,20,steady,5.539375066757202,0.0,0.0,0.0,0.0,5.539375066757202,5.523934841156006,True,local before background launch and D2H,local after ready ACK,5.539375066757202,5.534852504730225,5.535341739654541
experiments/inferrelay_two_node/results/t1-125m-b-a-01,B-A,28,opt-125m,4,256,768,cpu,1572864,float16,21,steady,5.528852939605713,0.0,0.0,0.0,0.0,5.528852939605713,5.52564811706543,True,local before background launch and D2H,local after ready ACK,5.528852939605713,5.5365190505981445,5.5368733406066895
experiments/inferrelay_two_node/results/t1-125m-b-a-01,B-A,28,opt-125m,4,256,768,cpu,1572864,float16,22,steady,5.529996156692505,0.0,0.0,0.0,0.0,5.529996156692505,5.52471399307251,True,local before background launch and D2H,local after ready ACK,5.529996156692505,5.537045478820801,5.537350654602051
experiments/inferrelay_two_node/results/t1-125m-b-a-01,B-A,28,opt-125m,4,256,768,cpu,1572864,float16,23,steady,5.533293962478638,0.0,0.0,0.0,0.0,5.533293962478638,5.535011291503906,True,local before background launch and D2H,local after ready ACK,5.533293962478638,5.54605770111084,5.5465288162231445
experiments/inferrelay_two_node/results/t1-125m-b-a-01,B-A,29,opt-125m,4,256,768,gpu,1572864,float16,0,first_transfer,5.8322508335113525,0.07001599669456482,0.10070514678955078,0.13433599472045898,0.17580461502075195,5.55574107170105,5.615630149841309,True,local before background launch and D2H,local after ready ACK,5.8322508335113525,5.676867485046387,5.860942840576172
experiments/inferrelay_two_node/results/t1-125m-b-a-01,B-A,29,opt-125m,4,256,768,gpu,1572864,float16,1,warmup,5.812735080718994,0.07327999919652939,0.1167290210723877,0.12316799908876419,0.14807510375976562,5.547930955886841,5.629956245422363,True,local before background launch and D2H,local after ready ACK,5.812735080718994,5.6458234786987305,5.798409461975098
experiments/inferrelay_two_node/results/t1-125m-b-a-01,B-A,29,opt-125m,4,256,768,gpu,1572864,float16,2,warmup,5.830425977706909,0.0687360018491745,0.10721707344055176,0.1319040060043335,0.17512178421020508,5.548087120056152,5.61101770401001,True,local before background launch and D2H,local after ready ACK,5.830425977706909,5.6242170333862305,5.808378219604492
experiments/inferrelay_two_node/results/t1-125m-b-a-01,B-A,29,opt-125m,4,256,768,gpu,1572864,float16,3,warmup,5.871269941329956,0.0684799998998642,0.10481500625610352,0.13475200533866882,0.19234180450439453,5.574113130569458,5.610954761505127,True,local before background launch and D2H,local after ready ACK,5.871269941329956,5.626698970794678,5.835275173187256
experiments/inferrelay_two_node/results/t1-125m-b-a-01,B-A,29,opt-125m,4,256,768,gpu,1572864,float16,4,steady,5.901309967041016,0.07487999647855759,0.12697315216064453,0.133215993642807,0.17620372772216797,5.598133087158203,5.658277988433838,True,local before background launch and D2H,local after ready ACK,5.901309967041016,5.687690734863281,5.876204013824463
experiments/inferrelay_two_node/results/t1-125m-b-a-01,B-A,29,opt-125m,4,256,768,gpu,1572864,float16,5,steady,5.943257093429565,0.08144000172615051,0.1318371295928955,0.13142399489879608,0.16953516006469727,5.641884803771973,5.666116237640381,True,local before background launch and D2H,local after ready ACK,5.943257093429565,5.694432258605957,5.8724045753479
experiments/inferrelay_two_node/results/t1-125m-b-a-01,B-A,29,opt-125m,4,256,768,gpu,1572864,float16,6,steady,5.840742111206055,0.06854400038719177,0.09545588493347168,0.1258240044116974,0.15155410766601562,5.593732118606567,5.657857418060303,True,local before background launch and D2H,local after ready ACK,5.840742111206055,5.673759460449219,5.830112934112549
experiments/inferrelay_two_node/results/t1-125m-b-a-01,B-A,29,opt-125m,4,256,768,gpu,1572864,float16,7,steady,5.841736793518066,0.0666240006685257,0.09333515167236328,0.12515200674533844,0.1500997543334961,5.598301887512207,5.648712158203125,True,local before background launch and D2H,local after ready ACK,5.841736793518066,5.663092613220215,5.818018436431885
experiments/inferrelay_two_node/results/t1-125m-b-a-01,B-A,29,opt-125m,4,256,768,gpu,1572864,float16,8,steady,5.8392181396484375,0.07382400333881378,0.09987306594848633,0.1233920007944107,0.14792728424072266,5.5914177894592285,5.657487869262695,True,local before background launch and D2H,local after ready ACK,5.8392181396484375,5.670984745025635,5.823396682739258
experiments/inferrelay_two_node/results/t1-125m-b-a-01,B-A,29,opt-125m,4,256,768,gpu,1572864,float16,9,steady,5.834300994873047,0.06646399945020676,0.09768199920654297,0.12326399981975555,0.14671802520751953,5.589900970458984,5.657878398895264,True,local before background launch and D2H,local after ready ACK,5.834300994873047,5.670882225036621,5.82191801071167
experiments/inferrelay_two_node/results/t1-125m-b-a-01,B-A,29,opt-125m,4,256,768,gpu,1572864,float16,10,steady,5.836050033569336,0.06732799857854843,0.09435510635375977,0.12364800274372101,0.1475381851196289,5.594156742095947,5.588876247406006,True,local before background launch and D2H,local after ready ACK,5.836050033569336,5.602334976196289,5.754404544830322
experiments/inferrelay_two_node/results/t1-125m-b-a-01,B-A,29,opt-125m,4,256,768,gpu,1572864,float16,11,steady,5.839967727661133,0.06940799951553345,0.09883713722229004,0.12310399860143661,0.1463618278503418,5.594768762588501,5.66782283782959,True,local before background launch and D2H,local after ready ACK,5.839967727661133,5.681764602661133,5.832376480102539
experiments/inferrelay_two_node/results/t1-125m-b-a-01,B-A,29,opt-125m,4,256,768,gpu,1572864,float16,12,steady,5.837207078933716,0.0679360032081604,0.0956122875213623,0.1234240010380745,0.1462259292602539,5.5953688621521,5.661787033081055,True,local before background launch and D2H,local after ready ACK,5.837207078933716,5.67470645904541,5.825155735015869
experiments/inferrelay_two_node/results/t1-125m-b-a-01,B-A,29,opt-125m,4,256,768,gpu,1572864,float16,13,steady,5.831454038619995,0.06726399809122086,0.09557127952575684,0.12291199713945389,0.14641427993774414,5.589468479156494,5.659657001495361,True,local before background launch and D2H,local after ready ACK,5.831454038619995,5.67258358001709,5.823260307312012
experiments/inferrelay_two_node/results/t1-125m-b-a-01,B-A,29,opt-125m,4,256,768,gpu,1572864,float16,14,steady,5.865789175033569,0.06828799843788147,0.09731292724609375,0.12880000472068787,0.1647930145263672,5.603683233261108,5.62613582611084,True,local before background launch and D2H,local after ready ACK,5.865789175033569,5.6398844718933105,5.812446594238281
experiments/inferrelay_two_node/results/t1-125m-b-a-01,B-A,29,opt-125m,4,256,768,gpu,1572864,float16,15,steady,5.861694812774658,0.06931199878454208,0.10086393356323242,0.12399999797344208,0.14855098724365234,5.612279891967773,5.687839508056641,True,local before background launch and D2H,local after ready ACK,5.861694812774658,5.7042951583862305,5.857375144958496
experiments/inferrelay_two_node/results/t1-125m-b-a-01,B-A,29,opt-125m,4,256,768,gpu,1572864,float16,16,steady,5.847517967224121,0.0679360032081604,0.09719991683959961,0.12476799637079239,0.1498422622680664,5.600475788116455,5.667949199676514,True,local before background launch and D2H,local after ready ACK,5.847517967224121,5.681637287139893,5.836605548858643
experiments/inferrelay_two_node/results/t1-125m-b-a-01,B-A,29,opt-125m,4,256,768,gpu,1572864,float16,17,steady,5.859649896621704,0.06867200136184692,0.09933805465698242,0.12588800489902496,0.1511707305908203,5.609141111373901,5.624085426330566,True,local before background launch and D2H,local after ready ACK,5.859649896621704,5.639778137207031,5.795924186706543
experiments/inferrelay_two_node/results/t1-125m-b-a-01,B-A,29,opt-125m,4,256,768,gpu,1572864,float16,18,steady,5.889090061187744,0.06851200014352798,0.09787797927856445,0.1327040046453476,0.18054962158203125,5.610662460327148,5.669674396514893,True,local before background launch and D2H,local after ready ACK,5.889090061187744,5.6832594871521,5.874713897705078
experiments/inferrelay_two_node/results/t1-125m-b-a-01,B-A,29,opt-125m,4,256,768,gpu,1572864,float16,19,steady,5.8895368576049805,0.06815999746322632,0.09984111785888672,0.13238400220870972,0.1745924949645996,5.615103244781494,5.665022850036621,True,local before background launch and D2H,local after ready ACK,5.8895368576049805,5.693060398101807,5.8800950050354
experiments/inferrelay_two_node/results/t1-125m-b-a-01,B-A,29,opt-125m,4,256,768,gpu,1572864,float16,20,steady,5.882767915725708,0.06883200258016586,0.09946489334106445,0.13279999792575836,0.17444705963134766,5.608855962753296,5.673404693603516,True,local before background launch and D2H,local after ready ACK,5.882767915725708,5.700779914855957,5.8874831199646
experiments/inferrelay_two_node/results/t1-125m-b-a-01,B-A,29,opt-125m,4,256,768,gpu,1572864,float16,21,steady,5.890228271484375,0.06886400282382965,0.09968304634094238,0.13359999656677246,0.17518997192382812,5.6153552532196045,5.660358428955078,True,local before background launch and D2H,local after ready ACK,5.890228271484375,5.687873840332031,5.875494956970215
experiments/inferrelay_two_node/results/t1-125m-b-a-01,B-A,29,opt-125m,4,256,768,gpu,1572864,float16,22,steady,5.883356094360352,0.07004799693822861,0.09965705871582031,0.12940800189971924,0.17161321640014648,5.612085819244385,5.648775100708008,True,local before background launch and D2H,local after ready ACK,5.883356094360352,5.674910545349121,5.859349727630615
experiments/inferrelay_two_node/results/t1-125m-b-a-01,B-A,29,opt-125m,4,256,768,gpu,1572864,float16,23,steady,5.895010709762573,0.06911999732255936,0.09981799125671387,0.1324159950017929,0.17465496063232422,5.620537757873535,5.661634922027588,True,local before background launch and D2H,local after ready ACK,5.895010709762573,5.689112663269043,5.875831127166748
experiments/inferrelay_two_node/results/t1-125m-b-a-01,B-A,30,opt-125m,4,256,768,gpu_h2d,1572864,float16,0,first_transfer,6.09243106842041,0.10480000078678131,0.14561009407043457,0.3017280101776123,0.3595457077026367,5.587275266647339,5.6692328453063965,True,local before background launch and D2H,local after ready ACK,6.09243106842041,5.736459732055664,6.104494571685791
experiments/inferrelay_two_node/results/t1-125m-b-a-01,B-A,30,opt-125m,4,256,768,gpu_h2d,1572864,float16,1,warmup,6.2646379470825195,0.11129599809646606,0.1544044017791748,0.12172800302505493,0.48067569732666016,5.629557847976685,5.6691389083862305,True,local before background launch and D2H,local after ready ACK,6.2646379470825195,5.692515850067139,6.195706844329834
experiments/inferrelay_two_node/results/t1-125m-b-a-01,B-A,30,opt-125m,4,256,768,gpu_h2d,1572864,float16,2,warmup,6.018205165863037,0.07580800354480743,0.14566898345947266,0.12015999853610992,0.27262449264526367,5.599911689758301,5.677435874938965,True,local before background launch and D2H,local after ready ACK,6.018205165863037,5.708981037139893,5.989772796630859
experiments/inferrelay_two_node/results/t1-125m-b-a-01,B-A,30,opt-125m,4,256,768,gpu_h2d,1572864,float16,3,warmup,6.0003509521484375,0.07497599720954895,0.15287089347839355,0.11980800330638885,0.26155900955200195,5.585921049118042,5.696889400482178,True,local before background launch and D2H,local after ready ACK,6.0003509521484375,5.718133926391602,5.985126972198486
experiments/inferrelay_two_node/results/t1-125m-b-a-01,B-A,30,opt-125m,4,256,768,gpu_h2d,1572864,float16,4,steady,6.007324934005737,0.07001599669456482,0.20267987251281738,0.12051200121641159,0.2235407829284668,5.581104278564453,5.7370805740356445,True,local before background launch and D2H,local after ready ACK,6.007324934005737,5.756420612335205,5.9882378578186035
experiments/inferrelay_two_node/results/t1-125m-b-a-01,B-A,30,opt-125m,4,256,768,gpu_h2d,1572864,float16,5,steady,5.859265089035034,0.07171200215816498,0.0957338809967041,0.11977600306272507,0.2271280288696289,5.536403179168701,5.623077869415283,True,local before background launch and D2H,local after ready ACK,5.859265089035034,5.646468162536621,5.879331111907959
experiments/inferrelay_two_node/results/t1-125m-b-a-01,B-A,30,opt-125m,4,256,768,gpu_h2d,1572864,float16,6,steady,5.930301904678345,0.07631999999284744,0.09982609748840332,0.12051200121641159,0.2610177993774414,5.5694580078125,5.62771463394165,True,local before background launch and D2H,local after ready ACK,5.930301904678345,5.648133277893066,5.914913654327393
experiments/inferrelay_two_node/results/t1-125m-b-a-01,B-A,30,opt-125m,4,256,768,gpu_h2d,1572864,float16,7,steady,6.169406890869141,0.0570559985935688,0.09802412986755371,0.12006399780511856,0.49518346786499023,5.576199293136597,5.614937782287598,True,local before background launch and D2H,local after ready ACK,6.169406890869141,5.641573905944824,6.145698070526123
experiments/inferrelay_two_node/results/t1-125m-b-a-01,B-A,30,opt-125m,4,256,768,gpu_h2d,1572864,float16,8,steady,6.124665975570679,0.07622399926185608,0.1040048599243164,0.12115199863910675,0.4450969696044922,5.57556414604187,5.6318039894104,True,local before background launch and D2H,local after ready ACK,6.124665975570679,5.654693126678467,6.108315944671631
experiments/inferrelay_two_node/results/t1-125m-b-a-01,B-A,30,opt-125m,4,256,768,gpu_h2d,1572864,float16,9,steady,5.90204119682312,0.07596799731254578,0.09921789169311523,0.11980800330638885,0.23996973037719727,5.562853574752808,5.618626117706299,True,local before background launch and D2H,local after ready ACK,5.90204119682312,5.641829967498779,5.887110710144043
experiments/inferrelay_two_node/results/t1-125m-b-a-01,B-A,30,opt-125m,4,256,768,gpu_h2d,1572864,float16,10,steady,5.9845757484436035,0.07487999647855759,0.09835124015808105,0.11993599683046341,0.311678409576416,5.5745460987091064,5.637360572814941,True,local before background launch and D2H,local after ready ACK,5.9845757484436035,5.656055927276611,5.973674774169922
experiments/inferrelay_two_node/results/t1-125m-b-a-01,B-A,30,opt-125m,4,256,768,gpu_h2d,1572864,float16,11,steady,6.061434030532837,0.07561600208282471,0.09841704368591309,0.12166400253772736,0.3661980628967285,5.596818923950195,5.611603260040283,True,local before background launch and D2H,local after ready ACK,6.061434030532837,5.650275707244873,6.030094146728516
experiments/inferrelay_two_node/results/t1-125m-b-a-01,B-A,30,opt-125m,4,256,768,gpu_h2d,1572864,float16,12,steady,7.075756072998047,0.06585600227117538,0.1014862060546875,0.12191999703645706,1.1612176895141602,5.813052177429199,5.854720115661621,True,local before background launch and D2H,local after ready ACK,7.075756072998047,5.8965229988098145,7.071447849273682
experiments/inferrelay_two_node/results/t1-125m-b-a-01,B-A,30,opt-125m,4,256,768,gpu_h2d,1572864,float16,13,steady,5.985278844833374,0.07648000121116638,0.14981579780578613,0.11974400281906128,0.2570667266845703,5.578396320343018,5.690170764923096,True,local before background launch and D2H,local after ready ACK,5.985278844833374,5.7133049964904785,5.975478649139404
experiments/inferrelay_two_node/results/t1-125m-b-a-01,B-A,30,opt-125m,4,256,768,gpu_h2d,1572864,float16,14,steady,5.98579478263855,0.05721599981188774,0.09909892082214355,0.12019199877977371,0.3218660354614258,5.5648298263549805,5.629034996032715,True,local before background launch and D2H,local after ready ACK,5.98579478263855,5.649660587310791,5.976775646209717
experiments/inferrelay_two_node/results/t1-125m-b-a-01,B-A,30,opt-125m,4,256,768,gpu_h2d,1572864,float16,15,steady,5.991565227508545,0.07571200281381607,0.10359001159667969,0.11958400160074234,0.3246583938598633,5.563316822052002,5.625730037689209,True,local before background launch and D2H,local after ready ACK,5.991565227508545,5.646268844604492,5.976294040679932
experiments/inferrelay_two_node/results/t1-125m-b-a-01,B-A,30,opt-125m,4,256,768,gpu_h2d,1572864,float16,16,steady,5.977502822875977,0.07628799974918365,0.09951496124267578,0.11958400160074234,0.3079853057861328,5.570002555847168,5.633581161499023,True,local before background launch and D2H,local after ready ACK,5.977502822875977,5.653334617614746,5.966526508331299
experiments/inferrelay_two_node/results/t1-125m-b-a-01,B-A,30,opt-125m,4,256,768,gpu_h2d,1572864,float16,17,steady,5.984266996383667,0.07727999985218048,0.14277315139770508,0.1196800023317337,0.25367259979248047,5.5878212451934814,5.690708160400391,True,local before background launch and D2H,local after ready ACK,5.984266996383667,5.710994243621826,5.970096111297607
experiments/inferrelay_two_node/results/t1-125m-b-a-01,B-A,30,opt-125m,4,256,768,gpu_h2d,1572864,float16,18,steady,5.984417200088501,0.07769600301980972,0.17026305198669434,0.11958400160074234,0.24826717376708984,5.565886974334717,5.701276779174805,True,local before background launch and D2H,local after ready ACK,5.984417200088501,5.721917629241943,5.975251197814941
experiments/inferrelay_two_node/results/t1-125m-b-a-01,B-A,30,opt-125m,4,256,768,gpu_h2d,1572864,float16,19,steady,5.980652809143066,0.07116799801588058,0.09410810470581055,0.11955200135707855,0.3252725601196289,5.561272144317627,5.618990898132324,True,local before background launch and D2H,local after ready ACK,5.980652809143066,5.638463020324707,5.968940734863281
experiments/inferrelay_two_node/results/t1-125m-b-a-01,B-A,30,opt-125m,4,256,768,gpu_h2d,1572864,float16,20,steady,6.036287069320679,0.07472000271081924,0.14179110527038574,0.12080000340938568,0.29284191131591797,5.601654052734375,5.684194087982178,True,local before background launch and D2H,local after ready ACK,6.036287069320679,5.7043681144714355,6.0092902183532715
experiments/inferrelay_two_node/results/t1-125m-b-a-01,B-A,30,opt-125m,4,256,768,gpu_h2d,1572864,float16,21,steady,6.0315821170806885,0.12460800260305405,0.1612548828125,0.12169600278139114,0.2746696472167969,5.595657587051392,5.686709880828857,True,local before background launch and D2H,local after ready ACK,6.0315821170806885,5.725644111633301,6.01384162902832
experiments/inferrelay_two_node/results/t1-125m-b-a-01,B-A,30,opt-125m,4,256,768,gpu_h2d,1572864,float16,22,steady,6.0032641887664795,0.07276800274848938,0.14130210876464844,0.11977600306272507,0.2760028839111328,5.585959196090698,5.683115005493164,True,local before background launch and D2H,local after ready ACK,6.0032641887664795,5.70596170425415,5.990292072296143
experiments/inferrelay_two_node/results/t1-125m-b-a-01,B-A,30,opt-125m,4,256,768,gpu_h2d,1572864,float16,23,steady,5.9896461963653564,0.07436800003051758,0.09765625,0.1199679970741272,0.32041406631469727,5.571575880050659,5.6268486976623535,True,local before background launch and D2H,local after ready ACK,5.9896461963653564,5.650163650512695,5.976129055023193
experiments/inferrelay_two_node/results/t1-125m-b-a-01,B-A,31,opt-125m,4,256,768,gpu_compute,1572864,float16,0,first_transfer,5.985576868057251,0.07158400118350983,0.12394404411315918,0.16624000668525696,0.22986841201782227,5.6317644119262695,5.647140026092529,True,local before background launch and D2H,local after ready ACK,5.985576868057251,5.690666198730469,5.938115119934082
experiments/inferrelay_two_node/results/t1-125m-b-a-01,B-A,31,opt-125m,4,256,768,gpu_compute,1572864,float16,1,warmup,5.8579957485198975,0.06560000032186508,0.08844399452209473,0.13574400544166565,0.18355417251586914,5.585997581481934,5.602476596832275,True,local before background launch and D2H,local after ready ACK,5.8579957485198975,5.641618728637695,5.843855857849121
experiments/inferrelay_two_node/results/t1-125m-b-a-01,B-A,31,opt-125m,4,256,768,gpu_compute,1572864,float16,2,warmup,6.011404991149902,0.06492800265550613,0.1609029769897461,0.13785600662231445,0.2166748046875,5.633827209472656,5.684380054473877,True,local before background launch and D2H,local after ready ACK,6.011404991149902,5.722115516662598,5.96133279800415
experiments/inferrelay_two_node/results/t1-125m-b-a-01,B-A,31,opt-125m,4,256,768,gpu_compute,1572864,float16,3,warmup,5.952150106430054,0.06499200314283371,0.08836984634399414,0.13500800728797913,0.19925498962402344,5.664525270462036,5.696390151977539,True,local before background launch and D2H,local after ready ACK,5.952150106430054,5.732748031616211,5.943352699279785
experiments/inferrelay_two_node/results/t1-125m-b-a-01,B-A,31,opt-125m,4,256,768,gpu_compute,1572864,float16,4,steady,5.886746883392334,0.06499200314283371,0.09601593017578125,0.12703999876976013,0.1543569564819336,5.636373996734619,5.702542304992676,True,local before background launch and D2H,local after ready ACK,5.886746883392334,5.725170135498047,5.885318279266357
experiments/inferrelay_two_node/results/t1-125m-b-a-01,B-A,31,opt-125m,4,256,768,gpu_compute,1572864,float16,5,steady,5.84482479095459,0.06428799778223038,0.08838486671447754,0.12505599856376648,0.15054845809936523,5.605891466140747,5.6375579833984375,True,local before background launch and D2H,local after ready ACK,5.84482479095459,5.656268119812012,5.811682224273682
experiments/inferrelay_two_node/results/t1-125m-b-a-01,B-A,31,opt-125m,4,256,768,gpu_compute,1572864,float16,6,steady,5.7416040897369385,0.06486400216817856,0.08707666397094727,0.12476799637079239,0.14931678771972656,5.505210638046265,5.557895183563232,True,local before background launch and D2H,local after ready ACK,5.7416040897369385,5.575336933135986,5.729551792144775
experiments/inferrelay_two_node/results/t1-125m-b-a-01,B-A,31,opt-125m,4,256,768,gpu_compute,1572864,float16,7,steady,5.772580862045288,0.06054399907588959,0.0853729248046875,0.13247999548912048,0.17688560485839844,5.510322332382202,5.54673433303833,True,local before background launch and D2H,local after ready ACK,5.772580862045288,5.564056396484375,5.7537713050842285
experiments/inferrelay_two_node/results/t1-125m-b-a-01,B-A,31,opt-125m,4,256,768,gpu_compute,1572864,float16,8,steady,5.80688214302063,0.06006399914622307,0.08441805839538574,0.13043199479579926,0.19054269790649414,5.53192138671875,5.519853591918945,True,local before background launch and D2H,local after ready ACK,5.80688214302063,5.552219390869141,5.7565598487854
experiments/inferrelay_two_node/results/t1-125m-b-a-01,B-A,31,opt-125m,4,256,768,gpu_compute,1572864,float16,9,steady,5.893416881561279,0.07475200295448303,0.14491796493530273,0.12995199859142303,0.1659693717956543,5.582529544830322,5.682668685913086,True,local before background launch and D2H,local after ready ACK,5.893416881561279,5.704338073730469,5.876527309417725
experiments/inferrelay_two_node/results/t1-125m-b-a-01,B-A,31,opt-125m,4,256,768,gpu_compute,1572864,float16,10,steady,5.893449068069458,0.0756480023264885,0.14741992950439453,0.12886400520801544,0.16602087020874023,5.580008268356323,5.689272403717041,True,local before background launch and D2H,local after ready ACK,5.893449068069458,5.708895206451416,5.880874156951904
experiments/inferrelay_two_node/results/t1-125m-b-a-01,B-A,31,opt-125m,4,256,768,gpu_compute,1572864,float16,11,steady,5.848228931427002,0.06835199892520905,0.13825607299804688,0.1266240030527115,0.1584186553955078,5.551554203033447,5.6516828536987305,True,local before background launch and D2H,local after ready ACK,5.848228931427002,5.670732021331787,5.834525108337402
experiments/inferrelay_two_node/results/t1-125m-b-a-01,B-A,31,opt-125m,4,256,768,gpu_compute,1572864,float16,12,steady,5.934686899185181,0.06809599697589874,0.13914203643798828,0.13152000308036804,0.17427968978881836,5.621265172958374,5.702976226806641,True,local before background launch and D2H,local after ready ACK,5.934686899185181,5.722661972045898,5.910049915313721
experiments/inferrelay_two_node/results/t1-125m-b-a-01,B-A,31,opt-125m,4,256,768,gpu_compute,1572864,float16,13,steady,5.887269020080566,0.07004799693822861,0.13396096229553223,0.13734400272369385,0.18439340591430664,5.5689146518707275,5.62899112701416,True,local before background launch and D2H,local after ready ACK,5.887269020080566,5.664726734161377,5.862461566925049
experiments/inferrelay_two_node/results/t1-125m-b-a-01,B-A,31,opt-125m,4,256,768,gpu_compute,1572864,float16,14,steady,5.869455099105835,0.06790400296449661,0.13748908042907715,0.13203200697898865,0.17228269577026367,5.559683322906494,5.632259845733643,True,local before background launch and D2H,local after ready ACK,5.869455099105835,5.668151378631592,5.848874092102051
experiments/inferrelay_two_node/results/t1-125m-b-a-01,B-A,31,opt-125m,4,256,768,gpu_compute,1572864,float16,15,steady,5.892499208450317,0.06764800101518631,0.13842082023620605,0.13446399569511414,0.17985200881958008,5.574226379394531,5.652853965759277,True,local before background launch and D2H,local after ready ACK,5.892499208450317,5.675546169281006,5.868427276611328
experiments/inferrelay_two_node/results/t1-125m-b-a-01,B-A,31,opt-125m,4,256,768,gpu_compute,1572864,float16,16,steady,5.893872022628784,0.07177600264549255,0.13668203353881836,0.1353279948234558,0.1802825927734375,5.576907396316528,5.627622127532959,True,local before background launch and D2H,local after ready ACK,5.893872022628784,5.665579795837402,5.866052150726318
experiments/inferrelay_two_node/results/t1-125m-b-a-01,B-A,31,opt-125m,4,256,768,gpu_compute,1572864,float16,17,steady,5.856276988983154,0.06812799721956253,0.14028382301330566,0.12947200238704681,0.1598038673400879,5.556189298629761,5.625394821166992,True,local before background launch and D2H,local after ready ACK,5.856276988983154,5.663002967834473,5.832815170288086
experiments/inferrelay_two_node/results/t1-125m-b-a-01,B-A,31,opt-125m,4,256,768,gpu_compute,1572864,float16,18,steady,5.844390869140625,0.06876800209283829,0.13697409629821777,0.12569600343704224,0.1581101417541504,5.549306631088257,5.63917875289917,True,local before background launch and D2H,local after ready ACK,5.844390869140625,5.6603240966796875,5.824437141418457
experiments/inferrelay_two_node/results/t1-125m-b-a-01,B-A,31,opt-125m,4,256,768,gpu_compute,1572864,float16,19,steady,5.842733860015869,0.06771200150251389,0.13608503341674805,0.1276479959487915,0.15465116500854492,5.551997661590576,5.642994403839111,True,local before background launch and D2H,local after ready ACK,5.842733860015869,5.662604808807373,5.8231000900268555
experiments/inferrelay_two_node/results/t1-125m-b-a-01,B-A,31,opt-125m,4,256,768,gpu_compute,1572864,float16,20,steady,5.939651012420654,0.06646399945020676,0.18583083152770996,0.1329919993877411,0.1733241081237793,5.580496072769165,5.7394490242004395,True,local before background launch and D2H,local after ready ACK,5.939651012420654,5.758725166320801,5.94005012512207
experiments/inferrelay_two_node/results/t1-125m-b-a-01,B-A,31,opt-125m,4,256,768,gpu_compute,1572864,float16,21,steady,5.940928936004639,0.06579200178384781,0.19530797004699707,0.12854400277137756,0.15880727767944336,5.586813688278198,5.693081855773926,True,local before background launch and D2H,local after ready ACK,5.940928936004639,5.714176177978516,5.8791704177856445
experiments/inferrelay_two_node/results/t1-125m-b-a-01,B-A,31,opt-125m,4,256,768,gpu_compute,1572864,float16,22,steady,5.8431737422943115,0.0692799985408783,0.11884570121765137,0.13007999956607819,0.15566396713256836,5.568664073944092,5.646037578582764,True,local before background launch and D2H,local after ready ACK,5.8431737422943115,5.6650471687316895,5.826874256134033
experiments/inferrelay_two_node/results/t1-125m-b-a-01,B-A,31,opt-125m,4,256,768,gpu_compute,1572864,float16,23,steady,5.942772150039673,0.06652799993753433,0.17933392524719238,0.13788799941539764,0.1672205924987793,5.596217632293701,5.736666679382324,True,local before background launch and D2H,local after ready ACK,5.942772150039673,5.757170677185059,5.930263996124268
