direction,q,side,policy,phase,node,end,sample,warmup,correct,requested_delay_ms,local_activation_arrival_ms,activation_ack_ms,post_activation_weight_wait_ms,subsequent_compute_cuda_ms,finite_work_complete_ms,weight_bytes,weight_work_ms,activation_event_prepare_ms,activation_copy_call_ms,activation_post_call_submit_ms,activation_completion_wait_ms,activation_host_ms,activation_cuda_ms,activation_gpu_start_ms,activation_gpu_end_ms
A-B,1,none,bulk,zero,A,sender,1,False,True,0,0.4043769836425781,0.5698862075805664,0.00019693374633789062,0.35305601358413696,1.3577308654785156,0,0,0.04227256774902344,0.012240886688232422,0.0072345733642578125,0.0021581649780273438,0.06390619277954102,0.018015999346971512,0.44736000895500183,0.46537598967552185
A-B,1,none,bulk,zero,A,sender,2,False,True,0,0.3118605613708496,0.3901057243347168,0.00018310546875,0.3456000089645386,1.0767064094543457,0,0,0.03763914108276367,0.011208057403564453,0.007212162017822266,0.0026578903198242188,0.05871725082397461,0.017472000792622566,0.3498559892177582,0.3673279881477356
A-B,1,none,bulk,zero,A,sender,3,False,True,0,0.23255252838134766,0.3525562286376953,0.00019693374633789062,0.34409600496292114,0.9585895538330078,0,0,0.035114288330078125,0.010628700256347656,0.007239818572998047,0.0025491714477539062,0.055531978607177734,0.016863999888300896,0.26812800765037537,0.2849920094013214
A-B,1,none,bulk,zero,A,sender,4,False,True,0,0.22717714309692383,0.341463565826416,0.0001735687255859375,0.3423359990119934,0.9396147727966309,0,0,0.035161495208740234,0.010500431060791016,0.006867885589599609,0.002514362335205078,0.05504417419433594,0.015968000516295433,0.26291200518608093,0.2788800001144409
A-B,1,none,bulk,zero,A,sender,5,False,True,0,0.2390756607055664,0.3387484550476074,0.0001888275146484375,0.3404799997806549,0.9473447799682617,0,0,0.034175872802734375,0.010509014129638672,0.006745338439941406,0.0023827552795410156,0.05381298065185547,0.016095999628305435,0.27372801303863525,0.2898240089416504
A-B,1,none,bulk,zero,A,sender,6,False,True,0,0.2248978614807129,0.2944827079772949,0.00014495849609375,0.34137600660324097,0.8728270530700684,0,0,0.034465789794921875,0.01049184799194336,0.006819248199462891,0.00238800048828125,0.054164886474609375,0.016448000445961952,0.2593599855899811,0.2758080065250397
A-B,1,none,bulk,zero,A,sender,7,False,True,0,0.10007047653198242,0.1729140281677246,0.00021696090698242188,0.3216640055179596,0.605438232421875,0,0,0.015140056610107422,0.006000041961669922,0.005437374114990234,0.0018849372863769531,0.02846240997314453,0.010400000028312206,0.11561600118875504,0.12601600587368011
A-B,1,none,bulk,zero,A,sender,8,False,True,0,0.09590816497802734,0.16914081573486328,0.00012063980102539062,0.3197120130062103,0.595367431640625,0,0,0.015141010284423828,0.005159854888916016,0.005476474761962891,0.0018100738525390625,0.027587413787841797,0.009151999838650227,0.11155200004577637,0.12070400267839432
A-B,1,none,bulk,zero,A,sender,9,False,True,0,0.09579038619995117,0.17296981811523438,0.00013589859008789062,0.31804800033569336,0.5971136093139648,0,0,0.015513420104980469,0.004848957061767578,0.005644321441650391,0.0018181800842285156,0.027824878692626953,0.009440000168979168,0.11142399907112122,0.12086399644613266
A-B,1,none,bulk,zero,A,sender,10,False,True,0,0.0940546989440918,0.1945343017578125,0.00010633468627929688,0.31516799330711365,0.6143708229064941,0,0,0.01434469223022461,0.008894920349121094,0.005827426910400391,0.002010822296142578,0.031077861785888672,0.013632000423967838,0.10860799998044968,0.12223999947309494
A-B,1,none,bulk,zero,B,receiver,1,False,True,0,0.5401301383972168,,0.0001957416534423828,0.3447999954223633,0.9860060214996338,0,0,0.04747605323791504,0.012228965759277344,0.007534027099609375,0.002068042755126953,0.06930708885192871,0.01724799908697605,0.589568018913269,0.6068159937858582
A-B,1,none,bulk,zero,B,receiver,2,False,True,0,0.37557411193847656,,0.0001621246337890625,0.3404799997806549,0.8050210475921631,0,0,0.037384033203125,0.01119375228881836,0.0072209835052490234,0.0020961761474609375,0.05789494514465332,0.017055999487638474,0.41446399688720703,0.4315199851989746
A-B,1,none,bulk,zero,B,receiver,3,False,True,0,0.293226957321167,,0.00016999244689941406,0.34275200963020325,0.7254610061645508,0,0,0.03779172897338867,0.011218070983886719,0.007043123245239258,0.002440929412841797,0.058493852615356445,0.017184000462293625,0.3323200047016144,0.3495039939880371
A-B,1,none,bulk,zero,B,receiver,4,False,True,0,0.28679895401000977,,0.0001659393310546875,0.3415679931640625,0.7165119647979736,0,0,0.0370790958404541,0.011075019836425781,0.007002115249633789,0.0022668838500976562,0.05742311477661133,0.016767999157309532,0.32553601264953613,0.342303991317749
A-B,1,none,bulk,zero,B,receiver,5,False,True,0,0.28816699981689453,,0.00016307830810546875,0.34406399726867676,0.7243790626525879,0,0,0.0379488468170166,0.011057138442993164,0.009930849075317383,0.002080202102661133,0.06101703643798828,0.017023999243974686,0.32758399844169617,0.34460800886154175
A-B,1,none,bulk,zero,B,receiver,6,False,True,0,0.28735923767089844,,0.00019097328186035156,0.3359360098838806,0.7113893032073975,0,0,0.03719305992126465,0.01107168197631836,0.007133007049560547,0.0022940635681152344,0.05769181251525879,0.017216000705957413,0.32582399249076843,0.34303998947143555
A-B,1,none,bulk,zero,B,receiver,7,False,True,0,0.141862154006958,,0.00013494491577148438,0.3214080035686493,0.5135488510131836,0,0,0.017664670944213867,0.005166053771972656,0.0059239864349365234,0.0018401145935058594,0.030594825744628906,0.0098879998549819,0.1600639969110489,0.16995200514793396
A-B,1,none,bulk,zero,B,receiver,8,False,True,0,0.13685393333435059,,0.00016307830810546875,0.32227200269699097,0.5092260837554932,0,0,0.01739788055419922,0.004965066909790039,0.0062389373779296875,0.0016222000122070312,0.030224084854125977,0.0098879998549819,0.15481600165367126,0.16470399498939514
A-B,1,none,bulk,zero,B,receiver,9,False,True,0,0.13663005828857422,,0.00015306472778320312,0.3193280100822449,0.510228157043457,0,0,0.02083897590637207,0.005427837371826172,0.006452322006225586,0.0017938613891601562,0.034512996673583984,0.010528000071644783,0.15807999670505524,0.16860799491405487
A-B,1,none,bulk,zero,B,receiver,10,False,True,0,0.1401071548461914,,0.00011801719665527344,0.3256959915161133,0.5382859706878662,0,0,0.03220105171203613,0.009493112564086914,0.007727861404418945,0.0016739368438720703,0.05109596252441406,0.031136000528931618,0.15769599378108978,0.18883199989795685
A-B,1,sender,bulk,zero,A,sender,1,False,True,0,0.7830276489257812,1.0742526054382324,14.11504077911377,0.4104959964752197,16.434152126312256,201433088,15.774885654449463,0.0372004508972168,0.011691570281982422,0.007166862487792969,0.08225297927856445,0.13831186294555664,0.002655999967828393,0.8399360179901123,0.8425920009613037
A-B,1,sender,bulk,zero,A,sender,2,False,True,0,0.706230640411377,0.9530768394470215,14.280084133148193,0.6731839776039124,16.66000986099243,201433088,15.784111499786377,0.059668540954589844,0.01785755157470703,0.09492778778076172,0.005250453948974609,0.1777043342590332,0.03379200026392937,0.7839040160179138,0.8176959753036499
A-B,1,sender,bulk,zero,A,sender,3,False,True,0,0.8870773315429688,0.9230709075927734,14.318810939788818,0.39344000816345215,16.556078910827637,201433088,15.81327199935913,0.041927337646484375,0.011594772338867188,0.006663322448730469,0.028567790985107422,0.08875322341918945,0.020479999482631683,0.9472000002861023,0.9676799774169922
A-B,1,sender,bulk,zero,A,sender,4,False,True,0,0.7805671691894531,1.0048003196716309,14.429429054260254,0.6638079881668091,16.922473907470703,201433088,15.853042602539062,0.037158966064453125,0.011547088623046875,0.006539344787597656,0.029062747955322266,0.08430814743041992,0.02051199972629547,0.8360959887504578,0.856607973575592
A-B,1,sender,bulk,zero,A,sender,5,False,True,0,0.7335600852966309,1.0631608963012695,14.122454643249512,0.4532800018787384,16.405474185943604,201433088,15.783363819122314,0.038220882415771484,0.01210927963256836,0.006852626800537109,0.09209203720092773,0.1492748260498047,0.006943999789655209,0.7901759743690491,0.7971199750900269
A-B,1,sender,bulk,zero,A,sender,6,False,True,0,0.7525520324707031,1.1356806755065918,14.027396202087402,0.4574719965457916,16.408111095428467,201433088,15.787310123443604,0.16992568969726562,0.012672901153564453,0.011498451232910156,0.023697853088378906,0.21779489517211914,0.02163200080394745,0.9408320188522339,0.9624639749526978
A-B,1,sender,bulk,zero,A,sender,7,False,True,0,0.7081198692321777,1.0078811645507812,14.245179176330566,0.43532800674438477,16.430872917175293,201433088,15.778727531433105,0.0419011116027832,0.012029647827148438,0.0065250396728515625,0.028377056121826172,0.08883285522460938,0.02051199972629547,0.768447995185852,0.7889599800109863
A-B,1,sender,bulk,zero,A,sender,8,False,True,0,0.6948642730712891,0.983670711517334,14.279860496520996,0.41574400663375854,16.407043933868408,201433088,15.776222229003906,0.03823423385620117,0.012357711791992188,0.006878376007080078,0.027467727661132812,0.08493804931640625,0.02035200037062168,0.7513920068740845,0.7717440128326416
A-B,1,sender,bulk,zero,A,sender,9,False,True,0,0.6935853958129883,1.029066562652588,14.241024494171143,0.4105919897556305,16.40695810317993,201433088,15.783973217010498,0.04202842712402344,0.012141704559326172,0.0070858001708984375,0.02786540985107422,0.08912134170532227,0.02051199972629547,0.7541120052337646,0.7746239900588989
A-B,1,sender,bulk,zero,A,sender,10,False,True,0,0.718986988067627,0.966254711151123,14.296684741973877,0.41280001401901245,16.429719924926758,201433088,15.801953315734863,0.03829622268676758,0.012217998504638672,0.006768703460693359,0.02839517593383789,0.0856781005859375,0.020640000700950623,0.7759360074996948,0.7965760231018066
A-B,1,sender,bulk,zero,B,receiver,1,False,True,0,0.734581708908081,,0.0007770061492919922,1.050879955291748,2.278892993927002,0,0,0.2125720977783203,0.07261013984680176,0.03825783729553223,0.011899232864379883,0.3353393077850342,0.10630399733781815,0.9550719857215881,1.0613759756088257
A-B,1,sender,bulk,zero,B,receiver,2,False,True,0,0.6842577457427979,,0.0008618831634521484,1.0038080215454102,2.1401939392089844,0,0,0.19805908203125,0.05995893478393555,0.03499197959899902,0.011250972747802734,0.3042609691619873,0.08912000060081482,0.8889279961585999,0.9780480265617371
A-B,1,sender,bulk,zero,B,receiver,3,False,True,0,0.8432228565216064,,0.0006949901580810547,1.0182080268859863,2.3064301013946533,0,0,0.1931629180908203,0.059641122817993164,0.03488898277282715,0.01135110855102539,0.299044132232666,0.08963199704885483,1.0431040525436401,1.1327359676361084
A-B,1,sender,bulk,zero,B,receiver,4,False,True,0,0.7432849407196045,,0.0007870197296142578,1.0091520547866821,2.2326090335845947,0,0,0.20297884941101074,0.06197714805603027,0.03477787971496582,0.010798931121826172,0.310532808303833,0.09219200164079666,0.9521600008010864,1.0443520545959473
A-B,1,sender,bulk,zero,B,receiver,5,False,True,0,0.7530910968780518,,0.0009613037109375,1.0110080242156982,2.211369037628174,0,0,0.1945950984954834,0.059242963790893555,0.03431987762451172,0.010994195938110352,0.299152135848999,0.08908800035715103,0.9543359875679016,1.0434240102767944
A-B,1,sender,bulk,zero,B,receiver,6,False,True,0,0.8133299350738525,,0.0009410381317138672,1.0077760219573975,2.3259658813476562,0,0,0.21211719512939453,0.06303191184997559,0.05942082405090332,0.01149892807006836,0.3460688591003418,0.11798399686813354,1.0321919918060303,1.1501760482788086
A-B,1,sender,bulk,zero,B,receiver,7,False,True,0,0.6688539981842041,,0.0008149147033691406,0.9911680221557617,2.139307975769043,0,0,0.20933890342712402,0.06242513656616211,0.038771867752075195,0.012873172760009766,0.3234090805053711,0.09647999703884125,0.8841919898986816,0.9806720018386841
A-B,1,sender,bulk,zero,B,receiver,8,False,True,0,0.6661951541900635,,0.0010089874267578125,0.9908480048179626,2.099276065826416,0,0,0.19394612312316895,0.05845975875854492,0.03471803665161133,0.010349035263061523,0.2974729537963867,0.08867199718952179,0.8666560053825378,0.9553279876708984
A-B,1,sender,bulk,zero,B,receiver,9,False,True,0,0.6731929779052734,,0.0008840560913085938,1.0061440467834473,2.1653499603271484,0,0,0.22483301162719727,0.061920881271362305,0.03656506538391113,0.011218070983886719,0.3345370292663574,0.09347199648618698,0.9042559862136841,0.9977279901504517
A-B,1,sender,bulk,zero,B,receiver,10,False,True,0,0.6472480297088623,,0.0008158683776855469,0.987775981426239,2.0800669193267822,0,0,0.1950368881225586,0.05887722969055176,0.036296844482421875,0.010780096054077148,0.3009910583496094,0.08991999924182892,0.8483200073242188,0.9382399916648865
A-B,1,sender,bulk,delay2,A,sender,1,False,True,2,2.9012207984924316,0.9646182060241699,12.304893016815186,0.6572160124778748,16.87308168411255,201433088,15.866273403167725,0.058634281158447266,0.019507884979248047,0.01667499542236328,0.007248878479003906,0.1020660400390625,0.021215999498963356,2.977504014968872,2.9987199306488037
A-B,1,sender,bulk,delay2,A,sender,2,False,True,2,2.8735547065734863,1.1517281532287598,12.099623203277588,0.5427520275115967,16.709210872650146,201433088,15.777288913726807,0.05887651443481445,0.09384679794311523,0.10513496398925781,0.0052928924560546875,0.2631511688232422,0.1234240010380745,2.947455883026123,3.0708799362182617
A-B,1,sender,bulk,delay2,A,sender,3,False,True,2,3.1060891151428223,1.0718169212341309,11.970269203186035,0.6409279704093933,16.83314609527588,201433088,15.800769805908203,0.057428836822509766,0.017783164978027344,0.016425132751464844,0.02374887466430664,0.1153860092163086,0.0315839983522892,3.1819839477539062,3.2135679721832275
A-B,1,sender,bulk,delay2,A,sender,4,False,True,2,3.0206236839294434,1.0394620895385742,12.037800312042236,0.6278719902038574,16.766770839691162,201433088,15.813203811645508,0.057826995849609375,0.01815509796142578,0.01644134521484375,0.023532390594482422,0.11595582962036133,0.03161599859595299,3.096575975418091,3.1281919479370117
A-B,1,sender,bulk,delay2,A,sender,5,False,True,2,3.1379294395446777,1.058405876159668,11.973819732666016,0.659775972366333,16.87449312210083,201433088,15.819187641143799,0.05830812454223633,0.017754077911376953,0.01668548583984375,0.023926258087158203,0.11667394638061523,0.03222399950027466,3.2143681049346924,3.2465920448303223
A-B,1,sender,bulk,delay2,A,sender,6,False,True,2,2.956636905670166,1.0133070945739746,12.014460563659668,0.4474560022354126,16.4648118019104,201433088,15.78563404083252,0.0399169921875,0.012051105499267578,0.0072116851806640625,0.027637958526611328,0.08681774139404297,0.020447999238967896,3.01529598236084,3.0357439517974854
A-B,1,sender,bulk,delay2,A,sender,7,False,True,2,2.8453140258789062,1.0229239463806152,12.129793167114258,0.41283199191093445,16.4440860748291,201433088,15.793241024017334,0.041226863861083984,0.011050701141357422,0.00900411605834961,0.045508384704589844,0.10679006576538086,0.028672000393271446,2.905280113220215,2.9339520931243896
A-B,1,sender,bulk,delay2,A,sender,8,False,True,2,2.8517751693725586,0.9919867515563965,12.133705615997314,0.4078400135040283,16.41622543334961,201433088,15.7798171043396,0.03861713409423828,0.011095046997070312,0.006907939910888672,0.02927112579345703,0.0858912467956543,0.02054399996995926,2.908799886703491,2.9293439388275146
A-B,1,sender,bulk,delay2,A,sender,9,False,True,2,2.7523860931396484,1.0648651123046875,12.140535831451416,0.407584011554718,16.396538734436035,201433088,15.772510051727295,0.03937721252441406,0.01195383071899414,0.10485219955444336,0.004995822906494141,0.1611790657043457,0.007903999648988247,2.8037118911743164,2.8116159439086914
A-B,1,sender,bulk,delay2,A,sender,10,False,True,2,2.787020683288574,1.094846248626709,12.094457149505615,0.4108479917049408,16.418126583099365,201433088,15.782498836517334,0.13939809799194336,0.011791706085205078,0.011319160461425781,0.023654937744140625,0.18616390228271484,0.020864000543951988,2.9443519115448,2.9652159214019775
A-B,1,sender,bulk,delay2,B,receiver,1,False,True,2,2.764853000640869,,0.0008101463317871094,1.0433599948883057,4.291981935501099,0,0,0.21327614784240723,0.06182980537414551,0.03786325454711914,0.01111292839050293,0.3240821361541748,0.09382399916648865,2.984544038772583,3.0783679485321045
A-B,1,sender,bulk,delay2,B,receiver,2,False,True,2,2.965364694595337,,0.0008370876312255859,1.0503040552139282,4.513646841049194,0,0,0.2125401496887207,0.07263803482055664,0.038526058197021484,0.011945962905883789,0.3356502056121826,0.10684800148010254,3.1856958866119385,3.292543888092041
A-B,1,sender,bulk,delay2,B,receiver,3,False,True,2,3.048783302307129,,0.000888824462890625,1.0249600410461426,4.57600212097168,0,0,0.21079516410827637,0.06334280967712402,0.03754019737243652,0.011783838272094727,0.32346200942993164,0.09683199971914291,3.2668159008026123,3.363647937774658
A-B,1,sender,bulk,delay2,B,receiver,4,False,True,2,2.9965713024139404,,0.0007889270782470703,1.1036159992218018,4.5600361824035645,0,0,0.19444918632507324,0.0730600357055664,0.035162925720214844,0.01083993911743164,0.31351208686828613,0.10316800326108932,3.1975998878479004,3.3007678985595703
A-B,1,sender,bulk,delay2,B,receiver,5,False,True,2,3.13912296295166,,0.0008111000061035156,1.007423996925354,4.610827922821045,0,0,0.20881199836730957,0.062391042709350586,0.03479194641113281,0.01105189323425293,0.3170468807220459,0.09228800237178802,3.3543999195098877,3.446687936782837
A-B,1,sender,bulk,delay2,B,receiver,6,False,True,2,2.905071973800659,,0.0010120868682861328,1.023743987083435,4.385483980178833,0,0,0.2012171745300293,0.060693979263305664,0.03499293327331543,0.01120615005493164,0.30811023712158203,0.09062399715185165,3.1130239963531494,3.203648090362549
A-B,1,sender,bulk,delay2,B,receiver,7,False,True,2,2.807443857192993,,0.0011131763458251953,0.993664026260376,4.243671894073486,0,0,0.1934661865234375,0.05865597724914551,0.03473401069641113,0.010891914367675781,0.2977480888366699,0.08928000181913376,3.0071680545806885,3.0964479446411133
A-B,1,sender,bulk,delay2,B,receiver,8,False,True,2,2.7775661945343018,,0.0009429454803466797,1.0516480207443237,4.290888071060181,0,0,0.2040541172027588,0.061096906661987305,0.03606724739074707,0.011181831359863281,0.31240010261535645,0.09228800237178802,2.9876480102539062,3.0799360275268555
A-B,1,sender,bulk,delay2,B,receiver,9,False,True,2,2.818794012069702,,0.0009479522705078125,0.9960319995880127,4.253756046295166,0,0,0.19271516799926758,0.05801081657409668,0.03502321243286133,0.010428905487060547,0.29617810249328613,0.08867199718952179,3.017983913421631,3.106656074523926
A-B,1,sender,bulk,delay2,B,receiver,10,False,True,2,2.83689284324646,,0.0008869171142578125,0.9919679760932922,4.272193908691406,0,0,0.19504785537719727,0.05787324905395508,0.03495907783508301,0.009903907775878906,0.29778409004211426,0.08857599645853043,3.0383999347686768,3.1269760131835938
A-B,1,sender,bulk,jitter,A,sender,1,False,True,2.3957101794265716,3.309464931488037,1.082545280456543,11.616494178771973,0.6254079937934875,16.676682949066162,201433088,15.78585958480835,0.0575098991394043,0.01777505874633789,0.01640176773071289,0.023379802703857422,0.1150665283203125,0.03142400085926056,3.3849918842315674,3.4164159297943115
A-B,1,sender,bulk,jitter,A,sender,2,False,True,7.203029265789611,8.130529880523682,1.031013011932373,7.042635440826416,0.526528000831604,16.7727313041687,201433088,15.856158256530762,0.05783510208129883,0.01779317855834961,0.016834259033203125,0.026627540588378906,0.11909008026123047,0.03200000151991844,8.206399917602539,8.23840045928955
A-B,1,sender,bulk,jitter,A,sender,3,False,True,4.436176117830095,5.321733474731445,1.1501803398132324,9.495914459228516,0.40700799226760864,16.406848907470703,201433088,15.772945880889893,0.040964603424072266,0.012337207794189453,0.007296085357666016,0.02726268768310547,0.0878605842590332,0.02035200037062168,5.381408214569092,5.401760101318359
A-B,1,sender,bulk,jitter,A,sender,4,False,True,4.240116441279871,5.094693183898926,1.014185905456543,9.865148067474365,0.40956801176071167,16.415661334991455,201433088,15.775336265563965,0.0406341552734375,0.012517929077148438,0.007245540618896484,0.02736043930053711,0.08775806427001953,0.020447999238967896,5.154176235198975,5.174623966217041
A-B,1,sender,bulk,jitter,A,sender,5,False,True,0.8222390575106155,1.6178889274597168,1.0303902626037598,13.356308937072754,0.4052160084247589,16.44197702407837,201433088,15.800395011901855,0.03682374954223633,0.011800765991210938,0.006980419158935547,0.028290271759033203,0.08389520645141602,0.02051199972629547,1.6729919910430908,1.693503975868225
A-B,1,sender,bulk,jitter,A,sender,6,False,True,1.3315972625924726,2.08563232421875,0.9849429130554199,12.897849082946777,0.4020799994468689,16.402674674987793,201433088,15.774566173553467,0.04026174545288086,0.012228965759277344,0.006961822509765625,0.011645793914794922,0.07109832763671875,0.01027199998497963,2.144256114959717,2.1545279026031494
A-B,1,sender,bulk,jitter,A,sender,7,False,True,1.5856361542226232,2.4162864685058594,1.007652759552002,12.556798934936523,0.4698239862918854,16.48283815383911,201433088,15.791050434112549,0.040665626525878906,0.012641429901123047,0.007206916809082031,0.027315139770507812,0.0878291130065918,0.020576000213623047,2.4765119552612305,2.4970879554748535
A-B,1,sender,bulk,jitter,A,sender,8,False,True,6.094678186674147,6.93006706237793,0.9938802719116211,8.048071384429932,0.43299201130867004,16.43698787689209,201433088,15.781294822692871,0.040287017822265625,0.012011051177978516,0.007099151611328125,0.027821063995361328,0.0872182846069336,0.020287999883294106,6.98908805847168,7.009376049041748
A-B,1,sender,bulk,jitter,A,sender,9,False,True,5.097854751644424,5.94209098815918,1.0144386291503906,9.017553806304932,0.42956799268722534,16.437549114227295,201433088,15.777362823486328,0.04003715515136719,0.012022018432617188,0.006958961486816406,0.027824878692626953,0.08684301376342773,0.020287999883294106,6.000703811645508,6.020991802215576
A-B,1,sender,bulk,jitter,A,sender,10,False,True,4.216921070466924,5.075953006744385,1.0642032623291016,9.841444969177246,0.42640000581741333,16.441747188568115,201433088,15.77851152420044,0.04050779342651367,0.011933326721191406,0.007285594940185547,0.027986526489257812,0.08771324157714844,0.020447999238967896,5.135039806365967,5.155488014221191
A-B,1,sender,bulk,jitter,B,receiver,1,False,True,2.3957101794265716,3.270897150039673,,0.0008149147033691406,0.9998400211334229,4.744035005569458,0,0,0.20158600807189941,0.0724947452545166,0.03614616394042969,0.011654138565063477,0.3218810558319092,0.10335999727249146,3.4811840057373047,3.5845439434051514
A-B,1,sender,bulk,jitter,B,receiver,2,False,True,7.203029265789611,8.120031118392944,,0.0008139610290527344,1.0486719608306885,9.640298128128052,0,0,0.19802594184875488,0.06171584129333496,0.0372471809387207,0.010794878005981445,0.307783842086792,0.09257599711418152,8.331520080566406,8.42409610748291
A-B,1,sender,bulk,jitter,B,receiver,3,False,True,4.436176117830095,5.230683088302612,,0.0009579658508300781,1.1225919723510742,6.9588541984558105,0,0,0.2007160186767578,0.13241100311279297,0.08708906173706055,0.011475086212158203,0.43169116973876953,0.21107199788093567,5.43782377243042,5.648896217346191
A-B,1,sender,bulk,jitter,B,receiver,4,False,True,4.240116441279871,5.055889129638672,,0.0008988380432128906,1.0173439979553223,6.526282072067261,0,0,0.19858098030090332,0.05896496772766113,0.037577152252197266,0.010561943054199219,0.30568504333496094,0.09136000275611877,5.2612481117248535,5.3526082038879395
A-B,1,sender,bulk,jitter,B,receiver,5,False,True,0.8222390575106155,1.570194959640503,,0.0008389949798583984,1.0077439546585083,3.0610086917877197,0,0,0.19708681106567383,0.061895132064819336,0.03879570960998535,0.010602235794067383,0.3083798885345459,0.09542399644851685,1.7737599611282349,1.8691840171813965
A-B,1,sender,bulk,jitter,B,receiver,6,False,True,1.3315972625924726,2.0658528804779053,,0.0007560253143310547,1.0177600383758545,3.5342907905578613,0,0,0.1954958438873291,0.06560611724853516,0.03473305702209473,0.01041102409362793,0.3062460422515869,0.09587199985980988,2.2680959701538086,2.3639678955078125
A-B,1,sender,bulk,jitter,B,receiver,7,False,True,1.5856361542226232,2.3874857425689697,,0.0008170604705810547,1.5106879472732544,4.362058877944946,0,0,0.20017385482788086,0.06127595901489258,0.03548288345336914,0.010692119598388672,0.30762481689453125,0.09225600212812424,2.5943360328674316,2.6865921020507812
A-B,1,sender,bulk,jitter,B,receiver,8,False,True,6.094678186674147,6.877236843109131,,0.0007991790771484375,1.3680000305175781,8.70145297050476,0,0,0.19350814819335938,0.059909820556640625,0.03437018394470215,0.0107879638671875,0.29857611656188965,0.08963199704885483,7.077343940734863,7.166975975036621
A-B,1,sender,bulk,jitter,B,receiver,9,False,True,5.097854751644424,5.8945159912109375,,0.0007488727569580078,1.011680006980896,7.374448776245117,0,0,0.1995680332183838,0.05892300605773926,0.03444385528564453,0.01079106330871582,0.3037259578704834,0.08860799670219421,6.1011199951171875,6.189727783203125
A-B,1,sender,bulk,jitter,B,receiver,10,False,True,4.216921070466924,5.009612083435059,,0.0006709098815917969,1.231711983680725,6.765860080718994,0,0,0.2244558334350586,0.07994914054870605,0.04038381576538086,0.018624305725097656,0.36341309547424316,0.11558400094509125,5.240511894226074,5.356095790863037
A-B,1,sender,chunk,zero,A,sender,1,False,True,0,0.7504448890686035,0.9164166450500488,15.508412837982178,0.709663987159729,17.92632532119751,201433088,16.79579210281372,0.03719949722290039,0.011872291564941406,0.0066814422607421875,0.028680801391601562,0.08443403244018555,0.02051199972629547,0.8062719702720642,0.8267840147018433
A-B,1,sender,chunk,zero,A,sender,2,False,True,0,0.7389225959777832,0.9047431945800781,15.662781238555908,0.4246399998664856,17.771249771118164,201433088,16.944337368011475,0.03699827194213867,0.011752128601074219,0.006865024566650391,0.028560161590576172,0.08417558670043945,0.020479999482631683,0.7940160036087036,0.8144959807395935
A-B,1,sender,chunk,zero,A,sender,3,False,True,0,0.710176944732666,0.8796706199645996,15.548863887786865,0.4795520007610321,17.65945291519165,201433088,16.757687091827393,0.036975860595703125,0.011479377746582031,0.006556987762451172,0.02945995330810547,0.0844721794128418,0.02070399932563305,0.7653120160102844,0.7860159873962402
A-B,1,sender,chunk,zero,A,sender,4,False,True,0,0.7123241424560547,0.9105591773986816,15.545701503753662,0.7081599831581116,17.918309211730957,201433088,16.799598693847656,0.03649282455444336,0.011599063873291016,0.006908893585205078,0.02832937240600586,0.08333015441894531,0.020320000126957893,0.7670720219612122,0.7873920202255249
A-B,1,sender,chunk,zero,A,sender,5,False,True,0,0.7315530776977539,0.8809957504272461,15.706516742706299,0.438975989818573,17.796743392944336,201433088,16.951796054840088,0.03725433349609375,0.011957168579101562,0.006636142730712891,0.028716564178466797,0.084564208984375,0.020447999238967896,0.7874559760093689,0.8079040050506592
A-B,1,sender,chunk,zero,A,sender,6,False,True,0,0.7202520370483398,0.958064079284668,15.431028842926025,0.6640959978103638,17.815566539764404,201433088,16.794976711273193,0.05664682388305664,0.017813682556152344,0.016613006591796875,0.023081302642822266,0.11415481567382812,0.03094400092959404,0.7949439883232117,0.8258879780769348
A-B,1,sender,chunk,zero,A,sender,7,False,True,0,0.7050399780273438,0.8930063247680664,15.577971935272217,0.48931199312210083,17.712681770324707,201433088,16.794724464416504,0.03764772415161133,0.011815071105957031,0.006891727447509766,0.028701305389404297,0.08505582809448242,0.02067199908196926,0.7613760232925415,0.7820479869842529
A-B,1,sender,chunk,zero,A,sender,8,False,True,0,0.7027745246887207,0.8754754066467285,15.676274299621582,0.42368000745773315,17.717726707458496,201433088,16.875571250915527,0.037405967712402344,0.011988162994384766,0.006587028503417969,0.028708934783935547,0.08469009399414062,0.020640000700950623,0.7586879730224609,0.7793279886245728
A-B,1,sender,chunk,zero,A,sender,9,False,True,0,0.668245792388916,0.9342079162597656,15.541920185089111,0.7603200078010559,17.95050048828125,201433088,16.769761562347412,0.04748106002807617,0.013709068298339844,0.016682147979736328,0.023525238037109375,0.10139751434326172,0.02751999907195568,0.7334079742431641,0.7609279751777649
A-B,1,sender,chunk,zero,A,sender,10,False,True,0,0.7053704261779785,0.9185338020324707,15.76651382446289,0.4222399890422821,17.844128131866455,201433088,17.035053730010986,0.0410614013671875,0.012485504150390625,0.006716251373291016,0.02823925018310547,0.08850240707397461,0.020479999482631683,0.7652480006217957,0.7857279777526855
A-B,1,sender,chunk,zero,B,receiver,1,False,True,0,0.6024608612060547,,0.000823974609375,1.1604160070419312,2.263942003250122,0,0,0.21127700805664062,0.07817196846008301,0.03881192207336426,0.011753082275390625,0.3400139808654785,0.11187200248241425,0.8219519853591919,0.9338240027427673
A-B,1,sender,chunk,zero,B,receiver,2,False,True,0,0.5883097648620605,,0.0007390975952148438,1.0077439546585083,2.0478579998016357,0,0,0.19704198837280273,0.06356167793273926,0.03566718101501465,0.011011838912963867,0.3072826862335205,0.09516800194978714,0.7919359803199768,0.8871039748191833
A-B,1,sender,chunk,zero,B,receiver,3,False,True,0,0.5765821933746338,,0.0009059906005859375,1.034816026687622,2.052389144897461,0,0,0.19520807266235352,0.05791902542114258,0.03453207015991211,0.010627985000610352,0.29828715324401855,0.08777599781751633,0.7781760096549988,0.8659520149230957
A-B,1,sender,chunk,zero,B,receiver,4,False,True,0,0.5989990234375,,0.0007719993591308594,0.9987199902534485,2.0679659843444824,0,0,0.20657587051391602,0.06263017654418945,0.03667402267456055,0.011193990707397461,0.3170740604400635,0.09577599912881851,0.8121920228004456,0.9079679846763611
A-B,1,sender,chunk,zero,B,receiver,5,False,True,0,0.5922389030456543,,0.0008940696716308594,0.9916800260543823,2.022732973098755,0,0,0.19448494911193848,0.05722999572753906,0.034568071365356445,0.010545015335083008,0.296828031539917,0.08755200356245041,0.7931519746780396,0.8807039856910706
A-B,1,sender,chunk,zero,B,receiver,6,False,True,0,0.6283299922943115,,0.000904083251953125,1.019327998161316,2.1234397888183594,0,0,0.20647716522216797,0.06251883506774902,0.036054134368896484,0.011284828186035156,0.31633496284484863,0.09484799951314926,0.84169602394104,0.9365440011024475
A-B,1,sender,chunk,zero,B,receiver,7,False,True,0,0.5844600200653076,,0.0007290840148925781,1.147007942199707,2.1770870685577393,0,0,0.19503521919250488,0.0573577880859375,0.0369420051574707,0.011018037796020508,0.3003530502319336,0.08860799670219421,0.7858880162239075,0.8744959831237793
A-B,1,sender,chunk,zero,B,receiver,8,False,True,0,0.5709340572357178,,0.0008990764617919922,0.99372798204422,2.008244752883911,0,0,0.1946249008178711,0.05779099464416504,0.035180091857910156,0.010935068130493164,0.29853105545043945,0.08851200342178345,0.7719039916992188,0.8604159951210022
A-B,1,sender,chunk,zero,B,receiver,9,False,True,0,0.5676131248474121,,0.0006389617919921875,0.9984959959983826,2.0284008979797363,0,0,0.21396088600158691,0.05887103080749512,0.03464388847351074,0.011184215545654297,0.31866002082824707,0.08899199962615967,0.787551999092102,0.8765439987182617
A-B,1,sender,chunk,zero,B,receiver,10,False,True,0,0.5958638191223145,,0.0007898807525634766,1.0308480262756348,2.0874698162078857,0,0,0.2034778594970703,0.060897111892700195,0.03551793098449707,0.011604070663452148,0.3114969730377197,0.09212800115346909,0.8061119914054871,0.8982399702072144
A-B,1,sender,chunk,delay2,A,sender,1,False,True,2,2.8293728828430176,1.0503473281860352,13.210678577423096,0.6363840103149414,17.769676685333252,201433088,16.720742225646973,0.056697845458984375,0.021563053131103516,0.016865253448486328,0.02354574203491211,0.11867189407348633,0.035679999738931656,2.9040000438690186,2.9396800994873047
A-B,1,sender,chunk,delay2,A,sender,2,False,True,2,2.8225650787353516,1.0060558319091797,13.266298294067383,0.6892160177230835,17.827112197875977,201433088,16.72606086730957,0.05816221237182617,0.018424034118652344,0.016239643096923828,0.023726940155029297,0.11655282974243164,0.0318400003015995,2.8994240760803223,2.9312639236450195
A-B,1,sender,chunk,delay2,A,sender,3,False,True,2,2.8494715690612793,1.0585236549377441,13.182682037353516,0.6708160042762756,17.805007457733154,201433088,16.714383125305176,0.057679176330566406,0.018007278442382812,0.016341209411621094,0.023492813110351562,0.11552047729492188,0.03145600110292435,2.9256319999694824,2.957087993621826
A-B,1,sender,chunk,delay2,A,sender,4,False,True,2,2.833655834197998,1.0436158180236816,13.2191801071167,0.6930559873580933,17.877201080322266,201433088,16.72444486618042,0.05801200866699219,0.018311023712158203,0.016635894775390625,0.023591041564941406,0.11654996871948242,0.032416000962257385,2.909759998321533,2.942176103591919
A-B,1,sender,chunk,delay2,A,sender,5,False,True,2,2.819159984588623,0.9405250549316406,13.284470081329346,0.7161279916763306,17.803253173828125,201433088,16.801528930664062,0.03969717025756836,0.011934757232666016,0.007275104522705078,0.028222084045410156,0.08712911605834961,0.02067199908196926,2.877631902694702,2.898303985595703
A-B,1,sender,chunk,delay2,A,sender,6,False,True,2,2.816539764404297,0.9929032325744629,13.09053373336792,0.4060159921646118,17.337482929229736,201433088,16.694730758666992,0.04103279113769531,0.011956214904785156,0.007076740264892578,0.028236865997314453,0.0883026123046875,0.02054399996995926,2.876447916030884,2.8969919681549072
A-B,1,sender,chunk,delay2,A,sender,7,False,True,2,2.837707042694092,1.015143871307373,13.026726722717285,0.38518399000167847,17.296327114105225,201433088,16.673768043518066,0.03981590270996094,0.011767387390136719,0.007045745849609375,0.02849102020263672,0.08712005615234375,0.020479999482631683,2.8964478969573975,2.9169280529022217
A-B,1,sender,chunk,delay2,A,sender,8,False,True,2,2.838995933532715,0.9779667854309082,13.05542802810669,0.41014400124549866,17.313880920410156,201433088,16.67023468017578,0.03949928283691406,0.011870384216308594,0.007182598114013672,0.027538776397705078,0.0860910415649414,0.020160000771284103,2.8968958854675293,2.917056083679199
A-B,1,sender,chunk,delay2,A,sender,9,False,True,2,2.818786144256592,0.9988856315612793,13.093608379364014,0.390175998210907,17.333059310913086,201433088,16.716010093688965,0.04019880294799805,0.011857986450195312,0.007353305816650391,0.02805185317993164,0.08746194839477539,0.020800000056624413,2.8775999546051025,2.898400068283081
A-B,1,sender,chunk,delay2,A,sender,10,False,True,2,2.8616251945495605,1.0294461250305176,13.116030216217041,0.40992000699043274,17.448663234710693,201433088,16.806186199188232,0.04035234451293945,0.011819839477539062,0.006878376007080078,0.02858448028564453,0.08763504028320312,0.020479999482631683,2.9212160110473633,2.9416959285736084
A-B,1,sender,chunk,delay2,B,receiver,1,False,True,2,2.8056178092956543,,0.0007159709930419922,1.004639983177185,4.27318811416626,0,0,0.20363903045654297,0.05911898612976074,0.03698587417602539,0.01071619987487793,0.31046009063720703,0.0910400003194809,3.0160319805145264,3.107072114944458
A-B,1,sender,chunk,delay2,B,receiver,2,False,True,2,2.7939038276672363,,0.0007929801940917969,1.0017919540405273,4.244207859039307,0,0,0.1972060203552246,0.057747840881347656,0.03532099723815918,0.011420965194702148,0.3016958236694336,0.08899199962615967,2.9978559017181396,3.086848020553589
A-B,1,sender,chunk,delay2,B,receiver,3,False,True,2,2.8128881454467773,,0.0008697509765625,1.0178879499435425,4.3204569816589355,0,0,0.22751307487487793,0.06112504005432129,0.03588294982910156,0.010893106460571289,0.33541417121887207,0.09177599847316742,3.047231912612915,3.139008045196533
A-B,1,sender,chunk,delay2,B,receiver,4,False,True,2,2.803433895111084,,0.0007450580596923828,1.0028799772262573,4.271778106689453,0,0,0.21375322341918945,0.05850577354431152,0.035073041915893555,0.011311054229736328,0.31864309310913086,0.0891840010881424,3.0243520736694336,3.1135358810424805
A-B,1,sender,chunk,delay2,B,receiver,5,False,True,2,2.762847900390625,,0.0007548332214355469,1.0133119821548462,4.243982791900635,0,0,0.204758882522583,0.06133008003234863,0.035008907318115234,0.012933015823364258,0.31403088569641113,0.09145600348711014,2.9735679626464844,3.065023899078369
A-B,1,sender,chunk,delay2,B,receiver,6,False,True,2,2.7678189277648926,,0.0009331703186035156,1.0397119522094727,4.252336025238037,0,0,0.1953878402709961,0.05899810791015625,0.03449296951293945,0.010318994522094727,0.2991979122161865,0.08899199962615967,2.9696640968322754,3.0586559772491455
A-B,1,sender,chunk,delay2,B,receiver,7,False,True,2,2.7761900424957275,,0.0008158683776855469,0.9930559992790222,4.245471954345703,0,0,0.20871591567993164,0.06218290328979492,0.0379490852355957,0.01257181167602539,0.32141971588134766,0.09507200121879578,2.9924159049987793,3.0874879360198975
A-B,1,sender,chunk,delay2,B,receiver,8,False,True,2,2.7616820335388184,,0.0008251667022705078,0.9898560047149658,4.197141885757446,0,0,0.19512701034545898,0.0586090087890625,0.034938812255859375,0.01067209243774414,0.299346923828125,0.08851200342178345,2.970207929611206,3.058720111846924
A-B,1,sender,chunk,delay2,B,receiver,9,False,True,2,2.7767281532287598,,0.0008113384246826172,0.9910399913787842,4.212264060974121,0,0,0.1943979263305664,0.05869889259338379,0.03609824180603027,0.011411905288696289,0.30060696601867676,0.09027200192213058,2.977152109146118,3.0674240589141846
A-B,1,sender,chunk,delay2,B,receiver,10,False,True,2,2.783590078353882,,0.000888824462890625,1.0090559720993042,4.273661851882935,0,0,0.21269512176513672,0.06262087821960449,0.037676095962524414,0.012823104858398438,0.32581520080566406,0.09593600034713745,3.0041921138763428,3.100127935409546
A-B,1,sender,chunk,jitter,A,sender,1,False,True,1.7610915177657862,2.5963187217712402,1.0539350509643555,13.747890949249268,0.6787840127944946,18.11929941177368,201433088,17.018688678741455,0.05905628204345703,0.025029659271240234,0.017262935638427734,0.003772258758544922,0.10512113571166992,0.03961599990725517,2.656064033508301,2.6956799030303955
A-B,1,sender,chunk,jitter,A,sender,2,False,True,5.784865279063607,6.687458038330078,1.0536327362060547,9.219034194946289,0.5153279900550842,17.509370803833008,201433088,16.713749885559082,0.040194034576416016,0.012202739715576172,0.007172107696533203,0.027658462524414062,0.08722734451293945,0.02051199972629547,6.746304035186768,6.766816139221191
A-B,1,sender,chunk,jitter,A,sender,3,False,True,6.606343030729371,7.359689712524414,1.050208568572998,8.734147071838379,0.6684799790382385,17.855994701385498,201433088,16.765015125274658,0.05795764923095703,0.017582416534423828,0.016700267791748047,0.022987842559814453,0.11522817611694336,0.030880000442266464,7.435743808746338,7.466623783111572
A-B,1,sender,chunk,jitter,A,sender,4,False,True,5.872852407613883,6.734591007232666,1.047037124633789,9.31999158859253,0.6568959951400757,17.801417350769043,201433088,16.73467445373535,0.058071136474609375,0.017903804779052734,0.016303062438964844,0.023237228393554688,0.11551523208618164,0.031328000128269196,6.810751914978027,6.842080116271973
A-B,1,sender,chunk,jitter,A,sender,5,False,True,5.3351628789642005,6.177708148956299,1.0081772804260254,9.86215877532959,0.650879979133606,17.741817951202393,201433088,16.726852893829346,0.05788278579711914,0.017914295196533203,0.01645660400390625,0.023507118225097656,0.11576080322265625,0.03152000159025192,6.254015922546387,6.28553581237793
A-B,1,sender,chunk,jitter,A,sender,6,False,True,3.0802124870144594,3.9046030044555664,0.9572253227233887,12.168882846832275,0.6716160178184509,17.744351863861084,201433088,16.64308500289917,0.05804777145385742,0.017745018005371094,0.016276836395263672,0.023634910583496094,0.11570453643798828,0.031231999397277832,3.980736017227173,4.01196813583374
A-B,1,sender,chunk,jitter,A,sender,7,False,True,1.2608217841359082,2.0947351455688477,1.0400619506835938,14.068949222564697,0.7555199861526489,18.001556873321533,201433088,16.828943729400635,0.05845308303833008,0.018014907836914062,0.016415119171142578,0.02341318130493164,0.11629629135131836,0.03142400085926056,2.1715519428253174,2.2029759883880615
A-B,1,sender,chunk,jitter,A,sender,8,False,True,4.527099036774619,5.36125373840332,1.1044878959655762,10.817001342773438,0.6704000234603882,17.9949631690979,201433088,16.911582946777344,0.05818653106689453,0.018062114715576172,0.016455650329589844,0.0935220718383789,0.18622636795043945,0.02800000086426735,5.437151908874512,5.465151786804199
A-B,1,sender,chunk,jitter,A,sender,9,False,True,2.488322992482754,3.3154540061950684,1.0864810943603516,13.120009899139404,0.5239359736442566,18.087448120117188,201433088,17.147937297821045,0.05786752700805664,0.01802539825439453,0.016266345977783203,0.08077096939086914,0.17293024063110352,0.022143999114632607,3.3913919925689697,3.4135360717773438
A-B,1,sender,chunk,jitter,A,sender,10,False,True,5.370533310217103,6.212148189544678,0.9870996475219727,9.69038200378418,0.42048001289367676,17.341808795928955,201433088,16.695467948913574,0.03983259201049805,0.01187896728515625,0.0068149566650390625,0.028135299682617188,0.08666181564331055,0.02054399996995926,6.270624160766602,6.291168212890625
A-B,1,sender,chunk,jitter,B,receiver,1,False,True,1.7610915177657862,2.5832676887512207,,0.0008189678192138672,1.379647970199585,4.434630870819092,0,0,0.20429182052612305,0.05903220176696777,0.03638005256652832,0.012216806411743164,0.3119208812713623,0.08985599875450134,2.794464111328125,2.884320020675659
A-B,1,sender,chunk,jitter,B,receiver,2,False,True,5.784865279063607,6.598629951477051,,0.0009860992431640625,1.0795520544052124,8.16933798789978,0,0,0.21204090118408203,0.07440900802612305,0.03737902641296387,0.013147830963134766,0.3369767665863037,0.10726399719715118,6.818719863891602,6.925983905792236
A-B,1,sender,chunk,jitter,B,receiver,3,False,True,6.606343030729371,7.4180638790130615,,0.0007991790771484375,1.1513279676437378,9.038265943527222,0,0,0.1962728500366211,0.0764002799987793,0.0341947078704834,0.01115107536315918,0.31801891326904297,0.10646399855613708,7.6212158203125,7.727680206298828
A-B,1,sender,chunk,jitter,B,receiver,4,False,True,5.872852407613883,6.724663972854614,,0.0008089542388916016,1.1165759563446045,8.329092979431152,0,0,0.210737943649292,0.08258295059204102,0.03480100631713867,0.011887311935424805,0.3400092124938965,0.1136000007390976,6.943327903747559,7.0569281578063965
A-B,1,sender,chunk,jitter,B,receiver,5,False,True,5.3351628789642005,6.172255039215088,,0.0008370876312255859,1.5072959661483765,8.13326907157898,0,0,0.19436883926391602,0.05846714973449707,0.0360260009765625,0.010723114013671875,0.29958510398864746,0.08928000181913376,6.373216152191162,6.462495803833008
A-B,1,sender,chunk,jitter,B,receiver,6,False,True,3.0802124870144594,3.8967859745025635,,0.000823974609375,1.011072039604187,5.356308221817017,0,0,0.19513916969299316,0.05833697319030762,0.034668922424316406,0.011250019073486328,0.2993950843811035,0.08876799792051315,4.098720073699951,4.187488079071045
A-B,1,sender,chunk,jitter,B,receiver,7,False,True,1.2608217841359082,2.1018669605255127,,0.0007679462432861328,0.9927999973297119,3.784700870513916,0,0,0.193040132522583,0.05962085723876953,0.034487009048461914,0.010509014129638672,0.2976570129394531,0.08934400230646133,2.3014400005340576,2.3907840251922607
A-B,1,sender,chunk,jitter,B,receiver,8,False,True,4.527099036774619,5.417295932769775,,0.0007760524749755859,1.202239990234375,7.098355770111084,0,0,0.2068309783935547,0.06294918060302734,0.036667823791503906,0.012945890426635742,0.3193938732147217,0.09484799951314926,5.631008148193359,5.725855827331543
A-B,1,sender,chunk,jitter,B,receiver,9,False,True,2.488322992482754,3.3726119995117188,,0.0008909702301025391,0.9933120012283325,4.806518077850342,0,0,0.19422507286071777,0.05857992172241211,0.034362077713012695,0.01041722297668457,0.29758429527282715,0.08825600147247314,3.573024034500122,3.6612799167633057
A-B,1,sender,chunk,jitter,B,receiver,10,False,True,5.370533310217103,6.142987251281738,,0.0007998943328857422,0.9962239861488342,7.5855560302734375,0,0,0.1940000057220459,0.0583341121673584,0.035394906997680664,0.011513948440551758,0.2992429733276367,0.0888959988951683,6.343743801116943,6.432640075683594
A-B,1,sender,window2,zero,A,sender,1,False,True,0,0.744880199432373,0.9800992012023926,14.941387176513672,0.657151997089386,17.36519718170166,201433088,16.29990530014038,0.04751873016357422,0.013407230377197266,0.016705036163330078,0.023577213287353516,0.10120820999145508,0.027264000847935677,0.8103359937667847,0.8375999927520752
A-B,1,sender,window2,zero,A,sender,2,False,True,0,0.7537450790405273,0.8855137825012207,14.761667251586914,0.39184001088142395,16.824936866760254,201433088,16.19447612762451,0.03762006759643555,0.012069225311279297,0.00669097900390625,0.028409957885742188,0.08479022979736328,0.020416000857949257,0.8098880052566528,0.8303040266036987
A-B,1,sender,window2,zero,A,sender,3,False,True,0,0.7293238639831543,0.877871036529541,14.735904693603516,0.38844799995422363,16.762807846069336,201433088,16.141281127929688,0.03665018081665039,0.011649608612060547,0.006804943084716797,0.028636455535888672,0.0837411880493164,0.020447999238967896,0.7844160199165344,0.8048639893531799
A-B,1,sender,window2,zero,A,sender,4,False,True,0,0.6951098442077637,0.8964509963989258,14.773769855499268,0.44438400864601135,16.841887950897217,201433088,16.218437671661377,0.03780508041381836,0.012492179870605469,0.006997108459472656,0.027817726135253906,0.08511209487915039,0.02035200037062168,0.752128005027771,0.7724800109863281
A-B,1,sender,window2,zero,A,sender,5,False,True,0,0.7439107894897461,0.940183162689209,14.72284746170044,0.40620800852775574,16.84483575820923,201433088,16.20253896713257,0.03652191162109375,0.011782169342041016,0.006978034973144531,0.028733253479003906,0.0840153694152832,0.020640000700950623,0.7988799810409546,0.8195199966430664
A-B,1,sender,window2,zero,A,sender,6,False,True,0,0.7314262390136719,0.8798189163208008,14.734092235565186,0.40457600355148315,16.781564235687256,201433088,16.136281490325928,0.03685474395751953,0.011621952056884766,0.006823062896728516,0.02845287322998047,0.08375263214111328,0.020416000857949257,0.7865599989891052,0.8069760203361511
A-B,1,sender,window2,zero,A,sender,7,False,True,0,0.6453299522399902,0.8730359077453613,14.875100135803223,0.3961600065231323,16.82123613357544,201433088,16.184011936187744,0.036833763122558594,0.011723041534423828,0.006754875183105469,0.028516769409179688,0.08382844924926758,0.020640000700950623,0.7003520131111145,0.7209920287132263
A-B,1,sender,window2,zero,A,sender,8,False,True,0,0.733710765838623,0.8764724731445312,14.969758033752441,0.3954559862613678,17.00953960418701,201433088,16.23881244659424,0.03625917434692383,0.011725902557373047,0.006787776947021484,0.0294342041015625,0.08420705795288086,0.020767999812960625,0.7891839742660522,0.8099520206451416
A-B,1,sender,window2,zero,A,sender,9,False,True,0,0.7127108573913574,0.9356479644775391,14.913468837738037,0.649728000164032,17.310603141784668,201433088,16.149967193603516,0.05632591247558594,0.017635822296142578,0.01662158966064453,0.023557662963867188,0.11414098739624023,0.03142400085926056,0.787231981754303,0.8186560273170471
A-B,1,sender,window2,zero,A,sender,10,False,True,0,0.7247939109802246,1.1926155090332031,14.799468517303467,0.695360004901886,17.454330921173096,201433088,16.3436279296875,0.03831291198730469,0.011944770812988281,0.006999015808105469,0.02790355682373047,0.0851602554321289,0.020479999482631683,0.7816320061683655,0.8021119832992554
A-B,1,sender,window2,zero,B,receiver,1,False,True,0,0.593148946762085,,0.0008180141448974609,0.9963520169258118,2.11057186126709,0,0,0.21784496307373047,0.07496404647827148,0.0395808219909668,0.012551069259643555,0.3449409008026123,0.10847999900579453,0.8196160197257996,0.9280959963798523
A-B,1,sender,window2,zero,B,receiver,2,False,True,0,0.6176109313964844,,0.0007801055908203125,1.5092159509658813,2.581480026245117,0,0,0.19334197044372559,0.05845212936401367,0.03399968147277832,0.011651039123535156,0.29744482040405273,0.08739200234413147,0.8182079792022705,0.9056000113487244
A-B,1,sender,window2,zero,B,receiver,3,False,True,0,0.5970277786254883,,0.0009579658508300781,0.9933760166168213,2.0291857719421387,0,0,0.1931781768798828,0.058135032653808594,0.034361839294433594,0.010651111602783203,0.2963261604309082,0.08825600147247314,0.7969920039176941,0.8852480053901672
A-B,1,sender,window2,zero,B,receiver,4,False,True,0,0.5778229236602783,,0.0009150505065917969,0.9860159754753113,2.0185279846191406,0,0,0.208845853805542,0.05739402770996094,0.034150123596191406,0.011487722396850586,0.3118777275085449,0.08681599795818329,0.7924479842185974,0.8792639970779419
A-B,1,sender,window2,zero,B,receiver,5,False,True,0,0.6247808933258057,,0.0008628368377685547,0.995199978351593,2.097386121749878,0,0,0.20760822296142578,0.06263089179992676,0.03736090660095215,0.01118016242980957,0.31878018379211426,0.09523200243711472,0.8397120237350464,0.9349439740180969
A-B,1,sender,window2,zero,B,receiver,6,False,True,0,0.5972499847412109,,0.0007488727569580078,1.0213760137557983,2.0612659454345703,0,0,0.19392919540405273,0.058267831802368164,0.03451204299926758,0.011571168899536133,0.2982802391052246,0.08777599781751633,0.7974399924278259,0.8852159976959229
A-B,1,sender,window2,zero,B,receiver,7,False,True,0,0.5946476459503174,,0.0008988380432128906,0.989791989326477,2.0259528160095215,0,0,0.1936798095703125,0.0580441951751709,0.035318851470947266,0.010610103607177734,0.2976529598236084,0.08876799792051315,0.7952319979667664,0.8840000033378601
A-B,1,sender,window2,zero,B,receiver,8,False,True,0,0.6022882461547852,,0.0007681846618652344,0.991487979888916,2.0377020835876465,0,0,0.1943356990814209,0.05777716636657715,0.034178972244262695,0.010714054107666016,0.29700589179992676,0.08700799942016602,0.8027520179748535,0.8897600173950195
A-B,1,sender,window2,zero,B,receiver,9,False,True,0,0.6185870170593262,,0.0008149147033691406,0.9980159997940063,2.060516119003296,0,0,0.19570589065551758,0.05829906463623047,0.03569984436035156,0.010983943939208984,0.3006887435913086,0.08876799792051315,0.8209919929504395,0.9097599983215332
A-B,1,sender,window2,zero,B,receiver,10,False,True,0,0.5857620239257812,,0.0008149147033691406,1.0113600492477417,2.3638930320739746,0,0,0.33788490295410156,0.09802985191345215,0.12463712692260742,0.01238393783569336,0.5729358196258545,0.3373439908027649,0.8010879755020142,1.1384320259094238
A-B,1,sender,window2,delay2,A,sender,1,False,True,2,2.8706159591674805,1.1516308784484863,12.669405460357666,0.6130880117416382,17.347481727600098,201433088,16.467000007629395,0.06687211990356445,0.1053018569946289,0.03179216384887695,0.004224300384521484,0.2081904411315918,0.13097600638866425,2.9390079975128174,3.069983959197998
A-B,1,sender,window2,delay2,A,sender,2,False,True,2,2.9426398277282715,1.1788749694824219,12.279584884643555,0.3894079923629761,16.823229789733887,201433088,16.200868606567383,0.04020833969116211,0.011627674102783203,0.006848335266113281,0.19268512725830078,0.2513694763183594,0.020287999883294106,3.001568078994751,3.0218560695648193
A-B,1,sender,window2,delay2,A,sender,3,False,True,2,2.8517842292785645,1.092909812927246,12.531413078308105,0.38553598523139954,16.893895149230957,201433088,16.277387142181396,0.12935495376586914,0.01834583282470703,0.02240133285522461,0.02370309829711914,0.19380521774291992,0.14265599846839905,2.8948800563812256,3.0375359058380127
A-B,1,sender,window2,delay2,A,sender,4,False,True,2,2.8355278968811035,0.9833006858825684,12.722053527832031,0.3880639970302582,16.9609956741333,201433088,16.34353494644165,0.041748046875,0.023679733276367188,0.013042449951171875,0.0023326873779296875,0.08080291748046875,0.03680000081658363,2.876703977584839,2.913503885269165
A-B,1,sender,window2,delay2,A,sender,5,False,True,2,2.8652167320251465,1.150726318359375,12.352146625518799,0.3965440094470978,16.79637622833252,201433088,16.17345094680786,0.162139892578125,0.015370845794677734,0.016395092010498047,0.02404165267944336,0.21794748306274414,0.04383999854326248,3.0311360359191895,3.0749759674072266
A-B,1,sender,window2,delay2,A,sender,6,False,True,2,2.8098230361938477,0.9789986610412598,12.628847599029541,0.3996799886226654,16.84958791732788,201433088,16.20975112915039,0.04031658172607422,0.012028217315673828,0.007174968719482422,0.009957313537597656,0.06947708129882812,0.008511999621987343,2.86844801902771,2.876960039138794
A-B,1,sender,window2,delay2,A,sender,7,False,True,2,3.064596176147461,0.9927687644958496,12.36729907989502,0.40355199575424194,16.86012315750122,201433088,16.19417953491211,0.04072380065917969,0.012142181396484375,0.007379055023193359,0.02756500244140625,0.08781003952026367,0.020447999238967896,3.123807907104492,3.144256114959717
A-B,1,sender,window2,delay2,A,sender,8,False,True,2,2.866527557373047,1.1353130340576172,12.413753032684326,0.39878401160240173,16.846309661865234,201433088,16.212440967559814,0.13499212265014648,0.026219844818115234,0.02050924301147461,0.023528099060058594,0.20524930953979492,0.04451199993491173,3.0187199115753174,3.063231945037842
A-B,1,sender,window2,delay2,A,sender,9,False,True,2,2.8231091499328613,1.0950398445129395,12.420400619506836,0.4084799885749817,16.779136180877686,201433088,16.143847942352295,0.04044389724731445,0.1005849838256836,0.028523921966552734,0.023349285125732422,0.1929020881652832,0.1379839926958084,2.869663953781128,3.00764799118042
A-B,1,sender,window2,delay2,A,sender,10,False,True,2,2.8326802253723145,1.0548276901245117,12.597101211547852,0.4121280014514923,16.9288272857666,201433088,16.277991771697998,0.040205955505371094,0.013686656951904297,0.009328365325927734,0.0028853416442871094,0.06610631942749023,0.015807999297976494,2.8793280124664307,2.8951361179351807
A-B,1,sender,window2,delay2,B,receiver,1,False,True,2,2.934311866760254,,0.0008718967437744141,1.1036800146102905,4.505235910415649,0,0,0.19529294967651367,0.0768277645111084,0.03738713264465332,0.010715961456298828,0.3202238082885742,0.10947199910879135,3.1365439891815186,3.246016025543213
A-B,1,sender,window2,delay2,B,receiver,2,False,True,2,2.963012218475342,,0.0008831024169921875,0.9987519979476929,4.409883260726929,0,0,0.19599223136901855,0.05910372734069824,0.03557610511779785,0.010601997375488281,0.30127406120300293,0.08963199704885483,3.165663957595825,3.255295991897583
A-B,1,sender,window2,delay2,B,receiver,3,False,True,2,2.8866066932678223,,0.0009429454803466797,1.6304960250854492,4.976294994354248,0,0,0.19699597358703613,0.06074714660644531,0.03486275672912598,0.010346174240112305,0.3029520511627197,0.09132800251245499,3.0899200439453125,3.1812479496002197
A-B,1,sender,window2,delay2,B,receiver,4,False,True,2,2.7706799507141113,,0.007642984390258789,1.0374399423599243,4.259879112243652,0,0,0.19249391555786133,0.05863308906555176,0.03636884689331055,0.010907173156738281,0.2984030246734619,0.09059199690818787,2.969856023788452,3.060447931289673
A-B,1,sender,window2,delay2,B,receiver,5,False,True,2,2.915092945098877,,0.0007529258728027344,0.9926720261573792,4.383788824081421,0,0,0.21142101287841797,0.06998300552368164,0.036036014556884766,0.010910749435424805,0.3283507823944092,0.10195200145244598,3.1342720985412598,3.2362239360809326
A-B,1,sender,window2,delay2,B,receiver,6,False,True,2,2.717539072036743,,0.0006997585296630859,1.0275520086288452,4.200416326522827,0,0,0.20196080207824707,0.06102299690246582,0.03397393226623535,0.010865211486816406,0.30782294273376465,0.09062399715185165,2.9257919788360596,3.016416072845459
A-B,1,sender,window2,delay2,B,receiver,7,False,True,2,2.8897199630737305,,0.000946044921875,1.013375997543335,4.344790935516357,0,0,0.19334864616394043,0.05826234817504883,0.03430986404418945,0.010746955871582031,0.29666781425476074,0.0873280018568039,3.0889599323272705,3.176287889480591
A-B,1,sender,window2,delay2,B,receiver,8,False,True,2,2.9001362323760986,,0.0007269382476806641,1.270527958869934,4.638135194778442,0,0,0.20170998573303223,0.07327508926391602,0.033978939056396484,0.010764122009277344,0.31972813606262207,0.10329599678516388,3.107743978500366,3.2110400199890137
A-B,1,sender,window2,delay2,B,receiver,9,False,True,2,2.888947010040283,,0.0007040500640869141,0.9933440089225769,4.324143886566162,0,0,0.19500398635864258,0.05798196792602539,0.03440976142883301,0.01036214828491211,0.2977578639984131,0.08713600039482117,3.090303897857666,3.1774399280548096
A-B,1,sender,window2,delay2,B,receiver,10,False,True,2,2.8320488929748535,,0.0007050037384033203,1.0142079591751099,4.298102855682373,0,0,0.2019789218902588,0.06079602241516113,0.033354997634887695,0.010877132415771484,0.3070070743560791,0.09020800143480301,3.040287971496582,3.130496025085449
A-B,1,sender,window2,jitter,A,sender,1,False,True,4.228590645953495,5.1152119636535645,1.0697765350341797,10.296736240386963,0.6422719955444336,17.166269779205322,201433088,16.254599571228027,0.05769062042236328,0.017681121826171875,0.016312122344970703,0.02336597442626953,0.11504983901977539,0.031007999554276466,5.1910719871521,5.222080230712891
A-B,1,sender,window2,jitter,A,sender,2,False,True,7.029483559903578,7.872710704803467,1.0177812576293945,7.502026081085205,0.4467200040817261,16.872783660888672,201433088,16.182376384735107,0.04095458984375,0.012538909912109375,0.007452964782714844,0.02747488021850586,0.08842134475708008,0.02067199908196926,7.932640075683594,7.953311920166016
A-B,1,sender,window2,jitter,A,sender,3,False,True,6.601931403190824,7.440092086791992,1.0111775398254395,7.884548664093018,0.41673600673675537,16.78452205657959,201433088,16.194462776184082,0.040180206298828125,0.01220703125,0.007178783416748047,0.010451793670654297,0.07001781463623047,0.00979200005531311,7.498688220977783,7.508480072021484
A-B,1,sender,window2,jitter,A,sender,4,False,True,1.5543792841247912,2.5419211387634277,0.9811248779296875,13.052082538604736,0.42345601320266724,17.030692100524902,201433088,16.370837211608887,0.03980207443237305,0.011873245239257812,0.007382869720458984,0.027964115142822266,0.08702230453491211,0.020640000700950623,2.600480079650879,2.621119976043701
A-B,1,sender,window2,jitter,A,sender,5,False,True,5.56031293275936,6.424156665802002,1.0123291015625,8.988419532775879,0.4365760087966919,16.89605474472046,201433088,16.2238130569458,0.040409088134765625,0.012113094329833984,0.007083892822265625,0.02720165252685547,0.0868077278137207,0.02035200037062168,6.482624053955078,6.502975940704346
A-B,1,sender,window2,jitter,A,sender,6,False,True,4.6742617611560675,5.529201984405518,1.115882396697998,9.803571224212646,0.41923201084136963,16.900026321411133,201433088,16.249420166015625,0.04375505447387695,0.09687280654907227,0.028763294219970703,0.022624969482421875,0.1920161247253418,0.13884800672531128,5.574656009674072,5.713503837585449
A-B,1,sender,window2,jitter,A,sender,7,False,True,3.341337678850681,4.193321704864502,0.9965963363647461,11.163594722747803,0.41312000155448914,16.79861879348755,201433088,16.14147710800171,0.04067850112915039,0.012383460998535156,0.007107257843017578,0.026494979858398438,0.08666419982910156,0.006207999773323536,4.252223968505859,4.258431911468506
A-B,1,sender,window2,jitter,A,sender,8,False,True,2.7990142900524564,3.67446231842041,1.0565028190612793,11.700538635253906,0.41171199083328247,16.87550115585327,201433088,16.221728801727295,0.04009675979614258,0.012179374694824219,0.0072612762451171875,0.027797222137451172,0.08733463287353516,0.02070399932563305,3.73305606842041,3.7537600994110107
A-B,1,sender,window2,jitter,A,sender,9,False,True,0.39305202825459506,1.1941232681274414,0.9587597846984863,14.271295547485352,0.40729600191116333,16.864051818847656,201433088,16.224138736724854,0.03656196594238281,0.011947154998779297,0.0067119598388671875,0.028237342834472656,0.08345842361450195,0.02051199972629547,1.2489279508590698,1.2694400548934937
A-B,1,sender,window2,jitter,A,sender,10,False,True,4.359564805014041,5.218964099884033,1.0158319473266602,10.165177345275879,0.4116800129413605,16.844062328338623,201433088,16.187458515167236,0.04037904739379883,0.012166023254394531,0.007167816162109375,0.028187274932861328,0.08790016174316406,0.020767999812960625,5.277984142303467,5.2987518310546875
A-B,1,sender,window2,jitter,B,receiver,1,False,True,4.228590645953495,5.092352867126465,,0.0007770061492919922,1.0010240077972412,6.579993963241577,0,0,0.20767474174499512,0.07452225685119629,0.03717780113220215,0.011412382125854492,0.33078718185424805,0.10745599865913391,5.307775974273682,5.415232181549072
A-B,1,sender,window2,jitter,B,receiver,2,False,True,7.029483559903578,7.825894117355347,,0.0008499622344970703,1.0038080215454102,9.278422117233276,0,0,0.1998918056488037,0.05859518051147461,0.03332686424255371,0.010384082794189453,0.3021979331970215,0.0875839963555336,8.031807899475098,8.119392395019531
A-B,1,sender,window2,jitter,B,receiver,3,False,True,6.601931403190824,7.338993072509766,,0.0008161067962646484,1.1063040494918823,8.928345203399658,0,0,0.21177983283996582,0.0782172679901123,0.03474307060241699,0.010771751403808594,0.3355119228363037,0.10831999778747559,7.558432102203369,7.666751861572266
A-B,1,sender,window2,jitter,B,receiver,4,False,True,1.5543792841247912,2.3455419540405273,,0.0007128715515136719,0.9922879934310913,3.776118040084839,0,0,0.19060492515563965,0.058814048767089844,0.033926963806152344,0.010731935501098633,0.29407787322998047,0.08716800063848495,2.5421440601348877,2.629312038421631
A-B,1,sender,window2,jitter,B,receiver,5,False,True,5.56031293275936,6.385633945465088,,0.0007119178771972656,0.9919040203094482,7.813184976577759,0,0,0.19249176979064941,0.05833625793457031,0.03259873390197754,0.010386228561401367,0.29381299018859863,0.08700799942016602,6.584640026092529,6.671648025512695
A-B,1,sender,window2,jitter,B,receiver,6,False,True,4.6742617611560675,5.6028149127960205,,0.0008280277252197266,1.006816029548645,7.053731918334961,0,0,0.194382905960083,0.05875086784362793,0.035533905029296875,0.01100921630859375,0.29967689514160156,0.0894400030374527,5.803296089172363,5.892735958099365
A-B,1,sender,window2,jitter,B,receiver,7,False,True,3.341337678850681,4.128936052322388,,0.0006778240203857422,1.1185280084609985,5.703360080718994,0,0,0.1952829360961914,0.0721437931060791,0.03335714340209961,0.010712862014770508,0.3114967346191406,0.10143999755382538,4.330719947814941,4.432159900665283
A-B,1,sender,window2,jitter,B,receiver,8,False,True,2.7990142900524564,3.5974721908569336,,0.0007269382476806641,1.1147520542144775,5.202016115188599,0,0,0.21235990524291992,0.07913017272949219,0.033952951431274414,0.01140904426574707,0.3368520736694336,0.11043199896812439,3.8162240982055664,3.9266560077667236
A-B,1,sender,window2,jitter,B,receiver,9,False,True,0.39305202825459506,1.139622688293457,,0.0007021427154541016,0.9957759976387024,2.573697805404663,0,0,0.19123601913452148,0.0589299201965332,0.03351998329162598,0.010775089263916016,0.2944610118865967,0.08851200342178345,1.337056040763855,1.4255679845809937
A-B,1,sender,window2,jitter,B,receiver,10,False,True,4.359564805014041,5.164502859115601,,0.0007860660552978516,0.9933440089225769,6.626460790634155,0,0,0.21346092224121094,0.057885169982910156,0.03555011749267578,0.010590791702270508,0.3174870014190674,0.08799999952316284,5.391808032989502,5.4798078536987305
A-B,1,sender,priority,zero,A,sender,1,False,True,0,0.6986699104309082,0.8910183906555176,15.721862316131592,0.42630401253700256,17.77267360687256,201433088,16.959062576293945,0.037082672119140625,0.013152122497558594,0.006661891937255859,0.0277099609375,0.08460664749145508,0.020608000457286835,0.7574719786643982,0.7780799865722656
A-B,1,sender,priority,zero,A,sender,2,False,True,0,0.7023491859436035,0.9071931838989258,15.483457088470459,0.6826559901237488,17.82040548324585,201433088,16.720776081085205,0.05767107009887695,0.018546104431152344,0.016613006591796875,0.02364206314086914,0.11647224426269531,0.03222399950027466,0.7820799946784973,0.814303994178772
A-B,1,sender,priority,zero,A,sender,3,False,True,0,0.7206816673278809,1.1776113510131836,15.218762397766113,0.7039039731025696,17.8630428314209,201433088,16.76176929473877,0.037994384765625,0.01396799087524414,0.006756782531738281,0.026549339294433594,0.08526849746704102,0.020608000457286835,0.780896008014679,0.8015040159225464
A-B,1,sender,priority,zero,A,sender,4,False,True,0,0.7012367248535156,0.896245002746582,15.555678844451904,0.6652160286903381,17.860143661499023,201433088,16.77133560180664,0.03641796112060547,0.011669158935546875,0.006676673889160156,0.02863311767578125,0.08339691162109375,0.020576000213623047,0.759552001953125,0.780128002166748
A-B,1,sender,priority,zero,A,sender,5,False,True,0,0.47428226470947266,0.8612146377563477,16.03346872329712,0.4416640102863312,17.84210205078125,201433088,17.01483917236328,0.036620140075683594,0.011600971221923828,0.0065937042236328125,0.02914714813232422,0.08396196365356445,0.020576000213623047,0.5324159860610962,0.5529919862747192
A-B,1,sender,priority,zero,A,sender,6,False,True,0,1.007741928100586,0.9021472930908203,15.790408611297607,0.41334399580955505,18.165934085845947,201433088,17.34272575378418,0.0383000373840332,0.02544879913330078,0.01502847671508789,0.0025548934936523438,0.08133220672607422,0.038336001336574554,1.0504000186920166,1.0887360572814941
A-B,1,sender,priority,zero,A,sender,7,False,True,0,0.6346406936645508,0.6020283699035645,16.285499095916748,0.4179520010948181,17.971089839935303,201433088,17.16499137878418,0.040724754333496094,0.011847972869873047,0.00687408447265625,0.028378963470458984,0.08782577514648438,0.020416000857949257,0.696832001209259,0.7172480225563049
A-B,1,sender,priority,zero,A,sender,8,False,True,0,0.6965723037719727,0.8846588134765625,15.70494270324707,0.40268799662590027,17.720165252685547,201433088,16.931500911712646,0.036952972412109375,0.012260913848876953,0.0070018768310546875,0.027933597564697266,0.08414936065673828,0.020447999238967896,0.7554240226745605,0.775871992111206
A-B,1,sender,priority,zero,A,sender,9,False,True,0,0.6739921569824219,0.9046969413757324,15.59890079498291,0.7466560006141663,17.96827793121338,201433088,16.80347967147827,0.04648399353027344,0.013688087463378906,0.01671600341796875,0.024053096771240234,0.10094118118286133,0.027775999158620834,0.7416639924049377,0.7694399952888489
A-B,1,sender,priority,zero,A,sender,10,False,True,0,0.7245421409606934,1.3037819862365723,14.850642681121826,0.41596800088882446,17.327187061309814,201433088,16.676959991455078,0.036438941955566406,0.011972904205322266,0.006499290466308594,0.02900981903076172,0.08392095565795898,0.020640000700950623,0.7830399870872498,0.8036800026893616
A-B,1,sender,priority,zero,B,receiver,1,False,True,0,0.5770938396453857,,0.0009458065032958984,1.0235519409179688,2.060393810272217,0,0,0.204010009765625,0.06144404411315918,0.03351593017578125,0.011198043823242188,0.3101680278778076,0.09011200070381165,0.7876160144805908,0.8777279853820801
A-B,1,sender,priority,zero,B,receiver,2,False,True,0,0.6265161037445068,,0.0008771419525146484,0.9926080107688904,2.0629940032958984,0,0,0.19402790069580078,0.05748414993286133,0.033975839614868164,0.010428190231323242,0.2959160804748535,0.08640000224113464,0.8263360261917114,0.9127359986305237
A-B,1,sender,priority,zero,B,receiver,3,False,True,0,0.6105790138244629,,0.00092315673828125,1.03929603099823,2.386467218399048,0,0,0.33080577850341797,0.08608531951904297,0.12298393249511719,0.012490034103393555,0.5523650646209717,0.3253760039806366,0.8167039752006531,1.1420799493789673
A-B,1,sender,priority,zero,B,receiver,4,False,True,0,0.573591947555542,,0.0006771087646484375,1.0076160430908203,2.0340120792388916,0,0,0.20207715034484863,0.06067991256713867,0.0336461067199707,0.010780811309814453,0.30718398094177246,0.08902399986982346,0.7821760177612305,0.8712000250816345
A-B,1,sender,priority,zero,B,receiver,5,False,True,0,0.48744797706604004,,0.0007171630859375,0.9403839707374573,2.0092172622680664,0,0,0.31647276878356934,0.0643610954284668,0.03382396697998047,0.012024879455566406,0.426682710647583,0.09651199728250504,0.8003519773483276,0.8968639969825745
A-B,1,sender,priority,zero,B,receiver,6,False,True,0,0.6093180179595947,,0.0006859302520751953,1.015071988105774,2.0614559650421143,0,0,0.19155526161193848,0.058696746826171875,0.034707069396972656,0.01052093505859375,0.29548001289367676,0.08822400122880936,1.064512014389038,1.152735948562622
A-B,1,sender,priority,zero,B,receiver,7,False,True,0,0.4156761169433594,,0.0007250308990478516,0.9876480102539062,1.7270231246948242,0,0,0.11063528060913086,0.05724072456359863,0.032888174057006836,0.011349916458129883,0.2121140956878662,0.08403199911117554,0.5321279764175415,0.616159975528717
A-B,1,sender,priority,zero,B,receiver,8,False,True,0,0.5823330879211426,,0.0007331371307373047,0.9865919947624207,2.003680944442749,0,0,0.19018292427062988,0.05837821960449219,0.033284902572631836,0.010330915451049805,0.2921769618988037,0.08739200234413147,0.7788479924201965,0.8662400245666504
A-B,1,sender,priority,zero,B,receiver,9,False,True,0,0.5762381553649902,,0.0007140636444091797,1.0044159889221191,2.015277862548828,0,0,0.18953895568847656,0.058116912841796875,0.03306317329406738,0.011360883712768555,0.2920799255371094,0.0862400010228157,0.77183997631073,0.8580800294876099
A-B,1,sender,priority,zero,B,receiver,10,False,True,0,0.739609956741333,,0.001010894775390625,1.0058560371398926,2.5068109035491943,0,0,0.3352518081665039,0.08616304397583008,0.1201162338256836,0.01382899284362793,0.5553600788116455,0.27142399549484253,1.0025279521942139,1.2739520072937012
A-B,1,sender,priority,delay2,A,sender,1,False,True,2,2.7780346870422363,1.006887435913086,13.29350233078003,0.7207040190696716,17.842453956604004,201433088,16.69416618347168,0.05754899978637695,0.018001079559326172,0.016816139221191406,0.023689746856689453,0.11605596542358398,0.032127998769283295,2.858720064163208,2.89084792137146
A-B,1,sender,priority,delay2,A,sender,2,False,True,2,2.8184328079223633,1.0415968894958496,13.327415943145752,0.6990399956703186,17.92945098876953,201433088,16.8110032081604,0.0582728385925293,0.018095016479492188,0.016733169555664062,0.02398061752319336,0.1170816421508789,0.032607998698949814,2.9006080627441406,2.933216094970703
A-B,1,sender,priority,delay2,A,sender,3,False,True,2,2.8452439308166504,1.0413613319396973,13.326467990875244,0.7080960273742676,17.96430206298828,201433088,16.841017723083496,0.057387351989746094,0.018123626708984375,0.017149925231933594,0.023488998413085938,0.11614990234375,0.03276799991726875,2.926111936569214,2.9588799476623535
A-B,1,sender,priority,delay2,A,sender,4,False,True,2,2.739086627960205,1.007796287536621,13.515136241912842,0.7233279943466187,18.028214931488037,201433088,16.881072998046875,0.057394981384277344,0.018650054931640625,0.016821861267089844,0.02359914779663086,0.11646604537963867,0.03276799991726875,2.821120023727417,2.8538880348205566
A-B,1,sender,priority,delay2,A,sender,5,False,True,2,2.8339810371398926,0.9824051856994629,13.108522891998291,0.4548799991607666,17.41165781021118,201433088,16.708253860473633,0.03931379318237305,0.011986255645751953,0.007138252258300781,0.027870655059814453,0.08630895614624023,0.02054399996995926,2.896415948867798,2.9169600009918213
A-B,1,sender,priority,delay2,A,sender,6,False,True,2,2.819714069366455,0.9998879432678223,13.115317821502686,0.40428799390792847,17.370834350585938,201433088,16.726360321044922,0.041699886322021484,0.011806964874267578,0.006903171539306641,0.028322696685791016,0.08873271942138672,0.020576000213623047,2.884351968765259,2.904927968978882
A-B,1,sender,priority,delay2,A,sender,7,False,True,2,2.82899808883667,0.9822993278503418,13.09004020690918,0.4115520119667053,17.344812870025635,201433088,16.701412200927734,0.038825035095214844,0.011935234069824219,0.007050037384033203,0.027876853942871094,0.08568716049194336,0.020479999482631683,2.8903679847717285,2.9108479022979736
A-B,1,sender,priority,delay2,A,sender,8,False,True,2,2.8504247665405273,0.9837141036987305,13.08232593536377,0.40857601165771484,17.35680913925171,201433088,16.71614980697632,0.03909492492675781,0.01186227798461914,0.007365226745605469,0.02773284912109375,0.08605527877807617,0.02035200037062168,2.912735939025879,2.9330880641937256
A-B,1,sender,priority,delay2,A,sender,9,False,True,2,2.8204402923583984,0.9764199256896973,13.103940486907959,0.4100160002708435,17.34317398071289,201433088,16.7061185836792,0.039381980895996094,0.011803150177001953,0.007136344909667969,0.02780437469482422,0.08612585067749023,0.02051199972629547,2.8826239109039307,2.9031360149383545
A-B,1,sender,priority,delay2,A,sender,10,False,True,2,2.7876529693603516,0.9455208778381348,13.164947509765625,0.4261760115623474,17.356121063232422,201433088,16.707167148590088,0.03885364532470703,0.011812210083007812,0.006988048553466797,0.02818012237548828,0.08583402633666992,0.02051199972629547,2.849247932434082,2.869760036468506
A-B,1,sender,priority,delay2,B,receiver,1,False,True,2,2.7663638591766357,,0.0008420944213867188,1.0152640342712402,4.219762086868286,0,0,0.18943190574645996,0.058297157287597656,0.03365492820739746,0.01153874397277832,0.2929227352142334,0.08697599917650223,2.962815999984741,3.0497920513153076
A-B,1,sender,priority,delay2,B,receiver,2,False,True,2,2.814700126647949,,0.0010480880737304688,0.9977279901504517,4.258330345153809,0,0,0.19678616523742676,0.05850791931152344,0.03527498245239258,0.010596990585327148,0.3011660575866699,0.08841600269079208,3.0178558826446533,3.106271982192993
A-B,1,sender,priority,delay2,B,receiver,3,False,True,2,2.830814838409424,,0.0007228851318359375,1.0991679430007935,4.38433575630188,0,0,0.1927509307861328,0.07185506820678711,0.035028934478759766,0.011052846908569336,0.310687780380249,0.10326399654150009,3.0304319858551025,3.1336960792541504
A-B,1,sender,priority,delay2,B,receiver,4,False,True,2,2.7329938411712646,,0.000659942626953125,0.9874879717826843,4.159440994262695,0,0,0.19261980056762695,0.057961225509643555,0.03475809097290039,0.01201486587524414,0.29735398292541504,0.08723200112581253,2.9316799640655518,3.0189120769500732
A-B,1,sender,priority,delay2,B,receiver,5,False,True,2,2.7800300121307373,,0.000698089599609375,1.4149119853973389,4.645034074783325,0,0,0.18992209434509277,0.06062507629394531,0.035507917404174805,0.010255098342895508,0.2963101863861084,0.09062399715185165,2.9767038822174072,3.0673279762268066
A-B,1,sender,priority,delay2,B,receiver,6,False,True,2,2.767106056213379,,0.000865936279296875,0.9871039986610413,4.21212100982666,0,0,0.19196796417236328,0.07480287551879883,0.035308122634887695,0.011929035186767578,0.3140079975128174,0.10480000078678131,2.965087890625,3.069888114929199
A-B,1,sender,priority,delay2,B,receiver,7,False,True,2,2.7794008255004883,,0.0007669925689697266,0.9823359847068787,4.19861102104187,0,0,0.19073104858398438,0.05744791030883789,0.034536123275756836,0.010465860366821289,0.2931809425354004,0.08720000088214874,2.9769279956817627,3.0641279220581055
A-B,1,sender,priority,delay2,B,receiver,8,False,True,2,2.794084072113037,,0.0007250308990478516,1.3716479539871216,4.622204065322876,0,0,0.1995089054107666,0.05869293212890625,0.03383803367614746,0.011522054672241211,0.3035619258880615,0.08726400136947632,2.9993600845336914,3.0866239070892334
A-B,1,sender,priority,delay2,B,receiver,9,False,True,2,2.7639501094818115,,0.0007312297821044922,1.0134079456329346,4.220530033111572,0,0,0.19243121147155762,0.059706926345825195,0.03511309623718262,0.011517763137817383,0.2987689971923828,0.08883199840784073,2.9630720615386963,3.0519039630889893
A-B,1,sender,priority,delay2,B,receiver,10,False,True,2,2.7337520122528076,,0.0007450580596923828,1.0042879581451416,4.187367916107178,0,0,0.19904398918151855,0.06024789810180664,0.033872127532958984,0.011219978332519531,0.3043839931488037,0.08950400352478027,2.938783884048462,3.028287887573242
A-B,1,sender,priority,jitter,A,sender,1,False,True,7.033544673967673,7.854421138763428,1.0763421058654785,8.233227729797363,0.7718719840049744,17.978187084197998,201433088,16.803251266479492,0.05743694305419922,0.01769399642944336,0.016377925872802734,0.023415088653564453,0.11492395401000977,0.031072000041604042,7.935135841369629,7.966207981109619
A-B,1,sender,priority,jitter,A,sender,2,False,True,5.889187042866188,6.722470283508301,1.0617895126342773,9.32159948348999,0.6612799763679504,17.810450077056885,201433088,16.72749090194702,0.05723285675048828,0.022034168243408203,0.017503738403320312,0.023468494415283203,0.1202392578125,0.03699199855327606,6.802656173706055,6.8396477699279785
A-B,1,sender,priority,jitter,A,sender,3,False,True,3.397561876654861,4.234536647796631,1.0633373260498047,11.990987777709961,0.6813439726829529,18.011751651763916,201433088,16.906426429748535,0.05716991424560547,0.018159866333007812,0.016214370727539062,0.02361154556274414,0.11515569686889648,0.0318400003015995,4.315072059631348,4.346911907196045
A-B,1,sender,priority,jitter,A,sender,4,False,True,1.680546737284181,2.4512057304382324,1.1620140075683594,13.787140369415283,0.4060159921646118,17.8407039642334,201433088,17.04146099090576,0.03971290588378906,0.01206827163696289,0.007038593292236328,0.028130054473876953,0.08694982528686523,0.02054399996995926,2.5140480995178223,2.5345919132232666
A-B,1,sender,priority,jitter,A,sender,5,False,True,5.943794409252126,6.769601821899414,0.9997854232788086,9.364165782928467,0.6497920155525208,17.825411796569824,201433088,16.805453777313232,0.0581512451171875,0.017720699310302734,0.01683664321899414,0.02313852310180664,0.11584711074829102,0.03174399957060814,6.8506879806518555,6.882431983947754
A-B,1,sender,priority,jitter,A,sender,6,False,True,0.20495925958310313,0.9665017127990723,1.0533103942871094,14.956588745117188,0.4636799991130829,17.472393035888672,201433088,16.764644145965576,0.03782796859741211,0.012258052825927734,0.0068950653076171875,0.028077125549316406,0.08505821228027344,0.02054399996995926,1.0264320373535156,1.0469759702682495
A-B,1,sender,priority,jitter,A,sender,7,False,True,1.0650240242832867,1.8921847343444824,1.0007567405700684,14.025864601135254,0.4326399862766266,17.384196281433105,201433088,16.717013835906982,0.04026985168457031,0.012431144714355469,0.007629871368408203,0.027387142181396484,0.08771800994873047,0.020447999238967896,1.955680012702942,1.9761279821395874
A-B,1,sender,priority,jitter,A,sender,8,False,True,3.0822038321197622,3.845060348510742,0.9866452217102051,12.105583667755127,0.4203200042247772,17.39000654220581,201433088,16.726367473602295,0.0396275520324707,0.012529373168945312,0.007407188415527344,0.02704477310180664,0.08660888671875,0.020447999238967896,3.9080960750579834,3.928544044494629
A-B,1,sender,priority,jitter,A,sender,9,False,True,0.43892965395755823,1.2756319046020508,1.3047523498535156,14.358044147491455,0.4190399944782257,17.390485763549805,201433088,16.737372875213623,0.03937721252441406,0.012271404266357422,0.007302284240722656,0.02785015106201172,0.08680105209350586,0.020608000457286835,1.3380800485610962,1.3586879968643188
A-B,1,sender,priority,jitter,A,sender,10,False,True,6.662830271298811,7.507354259490967,1.0357990264892578,8.39913558959961,0.42819198966026306,17.403233528137207,201433088,16.737568855285645,0.040042877197265625,0.017154216766357422,0.009685039520263672,0.025414466857910156,0.09229660034179688,0.025631999596953392,7.570303916931152,7.595935821533203
A-B,1,sender,priority,jitter,B,receiver,1,False,True,7.033544673967673,7.837661981582642,,0.0007350444793701172,1.1245759725570679,9.449197053909302,0,0,0.2033989429473877,0.08774590492248535,0.03465008735656738,0.011785030364990234,0.33757996559143066,0.11747200042009354,8.048768043518066,8.166239738464355
A-B,1,sender,priority,jitter,B,receiver,2,False,True,5.889187042866188,6.725178003311157,,0.0008597373962402344,0.9991359710693359,8.186524868011475,0,0,0.19058871269226074,0.07972097396850586,0.035004377365112305,0.012276887893676758,0.31759095191955566,0.10899200290441513,6.92252779006958,7.031519889831543
A-B,1,sender,priority,jitter,B,receiver,3,False,True,3.397561876654861,4.230302095413208,,0.0008442401885986328,1.0241600275039673,5.722297191619873,0,0,0.2153937816619873,0.0609133243560791,0.03371071815490723,0.012729167938232422,0.32274699211120605,0.0896959975361824,4.4516801834106445,4.541376113891602
A-B,1,sender,priority,jitter,B,receiver,4,False,True,1.680546737284181,2.4010019302368164,,0.0007648468017578125,1.0215040445327759,3.860161066055298,0,0,0.19060492515563965,0.05856204032897949,0.03409290313720703,0.010855913162231445,0.2941157817840576,0.08752000331878662,2.5980799198150635,2.6856000423431396
A-B,1,sender,priority,jitter,B,receiver,5,False,True,5.943794409252126,6.764435768127441,,0.0007359981536865234,1.3151359558105469,8.523407697677612,0,0,0.1880793571472168,0.058197021484375,0.03313493728637695,0.010675907135009766,0.2900872230529785,0.08643200248479843,6.958816051483154,7.045248031616211
A-B,1,sender,priority,jitter,B,receiver,6,False,True,0.20495925958310313,0.9190888404846191,,0.0006830692291259766,1.0028480291366577,2.4631948471069336,0,0,0.2661771774291992,0.06211590766906738,0.038210153579711914,0.011430740356445312,0.37793397903442383,0.12044800072908401,1.1656320095062256,1.286080002784729
A-B,1,sender,priority,jitter,B,receiver,7,False,True,1.0650240242832867,1.8675918579101562,,0.0007300376892089844,1.013535976409912,3.316011905670166,0,0,0.1902759075164795,0.057859182357788086,0.03309512138366699,0.011839866638183594,0.29307007789611816,0.08591999858617783,2.0636160373687744,2.149535894393921
A-B,1,sender,priority,jitter,B,receiver,8,False,True,3.0822038321197622,3.8014581203460693,,0.0008261203765869141,1.0317120552062988,5.273130893707275,0,0,0.18886184692382812,0.06232714653015137,0.03529787063598633,0.010390996932983398,0.2968778610229492,0.09257599711418152,3.997215986251831,4.089791774749756
A-B,1,sender,priority,jitter,B,receiver,9,False,True,0.43892965395755823,1.2269690036773682,,0.0024650096893310547,1.0814720392227173,3.163076877593994,0,0,0.18948101997375488,0.15383505821228027,0.08599114418029785,0.017851829528808594,0.4471590518951416,0.22924800217151642,1.422752022743225,1.6519999504089355
A-B,1,sender,priority,jitter,B,receiver,10,False,True,6.662830271298811,7.471341848373413,,0.0007319450378417969,1.0251840353012085,8.953017950057983,0,0,0.20554089546203613,0.058460235595703125,0.03714466094970703,0.010354042053222656,0.31149983406066895,0.09107200056314468,7.6839680671691895,7.775040149688721
A-B,1,receiver,bulk,zero,A,sender,1,False,True,0,0.3833479881286621,1.0261430740356445,0.0008578300476074219,1.085919976234436,2.6372742652893066,0,0,0.18654298782348633,0.05618906021118164,0.03354597091674805,0.01126718521118164,0.28754520416259766,0.08409599959850311,0.5752639770507812,0.6593599915504456
A-B,1,receiver,bulk,zero,A,sender,2,False,True,0,0.40548229217529297,8.617512702941895,0.0009331703186035156,1.068127989768982,10.2272367477417,0,0,0.19933414459228516,0.056233882904052734,0.03428792953491211,0.011182308197021484,0.3010382652282715,0.08531200140714645,0.6096640229225159,0.6949759721755981
A-B,1,receiver,bulk,zero,A,sender,3,False,True,0,0.393582820892334,8.590959072113037,0.0008721351623535156,1.0366719961166382,10.15813684463501,0,0,0.1787395477294922,0.05563831329345703,0.034084320068359375,0.011042118072509766,0.27950429916381836,0.08403199911117554,0.5777599811553955,0.661791980266571
A-B,1,receiver,bulk,zero,A,sender,4,False,True,0,0.3954620361328125,8.595510959625244,0.0009250640869140625,1.0433599948883057,10.170217514038086,0,0,0.1803884506225586,0.05596351623535156,0.03349018096923828,0.01090860366821289,0.28075075149536133,0.08380799740552902,0.58160001039505,0.6654080152511597
A-B,1,receiver,bulk,zero,A,sender,5,False,True,0,0.3444385528564453,8.620043754577637,0.000881195068359375,1.0640640258789062,10.17530345916748,0,0,0.1843409538269043,0.05730581283569336,0.050379276275634766,0.01154947280883789,0.3035755157470703,0.10179200023412704,0.5342079997062683,0.6359999775886536
A-B,1,receiver,bulk,zero,A,sender,6,False,True,0,0.2907443046569824,8.794921875,0.0009107589721679688,1.0737279653549194,10.334354877471924,0,0,0.11723518371582031,0.056375980377197266,0.030988216400146484,0.011089801788330078,0.21568918228149414,0.08012799918651581,0.41388800740242004,0.49401599168777466
A-B,1,receiver,bulk,zero,A,sender,7,False,True,0,0.3603239059448242,8.618080139160156,0.0008530616760253906,1.0506559610366821,10.163048267364502,0,0,0.18072795867919922,0.05648088455200195,0.034698486328125,0.010942935943603516,0.2828502655029297,0.08556800335645676,0.5467519760131836,0.632319986820221
A-B,1,receiver,bulk,zero,A,sender,8,False,True,0,0.3184375762939453,8.660678386688232,0.0008788108825683594,1.075808048248291,10.19137191772461,0,0,0.1101541519165039,0.06384515762329102,0.03134298324584961,0.01074075698852539,0.21608304977416992,0.08828800171613693,0.4352000057697296,0.5234879851341248
A-B,1,receiver,bulk,zero,A,sender,9,False,True,0,0.4290156364440918,8.564842224121094,0.0008330345153808594,1.02019202709198,10.170324802398682,0,0,0.17621707916259766,0.055950164794921875,0.0343317985534668,0.01129913330078125,0.2777981758117676,0.08435200154781342,0.6111040115356445,0.6954560279846191
A-B,1,receiver,bulk,zero,A,sender,10,False,True,0,0.41206884384155273,8.617774963378906,0.0008397102355957031,1.053760051727295,10.219908714294434,0,0,0.17609357833862305,0.07165336608886719,0.03294801712036133,0.011115550994873047,0.2918105125427246,0.09932799637317657,0.5943040251731873,0.6936320066452026
A-B,1,receiver,bulk,zero,B,receiver,1,False,True,0,0.8676140308380127,,7.5828070640563965,0.40358400344848633,9.100826025009155,201433088,8.444813013076782,0.03957700729370117,0.0260469913482666,0.017941951751708984,0.09408116340637207,0.17764711380004883,0.05100800096988678,0.9079679846763611,0.9589759707450867
A-B,1,receiver,bulk,zero,B,receiver,2,False,True,0,0.8841760158538818,,0.13466787338256836,0.38019201159477234,9.172318935394287,201433088,8.4445481300354,0.03932785987854004,0.01250600814819336,0.010376930236816406,7.655927896499634,7.718138694763184,7.658080101013184,0.9333440065383911,8.591423988342285
A-B,1,receiver,bulk,zero,B,receiver,3,False,True,0,0.8104069232940674,,0.0017521381378173828,0.42425599694252014,9.036471128463745,201433088,8.442918062210083,0.03829789161682129,0.012109041213989258,0.006975889205932617,7.699311017990112,7.7566938400268555,0.0015040000434964895,8.558496475219727,8.5600004196167
A-B,1,receiver,bulk,zero,B,receiver,4,False,True,0,0.8281598091125488,,0.002064228057861328,0.4403199851512909,9.059367895126343,201433088,8.44666600227356,0.03884720802307129,0.0252227783203125,0.016987085342407227,7.660635948181152,7.741693019866943,0.0014720000326633453,8.557344436645508,8.558815956115723
A-B,1,receiver,bulk,zero,B,receiver,5,False,True,0,0.8177931308746338,,0.002578258514404297,0.4100799858570099,9.062530040740967,201433088,8.446355819702148,0.1341409683227539,0.020380258560180664,0.026846885681152344,7.567790985107422,7.749159097671509,0.0015040000434964895,8.555328369140625,8.556832313537598
A-B,1,receiver,bulk,zero,B,receiver,6,False,True,0,0.6645610332489014,,0.1357111930847168,0.3895680010318756,9.196922063827515,201433088,8.462023973464966,0.03863191604614258,0.012115955352783203,0.007066011428833008,7.8958659172058105,7.953679800033569,0.0015040000434964895,8.609375953674316,8.610879898071289
A-B,1,receiver,bulk,zero,B,receiver,7,False,True,0,0.7794477939605713,,0.09946584701538086,0.6377919912338257,9.372131824493408,201433088,8.445877075195312,0.053508758544921875,0.017966270446777344,0.016856908798217773,7.6979148387908936,7.7862467765808105,0.0015040000434964895,8.556896209716797,8.55840015411377
A-B,1,receiver,bulk,zero,B,receiver,8,False,True,0,0.7015507221221924,,0.09779572486877441,0.40560001134872437,9.12657880783081,201433088,8.448622941970825,0.03867506980895996,0.012018918991088867,0.006921052932739258,7.810730218887329,7.868345260620117,0.0015040000434964895,8.562175750732422,8.563679695129395
A-B,1,receiver,bulk,zero,B,receiver,9,False,True,0,0.8397560119628906,,0.12813997268676758,0.40412798523902893,9.156451940536499,201433088,8.44448208808899,0.14274883270263672,0.017123937606811523,0.022687911987304688,7.544804334640503,7.727365016937256,0.0014720000326633453,8.559295654296875,8.560768127441406
A-B,1,receiver,bulk,zero,B,receiver,10,False,True,0,0.839836835861206,,0.1458587646484375,0.4007680118083954,9.210762977600098,201433088,8.445444107055664,0.038246870040893555,0.011831045150756836,0.00704503059387207,7.7038819789886475,7.76100492477417,0.0014720000326633453,8.595168113708496,8.596639633178711
A-B,1,receiver,bulk,delay2,A,sender,1,False,True,2,2.6094141006469727,6.423423767089844,0.00102996826171875,1.0590720176696777,10.228743076324463,0,0,0.20097637176513672,0.05894041061401367,0.03383493423461914,0.011495113372802734,0.30524682998657227,0.0878399983048439,2.8167359828948975,2.904576063156128
A-B,1,receiver,bulk,delay2,A,sender,2,False,True,2,2.5961599349975586,6.413422107696533,0.0008559226989746094,1.0720640420913696,10.218622207641602,0,0,0.19056177139282227,0.06834602355957031,0.03665876388549805,0.011180400848388672,0.3067469596862793,0.09935999661684036,2.7927041053771973,2.892064094543457
A-B,1,receiver,bulk,delay2,A,sender,3,False,True,2,2.5038132667541504,6.437452793121338,0.0008997917175292969,1.0307519435882568,10.127126216888428,0,0,0.19131946563720703,0.05674314498901367,0.03521299362182617,0.010982036590576172,0.29425764083862305,0.08591999858617783,2.7013440132141113,2.787264108657837
A-B,1,receiver,bulk,delay2,A,sender,4,False,True,2,2.619021415710449,6.408475399017334,0.0008749961853027344,1.0938559770584106,10.257514476776123,0,0,0.1920456886291504,0.05657482147216797,0.03501129150390625,0.012672901153564453,0.29630470275878906,0.08675199747085571,2.8163199424743652,2.9030721187591553
A-B,1,receiver,bulk,delay2,A,sender,5,False,True,2,2.5833163261413574,6.398609638214111,0.0008487701416015625,1.0492479801177979,10.167214393615723,0,0,0.19163846969604492,0.05651140213012695,0.03392982482910156,0.010764598846435547,0.292844295501709,0.08521600067615509,2.7815680503845215,2.86678409576416
A-B,1,receiver,bulk,delay2,A,sender,6,False,True,2,2.5071582794189453,6.461225986480713,0.0008711814880371094,1.072543978691101,10.177220344543457,0,0,0.19358015060424805,0.07302713394165039,0.03860902786254883,0.01249074935913086,0.3177070617675781,0.10543999820947647,2.705888032913208,2.8113279342651367
A-B,1,receiver,bulk,delay2,A,sender,7,False,True,2,2.5179176330566406,6.430555820465088,0.0008258819580078125,1.0721919536590576,10.164445400238037,0,0,0.19063663482666016,0.05650138854980469,0.0351710319519043,0.011023998260498047,0.2933330535888672,0.08607999980449677,2.7149760723114014,2.801055908203125
A-B,1,receiver,bulk,delay2,A,sender,8,False,True,2,2.493359088897705,6.542072296142578,0.0008592605590820312,1.047935962677002,10.228439807891846,0,0,0.19540119171142578,0.0572509765625,0.03537893295288086,0.01096487045288086,0.2989959716796875,0.08767999708652496,2.694591999053955,2.7822721004486084
A-B,1,receiver,bulk,delay2,A,sender,9,False,True,2,2.3776745796203613,6.5752434730529785,0.0008726119995117188,1.0531840324401855,10.143285274505615,0,0,0.20158863067626953,0.056183815002441406,0.034621238708496094,0.010752201080322266,0.3031458854675293,0.08607999980449677,2.585536003112793,2.6716160774230957
A-B,1,receiver,bulk,delay2,A,sender,10,False,True,2,2.417141914367676,6.446900367736816,0.0007729530334472656,1.039680004119873,10.050638198852539,0,0,0.1980142593383789,0.05796051025390625,0.03403806686401367,0.011972427368164062,0.3019852638244629,0.08668799698352814,2.621119976043701,2.707808017730713
A-B,1,receiver,bulk,delay2,B,receiver,1,False,True,2,3.080861806869507,,0.11746382713317871,0.37958401441574097,9.141921997070312,201433088,8.44521689414978,0.03787088394165039,0.011815071105957031,0.006626129150390625,5.452553033828735,5.508865118026733,0.0014720000326633453,8.580096244812012,8.581567764282227
A-B,1,receiver,bulk,delay2,B,receiver,2,False,True,2,3.100145101547241,,0.13240694999694824,0.38310399651527405,9.169023036956787,201433088,8.457757234573364,0.037995100021362305,0.011703014373779297,0.006777048110961914,5.442767858505249,5.4992430210113525,0.0014720000326633453,8.590751647949219,8.59222412109375
A-B,1,receiver,bulk,delay2,B,receiver,3,False,True,2,3.083430051803589,,0.13287806510925293,0.3866559863090515,9.14126706123352,201433088,8.443520784378052,0.03847312927246094,0.011781930923461914,0.007195949554443359,5.424060106277466,5.481511116027832,0.0015040000434964895,8.55679988861084,8.558303833007812
A-B,1,receiver,bulk,delay2,B,receiver,4,False,True,2,3.067279100418091,,0.17382407188415527,0.3863680064678192,9.19548225402832,201433088,8.5572988986969,0.03803110122680664,0.0117950439453125,0.00675201416015625,5.455275058746338,5.511853218078613,0.0014720000326633453,8.574655532836914,8.576128005981445
A-B,1,receiver,bulk,delay2,B,receiver,5,False,True,2,3.060418128967285,,0.14452099800109863,0.3948479890823364,9.161668062210083,201433088,8.442803144454956,0.03829216957092285,0.011842012405395508,0.0065228939056396484,5.449134826660156,5.505791902542114,0.0014720000326633453,8.557472229003906,8.558943748474121
A-B,1,receiver,bulk,delay2,B,receiver,6,False,True,2,3.01381516456604,,0.0950767993927002,0.38332799077033997,9.098120927810669,201433088,8.456915140151978,0.03881359100341797,0.015402078628540039,0.006796121597290039,5.507664918899536,5.568676710128784,0.0014720000326633453,8.574399948120117,8.575872421264648
A-B,1,receiver,bulk,delay2,B,receiver,7,False,True,2,3.0175623893737793,,0.0952291488647461,0.38867199420928955,9.087859392166138,201433088,8.546555995941162,0.04148292541503906,0.011682987213134766,0.00662994384765625,5.4905781745910645,5.5503740310668945,0.0014720000326633453,8.564127922058105,8.565600395202637
A-B,1,receiver,bulk,delay2,B,receiver,8,False,True,2,3.0796408653259277,,0.0028200149536132812,0.8086720108985901,9.539300680160522,201433088,8.471565961837769,0.05704617500305176,0.017757892608642578,0.017214059829711914,5.404814958572388,5.496833086013794,0.0014720000326633453,8.570272445678711,8.571743965148926
A-B,1,receiver,bulk,delay2,B,receiver,9,False,True,2,2.8691911697387695,,0.1016988754272461,0.4203839898109436,9.152682065963745,201433088,8.44567584991455,0.03832697868347168,0.011974811553955078,0.00673222541809082,5.651064872741699,5.708098888397217,0.0014720000326633453,8.569055557250977,8.570528030395508
A-B,1,receiver,bulk,delay2,B,receiver,10,False,True,2,2.9573957920074463,,0.13013410568237305,0.40880000591278076,9.164532899856567,201433088,8.445397138595581,0.03914904594421387,0.011572837829589844,0.0066988468170166016,5.557166337966919,5.614587068557739,0.0014720000326633453,8.562751770019531,8.564224243164062
A-B,1,receiver,bulk,jitter,A,sender,1,False,True,0.39590503363083585,0.9262290000915527,8.03202199935913,0.0009598731994628906,1.0722240209579468,10.175076961517334,0,0,0.18336868286132812,0.07510900497436523,0.03283214569091797,0.014627933502197266,0.3059377670288086,0.10265599936246872,1.1170560121536255,1.2197120189666748
A-B,1,receiver,bulk,jitter,A,sender,2,False,True,6.332663043367383,6.911017894744873,2.0744380950927734,0.0009260177612304688,1.0650880336761475,10.188518047332764,0,0,0.20163536071777344,0.058762550354003906,0.033486366271972656,0.011821746826171875,0.3057060241699219,0.08720000088214874,7.119264125823975,7.206463813781738
A-B,1,receiver,bulk,jitter,A,sender,3,False,True,6.230041897570272,6.734549045562744,2.149083137512207,0.0008535385131835938,1.160159945487976,10.179201126098633,0,0,0.19612646102905273,0.07643890380859375,0.03523063659667969,0.011625289916992188,0.31942129135131836,0.1069440022110939,6.93779182434082,7.044735908508301
A-B,1,receiver,bulk,jitter,A,sender,4,False,True,7.660782502304939,8.338644027709961,0.9478311538696289,0.0008568763732910156,1.0427520275115967,10.486169338226318,0,0,0.21340084075927734,0.05589437484741211,0.034160614013671875,0.011167049407958984,0.3146228790283203,0.08432000130414963,8.558527946472168,8.642848014831543
A-B,1,receiver,bulk,jitter,A,sender,5,False,True,1.3914859252081229,2.0119571685791016,6.995759010314941,0.000850677490234375,1.054368019104004,10.196250915527344,0,0,0.20472192764282227,0.05938005447387695,0.03467082977294922,0.011662960052490234,0.31043577194213867,0.08928000181913376,2.2232320308685303,2.312511920928955
A-B,1,receiver,bulk,jitter,A,sender,6,False,True,2.9865514075511737,3.570431709289551,5.407031536102295,0.0008454322814941406,1.0806080102920532,10.19257640838623,0,0,0.21321439743041992,0.057352542877197266,0.035254478454589844,0.012217044830322266,0.3180384635925293,0.0872960016131401,3.7894721031188965,3.876768112182617
A-B,1,receiver,bulk,jitter,A,sender,7,False,True,6.735796520448316,7.340693950653076,1.6169795989990234,0.0008645057678222656,1.056831955909729,10.148472785949707,0,0,0.1930408477783203,0.056391239166259766,0.03413105010986328,0.010349750518798828,0.2939128875732422,0.08566399663686752,7.540287971496582,7.625951766967773
A-B,1,receiver,bulk,jitter,A,sender,8,False,True,0.9687156022456493,1.6203255653381348,7.344289302825928,0.0009551048278808594,1.1465280055999756,10.254211902618408,0,0,0.21514415740966797,0.07233905792236328,0.03413200378417969,0.01410675048828125,0.3357219696044922,0.10038399696350098,1.8424639701843262,1.9428479671478271
A-B,1,receiver,bulk,jitter,A,sender,9,False,True,4.841437443044474,5.406068325042725,3.5830044746398926,0.0008358955383300781,1.0574719905853271,10.181137561798096,0,0,0.20108795166015625,0.05634021759033203,0.034275054931640625,0.01075601577758789,0.3024592399597168,0.08534400165081024,5.613471984863281,5.698815822601318
A-B,1,receiver,bulk,jitter,A,sender,10,False,True,0.25157254112451355,0.8198800086975098,8.171713829040527,0.0008482933044433594,1.176095962524414,10.302589893341064,0,0,0.17629289627075195,0.06190633773803711,0.03319692611694336,0.011406421661376953,0.2828025817871094,0.09055999666452408,1.0017280578613281,1.0922880172729492
A-B,1,receiver,bulk,jitter,B,receiver,1,False,True,0.39590503363083585,1.4370672702789307,,0.13684892654418945,0.3787199854850769,9.154969215393066,201433088,8.443345069885254,0.03897213935852051,0.012050628662109375,0.006795167922973633,7.090071201324463,7.147889137268066,0.0015040000434964895,8.576000213623047,8.57750415802002
A-B,1,receiver,bulk,jitter,B,receiver,2,False,True,6.332663043367383,7.458492994308472,,0.09226298332214355,0.3750079870223999,9.104678869247437,201433088,8.572034120559692,0.0383150577545166,0.012063026428222656,0.006577014923095703,1.075563907623291,1.132519006729126,0.0014400000218302011,8.570528030395508,8.571968078613281
A-B,1,receiver,bulk,jitter,B,receiver,3,False,True,6.230041897570272,7.325109958648682,,0.09025883674621582,0.6223359704017639,9.354689836502075,201433088,8.444875001907349,0.058450937271118164,0.01796412467956543,0.017010927200317383,1.1449401378631592,1.2383661270141602,0.0015040000434964895,8.553152084350586,8.554656028747559
A-B,1,receiver,bulk,jitter,B,receiver,4,False,True,7.660782502304939,8.877360105514526,,0.0014920234680175781,0.4158079922199249,9.385612964630127,201433088,8.465492963790894,0.037276268005371094,0.011806726455688477,0.006690263748168945,0.0026009082794189453,0.05837416648864746,0.01740800030529499,8.91641616821289,8.933823585510254
A-B,1,receiver,bulk,jitter,B,receiver,5,False,True,1.3914859252081229,2.4897170066833496,,0.12411689758300781,0.3925440013408661,9.16177225112915,201433088,8.47038984298706,0.03917217254638672,0.012678861618041992,0.0067901611328125,6.024241924285889,6.08288311958313,6.030432224273682,2.525599956512451,8.556032180786133
A-B,1,receiver,bulk,jitter,B,receiver,6,False,True,2.9865514075511737,4.101696014404297,,0.001477956771850586,0.41785600781440735,9.044128894805908,201433088,8.446512937545776,0.03861093521118164,0.01232600212097168,0.007128000259399414,4.421053886413574,4.479118824005127,0.0014720000326633453,8.562399864196777,8.563872337341309
A-B,1,receiver,bulk,jitter,B,receiver,7,False,True,6.735796520448316,7.844785928726196,,0.1725759506225586,0.3922879993915558,9.186117887496948,201433088,8.562097072601318,0.0387420654296875,0.01214599609375,0.006620883941650391,0.6631379127502441,0.720646858215332,0.0014720000326633453,8.560480117797852,8.561951637268066
A-B,1,receiver,bulk,jitter,B,receiver,8,False,True,0.9687156022456493,2.1444902420043945,,0.14272403717041016,0.40412798523902893,9.167001247406006,201433088,8.443811178207397,0.03877687454223633,0.012182950973510742,0.0070340633392333984,6.363464117050171,6.421458005905151,0.0014720000326633453,8.558239936828613,8.559712409973145
A-B,1,receiver,bulk,jitter,B,receiver,9,False,True,4.841437443044474,5.872821092605591,,0.10301995277404785,0.6526719927787781,9.39966893196106,201433088,8.539695978164673,0.058836936950683594,0.018078088760375977,0.01682305335998535,2.5991249084472656,2.6928629875183105,0.0015040000434964895,8.565088272094727,8.5665922164917
A-B,1,receiver,bulk,jitter,B,receiver,10,False,True,0.25157254112451355,1.2927320003509521,,0.11825394630432129,0.4461759924888611,9.208861112594604,201433088,8.451285123825073,0.03881096839904785,0.012532949447631836,0.006651878356933594,7.234893083572388,7.292888879776001,0.0015360000543296337,8.56879997253418,8.57033634185791
A-B,1,receiver,chunk,zero,A,sender,1,False,True,0,0.43789052963256836,0.9945363998413086,0.0008778572082519531,1.133247971534729,2.702115535736084,0,0,0.19336509704589844,0.056738853454589844,0.032129764556884766,0.013166427612304688,0.29540014266967773,0.08329600095748901,0.6370559930801392,0.7203519940376282
A-B,1,receiver,chunk,zero,A,sender,2,False,True,0,0.39421939849853516,0.9976177215576172,0.0008358955383300781,1.0536320209503174,2.5819339752197266,0,0,0.1875476837158203,0.05944061279296875,0.034754276275634766,0.012166023254394531,0.29390859603881836,0.08879999816417694,0.5876160264015198,0.6764159798622131
A-B,1,receiver,chunk,zero,A,sender,3,False,True,0,0.4403104782104492,1.407909870147705,0.0008645057678222656,1.1855679750442505,3.1700730323791504,0,0,0.23790502548217773,0.08172416687011719,0.04214954376220703,0.012538433074951172,0.3743171691894531,0.11884800344705582,0.684224009513855,0.8030719757080078
A-B,1,receiver,chunk,zero,A,sender,4,False,True,0,0.4048008918762207,0.9835638999938965,0.0008649826049804688,1.0449600219726562,2.5684008598327637,0,0,0.17492198944091797,0.05559492111206055,0.03369331359863281,0.011058807373046875,0.2752690315246582,0.08303999900817871,0.5852479934692383,0.668287992477417
A-B,1,receiver,chunk,zero,A,sender,5,False,True,0,0.4315681457519531,0.9699521064758301,0.0008687973022460938,1.0838719606399536,2.6210899353027344,0,0,0.17462778091430664,0.05540132522583008,0.033538818359375,0.010916709899902344,0.27448463439941406,0.08297599852085114,0.612384021282196,0.695360004901886
A-B,1,receiver,chunk,zero,A,sender,6,False,True,0,0.44390010833740234,0.9704546928405762,0.0008687973022460938,1.027135968208313,2.6017990112304688,0,0,0.1941370964050293,0.0576939582824707,0.03160429000854492,0.010782718658447266,0.2942180633544922,0.08454400300979614,0.643775999546051,0.7283200025558472
A-B,1,receiver,chunk,zero,A,sender,7,False,True,0,0.3699612617492676,1.1225638389587402,0.00086212158203125,1.0820480585098267,2.7104721069335938,0,0,0.18691349029541016,0.06704139709472656,0.0412898063659668,0.01199483871459961,0.3072395324707031,0.10224000364542007,0.5637120008468628,0.6659520268440247
A-B,1,receiver,chunk,zero,A,sender,8,False,True,0,0.40433168411254883,1.0399560928344727,0.0008769035339355469,1.1162879467010498,2.697173595428467,0,0,0.18789958953857422,0.07527017593383789,0.0349421501159668,0.012362957000732422,0.31047487258911133,0.10467199981212616,0.5983999967575073,0.7030720114707947
A-B,1,receiver,chunk,zero,A,sender,9,False,True,0,0.4449753761291504,0.9567351341247559,0.0009198188781738281,1.1534719467163086,2.7080307006835938,0,0,0.17519378662109375,0.07917070388793945,0.03219127655029297,0.011046886444091797,0.29760265350341797,0.10582400113344193,0.6263359785079956,0.7321599721908569
A-B,1,receiver,chunk,zero,A,sender,10,False,True,0,0.3965439796447754,0.9396066665649414,0.0008459091186523438,1.0479680299758911,2.518617630004883,0,0,0.17539691925048828,0.05756187438964844,0.03322887420654297,0.011205196380615234,0.2773928642272949,0.08531200140714645,0.5771840214729309,0.6624959707260132
A-B,1,receiver,chunk,zero,B,receiver,1,False,True,0,0.896531343460083,,8.467409133911133,0.4083839952945709,9.987276077270508,201433088,9.327237129211426,0.038472890853881836,0.01236104965209961,0.008060932159423828,0.09153604507446289,0.15043091773986816,0.010495999827980995,0.944703996181488,0.9552000164985657
A-B,1,receiver,chunk,zero,B,receiver,2,False,True,0,0.8354101181030273,,8.456892013549805,0.42425599694252014,9.962465047836304,201433088,9.321803092956543,0.03804278373718262,0.011850118637084961,0.006947994232177734,0.12511706352233887,0.18195796012878418,0.0016639999812468886,0.9360640048980713,0.9377279877662659
A-B,1,receiver,chunk,zero,B,receiver,3,False,True,0,0.9832561016082764,,8.027257919311523,0.5657280087471008,10.141440153121948,201433088,9.371856927871704,0.03762197494506836,0.016206026077270508,0.006886959075927734,0.4412720203399658,0.5019869804382324,0.001567999948747456,1.323904037475586,1.3254719972610474
A-B,1,receiver,chunk,zero,B,receiver,4,False,True,0,0.8182170391082764,,8.460064888000488,0.3803519904613495,9.914068937301636,201433088,9.324337244033813,0.03827810287475586,0.01205301284790039,0.0069751739501953125,0.1342458724975586,0.19155216217041016,0.0015999999595806003,0.9269760251045227,0.9285759925842285
A-B,1,receiver,chunk,zero,B,receiver,5,False,True,0,0.8554689884185791,,8.410919904708862,0.3885439932346344,9.902502059936523,201433088,9.304105043411255,0.03840994834899902,0.012012958526611328,0.007035255432128906,0.12625575065612793,0.1837139129638672,0.0015999999595806003,0.9257599711418152,0.9273599982261658
A-B,1,receiver,chunk,zero,B,receiver,6,False,True,0,0.8691999912261963,,8.427648782730103,0.38870400190353394,9.90484619140625,201433088,9.305553197860718,0.03849387168884277,0.011937141418457031,0.10575985908508301,0.004180192947387695,0.1603710651397705,0.0050559998489916325,0.9230719804763794,0.9281280040740967
A-B,1,receiver,chunk,zero,B,receiver,7,False,True,0,0.822437047958374,,8.508497714996338,0.6493120193481445,10.329437017440796,201433088,9.412704944610596,0.05839896202087402,0.01797795295715332,0.017071962356567383,0.16739606857299805,0.2608449459075928,0.001567999948747456,1.01145601272583,1.0130239725112915
A-B,1,receiver,chunk,zero,B,receiver,8,False,True,0,0.8942978382110596,,8.390825033187866,0.4368959963321686,9.982243061065674,201433088,9.334289073944092,0.14627289772033691,0.018249988555908203,0.023540019989013672,0.012627840042114258,0.20069074630737305,0.1531199961900711,0.9377279877662659,1.0908479690551758
A-B,1,receiver,chunk,zero,B,receiver,9,False,True,0,0.8877468109130859,,8.492714166641235,0.3964160084724426,9.985812902450562,201433088,9.368911981582642,0.038600921630859375,0.01288604736328125,0.008210897445678711,0.0027179718017578125,0.06241583824157715,0.0180479995906353,0.929311990737915,0.9473599791526794
A-B,1,receiver,chunk,zero,B,receiver,10,False,True,0,0.822005033493042,,8.729002952575684,0.43702399730682373,10.181369066238403,201433088,9.514605045318604,0.03866982460021973,0.012540102005004883,0.006773948669433594,0.07374310493469238,0.13172698020935059,0.062111999839544296,0.8714240193367004,0.9335359930992126
A-B,1,receiver,chunk,delay2,A,sender,1,False,True,2,2.459763526916504,0.9466781616210938,0.0009026527404785156,1.2501440048217773,4.794833660125732,0,0,0.19901800155639648,0.0590977668762207,0.03619813919067383,0.011189937591552734,0.30550384521484375,0.09004800021648407,2.664799928665161,2.754848003387451
A-B,1,receiver,chunk,delay2,A,sender,2,False,True,2,2.573345184326172,1.1452407836914062,0.0008339881896972656,1.0704319477081299,4.922562122344971,0,0,0.19217824935913086,0.056209564208984375,0.03600502014160156,0.011339664459228516,0.2957324981689453,0.08665599673986435,2.7720320224761963,2.8586881160736084
A-B,1,receiver,chunk,delay2,A,sender,3,False,True,2,2.537170886993408,1.2952604293823242,0.0008645057678222656,1.097856044769287,5.065736770629883,0,0,0.20956850051879883,0.05561017990112305,0.03349590301513672,0.010898590087890625,0.3095731735229492,0.0835840031504631,2.7531840801239014,2.8367679119110107
A-B,1,receiver,chunk,delay2,A,sender,4,False,True,2,2.611313819885254,1.1810059547424316,0.0008368492126464844,1.083456039428711,5.01238489151001,0,0,0.19410085678100586,0.05619096755981445,0.034992218017578125,0.011112689971923828,0.29639673233032227,0.08579199761152267,2.811552047729492,2.8973441123962402
A-B,1,receiver,chunk,delay2,A,sender,5,False,True,2,2.586409091949463,1.2085318565368652,0.0008273124694824219,1.0513279438018799,4.980898380279541,0,0,0.18941783905029297,0.05610322952270508,0.035207271575927734,0.010386943817138672,0.29111528396606445,0.08566399663686752,2.781440019607544,2.8671040534973145
A-B,1,receiver,chunk,delay2,A,sender,6,False,True,2,2.5633444786071777,1.4772515296936035,0.0008835792541503906,1.0565119981765747,5.231886863708496,0,0,0.21102190017700195,0.05944490432739258,0.03563976287841797,0.011899948120117188,0.3180065155029297,0.09001599997282028,2.781343936920166,2.8713600635528564
A-B,1,receiver,chunk,delay2,A,sender,7,False,True,2,2.575450897216797,1.20369291305542,0.0008759498596191406,1.134335994720459,5.048924922943115,0,0,0.1915130615234375,0.07334566116333008,0.03431224822998047,0.010998725891113281,0.31016969680786133,0.10252799838781357,2.773375988006592,2.875904083251953
A-B,1,receiver,chunk,delay2,A,sender,8,False,True,2,2.520096778869629,1.2699522972106934,0.0009288787841796875,1.1895999908447266,5.122661113739014,0,0,0.22459650039672852,0.07947778701782227,0.03787517547607422,0.012410163879394531,0.35435962677001953,0.11187200248241425,2.751807928085327,2.863679885864258
A-B,1,receiver,chunk,delay2,A,sender,9,False,True,2,2.59512996673584,1.1787996292114258,0.0008349418640136719,1.1679999828338623,5.07799768447876,0,0,0.19318914413452148,0.08027410507202148,0.03492879867553711,0.011164188385009766,0.31955623626708984,0.11049599945545197,2.794719934463501,2.9052159786224365
A-B,1,receiver,chunk,delay2,A,sender,10,False,True,2,2.562838077545166,1.2828216552734375,0.0008563995361328125,1.068287968635559,5.048058032989502,0,0,0.19371604919433594,0.07277202606201172,0.034781455993652344,0.010685443878173828,0.31195497512817383,0.1021760031580925,2.762399911880493,2.8645761013031006
A-B,1,receiver,chunk,delay2,B,receiver,1,False,True,2,2.9387221336364746,,6.726912975311279,0.6251519918441772,10.474097967147827,201433088,9.564064979553223,0.05980086326599121,0.01828908920288086,0.016364097595214844,0.003805875778198242,0.09825992584228516,0.031968001276254654,3.003488063812256,3.0354559421539307
A-B,1,receiver,chunk,delay2,B,receiver,2,False,True,2,3.0496490001678467,,6.242271900177002,0.4158720076084137,10.007647037506104,201433088,9.35296893119812,0.03922104835510254,0.013725042343139648,0.006782054901123047,0.18532204627990723,0.24505019187927246,0.1765120029449463,3.0992000102996826,3.275712013244629
A-B,1,receiver,chunk,delay2,B,receiver,3,False,True,2,3.028536796569824,,6.123439311981201,0.39660799503326416,9.966125726699829,201433088,9.329732894897461,0.03846907615661621,0.011868953704833984,0.006765127182006836,0.29637789726257324,0.3534810543060303,0.0015999999595806003,3.2940480709075928,3.2956480979919434
A-B,1,receiver,chunk,delay2,B,receiver,4,False,True,2,3.0811870098114014,,6.120072841644287,0.397599995136261,9.936453819274902,201433088,9.30831503868103,0.03868913650512695,0.01187896728515625,0.006827116012573242,0.21580100059509277,0.2731962203979492,0.0015999999595806003,3.270944118499756,3.2725439071655273
A-B,1,receiver,chunk,delay2,B,receiver,5,False,True,2,3.054072856903076,,6.121239185333252,0.41679999232292175,9.957233905792236,201433088,9.308434963226318,0.03866410255432129,0.012195110321044922,0.0067560672760009766,0.2434370517730713,0.3010523319244385,0.0015999999595806003,3.270591974258423,3.2721920013427734
A-B,1,receiver,chunk,delay2,B,receiver,6,False,True,2,3.0686490535736084,,6.279077053070068,0.6650559902191162,10.631837844848633,201433088,9.696712017059326,0.058364152908325195,0.018157958984375,0.01695704460144043,0.4320559501647949,0.5255351066589355,0.0016319999704137444,3.3034238815307617,3.305056095123291
A-B,1,receiver,chunk,delay2,B,receiver,7,False,True,2,3.0701329708099365,,6.17338490486145,0.4107840061187744,10.002835988998413,201433088,9.3596351146698,0.03930211067199707,0.012310981750488281,0.0069310665130615234,0.22526288032531738,0.28380703926086426,0.0015999999595806003,3.2717440128326416,3.273344039916992
A-B,1,receiver,chunk,delay2,B,receiver,8,False,True,2,3.09415602684021,,6.230009078979492,0.4111039936542511,10.053961992263794,201433088,9.404085874557495,0.03821921348571777,0.012035131454467773,0.006779909133911133,0.19699811935424805,0.2540323734283447,0.001567999948747456,3.2650880813598633,3.266655921936035
A-B,1,receiver,chunk,delay2,B,receiver,9,False,True,2,3.1137807369232178,,6.233905792236328,0.42870399355888367,10.076080799102783,201433088,9.409219026565552,0.038725852966308594,0.012057065963745117,0.006649971008300781,0.1728649139404297,0.23029780387878418,0.0016319999704137444,3.260159969329834,3.261791944503784
A-B,1,receiver,chunk,delay2,B,receiver,10,False,True,2,3.0548288822174072,,6.18770432472229,0.4274879992008209,10.075862884521484,201433088,9.391509056091309,0.03891491889953613,0.01222991943359375,0.006988048553466797,0.2784600257873535,0.3365929126739502,0.001567999948747456,3.3075520992279053,3.309119939804077
A-B,1,receiver,chunk,jitter,A,sender,1,False,True,6.911778644774728,7.50329065322876,1.0929880142211914,0.0008740425109863281,1.0463680028915405,9.780957698822021,0,0,0.21607494354248047,0.05695295333862305,0.03394889831542969,0.01262521743774414,0.31960201263427734,0.08636800199747086,7.725887775421143,7.812255859375
A-B,1,receiver,chunk,jitter,A,sender,2,False,True,4.941970811901618,5.601767063140869,1.2629938125610352,0.0008444786071777344,1.052191972732544,8.050890445709229,0,0,0.20627069473266602,0.0590977668762207,0.03696250915527344,0.011577606201171875,0.31390857696533203,0.09046400338411331,5.815072059631348,5.90553617477417
A-B,1,receiver,chunk,jitter,A,sender,3,False,True,5.192823089499277,5.740345001220703,0.9909510612487793,0.000865936279296875,1.0512959957122803,7.91632080078125,0,0,0.19135284423828125,0.07512950897216797,0.035227298736572266,0.012101173400878906,0.3138108253479004,0.10515200346708298,5.938208103179932,6.043360233306885
A-B,1,receiver,chunk,jitter,A,sender,4,False,True,5.837859459122274,6.436435699462891,1.162147045135498,0.00084686279296875,1.0231679677963257,8.777902603149414,0,0,0.1909804344177246,0.0724782943725586,0.034739017486572266,0.010989189147949219,0.3091869354248047,0.10140799731016159,6.63372802734375,6.735136032104492
A-B,1,receiver,chunk,jitter,A,sender,5,False,True,6.8477324766809655,7.243596076965332,1.4781608581542969,0.00115203857421875,2.609344005584717,11.556362628936768,0,0,0.30467891693115234,0.10036802291870117,0.08513164520263672,0.021003246307373047,0.5111818313598633,0.17177599668502808,7.558752059936523,7.730527877807617
A-B,1,receiver,chunk,jitter,A,sender,6,False,True,6.2502928788434,6.8055291175842285,1.4904541969299316,0.0011363029479980469,2.5355520248413086,11.077279567718506,0,0,0.3089752197265625,0.09148454666137695,0.08421659469604492,0.02300882339477539,0.5076851844787598,0.16278399527072906,7.124864101409912,7.2876482009887695
A-B,1,receiver,chunk,jitter,A,sender,7,False,True,1.507822484059079,2.0838356018066406,0.8960685729980469,0.0008015632629394531,1.1606719493865967,4.275455474853516,0,0,0.20336484909057617,0.06952381134033203,0.0332489013671875,0.012020111083984375,0.3181576728820801,0.09772799909114838,2.294816017150879,2.3925440311431885
A-B,1,receiver,chunk,jitter,A,sender,8,False,True,3.6385229582274645,4.2783918380737305,0.884735107421875,0.0009150505065917969,1.0485440492630005,6.34555196762085,0,0,0.1903834342956543,0.05671548843383789,0.03260087966918945,0.010577201843261719,0.29027700424194336,0.08383999764919281,4.475359916687012,4.559199810028076
A-B,1,receiver,chunk,jitter,A,sender,9,False,True,7.716965075261746,8.37580156326294,1.1425580978393555,0.0008606910705566406,1.0831999778747559,10.73757266998291,0,0,0.1936793327331543,0.05601072311401367,0.034605979919433594,0.012495040893554688,0.29679107666015625,0.0857279971241951,8.575263977050781,8.660991668701172
A-B,1,receiver,chunk,jitter,A,sender,10,False,True,0.4007956522979548,1.0319561958312988,1.1620068550109863,0.0008487701416015625,1.0469119548797607,3.3741908073425293,0,0,0.17139005661010742,0.05552053451538086,0.03146028518676758,0.010678768157958984,0.26904964447021484,0.08188799768686295,1.2091840505599976,1.2910720109939575
A-B,1,receiver,chunk,jitter,B,receiver,1,False,True,6.911778644774728,8.00119400024414,,1.3955268859863281,0.6960960030555725,10.369556188583374,201433088,9.411186933517456,0.059967041015625,0.09655594825744629,0.02978205680847168,0.010631084442138672,0.19693613052368164,0.12204799801111221,8.070240020751953,8.192288398742676
A-B,1,receiver,chunk,jitter,B,receiver,2,False,True,4.941970811901618,6.11329197883606,,3.1847081184387207,0.38012799620628357,10.0681631565094,201433088,9.443506956100464,0.03900790214538574,0.012876033782958984,0.0069119930267333984,0.2587931156158447,0.31758904457092285,0.17081600427627563,6.162208080291748,6.333024024963379
A-B,1,receiver,chunk,jitter,B,receiver,3,False,True,5.192823089499277,6.298670291900635,,3.1506497859954834,0.38598400354385376,10.01058316230774,201433088,9.383725881576538,0.03855776786804199,0.029272079467773438,0.01335000991821289,0.009536027908325195,0.09071588516235352,0.03161599859595299,6.3449602127075195,6.376575946807861
A-B,1,receiver,chunk,jitter,B,receiver,4,False,True,5.837859459122274,6.9295127391815186,,2.32342791557312,0.37961599230766296,9.92413592338562,201433088,9.322657108306885,0.03831982612609863,0.011835098266601562,0.006840944290161133,0.17605304718017578,0.2330489158630371,0.0015999999595806003,7.138304233551025,7.139904022216797
A-B,1,receiver,chunk,jitter,B,receiver,5,False,True,6.8477324766809655,8.09993600845337,,1.1387178897857666,0.6420800089836121,10.265801668167114,201433088,9.373056173324585,0.05912303924560547,0.017979145050048828,0.017053842544555664,0.20176219940185547,0.29591822624206543,0.001567999948747456,8.326208114624023,8.327775955200195
A-B,1,receiver,chunk,jitter,B,receiver,6,False,True,6.2502928788434,7.632761001586914,,1.7374358177185059,0.45257601141929626,10.170064926147461,201433088,9.483428001403809,0.041407108306884766,0.013120174407958984,0.0072748661041259766,0.22743797302246094,0.28924012184143066,0.0015999999595806003,7.901375770568848,7.902976036071777
A-B,1,receiver,chunk,jitter,B,receiver,7,False,True,1.507822484059079,2.632639169692993,,7.027774810791016,0.4063360095024109,10.192821025848389,201433088,9.575875997543335,0.03963899612426758,0.015192031860351562,0.006711006164550781,0.0025949478149414062,0.06413698196411133,0.020864000543951988,2.6740798950195312,2.694943904876709
A-B,1,receiver,chunk,jitter,B,receiver,8,False,True,3.6385229582274645,4.755512952804565,,4.7931599617004395,0.4053120017051697,10.10388994216919,201433088,9.483890295028687,0.040528059005737305,0.011208772659301758,0.006651163101196289,0.024958133697509766,0.08334612846374512,0.01696000061929226,4.79747200012207,4.814432144165039
A-B,1,receiver,chunk,jitter,B,receiver,9,False,True,7.716965075261746,8.83970594406128,,0.47443580627441406,0.40623998641967773,10.014075994491577,201433088,9.357432842254639,0.037921905517578125,0.012498140335083008,0.006937980651855469,0.18067622184753418,0.23803424835205078,0.1719679981470108,8.888544082641602,9.060511589050293
A-B,1,receiver,chunk,jitter,B,receiver,10,False,True,0.4007956522979548,1.4504730701446533,,7.875972032546997,0.4188480079174042,10.1058509349823,201433088,9.450146913528442,0.03857612609863281,0.012024879455566406,0.007099151611328125,0.24326801300048828,0.3009681701660156,0.001567999948747456,1.7303040027618408,1.7318719625473022
A-B,1,receiver,window2,zero,A,sender,1,False,True,0,0.3703956604003906,1.2929072380065918,0.0008602142333984375,1.0540159940719604,2.8502049446105957,0,0,0.18080472946166992,0.057932376861572266,0.0344386100769043,0.013759136199951172,0.28693485260009766,0.08700799942016602,0.5570880174636841,0.6440960168838501
A-B,1,receiver,window2,zero,A,sender,2,False,True,0,0.39839935302734375,1.0257325172424316,0.0008587837219238281,1.0463039875030518,2.6046395301818848,0,0,0.17610979080200195,0.056018829345703125,0.032887935638427734,0.010838985443115234,0.27585554122924805,0.08377599716186523,0.5802879929542542,0.6640639901161194
A-B,1,receiver,window2,zero,A,sender,3,False,True,0,0.44889163970947266,1.2188191413879395,0.0008459091186523438,1.0729279518127441,2.8775277137756348,0,0,0.17524433135986328,0.05619001388549805,0.03312540054321289,0.011115074157714844,0.27567481994628906,0.08425600081682205,0.6294400095939636,0.7136960029602051
A-B,1,receiver,window2,zero,A,sender,4,False,True,0,0.4551572799682617,0.9312806129455566,0.0008568763732910156,1.0475519895553589,2.5680031776428223,0,0,0.19544696807861328,0.055640220642089844,0.03375673294067383,0.013735771179199219,0.29857969284057617,0.08336000144481659,0.6561920046806335,0.7395520210266113
A-B,1,receiver,window2,zero,A,sender,5,False,True,0,0.2792320251464844,0.6129031181335449,0.00067138671875,1.1212480068206787,2.0691990852355957,0,0,0.01974344253540039,0.013242721557617188,0.006131172180175781,0.0027379989624023438,0.0418553352355957,0.01817600056529045,0.2996799945831299,0.3178560137748718
A-B,1,receiver,window2,zero,A,sender,6,False,True,0,0.42026710510253906,1.0040078163146973,0.0008831024169921875,1.0701119899749756,2.6549386978149414,0,0,0.19060850143432617,0.059545040130615234,0.03618574142456055,0.012081146240234375,0.29842042922973633,0.0899519994854927,0.6170240044593811,0.7069759964942932
A-B,1,receiver,window2,zero,A,sender,7,False,True,0,0.46698474884033203,1.0715069770812988,0.0009016990661621094,1.0520000457763672,2.725714683532715,0,0,0.19139814376831055,0.05938291549682617,0.03570413589477539,0.011753082275390625,0.29823827743530273,0.08912000060081482,0.6641920208930969,0.7533119916915894
A-B,1,receiver,window2,zero,A,sender,8,False,True,0,0.498471736907959,1.643202304840088,0.0008859634399414062,1.0602240562438965,3.3359899520874023,0,0,0.17556190490722656,0.05633687973022461,0.033822059631347656,0.010788440704345703,0.27650928497314453,0.08425600081682205,0.6800320148468018,0.7642880082130432
A-B,1,receiver,window2,zero,A,sender,9,False,True,0,0.47625160217285156,1.252042293548584,0.0008602142333984375,1.0479680299758911,2.9131264686584473,0,0,0.17718505859375,0.05589914321899414,0.03343772888183594,0.011334896087646484,0.27785682678222656,0.08403199911117554,0.6592320203781128,0.7432640194892883
A-B,1,receiver,window2,zero,A,sender,10,False,True,0,0.4608769416809082,0.9976611137390137,0.0008797645568847656,1.0474560260772705,2.6388602256774902,0,0,0.19129562377929688,0.060770511627197266,0.03603696823120117,0.01199960708618164,0.30010271072387695,0.09145600348711014,0.6587839722633362,0.7502400279045105
A-B,1,receiver,window2,zero,B,receiver,1,False,True,0,0.8672921657562256,,7.59487509727478,0.3908480107784271,9.40425992012024,201433088,8.804617881774902,0.13108205795288086,0.012883901596069336,0.010987043380737305,0.33235979080200195,0.48731279373168945,0.2620159983634949,1.0083839893341064,1.270400047302246
A-B,1,receiver,window2,zero,B,receiver,2,False,True,0,0.8013901710510254,,8.002036094665527,0.6468799710273743,9.780504941940308,201433088,8.858741760253906,0.058381080627441406,0.018077850341796875,0.01699209213256836,0.14789795875549316,0.2413489818572998,0.0014720000326633453,0.979423999786377,0.98089599609375
A-B,1,receiver,window2,zero,B,receiver,3,False,True,0,0.8541970252990723,,7.820058822631836,0.40940800309181213,9.574111938476562,201433088,8.948594808578491,0.04120779037475586,0.10346126556396484,0.029206037521362305,0.25365185737609863,0.42752695083618164,0.37433600425720215,0.9063360095024109,1.2806719541549683
A-B,1,receiver,window2,zero,B,receiver,4,False,True,0,0.8970270156860352,,7.965502023696899,0.41920000314712524,9.427783966064453,201433088,8.819763898849487,0.04059100151062012,0.021096229553222656,0.011873006820678711,0.009546041488647461,0.08310627937316895,0.03081599995493889,0.9373440146446228,0.9681599736213684
A-B,1,receiver,window2,zero,B,receiver,5,False,True,0,0.35674118995666504,,8.373019933700562,0.42559999227523804,9.503855228424072,201433088,8.82033896446228,0.03885984420776367,0.012250185012817383,0.007025003433227539,0.14953279495239258,0.20766782760620117,0.1563200056552887,0.4066559970378876,0.5629760026931763
A-B,1,receiver,window2,zero,B,receiver,6,False,True,0,0.8551309108734131,,7.969532012939453,0.40303999185562134,9.454982995986938,201433088,8.799562931060791,0.03890085220336914,0.01233816146850586,0.006933927536010742,0.10486984252929688,0.16304278373718262,0.0015040000434964895,0.9382079839706421,0.9397119879722595
A-B,1,receiver,window2,zero,B,receiver,7,False,True,0,0.8703129291534424,,7.929001092910767,0.665727972984314,9.809268951416016,201433088,8.87545895576477,0.2001190185546875,0.020731210708618164,0.027742862701416016,0.011439800262451172,0.26003289222717285,0.1955839991569519,0.9332799911499023,1.128864049911499
A-B,1,receiver,window2,zero,B,receiver,8,False,True,0,0.8919191360473633,,7.4353742599487305,0.4444800019264221,9.611303091049194,201433088,8.981486082077026,0.14599204063415527,0.014610767364501953,0.011478900909423828,0.5958480834960938,0.7679297924041748,0.2513279914855957,1.047808051109314,1.2991360425949097
A-B,1,receiver,window2,zero,B,receiver,9,False,True,0,0.8908400535583496,,7.730294942855835,0.4405759871006012,9.576305866241455,201433088,8.890192985534668,0.09126567840576172,0.013303995132446289,0.010447263717651367,0.3355278968811035,0.4505448341369629,0.0015040000434964895,1.326464056968689,1.3279680013656616
A-B,1,receiver,window2,zero,B,receiver,10,False,True,0,0.905303955078125,,7.939049959182739,0.4158720076084137,9.468613862991333,201433088,8.834572076797485,0.03860878944396973,0.012396097183227539,0.009987115859985352,0.0933070182800293,0.15429902076721191,0.011392000131309032,0.955456018447876,0.9668480157852173
A-B,1,receiver,window2,delay2,A,sender,1,False,True,2,2.505807399749756,2.560964584350586,0.0010461807250976562,1.3409600257873535,6.560418605804443,0,0,0.20651531219482422,0.10915565490722656,0.03887319564819336,0.016701698303222656,0.3712458610534668,0.14192000031471252,2.720319986343384,2.8622400760650635
A-B,1,receiver,window2,delay2,A,sender,2,False,True,2,2.494978427886963,2.498849868774414,0.0008683204650878906,1.3915200233459473,6.530533313751221,0,0,0.22708654403686523,0.09363269805908203,0.036853790283203125,0.014636039733886719,0.3722090721130371,0.12511999905109406,2.729696035385132,2.85481595993042
A-B,1,receiver,window2,delay2,A,sender,3,False,True,2,2.4487009048461914,1.0312843322753906,0.0008444786071777344,1.2551679611206055,4.872611045837402,0,0,0.22429561614990234,0.09610414505004883,0.03859090805053711,0.012205123901367188,0.37119579315185547,0.12860800325870514,2.6804800033569336,2.8090879917144775
A-B,1,receiver,window2,delay2,A,sender,4,False,True,2,2.5490212440490723,0.9872698783874512,0.0008711814880371094,1.0664960145950317,4.7437591552734375,0,0,0.19097518920898438,0.05665254592895508,0.04722404479980469,0.010797977447509766,0.3056497573852539,0.09811200201511383,2.745728015899658,2.8438398838043213
A-B,1,receiver,window2,delay2,A,sender,5,False,True,2,2.618028163909912,0.9638247489929199,0.0008769035339355469,1.0975680351257324,4.817933082580566,0,0,0.203704833984375,0.05916595458984375,0.03580427169799805,0.011600971221923828,0.3102760314941406,0.08902399986982346,2.8287360668182373,2.917759895324707
A-B,1,receiver,window2,delay2,A,sender,6,False,True,2,2.5904359817504883,0.8581719398498535,0.0008559226989746094,1.1802879571914673,4.764225959777832,0,0,0.19221258163452148,0.07977008819580078,0.03558063507080078,0.011061668395996094,0.31862497329711914,0.11020799726247787,2.7886080741882324,2.8988161087036133
A-B,1,receiver,window2,delay2,A,sender,7,False,True,2,2.5999560356140137,0.9584341049194336,0.000843048095703125,1.0503040552139282,4.7742180824279785,0,0,0.1931009292602539,0.059210777282714844,0.03398704528808594,0.01058197021484375,0.29688072204589844,0.08799999952316284,2.7998080253601074,2.887808084487915
A-B,1,receiver,window2,delay2,A,sender,8,False,True,2,2.510611057281494,1.0714516639709473,0.0011434555053710938,1.0967040061950684,4.82465124130249,0,0,0.2054886817932129,0.06686782836914062,0.035807132720947266,0.014521121978759766,0.32268476486206055,0.09743999689817429,2.721951961517334,2.819391965866089
A-B,1,receiver,window2,delay2,A,sender,9,False,True,2,2.553771495819092,1.0401768684387207,0.0008668899536132812,1.1516480445861816,4.88131856918335,0,0,0.20128917694091797,0.0787205696105957,0.03556680679321289,0.01164102554321289,0.32721757888793945,0.10860799998044968,2.7620480060577393,2.8706560134887695
A-B,1,receiver,window2,delay2,A,sender,10,False,True,2,2.5941081047058105,0.9051008224487305,0.0009522438049316406,1.0953919887542725,4.736966133117676,0,0,0.20157623291015625,0.06026649475097656,0.03412628173828125,0.013850212097167969,0.30981922149658203,0.08937600255012512,2.801664113998413,2.891040086746216
A-B,1,receiver,window2,delay2,B,receiver,1,False,True,2,3.1172709465026855,,4.366189002990723,0.44889599084854126,9.565138101577759,201433088,8.857955932617188,0.14201021194458008,0.012608051300048828,0.011286735534667969,1.3047940731048584,1.4706990718841553,0.0014720000326633453,4.566112041473389,4.567584037780762
A-B,1,receiver,window2,delay2,B,receiver,2,False,True,2,3.1223790645599365,,4.39017915725708,0.4154239892959595,9.491748094558716,201433088,8.880795955657959,0.13268804550170898,0.012584924697875977,0.011530160903930664,1.3098528385162354,1.466655969619751,0.0015040000434964895,4.570464134216309,4.571968078613281
A-B,1,receiver,window2,delay2,B,receiver,3,False,True,2,3.0612900257110596,,5.847123384475708,0.40089601278305054,9.47922682762146,201433088,8.84159803390503,0.0411829948425293,0.02213597297668457,0.011770963668823242,0.009443283081054688,0.0845332145690918,0.03155200183391571,3.1012799739837646,3.1328320503234863
A-B,1,receiver,window2,delay2,B,receiver,4,False,True,2,3.03448224067688,,5.7520911693573,0.3885760009288788,9.339051008224487,201433088,8.816350936889648,0.06658387184143066,0.01285696029663086,0.011726140975952148,0.027161121368408203,0.11832809448242188,0.03500799834728241,3.0987839698791504,3.133791923522949
A-B,1,receiver,window2,delay2,B,receiver,5,False,True,2,3.0925607681274414,,5.753721237182617,0.385343998670578,9.390761852264404,201433088,8.838528871536255,0.06801700592041016,0.013310909271240234,0.025098800659179688,0.0048372745513916016,0.11126399040222168,0.033984001725912094,3.158655881881714,3.1926400661468506
A-B,1,receiver,window2,delay2,B,receiver,6,False,True,2,3.0800230503082275,,6.002779245376587,0.3959999978542328,9.596901178359985,201433088,8.955543041229248,0.038281917572021484,0.011961936950683594,0.008637189865112305,0.007080793380737305,0.06596183776855469,0.01398400031030178,3.1259520053863525,3.1399359703063965
A-B,1,receiver,window2,delay2,B,receiver,7,False,True,2,3.044306993484497,,5.859198093414307,0.4336000084877014,9.498079061508179,201433088,8.83221697807312,0.038350820541381836,0.026990175247192383,0.009450912475585938,0.006561994552612305,0.08135390281677246,0.03014400042593479,3.089184045791626,3.119328022003174
A-B,1,receiver,window2,delay2,B,receiver,8,False,True,2,3.037292957305908,,5.744812250137329,0.6498240232467651,9.701437950134277,201433088,8.808836936950684,0.12929892539978027,0.02043008804321289,0.027292728424072266,0.011072158813476562,0.188093900680542,0.12099199742078781,3.1034560203552246,3.2244479656219482
A-B,1,receiver,window2,delay2,B,receiver,9,False,True,2,3.109872817993164,,5.752825975418091,0.4196479916572571,9.456356763839722,201433088,8.846094131469727,0.07022809982299805,0.013862133026123047,0.008296728134155273,0.029178142547607422,0.12156510353088379,0.034015998244285583,3.1770880222320557,3.211103916168213
A-B,1,receiver,window2,delay2,B,receiver,10,False,True,2,3.083441734313965,,6.063695907592773,0.41100800037384033,9.676949739456177,201433088,9.015163660049438,0.04058527946472168,0.01331186294555664,0.007771968841552734,0.0037240982055664062,0.06539320945739746,0.020287999883294106,3.124703884124756,3.1449921131134033
A-B,1,receiver,window2,jitter,A,sender,1,False,True,3.3827791071891626,3.954814910888672,1.1929831504821777,0.00098419189453125,1.3197760581970215,6.630738735198975,0,0,0.1966414451599121,0.10011672973632812,0.03254079818725586,0.01212930679321289,0.341428279876709,0.12851199507713318,4.158976078033447,4.287487983703613
A-B,1,receiver,window2,jitter,A,sender,2,False,True,6.009587508965526,6.669619083404541,1.3504366874694824,0.0009164810180664062,1.2442879676818848,9.41407585144043,0,0,0.20071125030517578,0.07491874694824219,0.0337672233581543,0.011144161224365234,0.3205413818359375,0.1032319962978363,6.876959800720215,6.980192184448242
A-B,1,receiver,window2,jitter,A,sender,3,False,True,7.140864949708251,7.809945583343506,1.5517120361328125,0.0008635520935058594,1.0355839729309082,10.531609535217285,0,0,0.19371509552001953,0.05652427673339844,0.0352931022644043,0.011021614074707031,0.2965540885925293,0.08588799834251404,8.010016441345215,8.095904350280762
A-B,1,receiver,window2,jitter,A,sender,4,False,True,1.1373745410123508,1.6945500373840332,1.9725618362426758,0.0009369850158691406,1.0414719581604004,4.8449482917785645,0,0,0.20317888259887695,0.058164119720458984,0.03419065475463867,0.011431217193603516,0.3069648742675781,0.0878399983048439,1.9039679765701294,1.9918080568313599
A-B,1,receiver,window2,jitter,A,sender,5,False,True,1.3572868305224821,2.0274291038513184,1.526822566986084,0.0008687973022460938,1.0544639825820923,4.743322372436523,0,0,0.19329357147216797,0.056232452392578125,0.03391599655151367,0.010847091674804688,0.29428911209106445,0.08470399677753448,2.2267520427703857,2.3114559650421143
A-B,1,receiver,window2,jitter,A,sender,6,False,True,3.0461254306433467,3.6821937561035156,1.3918852806091309,0.0010309219360351562,1.1522879600524902,6.370769500732422,0,0,0.24426746368408203,0.07137346267700195,0.03621053695678711,0.015411376953125,0.3672628402709961,0.1021760031580925,3.9344639778137207,4.036640167236328
A-B,1,receiver,window2,jitter,A,sender,7,False,True,5.834956774194691,6.292876720428467,1.5143656730651855,0.0007071495056152344,1.1181440353393555,8.973949432373047,0,0,0.10602712631225586,0.057514190673828125,0.03283882141113281,0.01140594482421875,0.20778608322143555,0.08300799876451492,6.405087947845459,6.488096237182617
A-B,1,receiver,window2,jitter,A,sender,8,False,True,3.8636798199874516,4.45221471786499,1.3164691925048828,0.0008778572082519531,1.0853439569473267,6.9966301918029785,0,0,0.21487808227539062,0.06375932693481445,0.03297090530395508,0.012608051300048828,0.324216365814209,0.09206400066614151,4.674111843109131,4.766176223754883
A-B,1,receiver,window2,jitter,A,sender,9,False,True,3.9122186122441924,4.500596523284912,1.3105382919311523,0.00084686279296875,1.0842880010604858,7.029685020446777,0,0,0.2084360122680664,0.05754995346069336,0.03384876251220703,0.010990142822265625,0.3108248710632324,0.08640000224113464,4.71449613571167,4.800896167755127
A-B,1,receiver,window2,jitter,A,sender,10,False,True,1.9844952786803596,2.6488447189331055,2.4075074195861816,0.0008759498596191406,1.0709120035171509,6.261292934417725,0,0,0.19075298309326172,0.05756330490112305,0.033513545989990234,0.010786056518554688,0.2926158905029297,0.08671999722719193,2.8453121185302734,2.9320321083068848
A-B,1,receiver,window2,jitter,B,receiver,1,False,True,3.3827791071891626,4.527533054351807,,4.543321847915649,0.39606401324272156,9.696341037750244,201433088,9.09039306640625,0.04073309898376465,0.011753082275390625,0.02811884880065918,0.002546072006225586,0.08315110206604004,0.03843199834227562,4.569632053375244,4.6080641746521
A-B,1,receiver,window2,jitter,B,receiver,2,False,True,6.009587508965526,7.1854047775268555,,1.405351161956787,0.38815999031066895,9.4423189163208,201433088,8.802086114883423,0.03832602500915527,0.012335777282714844,0.0067899227142333984,0.33811116218566895,0.39556288719177246,0.21158400177955627,7.2875518798828125,7.499135971069336
A-B,1,receiver,window2,jitter,B,receiver,3,False,True,7.140864949708251,8.268036842346191,,0.21125102043151855,0.3868800103664398,9.555355787277222,201433088,8.943917989730835,0.03782796859741211,0.011853933334350586,0.006783008575439453,0.5750818252563477,0.6315467357635498,0.0014720000326633453,8.883904457092285,8.8853759765625
A-B,1,receiver,window2,jitter,B,receiver,4,False,True,1.1373745410123508,2.1408910751342773,,5.7601330280303955,0.3924799859523773,9.42036509513855,201433088,8.806867837905884,0.03867697715759277,0.011902093887329102,0.006523847579956055,0.9153990745544434,0.9725019931793213,0.0015040000434964895,3.0981760025024414,3.099679946899414
A-B,1,receiver,window2,jitter,B,receiver,5,False,True,1.3572868305224821,2.465532064437866,,5.820551872253418,0.3945600092411041,9.408195972442627,201433088,8.801106929779053,0.03861403465270996,0.01193690299987793,0.006901979446411133,0.577796220779419,0.635249137878418,0.0014400000218302011,3.0846400260925293,3.0860800743103027
A-B,1,receiver,window2,jitter,B,receiver,6,False,True,3.0461254306433467,4.215878009796143,,4.3950889110565186,0.6476479768753052,9.736346006393433,201433088,8.828320980072021,0.058013200759887695,0.018336057662963867,0.016752004623413086,0.30019092559814453,0.3932921886444092,0.0015040000434964895,4.530816078186035,4.532320022583008
A-B,1,receiver,window2,jitter,B,receiver,7,False,True,5.834956774194691,6.661791801452637,,1.4727051258087158,0.42480000853538513,9.450125932693481,201433088,8.799872159957886,0.03856706619262695,0.012204885482788086,0.006463050842285156,0.7728650569915771,0.8301000595092773,0.0014720000326633453,7.475520133972168,7.476992130279541
A-B,1,receiver,window2,jitter,B,receiver,8,False,True,3.8636798199874516,4.99489426612854,,3.587517261505127,0.4119679927825928,9.436748027801514,201433088,8.812690019607544,0.03920912742614746,0.012016057968139648,0.0068950653076171875,0.31784987449645996,0.37597012519836426,0.0015040000434964895,5.291935920715332,5.293439865112305
A-B,1,receiver,window2,jitter,B,receiver,9,False,True,3.9122186122441924,5.018068790435791,,3.585145950317383,0.4397439956665039,9.477435827255249,201433088,8.8210289478302,0.038732051849365234,0.011989831924438477,0.0067059993743896484,0.31237196922302246,0.3697998523712158,0.0014720000326633453,5.302207946777344,5.303679943084717
A-B,1,receiver,window2,jitter,B,receiver,10,False,True,1.9844952786803596,3.2025492191314697,,4.368469715118408,0.4082239866256714,9.451450109481812,201433088,8.836910247802734,0.03997302055358887,0.012228965759277344,0.007261037826538086,1.2604451179504395,1.3199081420898438,0.0014720000326633453,4.505184173583984,4.506656169891357
A-B,1,receiver,priority,zero,A,sender,1,False,True,0,0.37470293045043945,0.9252500534057617,0.0009455680847167969,1.0494719743728638,2.484422206878662,0,0,0.18948125839233398,0.06005525588989258,0.03583860397338867,0.014908313751220703,0.30028343200683594,0.09033600240945816,0.57014399766922,0.6604800224304199
A-B,1,receiver,priority,zero,A,sender,2,False,True,0,0.4551658630371094,0.8944106101989746,0.0008873939514160156,1.0818560123443604,2.567844867706299,0,0,0.17663908004760742,0.055974483489990234,0.03217887878417969,0.03328895568847656,0.2980813980102539,0.08348800241947174,0.6377599835395813,0.7212479710578918
A-B,1,receiver,priority,zero,A,sender,3,False,True,0,0.4139227867126465,0.9503059387207031,0.0008707046508789062,1.0485119819641113,2.546024799346924,0,0,0.1760859489440918,0.05600595474243164,0.033989906311035156,0.010698318481445312,0.2767801284790039,0.08460800349712372,0.5958080291748047,0.6804159879684448
A-B,1,receiver,priority,zero,A,sender,4,False,True,0,0.41311168670654297,0.8631854057312012,0.00090789794921875,1.069823980331421,2.48222017288208,0,0,0.17506790161132812,0.05780601501464844,0.032593727111816406,0.011080265045166016,0.276547908782959,0.08499199897050858,0.5937280058860779,0.6787199974060059
A-B,1,receiver,priority,zero,A,sender,5,False,True,0,0.468198299407959,0.9351201057434082,0.0008707046508789062,1.045024037361145,2.5821762084960938,0,0,0.17429304122924805,0.055973052978515625,0.03341102600097656,0.010890960693359375,0.2745680809020996,0.08364800363779068,0.6481279730796814,0.7317759990692139
A-B,1,receiver,priority,zero,A,sender,6,False,True,0,0.45781421661376953,0.8734798431396484,0.00086212158203125,1.0776959657669067,2.54579496383667,0,0,0.17492294311523438,0.05617856979370117,0.03298807144165039,0.01079416275024414,0.2748837471008301,0.08367999643087387,0.6386880278587341,0.7223680019378662
A-B,1,receiver,priority,zero,A,sender,7,False,True,0,0.4735221862792969,0.9010457992553711,0.0009279251098632812,1.0425920486450195,2.5715322494506836,0,0,0.18554449081420898,0.05852699279785156,0.03277444839477539,0.011812686920166016,0.28865861892700195,0.08614400029182434,0.66457599401474,0.7507200241088867
A-B,1,receiver,priority,zero,A,sender,8,False,True,0,0.45290708541870117,0.8623771667480469,0.0008497238159179688,1.0438079833984375,2.4932732582092285,0,0,0.17648029327392578,0.05615091323852539,0.03248882293701172,0.010825157165527344,0.27594518661499023,0.08316799998283386,0.6353600025177002,0.7185279726982117
A-B,1,receiver,priority,zero,A,sender,9,False,True,0,0.4453086853027344,0.8398761749267578,0.0008645057678222656,1.0506880283355713,2.4754791259765625,0,0,0.17476701736450195,0.05562019348144531,0.031694889068603516,0.011196136474609375,0.27327823638916016,0.08207999914884567,0.6255040168762207,0.707584023475647
A-B,1,receiver,priority,zero,A,sender,10,False,True,0,0.3246641159057617,0.9584650993347168,0.0008611679077148438,1.0660159587860107,2.483736038208008,0,0,0.17682361602783203,0.0559086799621582,0.032747745513916016,0.0111541748046875,0.27663421630859375,0.08323200047016144,0.5073599815368652,0.5905920267105103
A-B,1,receiver,priority,zero,B,receiver,1,False,True,0,0.9195668697357178,,8.687155961990356,0.44441598653793335,10.168823003768921,201433088,9.511900186538696,0.03802180290222168,0.014290094375610352,0.006448030471801758,0.0026979446411132812,0.06145787239074707,0.01990400068461895,0.9623039960861206,0.9822080135345459
A-B,1,receiver,priority,zero,B,receiver,2,False,True,0,0.940507173538208,,8.734626770019531,0.40140798687934875,10.1966233253479,201433088,9.557966947555542,0.03772401809692383,0.011725902557373047,0.009099006652832031,0.0026540756225585938,0.0612030029296875,0.02022399939596653,0.982912003993988,1.0031360387802124
A-B,1,receiver,priority,zero,B,receiver,3,False,True,0,0.8642330169677734,,8.63545274734497,0.39024001359939575,10.048789978027344,201433088,9.410745859146118,0.03749513626098633,0.0126800537109375,0.0068988800048828125,0.04653501510620117,0.10360908508300781,0.04912000149488449,0.915552020072937,0.9646720290184021
A-B,1,receiver,priority,zero,B,receiver,4,False,True,0,0.877608060836792,,8.71011209487915,0.399616003036499,10.134148120880127,201433088,9.475187063217163,0.03751182556152344,0.011997222900390625,0.006560802459716797,0.031143903732299805,0.08721375465393066,0.001567999948747456,0.9631040096282959,0.9646720290184021
A-B,1,receiver,priority,zero,B,receiver,5,False,True,0,0.8699662685394287,,8.59969687461853,0.6539199948310852,10.316097259521484,201433088,9.416261911392212,0.06301093101501465,0.01839900016784668,0.017395973205566406,0.0039081573486328125,0.10271406173706055,0.03328000009059906,0.9391999840736389,0.9724799990653992
A-B,1,receiver,priority,zero,B,receiver,6,False,True,0,0.89267897605896,,8.636199712753296,0.42735999822616577,10.101632833480835,201433088,9.428555727005005,0.037271976470947266,0.012762069702148438,0.006794929504394531,0.032811880111694336,0.08964085578918457,0.03564799949526787,0.9437119960784912,0.9793599843978882
A-B,1,receiver,priority,zero,B,receiver,7,False,True,0,0.9296739101409912,,8.719367027282715,0.40249601006507874,10.17272400856018,201433088,9.426030158996582,0.04511904716491699,0.012096881866455078,0.006968021392822266,0.0023279190063476562,0.06651186943054199,0.017791999503970146,0.9798399806022644,0.9976320266723633
A-B,1,receiver,priority,zero,B,receiver,8,False,True,0,0.8958151340484619,,8.691394090652466,0.41097599267959595,10.123722076416016,201433088,9.47532606124878,0.038494110107421875,0.012629985809326172,0.01347208023071289,0.0025038719177246094,0.06710004806518555,0.009535999968647957,0.9493439793586731,0.9588800072669983
A-B,1,receiver,priority,zero,B,receiver,9,False,True,0,0.8880100250244141,,8.678007125854492,0.4066239893436432,10.106122016906738,201433088,9.459120988845825,0.03790903091430664,0.012006044387817383,0.0066759586334228516,0.021232128143310547,0.07782316207885742,0.0015999999595806003,0.9572799801826477,0.9588800072669983
A-B,1,receiver,priority,zero,B,receiver,10,False,True,0,0.781959056854248,,8.739128828048706,0.41491198539733887,10.164582014083862,201433088,9.515249013900757,0.03708672523498535,0.01199197769165039,0.0066280364990234375,0.11527824401855469,0.17098498344421387,0.001567999948747456,0.9481599926948547,0.9497280120849609
A-B,1,receiver,priority,delay2,A,sender,1,False,True,2,2.5732808113098145,1.1343884468078613,0.0009903907775878906,1.0739200115203857,4.917931079864502,0,0,0.20115041732788086,0.05672597885131836,0.03608131408691406,0.011584758758544922,0.3055424690246582,0.08713600039482117,2.7803521156311035,2.867487907409668
A-B,1,receiver,priority,delay2,A,sender,2,False,True,2,2.4848060607910156,1.1066036224365234,0.0008530616760253906,1.0516480207443237,4.777274131774902,0,0,0.18933868408203125,0.056636810302734375,0.03415203094482422,0.011020183563232422,0.29114770889282227,0.08588799834251404,2.6798720359802246,2.7657599449157715
A-B,1,receiver,priority,delay2,A,sender,3,False,True,2,2.6265854835510254,1.1953916549682617,0.0008802413940429688,1.0514880418777466,5.009761333465576,0,0,0.19090032577514648,0.056676387786865234,0.03470754623413086,0.011155128479003906,0.2934393882751465,0.08614400029182434,2.8233280181884766,2.9094719886779785
A-B,1,receiver,priority,delay2,A,sender,4,False,True,2,2.5352344512939453,1.1333904266357422,0.0008463859558105469,1.0465600490570068,4.861939430236816,0,0,0.19366025924682617,0.05619096755981445,0.03516817092895508,0.010846138000488281,0.295865535736084,0.08617600053548813,2.734528064727783,2.8207039833068848
A-B,1,receiver,priority,delay2,A,sender,5,False,True,2,2.632223129272461,1.035144329071045,0.0009217262268066406,1.1244159936904907,4.934423446655273,0,0,0.20800018310546875,0.06249046325683594,0.03656816482543945,0.012380123138427734,0.3194389343261719,0.09401600062847137,2.8466880321502686,2.940704107284546
A-B,1,receiver,priority,delay2,A,sender,6,False,True,2,2.5775818824768066,1.0490403175354004,0.0008921623229980469,1.1736639738082886,4.934534549713135,0,0,0.19282007217407227,0.08572006225585938,0.034081459045410156,0.010734081268310547,0.32335567474365234,0.11427199840545654,2.7767040729522705,2.8909759521484375
A-B,1,receiver,priority,delay2,A,sender,7,False,True,2,2.58065128326416,1.0549063682556152,0.0008587837219238281,1.0718079805374146,4.848690509796143,0,0,0.1899433135986328,0.0570378303527832,0.03371572494506836,0.010684967041015625,0.2913818359375,0.08486399799585342,2.776832103729248,2.8616960048675537
A-B,1,receiver,priority,delay2,A,sender,8,False,True,2,2.6018319129943848,1.0546188354492188,0.0008897781372070312,1.1024960279464722,4.9010467529296875,0,0,0.1917881965637207,0.056561946868896484,0.034071922302246094,0.010634422302246094,0.2930564880371094,0.08505599945783615,2.7996480464935303,2.884704113006592
A-B,1,receiver,priority,delay2,A,sender,9,False,True,2,2.56858491897583,1.1583991050720215,0.0008969306945800781,1.0698879957199097,4.931758880615234,0,0,0.18959951400756836,0.0567474365234375,0.03346729278564453,0.010807037353515625,0.290621280670166,0.08515200018882751,2.7638399600982666,2.848992109298706
A-B,1,receiver,priority,delay2,A,sender,10,False,True,2,2.5618529319763184,1.1623082160949707,0.0008654594421386719,1.0774400234222412,4.943950176239014,0,0,0.19080591201782227,0.0566859245300293,0.035012245178222656,0.010959625244140625,0.29346370697021484,0.08694399893283844,2.757920026779175,2.8448638916015625
A-B,1,receiver,priority,delay2,B,receiver,1,False,True,2,3.0215139389038086,,6.334886074066162,0.4570559859275818,10.130437850952148,201433088,9.43425703048706,0.058177947998046875,0.019993066787719727,0.01737689971923828,0.13668489456176758,0.23223280906677246,0.16047999262809753,3.099776029586792,3.260256052017212
A-B,1,receiver,priority,delay2,B,receiver,2,False,True,2,3.0333549976348877,,6.452538013458252,0.39721599221229553,10.163598775863647,201433088,9.544142246246338,0.038184165954589844,0.012360811233520508,0.00716400146484375,0.16299009323120117,0.22069907188415527,0.0015999999595806003,3.2484800815582275,3.250080108642578
A-B,1,receiver,priority,delay2,B,receiver,3,False,True,2,3.082718849182129,,6.44359827041626,0.3754560053348541,10.255833864212036,201433088,9.656002044677734,0.03746223449707031,0.012302875518798828,0.006496906280517578,0.13409209251403809,0.1903541088104248,0.001567999948747456,3.2682559490203857,3.2698240280151367
A-B,1,receiver,priority,delay2,B,receiver,4,False,True,2,3.0191519260406494,,6.327057123184204,0.6325119733810425,10.290737867355347,201433088,9.413368225097656,0.061305999755859375,0.01805710792541504,0.016635894775390625,0.12683892250061035,0.2228379249572754,0.0016319999704137444,3.242111921310425,3.243743896484375
A-B,1,receiver,priority,delay2,B,receiver,5,False,True,2,3.148324966430664,,6.3216400146484375,0.42764800786972046,10.074696063995361,201433088,9.406336069107056,0.03751373291015625,0.01250004768371582,0.0067291259765625,0.06423306465148926,0.12097597122192383,0.0015999999595806003,3.2682878971099854,3.269887924194336
A-B,1,receiver,priority,delay2,B,receiver,6,False,True,2,3.072389841079712,,6.327282905578613,0.6689280271530151,10.328507900238037,201433088,9.415112018585205,0.0614171028137207,0.018259763717651367,0.016801118850708008,0.07570409774780273,0.1721820831298828,0.0015999999595806003,3.244960069656372,3.2465600967407227
A-B,1,receiver,priority,delay2,B,receiver,7,False,True,2,3.08150577545166,,6.475843191146851,0.39129599928855896,10.194195747375488,201433088,9.563410997390747,0.03742718696594238,0.012150049209594727,0.0066869258880615234,0.13121390342712402,0.18747806549072266,0.001567999948747456,3.2676799297332764,3.2692480087280273
A-B,1,receiver,priority,delay2,B,receiver,8,False,True,2,3.079148054122925,,6.319945335388184,0.3892480134963989,10.039444923400879,201433088,9.409401178359985,0.03678107261657715,0.011963844299316406,0.0065610408782958984,0.14043593406677246,0.19574189186096191,0.0015999999595806003,3.27292799949646,3.2745280265808105
A-B,1,receiver,priority,delay2,B,receiver,9,False,True,2,3.014510154724121,,6.322467088699341,0.3951680064201355,10.061605215072632,201433088,9.438106060028076,0.03750491142272949,0.012208938598632812,0.006628274917602539,0.2185530662536621,0.27489519119262695,0.001567999948747456,3.2880959510803223,3.2896640300750732
A-B,1,receiver,priority,delay2,B,receiver,10,False,True,2,3.0347440242767334,,6.324732065200806,0.3951359987258911,10.072753190994263,201433088,9.443329095840454,0.03703570365905762,0.011957168579101562,0.00691986083984375,0.2071850299835205,0.26309776306152344,0.0015999999595806003,3.2893760204315186,3.290976047515869
A-B,1,receiver,priority,jitter,A,sender,1,False,True,5.124977337265423,5.802239418029785,0.9063816070556641,0.0009946823120117188,1.0972800254821777,7.948184967041016,0,0,0.2023448944091797,0.05824899673461914,0.03454113006591797,0.013512134552001953,0.30864715576171875,0.08745600283145905,6.010591983795166,6.098048210144043
A-B,1,receiver,priority,jitter,A,sender,2,False,True,4.426501411548018,4.9581708908081055,0.8763542175292969,0.0008826255798339844,1.0426239967346191,7.014371871948242,0,0,0.20673322677612305,0.05854988098144531,0.0334010124206543,0.010912895202636719,0.3095970153808594,0.08755200356245041,5.172512054443359,5.260064125061035
A-B,1,receiver,priority,jitter,A,sender,3,False,True,1.785351089887989,2.4068589210510254,1.2744040489196777,0.0009183883666992188,1.0466879606246948,4.954525947570801,0,0,0.19464492797851562,0.06434011459350586,0.0496373176574707,0.013462543487548828,0.322084903717041,0.09462399780750275,2.607775926589966,2.702399969100952
A-B,1,receiver,priority,jitter,A,sender,4,False,True,4.326571833572839,4.953032970428467,0.9918227195739746,0.0008454322814941406,1.0412479639053345,7.1210479736328125,0,0,0.2094559669494629,0.05721569061279297,0.03403425216674805,0.011189937591552734,0.31189584732055664,0.08630400151014328,5.169951915740967,5.256256103515625
A-B,1,receiver,priority,jitter,A,sender,5,False,True,2.758005218629017,3.3469719886779785,1.04644775390625,0.000865936279296875,1.1138880252838135,5.644026756286621,0,0,0.1964273452758789,0.05646705627441406,0.03448152542114258,0.010750293731689453,0.298126220703125,0.08508799970149994,3.5499520301818848,3.635040044784546
A-B,1,receiver,priority,jitter,A,sender,6,False,True,6.65713017060284,7.326696872711182,0.8983039855957031,0.0009083747863769531,1.0462720394134521,9.406516075134277,0,0,0.19519472122192383,0.05613422393798828,0.03532218933105469,0.011067867279052734,0.29771900177001953,0.08582399785518646,7.528128147125244,7.613952159881592
A-B,1,receiver,priority,jitter,A,sender,7,False,True,5.909696388195194,6.531317234039307,1.013354778289795,0.0009202957153320312,1.0552639961242676,8.762308597564697,0,0,0.2091836929321289,0.056713104248046875,0.03377389907836914,0.010816574096679688,0.3104872703552246,0.08524800091981888,6.746848106384277,6.832096099853516
A-B,1,receiver,priority,jitter,A,sender,8,False,True,5.0415817516975645,5.708048343658447,1.0168256759643555,0.0008511543273925781,1.0475519895553589,7.9070305824279785,0,0,0.19370269775390625,0.056676387786865234,0.0339360237121582,0.010400772094726562,0.29471588134765625,0.08579199761152267,5.908160209655762,5.993951797485352
A-B,1,receiver,priority,jitter,A,sender,9,False,True,1.0235428784789296,1.6238479614257812,0.8801403045654297,0.0008931159973144531,1.0483520030975342,3.6869568824768066,0,0,0.20356178283691406,0.0590214729309082,0.034868717193603516,0.011540889739990234,0.308992862701416,0.08912000060081482,1.8331520557403564,1.922271966934204
A-B,1,receiver,priority,jitter,A,sender,10,False,True,6.530435563807581,7.193148612976074,1.077439308166504,0.0008821487426757812,1.1111040115356445,9.523493766784668,0,0,0.21033525466918945,0.059688568115234375,0.04203653335571289,0.01189279556274414,0.32395315170288086,0.09020800143480301,7.410240173339844,7.500448226928711
A-B,1,receiver,priority,jitter,B,receiver,1,False,True,5.124977337265423,6.290095806121826,,3.284921884536743,0.4253759980201721,10.124629974365234,201433088,9.48191213607788,0.037435054779052734,0.017408132553100586,0.0074307918548583984,0.0023109912872314453,0.06458497047424316,0.01587199978530407,6.341279983520508,6.357151985168457
A-B,1,receiver,priority,jitter,B,receiver,2,False,True,4.426501411548018,5.52331805229187,,3.985394239425659,0.38230401277542114,10.0139000415802,201433088,9.422494173049927,0.04343700408935547,0.01230001449584961,0.007086992263793945,0.004984140396118164,0.06780815124511719,0.022592000663280487,5.566592216491699,5.589183807373047
A-B,1,receiver,priority,jitter,B,receiver,3,False,True,1.785351089887989,2.9212098121643066,,6.327972888946533,0.3935680091381073,10.037966012954712,201433088,9.421067953109741,0.037088871002197266,0.012722253799438477,0.0069408416748046875,0.2829740047454834,0.33972597122192383,0.28748801350593567,2.9721601009368896,3.259648084640503
A-B,1,receiver,priority,jitter,B,receiver,4,False,True,4.326571833572839,5.4765520095825195,,4.009108781814575,0.39081600308418274,10.028373956680298,201433088,9.415295839309692,0.03777194023132324,0.012087106704711914,0.006443023681640625,0.03983712196350098,0.09613919258117676,0.0016639999812468886,5.569407939910889,5.571072101593018
A-B,1,receiver,priority,jitter,B,receiver,5,False,True,2.758005218629017,3.832960844039917,,5.57476806640625,0.6489599943161011,10.326622009277344,201433088,9.42999792098999,0.0622401237487793,0.01789999008178711,0.01698899269104004,0.08474087715148926,0.1818699836730957,0.0015999999595806003,4.016608238220215,4.018208026885986
A-B,1,receiver,priority,jitter,B,receiver,6,False,True,6.65713017060284,7.7969770431518555,,1.6926259994506836,0.4065279960632324,10.033812046051025,201433088,9.414402961730957,0.03800797462463379,0.012257099151611328,0.006653785705566406,0.0252840518951416,0.08220291137695312,0.0016959999920800328,7.878143787384033,7.879839897155762
A-B,1,receiver,priority,jitter,B,receiver,7,False,True,5.909696388195194,7.017244100570679,,2.476837158203125,0.3984319865703583,10.09649109840393,201433088,9.473748922348022,0.03691291809082031,0.012150049209594727,0.006905078887939453,0.09028887748718262,0.1462569236755371,0.0016319999704137444,7.162079811096191,7.163712024688721
A-B,1,receiver,priority,jitter,B,receiver,8,False,True,5.0415817516975645,6.1846230030059814,,3.2271640300750732,0.4023680090904236,10.032246112823486,201433088,9.420804023742676,0.03729510307312012,0.012066125869750977,0.006680011749267578,0.1063239574432373,0.16236519813537598,0.0015999999595806003,6.3448638916015625,6.346464157104492
A-B,1,receiver,priority,jitter,B,receiver,9,False,True,1.0235428784789296,2.111100196838379,,7.492210149765015,0.4959999918937683,10.227524042129517,201433088,9.503218173980713,0.037285804748535156,0.01221013069152832,0.006726980209350586,0.013187885284423828,0.06941080093383789,0.0016639999812468886,2.175424098968506,2.1770880222320557
A-B,1,receiver,priority,jitter,B,receiver,10,False,True,6.530435563807581,7.707359075546265,,1.6996901035308838,0.4062719941139221,10.056254863739014,201433088,9.42232084274292,0.037989139556884766,0.012205123901367188,0.0064697265625,0.13092517852783203,0.18758916854858398,0.0016319999704137444,7.893407821655273,7.895040035247803
A-B,1,both,bulk,zero,A,sender,1,False,True,0,0.32488012313842773,8.617971897125244,7.2788591384887695,0.3941119909286499,16.649967193603516,201433088,15.903297901153564,0.024997234344482422,0.007248878479003906,0.006373882293701172,0.0019521713256835938,0.040572166442871094,0.01196799986064434,0.35158398747444153,0.3635520040988922
A-B,1,both,bulk,zero,A,sender,2,False,True,0,0.4470481872558594,8.506227016448975,7.199404716491699,0.3917759954929352,16.576385021209717,201433088,15.827220439910889,0.03695964813232422,0.014980316162109375,0.007115840911865234,0.025658130645751953,0.08471393585205078,0.02051199972629547,0.502560019493103,0.5230720043182373
A-B,1,both,bulk,zero,A,sender,3,False,True,0,0.33933591842651367,8.62349796295166,7.143738269805908,0.6287360191345215,16.77794313430786,201433088,15.795970916748047,0.057473182678222656,0.019919872283935547,0.017470836639404297,0.023697853088378906,0.1185617446899414,0.02687999978661537,0.42236799001693726,0.44924798607826233
A-B,1,both,bulk,zero,A,sender,4,False,True,0,0.44806814193725586,8.417373180389404,7.099897861480713,0.635968029499054,16.63071632385254,201433088,15.782207012176514,0.05755472183227539,0.03355598449707031,0.03856229782104492,0.0855112075805664,0.21518421173095703,0.041600000113248825,0.5320320129394531,0.573632001876831
A-B,1,both,bulk,zero,A,sender,5,False,True,0,0.3713202476501465,8.589679718017578,7.221852779388428,0.7507519721984863,16.975675106048584,201433088,15.839355945587158,0.03877544403076172,0.011693477630615234,0.006804466247558594,0.03469991683959961,0.09197330474853516,0.020479999482631683,0.4286719858646393,0.44915199279785156
A-B,1,both,bulk,zero,A,sender,6,False,True,0,0.44195985794067383,8.537981510162354,7.168140411376953,0.6704000234603882,16.860341548919678,201433088,15.821952819824219,0.03813886642456055,0.011734485626220703,0.006683349609375,0.029314041137695312,0.08587074279785156,0.02054399996995926,0.49907198548316956,0.5196160078048706
A-B,1,both,bulk,zero,A,sender,7,False,True,0,0.46605491638183594,8.500118732452393,7.019086837768555,0.45023998618125916,16.46764087677002,201433088,15.7794508934021,0.03626823425292969,0.011838912963867188,0.006770610809326172,0.10761404037475586,0.1624917984008789,0.020447999238967896,0.5210880041122437,0.5415359735488892
A-B,1,both,bulk,zero,A,sender,8,False,True,0,0.486025333404541,8.499756813049316,7.0167460441589355,0.4179840087890625,16.453211307525635,201433088,15.787600040435791,0.036461830139160156,0.011808395385742188,0.0068454742431640625,0.2061929702758789,0.2613086700439453,0.020479999482631683,0.5409280061721802,0.5614079833030701
A-B,1,both,bulk,zero,A,sender,9,False,True,0,0.41290807723999023,8.607868194580078,6.946984767913818,0.42931199073791504,16.432992458343506,201433088,15.776622295379639,0.03626060485839844,0.011617183685302734,0.006772041320800781,0.18622112274169922,0.24087095260620117,0.02035200037062168,0.4677119851112366,0.4880639910697937
A-B,1,both,bulk,zero,A,sender,10,False,True,0,0.39565610885620117,8.602070808410645,6.9700398445129395,0.4268159866333008,16.427225589752197,201433088,15.778225421905518,0.036905765533447266,0.011637687683105469,0.006657600402832031,0.028851985931396484,0.08405303955078125,0.02035200037062168,0.451200008392334,0.4715520143508911
A-B,1,both,bulk,zero,B,receiver,1,False,True,0,0.500617265701294,,0.10905194282531738,0.4683839976787567,9.229478120803833,201433088,8.446927070617676,0.0570988655090332,0.08945822715759277,0.029717683792114258,7.899616241455078,8.075891017913818,7.998655796051025,0.5679680109024048,8.56662368774414
A-B,1,both,bulk,zero,B,receiver,2,False,True,0,0.5579280853271484,,0.0016720294952392578,0.42739200592041016,9.085325002670288,201433088,8.465879201889038,0.05489206314086914,0.03706812858581543,0.011825084686279297,7.948269844055176,8.05205512046814,0.0014720000326633453,8.602304458618164,8.603775978088379
A-B,1,both,bulk,zero,B,receiver,3,False,True,0,0.5644469261169434,,0.001744985580444336,0.39977601170539856,9.074826955795288,201433088,8.468576192855835,0.13869881629943848,0.018104076385498047,0.019075870513916016,7.856800079345703,8.032678842544556,0.0015040000434964895,8.591103553771973,8.592608451843262
A-B,1,both,bulk,zero,B,receiver,4,False,True,0,0.6775209903717041,,0.0019218921661376953,0.4131839871406555,9.08121109008789,201433088,8.45351791381836,0.05850696563720703,0.018356800079345703,0.01696920394897461,7.823431968688965,7.917264938354492,0.0014720000326633453,8.586591720581055,8.588064193725586
A-B,1,both,bulk,zero,B,receiver,5,False,True,0,0.7863013744354248,,0.10140800476074219,0.6325119733810425,9.388903141021729,201433088,8.446692943572998,0.05844521522521973,0.01862812042236328,0.01669788360595703,7.699609041213989,7.793380260467529,0.0014720000326633453,8.572159767150879,8.57363224029541
A-B,1,both,bulk,zero,B,receiver,6,False,True,0,0.6332147121429443,,0.11460208892822266,0.4139840006828308,9.205493688583374,201433088,8.463169813156128,0.04044318199157715,0.012869119644165039,0.0068738460540771484,7.9202282428741455,7.980414390563965,0.0015040000434964895,8.601216316223145,8.602720260620117
A-B,1,both,bulk,zero,B,receiver,7,False,True,0,0.6383609771728516,,0.12020516395568848,0.4094400107860565,9.197119951248169,201433088,8.453557968139648,0.05907797813415527,0.01820683479309082,0.01709437370300293,7.850224733352661,7.94460391998291,0.0015040000434964895,8.570176124572754,8.571680068969727
A-B,1,both,bulk,zero,B,receiver,8,False,True,0,0.7584550380706787,,0.10612702369689941,0.41600000858306885,9.1860990524292,201433088,8.453500032424927,0.059165000915527344,0.018261194229125977,0.01702284812927246,7.73603892326355,7.830487966537476,0.0014720000326633453,8.574848175048828,8.576319694519043
A-B,1,both,bulk,zero,B,receiver,9,False,True,0,0.6609559059143066,,0.12321209907531738,0.41545599699020386,9.220524072647095,201433088,8.476938724517822,0.03915214538574219,0.012308835983276367,0.006857872009277344,7.905774116516113,7.964092969894409,0.0014720000326633453,8.613856315612793,8.615327835083008
A-B,1,both,bulk,zero,B,receiver,10,False,True,0,0.587562084197998,,0.1524639129638672,0.41679999232292175,9.239506959915161,201433088,8.593662023544312,0.03836321830749512,0.011909008026123047,0.006939888000488281,7.9713499546051025,8.028562068939209,0.0015040000434964895,8.61081600189209,8.612319946289062
A-B,1,both,bulk,delay2,A,sender,1,False,True,2,2.4453020095825195,6.506181240081787,7.149207592010498,0.6615999937057495,16.80521011352539,201433088,15.779516220092773,0.058193206787109375,0.017380714416503906,0.016855716705322266,0.02369546890258789,0.11612510681152344,0.03145600110292435,2.52128005027771,2.5527360439300537
A-B,1,both,bulk,delay2,A,sender,2,False,True,2,2.548798084259033,6.415668964385986,7.24702262878418,0.5304960012435913,16.783822059631348,201433088,15.788620948791504,0.05765581130981445,0.01723766326904297,0.016283512115478516,0.02353954315185547,0.1147165298461914,0.030880000442266464,2.6245760917663574,2.655456066131592
A-B,1,both,bulk,delay2,A,sender,3,False,True,2,2.4834299087524414,6.512439250946045,7.15792179107666,0.7211199998855591,16.917263984680176,201433088,15.810104846954346,0.0625157356262207,0.017637252807617188,0.016675472259521484,0.023535728454589844,0.12036418914794922,0.031039999797940254,2.5642879009246826,2.5953280925750732
A-B,1,both,bulk,delay2,A,sender,4,False,True,2,2.4721083641052246,6.45356559753418,7.259413719177246,0.7015039920806885,16.928203582763672,201433088,15.830690383911133,0.050133705139160156,0.01394796371459961,0.01636791229248047,0.023798465728759766,0.104248046875,0.02783999964594841,2.5405120849609375,2.568351984024048
A-B,1,both,bulk,delay2,A,sender,5,False,True,2,2.567582130432129,6.507927894592285,7.084167957305908,0.6569600105285645,16.860551357269287,201433088,15.813095092773438,0.05854988098144531,0.018004417419433594,0.016782283782958984,0.02370929718017578,0.11704587936401367,0.03235200047492981,2.644320011138916,2.6766719818115234
A-B,1,both,bulk,delay2,A,sender,6,False,True,2,2.8183770179748535,6.296030521392822,7.062036991119385,0.733568012714386,16.952008724212646,201433088,15.821506977081299,0.05817890167236328,0.01757192611694336,0.01663064956665039,0.023944377899169922,0.11632585525512695,0.03177599981427193,2.894495964050293,2.926271915435791
A-B,1,both,bulk,delay2,A,sender,7,False,True,2,2.503532886505127,6.471553802490234,7.201461315155029,0.6659520268440247,16.885250091552734,201433088,15.823847770690918,0.05799722671508789,0.018012523651123047,0.01641225814819336,0.02350902557373047,0.11593103408813477,0.03177599981427193,2.579551935195923,2.611327886581421
A-B,1,both,bulk,delay2,A,sender,8,False,True,2,2.7400999069213867,6.237548828125,7.193680763244629,0.6963199973106384,16.909928798675537,201433088,15.814247131347656,0.05848884582519531,0.01817464828491211,0.016323566436767578,0.023595809936523438,0.11658287048339844,0.03187200054526329,2.8164479732513428,2.8483200073242188
A-B,1,both,bulk,delay2,A,sender,9,False,True,2,2.65035343170166,6.339128017425537,7.231263160705566,0.6991999745368958,16.961886405944824,201433088,15.839073181152344,0.058258056640625,0.018070220947265625,0.01665353775024414,0.02377462387084961,0.11675643920898438,0.031968001276254654,2.7267520427703857,2.7587199211120605
A-B,1,both,bulk,delay2,A,sender,10,False,True,2,2.5999488830566406,6.373435974121094,7.238406658172607,0.574944019317627,16.828178882598877,201433088,15.826336860656738,0.05759239196777344,0.018317699432373047,0.01666402816772461,0.02385091781616211,0.1164250373840332,0.03215999901294708,2.6760001182556152,2.708159923553467
A-B,1,both,bulk,delay2,B,receiver,1,False,True,2,2.566757917404175,,0.001867055892944336,0.43321600556373596,9.097117185592651,201433088,8.454444646835327,0.0583341121673584,0.01831793785095215,0.017356157302856445,5.935485124588013,6.02949333190918,0.0014720000326633453,8.587136268615723,8.588607788085938
A-B,1,both,bulk,delay2,B,receiver,2,False,True,2,2.6843528747558594,,0.0018608570098876953,0.4047040045261383,9.059224843978882,201433088,8.443732976913452,0.03949904441833496,0.012579679489135742,0.006818056106567383,5.847875118255615,5.906771898269653,0.0014720000326633453,8.579680442810059,8.581151962280273
A-B,1,both,bulk,delay2,B,receiver,3,False,True,2,2.6134867668151855,,0.16158008575439453,0.4073599874973297,9.234888792037964,201433088,8.571467161178589,0.037941932678222656,0.011996030807495117,0.0065839290618896484,5.939725160598755,5.996247053146362,0.0015040000434964895,8.595199584960938,8.59670352935791
A-B,1,both,bulk,delay2,B,receiver,4,False,True,2,2.5980300903320312,,0.09467196464538574,0.41040000319480896,9.146960020065308,201433088,8.445085048675537,0.038179874420166016,0.012002944946289062,0.006583213806152344,5.933445930480957,5.9902119636535645,0.0014720000326633453,8.579487800598145,8.580960273742676
A-B,1,both,bulk,delay2,B,receiver,5,False,True,2,2.621373176574707,,0.13388991355895996,0.40880000591278076,9.187801837921143,201433088,8.447564125061035,0.039443016052246094,0.012799978256225586,0.006562948226928711,5.911669015884399,5.9704749584198,0.0014720000326633453,8.582847595214844,8.584320068359375
A-B,1,both,bulk,delay2,B,receiver,6,False,True,2,2.860095977783203,,0.12918400764465332,0.4102720022201538,9.20643401145935,201433088,8.456167936325073,0.0422210693359375,0.012042045593261719,0.0066890716552734375,5.692397832870483,5.753350019454956,0.0015040000434964895,8.604991912841797,8.60649585723877
A-B,1,both,bulk,delay2,B,receiver,7,False,True,2,2.6373209953308105,,0.10940289497375488,0.40748798847198486,9.137605905532837,201433088,8.559571027755737,0.037811994552612305,0.011810064315795898,0.006927013397216797,5.890026807785034,5.946575880050659,0.0015040000434964895,8.580863952636719,8.582367897033691
A-B,1,both,bulk,delay2,B,receiver,8,False,True,2,2.8735620975494385,,0.11116790771484375,0.4187839925289154,9.175665140151978,201433088,8.44973611831665,0.05854988098144531,0.01798725128173828,0.016862869262695312,5.603193998336792,5.696593999862671,0.0015040000434964895,8.56390380859375,8.565407752990723
A-B,1,both,bulk,delay2,B,receiver,9,False,True,2,2.779376983642578,,0.13181209564208984,0.41673600673675537,9.207546949386597,201433088,8.447835206985474,0.03908514976501465,0.012324810028076172,0.006822347640991211,5.766047716140747,5.824280023574829,0.0019199999514967203,8.591872215270996,8.593791961669922
A-B,1,both,bulk,delay2,B,receiver,10,False,True,2,2.740823984146118,,0.14684605598449707,0.4189760088920593,9.222124099731445,201433088,8.449207782745361,0.03836393356323242,0.012070178985595703,0.006720066070556641,5.800789833068848,5.857944011688232,0.0014720000326633453,8.589247703552246,8.590720176696777
A-B,1,both,bulk,jitter,A,sender,1,False,True,1.3540093838461509,2.184542655944824,6.68475866317749,7.215637683868408,0.6025279760360718,16.717247009277344,201433088,15.83275032043457,0.034952640533447266,0.009926319122314453,0.014194965362548828,0.023995399475097656,0.0830693244934082,0.02131200022995472,2.237663984298706,2.2589759826660156
A-B,1,both,bulk,jitter,A,sender,2,False,True,6.384396973795681,6.972994804382324,1.886418342590332,7.143651962280273,0.7045760154724121,16.735930919647217,201433088,15.795610427856445,0.03326416015625,0.009682178497314453,0.01401376724243164,0.023778438568115234,0.08073854446411133,0.021023999899625778,7.024543762207031,7.045567989349365
A-B,1,both,bulk,jitter,A,sender,3,False,True,6.535925337170527,7.055074214935303,1.9115867614746094,7.03004264831543,0.5940799713134766,16.63920545578003,201433088,15.784098625183105,0.037212371826171875,0.010943889617919922,0.014859676361083984,0.023548126220703125,0.0865640640258789,0.022655999287962914,7.110720157623291,7.133376121520996
A-B,1,both,bulk,jitter,A,sender,4,False,True,5.474819814933159,6.051031112670898,2.924835681915283,7.022054672241211,0.5981119871139526,16.627826690673828,201433088,15.788914203643799,0.03405427932739258,0.009386539459228516,0.014081001281738281,0.024247169494628906,0.08176898956298828,0.0208320003002882,6.104063987731934,6.124896049499512
A-B,1,both,bulk,jitter,A,sender,5,False,True,4.674872469626737,5.218114852905273,3.803821086883545,7.002688884735107,0.6326079964637756,16.688172817230225,201433088,15.799335479736328,0.034268856048583984,0.009839057922363281,0.014515876770019531,0.023935794830322266,0.08255958557128906,0.021695999428629875,5.270624160766602,5.2923197746276855
A-B,1,both,bulk,jitter,A,sender,6,False,True,1.5829328025321727,2.2758946418762207,6.752980709075928,7.090237617492676,0.5934720039367676,16.75084161758423,201433088,15.827364444732666,0.14240121841430664,0.013423442840576172,0.019458770751953125,0.022819042205810547,0.19810247421264648,0.029600000008940697,2.436000108718872,2.46560001373291
A-B,1,both,bulk,jitter,A,sender,7,False,True,3.593298350416701,4.380141258239746,4.54893159866333,7.154600620269775,0.5914239883422852,16.711955070495605,201433088,15.802212238311768,0.0496211051940918,0.013063907623291016,0.01671314239501953,0.02329874038696289,0.10269689559936523,0.02675200067460537,4.447519779205322,4.474271774291992
A-B,1,both,bulk,jitter,A,sender,8,False,True,3.1305182007302372,3.5804433822631836,5.3469767570495605,7.164312839508057,0.6220160126686096,16.751404285430908,201433088,15.808743953704834,0.04920196533203125,0.013109207153320312,0.016501426696777344,0.02344512939453125,0.10225772857666016,0.026367999613285065,3.647808074951172,3.674175977706909
A-B,1,both,bulk,jitter,A,sender,9,False,True,4.811538994906908,5.447171211242676,3.6372275352478027,7.018309116363525,0.7032639980316162,16.842322826385498,201433088,15.812168598175049,0.05177497863769531,0.01332712173461914,0.016681671142578125,0.023434162139892578,0.10521793365478516,0.027168000116944313,5.517248153686523,5.5444159507751465
A-B,1,both,bulk,jitter,A,sender,10,False,True,1.7334967984253336,2.406765937805176,6.520946025848389,7.155959129333496,0.609824001789093,16.728050231933594,201433088,15.799001693725586,0.049236297607421875,0.013182640075683594,0.016522884368896484,0.023523330688476562,0.10246515274047852,0.02687999978661537,2.473759889602661,2.5006399154663086
A-B,1,both,bulk,jitter,B,receiver,1,False,True,1.3540093838461509,2.2990341186523438,,0.09513688087463379,0.38979199528694153,9.115471124649048,201433088,8.443263053894043,0.03817391395568848,0.011967897415161133,0.006712198257446289,6.220431089401245,6.277285099029541,0.0015360000543296337,8.564895629882812,8.566431999206543
A-B,1,both,bulk,jitter,B,receiver,2,False,True,6.384396973795681,7.060863256454468,,0.13656902313232422,0.393312007188797,9.1474769115448,201433088,8.444456815719604,0.037796974182128906,0.011919975280761719,0.0067632198333740234,1.4474928379058838,1.5039730072021484,0.0014720000326633453,8.555808067321777,8.557279586791992
A-B,1,both,bulk,jitter,B,receiver,3,False,True,6.535925337170527,7.152063846588135,,0.0016481876373291016,0.4148159921169281,9.13642406463623,201433088,8.444489002227783,0.047898292541503906,0.012273788452148438,0.0067708492279052734,1.444047212600708,1.5109901428222656,0.0014720000326633453,8.578944206237793,8.580415725708008
A-B,1,both,bulk,jitter,B,receiver,4,False,True,5.474819814933159,6.138516902923584,,0.09068179130554199,0.6636160016059875,9.51272702217102,201433088,8.472470760345459,0.060465097427368164,0.0194699764251709,0.01721811294555664,2.4429028034210205,2.540055990219116,0.0014720000326633453,8.66864013671875,8.670111656188965
A-B,1,both,bulk,jitter,B,receiver,5,False,True,4.674872469626737,5.306807994842529,,0.18038010597229004,0.40585601329803467,9.359013080596924,201433088,8.470739126205444,0.03973817825317383,0.01257181167602539,0.006968975067138672,3.2406439781188965,3.2999229431152344,0.0014720000326633453,8.59609603881836,8.597567558288574
A-B,1,both,bulk,jitter,B,receiver,6,False,True,1.5829328025321727,2.4068331718444824,,0.14016103744506836,0.40118399262428284,9.202908039093018,201433088,8.577315092086792,0.03906702995300293,0.012299776077270508,0.006789207458496094,6.141657114028931,6.1998131275177,0.0015040000434964895,8.601696014404297,8.60319995880127
A-B,1,both,bulk,jitter,B,receiver,7,False,True,3.593298350416701,4.492516279220581,,0.1351759433746338,0.3961600065231323,9.169684886932373,201433088,8.444072961807251,0.03906679153442383,0.012445926666259766,0.006722211837768555,4.030033826828003,4.088268756866455,0.0015040000434964895,8.568415641784668,8.56991958618164
A-B,1,both,bulk,jitter,B,receiver,8,False,True,3.1305182007302372,3.693140983581543,,0.10742497444152832,0.3978880047798157,9.154736042022705,201433088,8.44990086555481,0.03937983512878418,0.01668691635131836,0.006779193878173828,4.8301050662994385,4.892951011657715,0.0015040000434964895,8.577088356018066,8.578592300415039
A-B,1,both,bulk,jitter,B,receiver,9,False,True,4.811538994906908,5.45659875869751,,0.0016679763793945312,0.42454400658607483,9.11546778678894,201433088,8.475936889648438,0.15840697288513184,0.017718791961669922,0.02099609375,2.9830541610717773,3.180176019668579,0.0015040000434964895,8.627872467041016,8.629376411437988
A-B,1,both,bulk,jitter,B,receiver,10,False,True,1.7334967984253336,2.514211893081665,,0.13623404502868652,0.4058240056037903,9.186439037322998,201433088,8.45252513885498,0.03861880302429199,0.012155294418334961,0.007061958312988281,6.017883062362671,6.075719118118286,0.0014720000326633453,8.582559585571289,8.58403205871582
A-B,1,both,chunk,zero,A,sender,1,False,True,0,0.25950098037719727,0.5555572509765625,16.08666706085205,0.7673280239105225,17.73099136352539,201433088,16.734211921691895,0.05068397521972656,0.017525196075439453,0.016824722290039062,0.023472309112548828,0.1085062026977539,0.03129599988460541,0.32918399572372437,0.36048001050949097
A-B,1,both,chunk,zero,A,sender,2,False,True,0,0.3608078956604004,0.5732979774475098,15.978803157806396,0.39401599764823914,17.339263916015625,201433088,16.715245246887207,0.03765296936035156,0.01209402084350586,0.006893634796142578,0.028290271759033203,0.0849308967590332,0.02051199972629547,0.4169920086860657,0.43750399351119995
A-B,1,both,chunk,zero,A,sender,3,False,True,0,0.3158702850341797,0.9182391166687012,15.690765857696533,0.4010559916496277,17.359351634979248,201433088,16.73315715789795,0.03790283203125,0.01188802719116211,0.006938934326171875,0.028331279754638672,0.08506107330322266,0.020479999482631683,0.3722879886627197,0.392767995595932
A-B,1,both,chunk,zero,A,sender,4,False,True,0,0.3592262268066406,0.6567139625549316,15.948800563812256,0.42985600233078003,17.435462951660156,201433088,16.783520221710205,0.037972450256347656,0.012142181396484375,0.007010936737060547,0.027985572814941406,0.08511114120483398,0.02054399996995926,0.4153920114040375,0.43593600392341614
A-B,1,both,chunk,zero,A,sender,5,False,True,0,0.35268306732177734,0.6672754287719727,15.857669353485107,0.4039359986782074,17.314946174621582,201433088,16.685311794281006,0.03876161575317383,0.012576103210449219,0.007193088531494141,0.02785491943359375,0.08638572692871094,0.020735999569296837,0.4101119935512543,0.43084800243377686
A-B,1,both,chunk,zero,A,sender,6,False,True,0,0.3844480514526367,0.6459436416625977,15.862829208374023,0.4068480134010315,17.33256483078003,201433088,16.71105194091797,0.03787422180175781,0.012041091918945312,0.006875038146972656,0.02833843231201172,0.0851287841796875,0.02067199908196926,0.4403519928455353,0.4610239863395691
A-B,1,both,chunk,zero,A,sender,7,False,True,0,0.36752748489379883,0.652071475982666,15.876185894012451,0.403328001499176,17.33202028274536,201433088,16.70695209503174,0.037629127502441406,0.011837482452392578,0.006868839263916016,0.028356075286865234,0.08469152450561523,0.02035200037062168,0.42316800355911255,0.4435200095176697
A-B,1,both,chunk,zero,A,sender,8,False,True,0,0.3626370429992676,0.644618034362793,15.940793991088867,0.39747199416160583,17.37808609008789,201433088,16.743743419647217,0.03732585906982422,0.011934280395507812,0.006651878356933594,0.028537273406982422,0.08444929122924805,0.02054399996995926,0.4182400107383728,0.43878400325775146
A-B,1,both,chunk,zero,A,sender,9,False,True,0,0.34013938903808594,0.653193473815918,15.917962551116943,0.4091840088367462,17.353477954864502,201433088,16.72660541534424,0.03832387924194336,0.011864185333251953,0.0071887969970703125,0.028627395629882812,0.08600425720214844,0.020479999482631683,0.3972479999065399,0.4177280068397522
A-B,1,both,chunk,zero,A,sender,10,False,True,0,0.33361101150512695,0.610443115234375,15.948242664337158,0.40140798687934875,17.326748371124268,201433088,16.699871063232422,0.03781604766845703,0.011846065521240234,0.006915569305419922,0.028664588928222656,0.08524227142333984,0.020447999238967896,0.3901439905166626,0.4105919897556305
A-B,1,both,chunk,zero,B,receiver,1,False,True,0,0.4018080234527588,,9.106161117553711,0.39577600359916687,10.120922088623047,201433088,9.488940000534058,0.03896307945251465,0.012580156326293945,0.00685882568359375,0.09752798080444336,0.1559300422668457,0.081216000020504,0.45129600167274475,0.5325120091438293
A-B,1,both,chunk,zero,B,receiver,2,False,True,0,0.4627678394317627,,9.098860025405884,0.3861120045185089,10.10665488243103,201433088,9.478132963180542,0.03863191604614258,0.01207113265991211,0.006863832473754883,0.04153299331665039,0.09909987449645996,0.0015040000434964895,0.5523200035095215,0.5538240075111389
A-B,1,both,chunk,zero,B,receiver,3,False,True,0,0.5078730583190918,,8.816832065582275,0.6447359919548035,10.401901960372925,201433088,9.338464975357056,0.06045103073120117,0.018335342407226562,0.016788959503173828,0.22733783721923828,0.32291316986083984,0.0014720000326633453,0.8025919795036316,0.8040639758110046
A-B,1,both,chunk,zero,B,receiver,4,False,True,0,0.446246862411499,,8.921904802322388,0.41996800899505615,10.056662797927856,201433088,9.39880895614624,0.03881669044494629,0.012315988540649414,0.00673222541809082,0.1419229507446289,0.19978785514831543,0.0014720000326633453,0.5580160021781921,0.5594879984855652
A-B,1,both,chunk,zero,B,receiver,5,False,True,0,0.4454479217529297,,8.870055198669434,0.4068160057067871,10.008455038070679,201433088,9.359072923660278,0.038691043853759766,0.012205839157104492,0.007108211517333984,0.1600627899169922,0.21806788444519043,0.0014720000326633453,0.5668799877166748,0.5683519840240479
A-B,1,both,chunk,zero,B,receiver,6,False,True,0,0.42099690437316895,,8.93954610824585,0.41462400555610657,10.063352823257446,201433088,9.413820028305054,0.03933405876159668,0.012140035629272461,0.0065000057220458984,0.16622614860534668,0.22420024871826172,0.0014720000326633453,0.5568320155143738,0.5583040118217468
A-B,1,both,chunk,zero,B,receiver,7,False,True,0,0.46161890029907227,,8.858649015426636,0.41865599155426025,10.001150131225586,201433088,9.331974744796753,0.039019107818603516,0.012117862701416016,0.0069730281829833984,0.13622808456420898,0.19433808326721191,0.0015360000543296337,0.5682880282402039,0.5698239803314209
A-B,1,both,chunk,zero,B,receiver,8,False,True,0,0.4521770477294922,,8.91301679611206,0.41516798734664917,10.038177013397217,201433088,9.38155198097229,0.03854203224182129,0.011978864669799805,0.006720066070556641,0.13695502281188965,0.19419598579406738,0.0014720000326633453,0.5603200197219849,0.5617920160293579
A-B,1,both,chunk,zero,B,receiver,9,False,True,0,0.4290778636932373,,8.870145797729492,0.6811839938163757,10.28105092048645,201433088,9.354405164718628,0.06707978248596191,0.027153968811035156,0.017004966735839844,0.09959101676940918,0.2108297348022461,0.0014720000326633453,0.549344003200531,0.550815999507904
A-B,1,both,chunk,zero,B,receiver,10,False,True,0,0.42475295066833496,,8.83929991722107,0.42185598611831665,9.952068090438843,201433088,9.315888166427612,0.03879570960998535,0.012341022491455078,0.006954193115234375,0.14104294776916504,0.19913387298583984,0.0015040000434964895,0.5352960228919983,0.5368000268936157
A-B,1,both,chunk,delay2,A,sender,1,False,True,2,2.5121660232543945,0.8235454559326172,14.034305572509766,0.677727997303009,18.084933280944824,201433088,17.056634426116943,0.04605722427368164,0.15172433853149414,0.029849529266357422,0.021750450134277344,0.24938154220581055,0.18742400407791138,2.5655040740966797,2.7529280185699463
A-B,1,both,chunk,delay2,A,sender,2,False,True,2,2.531489372253418,0.5389647483825684,13.964661598205566,0.7214080095291138,17.792797088623047,201433088,16.73240375518799,0.05109405517578125,0.013092041015625,0.016266345977783203,0.023538589477539062,0.10399103164672852,0.026176000013947487,2.6009280681610107,2.6271040439605713
A-B,1,both,chunk,delay2,A,sender,3,False,True,2,2.456393241882324,0.6185588836669922,14.102051734924316,0.6083840131759644,17.82946538925171,201433088,16.875909328460693,0.05063438415527344,0.012736320495605469,0.016448497772216797,0.0033178329467773438,0.08313703536987305,0.026176000013947487,2.5078399181365967,2.5340158939361572
A-B,1,both,chunk,delay2,A,sender,4,False,True,2,2.548038959503174,0.8658161163330078,13.604084968566895,0.6421759724617004,17.75748109817505,201433088,16.715023040771484,0.04993104934692383,0.016323089599609375,0.01697683334350586,0.02407979965209961,0.10731077194213867,0.030912000685930252,2.6158080101013184,2.6467199325561523
A-B,1,both,chunk,delay2,A,sender,5,False,True,2,2.5290284156799316,0.7722053527832031,13.722067832946777,0.58815997838974,17.645973682403564,201433088,16.717298984527588,0.0497889518737793,0.013123035430908203,0.016635894775390625,0.02336883544921875,0.10291671752929688,0.026559999212622643,2.596895933151245,2.6234560012817383
A-B,1,both,chunk,delay2,A,sender,6,False,True,2,2.430624008178711,0.862421989440918,13.951385974884033,0.6366720199584961,17.921326160430908,201433088,16.938098907470703,0.04962635040283203,0.01303863525390625,0.01633310317993164,0.08913707733154297,0.1681351661682129,0.025151999667286873,2.4986560344696045,2.523808002471924
A-B,1,both,chunk,delay2,A,sender,7,False,True,2,2.6520299911499023,0.8318662643432617,13.693280696868896,0.6937280297279358,17.914782524108887,201433088,16.816195011138916,0.050359249114990234,0.013303756713867188,0.016691207885742188,0.023534774780273438,0.10388898849487305,0.02707199938595295,2.7207040786743164,2.7477760314941406
A-B,1,both,chunk,delay2,A,sender,8,False,True,2,2.530986785888672,0.8005609512329102,13.562248706817627,0.4485760033130646,17.37467670440674,201433088,16.696855545043945,0.04056882858276367,0.011883258819580078,0.007092952728271484,0.028097152709960938,0.08764219284057617,0.02051199972629547,2.5901761054992676,2.6106879711151123
A-B,1,both,chunk,delay2,A,sender,9,False,True,2,2.4532251358032227,0.6651759147644043,13.80843210220337,0.4190720021724701,17.377917766571045,201433088,16.735777854919434,0.04059410095214844,0.011965751647949219,0.0070171356201171875,0.027939319610595703,0.08751630783081055,0.02054399996995926,2.5124800205230713,2.5330240726470947
A-B,1,both,chunk,delay2,A,sender,10,False,True,2,2.428518772125244,0.8982272148132324,13.577102184295654,0.4190399944782257,17.355175971984863,201433088,16.70781373977661,0.04013395309448242,0.011630535125732422,0.007117271423339844,0.02845478057861328,0.08733654022216797,0.020320000126957893,2.4882559776306152,2.508575916290283
A-B,1,both,chunk,delay2,B,receiver,1,False,True,2,2.7820801734924316,,6.5928590297698975,0.40937599539756775,10.051671028137207,201433088,9.3994300365448,0.03845810890197754,0.011941909790039062,0.006551980972290039,0.14048004150390625,0.1974320411682129,0.0015999999595806003,2.898207902908325,2.899807929992676
A-B,1,both,chunk,delay2,B,receiver,2,False,True,2,2.5367839336395264,,7.05610990524292,0.3875519931316376,10.114602088928223,201433088,9.463795900344849,0.06061196327209473,0.012662172317504883,0.006890773773193359,0.002707242965698242,0.08287215232849121,0.018559999763965607,2.597951889038086,2.6165120601654053
A-B,1,both,chunk,delay2,B,receiver,3,False,True,2,2.5298659801483154,,6.8978588581085205,0.6565120220184326,10.349881887435913,201433088,9.41981315612793,0.05924582481384277,0.018860340118408203,0.017075777053833008,0.08393716812133789,0.17911911010742188,0.03420799970626831,2.602303981781006,2.636512041091919
A-B,1,both,chunk,delay2,B,receiver,4,False,True,2,2.649003028869629,,6.5081610679626465,0.6800640225410461,10.324773073196411,201433088,9.362943887710571,0.060150146484375,0.01883983612060547,0.017168045043945312,0.3061201572418213,0.40227818489074707,0.0015999999595806003,2.9800961017608643,2.9816958904266357
A-B,1,both,chunk,delay2,B,receiver,5,False,True,2,2.5946528911590576,,6.585801124572754,0.42767998576164246,10.01649785041809,201433088,9.33869218826294,0.038880109786987305,0.012666940689086914,0.0067751407623291016,0.291748046875,0.3500702381134033,0.001567999948747456,2.922624111175537,2.924191951751709
A-B,1,both,chunk,delay2,B,receiver,6,False,True,2,2.6092751026153564,,6.55661940574646,0.676800012588501,10.267932891845703,201433088,9.340089797973633,0.062016963958740234,0.018462181091308594,0.016945838928222656,0.2259080410003662,0.3233330249786377,0.0016639999812468886,2.907968044281006,2.9096319675445557
A-B,1,both,chunk,delay2,B,receiver,7,False,True,2,2.604703903198242,,6.691864967346191,0.4009599983692169,10.108479976654053,201433088,9.441657066345215,0.03798389434814453,0.012113094329833984,0.006650686264038086,0.3013479709625244,0.358095645904541,0.0015999999595806003,2.943743944168091,2.9453439712524414
A-B,1,both,chunk,delay2,B,receiver,8,False,True,2,2.5656871795654297,,6.642604112625122,0.44387200474739075,10.059730052947998,201433088,9.390959978103638,0.04395413398742676,0.012301921844482422,0.00689697265625,0.2874569892883301,0.35061001777648926,0.001567999948747456,2.895551919937134,2.8971199989318848
A-B,1,both,chunk,delay2,B,receiver,9,False,True,2,2.534677028656006,,7.044198989868164,0.7017920017242432,10.58247709274292,201433088,9.623540163040161,0.06573295593261719,0.031762123107910156,0.01766490936279297,0.003751993179321289,0.1189119815826416,0.046592000871896744,2.6022400856018066,2.648832082748413
A-B,1,both,chunk,delay2,B,receiver,10,False,True,2,2.572145938873291,,6.68672513961792,0.41625601053237915,10.168483018875122,201433088,9.51557993888855,0.04262590408325195,0.012851953506469727,0.006548166275024414,0.3669438362121582,0.4289698600769043,0.2945919930934906,2.625727891921997,2.9203200340270996
A-B,1,both,chunk,jitter,A,sender,1,False,True,2.5648073749463487,2.919686794281006,0.7376909255981445,13.606934070587158,0.6837440133094788,17.98238706588745,201433088,17.055595874786377,0.12291145324707031,0.020679950714111328,0.026558876037597656,0.004075050354003906,0.1742253303527832,0.11420799791812897,2.9735360145568848,3.0877439975738525
A-B,1,both,chunk,jitter,A,sender,2,False,True,2.495266710641392,3.0177769660949707,0.8371191024780273,13.319639205932617,0.40905600786209106,17.61890983581543,201433088,16.983190059661865,0.04223775863647461,0.011559486389160156,0.01685190200805664,0.0022668838500976562,0.07291603088378906,0.027295999228954315,3.061568021774292,3.0888640880584717
A-B,1,both,chunk,jitter,A,sender,3,False,True,6.0078685893461286,6.566157817840576,0.7955341339111328,9.553940773010254,0.39612799882888794,17.34412908554077,201433088,16.72645330429077,0.040343284606933594,0.011670589447021484,0.007376194000244141,0.028240203857421875,0.0876302719116211,0.020576000213623047,6.625152111053467,6.64572811126709
A-B,1,both,chunk,jitter,A,sender,4,False,True,7.054274326431447,7.522650241851807,0.6156644821166992,8.772911071777344,0.3969919979572296,17.34006929397583,201433088,16.717337131500244,0.04034280776977539,0.011719226837158203,0.0070743560791015625,0.028014183044433594,0.08715057373046875,0.020416000857949257,7.581120014190674,7.601535797119141
A-B,1,both,chunk,jitter,A,sender,5,False,True,5.946476108827783,6.431249141693115,0.8299388885498047,9.619821548461914,0.40726399421691895,17.320087909698486,201433088,16.697277069091797,0.04022693634033203,0.011817455291748047,0.007103919982910156,0.028284072875976562,0.0874323844909668,0.02067199908196926,6.489727973937988,6.51039981842041
A-B,1,both,chunk,jitter,A,sender,6,False,True,6.046846034107309,6.535423278808594,0.6734561920166016,9.672616958618164,0.422432005405426,17.33788299560547,201433088,16.696949005126953,0.04062175750732422,0.011682987213134766,0.006972789764404297,0.02823019027709961,0.08750772476196289,0.02054399996995926,6.594592094421387,6.61513614654541
A-B,1,both,chunk,jitter,A,sender,7,False,True,7.933013804365256,8.395287036895752,0.6755671501159668,7.9522809982299805,0.3991360068321228,17.454654693603516,201433088,16.836881160736084,0.040851593017578125,0.01464700698852539,0.007018089294433594,0.00232696533203125,0.06484365463256836,0.020320000126957893,8.437439918518066,8.457759857177734
A-B,1,both,chunk,jitter,A,sender,8,False,True,3.9931591529693975,4.578797340393066,1.066884994506836,11.488522052764893,0.5747519731521606,17.74605703353882,201433088,16.824288368225098,0.050927162170410156,0.014734745025634766,0.016399383544921875,0.0903019905090332,0.17236328125,0.022752000018954277,4.647583961486816,4.67033576965332
A-B,1,both,chunk,jitter,A,sender,9,False,True,2.0242445572004515,2.5093793869018555,0.8373117446899414,13.727301120758057,0.7020480036735535,17.813077926635742,201433088,16.774725914001465,0.05428123474121094,0.012930870056152344,0.016368865966796875,0.028808116912841797,0.11238908767700195,0.02659199945628643,2.5813119411468506,2.6079039573669434
A-B,1,both,chunk,jitter,A,sender,10,False,True,5.333336761089503,5.793438911437988,0.699164867401123,10.581832885742188,0.6016319990158081,17.712795734405518,201433088,16.780280113220215,0.04953813552856445,0.013090133666992188,0.016522884368896484,0.03464794158935547,0.1137990951538086,0.031968001276254654,5.860799789428711,5.892767906188965
A-B,1,both,chunk,jitter,B,receiver,1,False,True,2.5648073749463487,3.1383957862854004,,6.218505859375,0.701088011264801,10.403717994689941,201433088,9.449140071868896,0.05853605270385742,0.09691286087036133,0.028835058212280273,0.005669116973876953,0.18995308876037598,0.0018240000354126096,3.32259202003479,3.324415922164917
A-B,1,both,chunk,jitter,B,receiver,2,False,True,2.495266710641392,3.0336360931396484,,6.113837003707886,0.3909760117530823,9.986268997192383,201433088,9.329850912094116,0.06416201591491699,0.012137174606323242,0.006685972213745117,0.29830193519592285,0.3812870979309082,0.001567999948747456,3.334559917449951,3.336127996444702
A-B,1,both,chunk,jitter,B,receiver,3,False,True,6.0078685893461286,6.571094036102295,,2.599698781967163,0.3977600038051605,9.97495698928833,201433088,9.33391785621643,0.039212942123413086,0.012060165405273438,0.006669044494628906,0.28458380699157715,0.3425259590148926,0.001567999948747456,6.834303855895996,6.835872173309326
A-B,1,both,chunk,jitter,B,receiver,4,False,True,7.054274326431447,7.591889142990112,,2.0358941555023193,0.7264000177383423,10.635170221328735,201433088,9.646507024765015,0.06157517433166504,0.03306412696838379,0.08188176155090332,0.006086111068725586,0.18260717391967773,0.04851200059056282,7.658720016479492,7.7072319984436035
A-B,1,both,chunk,jitter,B,receiver,5,False,True,5.946476108827783,6.529021263122559,,2.598771095275879,0.3991360068321228,9.962718963623047,201433088,9.346625089645386,0.03969907760620117,0.013267040252685547,0.01065516471862793,0.30881381034851074,0.3724350929260254,0.24508799612522125,6.580416202545166,6.825503826141357
A-B,1,both,chunk,jitter,B,receiver,6,False,True,6.046846034107309,6.6380650997161865,,2.6038591861724854,0.41040000319480896,9.939144134521484,201433088,9.31602692604065,0.03780484199523926,0.012025117874145508,0.006999015808105469,0.1650221347808838,0.22185111045837402,0.0016319999704137444,6.777440071105957,6.779071807861328
A-B,1,both,chunk,jitter,B,receiver,7,False,True,7.933013804365256,8.4898099899292,,0.7683100700378418,0.6572480201721191,10.233805894851685,201433088,9.325821161270142,0.06199216842651367,0.018253087997436523,0.016763925552368164,0.12677884101867676,0.22378802299499512,0.001567999948747456,8.645631790161133,8.647199630737305
A-B,1,both,chunk,jitter,B,receiver,8,False,True,3.9931591529693975,4.86259388923645,,4.208331823348999,0.4113599956035614,9.978479862213135,201433088,9.35041093826294,0.062380075454711914,0.012045860290527344,0.006866931915283203,0.3512401580810547,0.43253302574157715,0.0014720000326633453,5.214335918426514,5.215807914733887
A-B,1,both,chunk,jitter,B,receiver,9,False,True,2.0242445572004515,2.6205060482025146,,6.572716951370239,0.40275201201438904,10.02961802482605,201433088,9.399813175201416,0.03844714164733887,0.011950016021728516,0.007051944732666016,0.3112449645996094,0.3686940670013428,0.0015999999595806003,2.9090559482574463,2.910655975341797
A-B,1,both,chunk,jitter,B,receiver,10,False,True,5.333336761089503,5.916323900222778,,3.4162681102752686,0.45603200793266296,10.075164794921875,201433088,9.397563934326172,0.03901195526123047,0.012292861938476562,0.006983041763305664,0.1633150577545166,0.2216029167175293,0.0016319999704137444,6.051360130310059,6.05299186706543
A-B,1,both,window2,zero,A,sender,1,False,True,0,0.5333189964294434,0.7704982757568359,15.299011707305908,0.45180800557136536,17.090857982635498,201433088,16.266250133514404,0.052648067474365234,0.011815071105957031,0.006762981414794922,0.02857494354248047,0.09980106353759766,0.02038400061428547,0.605023980140686,0.6254079937934875
A-B,1,both,window2,zero,A,sender,2,False,True,0,0.3327631950378418,0.9196696281433105,15.199229717254639,0.4819520115852356,16.970812797546387,201433088,16.150930881500244,0.037181854248046875,0.01136636734008789,0.006649494171142578,0.13401031494140625,0.1892080307006836,0.020320000126957893,0.3885760009288788,0.40889599919319153
A-B,1,both,window2,zero,A,sender,3,False,True,0,0.4444770812988281,0.507194995880127,15.60283088684082,0.42422398924827576,17.01427459716797,201433088,16.234373092651367,0.03666114807128906,0.011433124542236328,0.007004737854003906,0.028776168823242188,0.08387517929077148,0.02051199972629547,0.49958398938179016,0.5200960040092468
A-B,1,both,window2,zero,A,sender,4,False,True,0,0.44104719161987305,0.6299209594726562,15.51686716079712,0.4163840115070343,17.039571285247803,201433088,16.27127981185913,0.037044525146484375,0.01146078109741211,0.006860256195068359,0.02896595001220703,0.08433151245117188,0.02038400061428547,0.49696001410484314,0.5173439979553223
A-B,1,both,window2,zero,A,sender,5,False,True,0,0.3402676582336426,0.5581979751586914,15.716778755187988,0.42902401089668274,17.08026695251465,201433088,16.288074493408203,0.0380406379699707,0.011013507843017578,0.006691455841064453,0.0023260116577148438,0.05807161331176758,0.01651199907064438,0.37942400574684143,0.3959360122680664
A-B,1,both,window2,zero,A,sender,6,False,True,0,0.49172019958496094,0.8595218658447266,15.133474349975586,0.6790080070495605,17.201770305633545,201433088,16.183801651000977,0.03768301010131836,0.011601924896240234,0.0071430206298828125,0.028456687927246094,0.0848846435546875,0.020479999482631683,0.5477439761161804,0.5682240128517151
A-B,1,both,window2,zero,A,sender,7,False,True,0,0.36464643478393555,1.0009369850158691,15.257826805114746,0.4116480052471161,17.070626258850098,201433088,16.30312967300415,0.03718090057373047,0.01137685775756836,0.006503105163574219,0.116729736328125,0.17179059982299805,0.020287999883294106,0.42048001289367676,0.4407680034637451
A-B,1,both,window2,zero,A,sender,8,False,True,0,0.46331214904785156,0.5024967193603516,16.073503017425537,0.3874239921569824,17.457737922668457,201433088,16.726702213287354,0.03693723678588867,0.01147317886352539,0.006606578826904297,0.02939462661743164,0.08441162109375,0.020416000857949257,0.5192639827728271,0.539680004119873
A-B,1,both,window2,zero,A,sender,9,False,True,0,0.4912238121032715,0.8509960174560547,15.292269229888916,0.4270080029964447,17.097957134246826,201433088,16.31036949157715,0.03738737106323242,0.011757850646972656,0.006806850433349609,0.028943538665771484,0.08489561080932617,0.020608000457286835,0.5472639799118042,0.5678719878196716
A-B,1,both,window2,zero,A,sender,10,False,True,0,0.552424430847168,0.8133597373962402,15.202674865722656,0.4183039963245392,17.02369499206543,201433088,16.248594284057617,0.1610088348388672,0.011793136596679688,0.011607170104980469,0.10270118713378906,0.2871103286743164,0.021088000386953354,0.7316480278968811,0.75273597240448
A-B,1,both,window2,zero,B,receiver,1,False,True,0,0.6521859169006348,,7.959229230880737,0.4298880100250244,9.45077109336853,201433088,8.799033880233765,0.03907608985900879,0.012997865676879883,0.0068662166595458984,0.2858278751373291,0.34476804733276367,0.2120639979839325,0.7022079825401306,0.9142720103263855
A-B,1,both,window2,zero,B,receiver,2,False,True,0,0.5479471683502197,,7.983760833740234,0.6506239771842957,9.627727031707764,201433088,8.813326120376587,0.09612512588500977,0.019243955612182617,0.019595861434936523,0.23552799224853516,0.37049293518066406,0.0014720000326633453,0.8965439796447754,0.8980159759521484
A-B,1,both,window2,zero,B,receiver,3,False,True,0,0.5319409370422363,,8.522958040237427,0.41065600514411926,9.584800004959106,201433088,8.94185495376587,0.04079270362854004,0.012087106704711914,0.00917196273803711,0.0022470951080322266,0.06429886817932129,0.019071999937295914,0.573855996131897,0.5929279923439026
A-B,1,both,window2,zero,B,receiver,4,False,True,0,0.5358750820159912,,8.317195892333984,0.42323198914527893,9.524194955825806,201433088,8.862308979034424,0.13405084609985352,0.018290996551513672,0.023455142974853516,0.012542963027954102,0.1883399486541748,0.14108799397945404,0.5796480178833008,0.720736026763916
A-B,1,both,window2,zero,B,receiver,5,False,True,0,0.4210388660430908,,8.549580097198486,0.41257598996162415,9.585385084152222,201433088,8.924905061721802,0.039215087890625,0.013131141662597656,0.007047891616821289,0.08716893196105957,0.14656305313110352,0.09484799951314926,0.4671039879322052,0.5619519948959351
A-B,1,both,window2,zero,B,receiver,6,False,True,0,0.6697931289672852,,7.967712163925171,0.40959998965263367,9.48705506324768,201433088,8.819324970245361,0.03943586349487305,0.01269388198852539,0.0065801143646240234,0.30064892768859863,0.3593587875366211,0.0014720000326633453,0.9380800127983093,0.9395520091056824
A-B,1,both,window2,zero,B,receiver,7,False,True,0,0.6641309261322021,,7.965036869049072,0.434688001871109,9.477595090866089,201433088,8.80602502822876,0.040235042572021484,0.012691020965576172,0.00750279426574707,0.282656192779541,0.34308505058288574,0.0014720000326633453,0.9265919923782349,0.9280639886856079
A-B,1,both,window2,zero,B,receiver,8,False,True,0,0.5468530654907227,,8.510751008987427,0.43350398540496826,9.62096118927002,201433088,8.946617841720581,0.040261030197143555,0.015904903411865234,0.006824016571044922,0.002279043197631836,0.06526899337768555,0.021183999255299568,0.5894399881362915,0.6106240153312683
A-B,1,both,window2,zero,B,receiver,9,False,True,0,0.6658799648284912,,8.054388046264648,0.43350398540496826,9.529058933258057,201433088,8.854483842849731,0.06326794624328613,0.013206243515014648,0.007108926773071289,0.2305598258972168,0.31414294242858887,0.22096000611782074,0.7410879731178284,0.9620479941368103
A-B,1,both,window2,zero,B,receiver,10,False,True,0,0.8497087955474854,,8.091132640838623,0.4225600063800812,9.585622787475586,201433088,8.930103063583374,0.03855013847351074,0.01199483871459961,0.006592988967895508,0.10190820693969727,0.15904617309570312,0.0015040000434964895,0.9270399808883667,0.9285439848899841
A-B,1,both,window2,delay2,A,sender,1,False,True,2,2.371178150177002,1.0821785926818848,12.930731296539307,0.6509439945220947,17.079718112945557,201433088,16.13743257522583,0.056227684020996094,0.017422199249267578,0.016499042510986328,0.023356914520263672,0.11350584030151367,0.03081599995493889,2.4462080001831055,2.4770240783691406
A-B,1,both,window2,delay2,A,sender,2,False,True,2,2.39095401763916,1.0705251693725586,12.982576370239258,0.5982400178909302,17.07926082611084,201433088,16.13932704925537,0.0520477294921875,0.01395416259765625,0.016876697540283203,0.023344993591308594,0.10622358322143555,0.027936000376939774,2.460832118988037,2.4887681007385254
A-B,1,both,window2,delay2,A,sender,3,False,True,2,2.4147186279296875,1.0332140922546387,13.085243701934814,0.6722559928894043,17.242178916931152,201433088,16.241291046142578,0.04930925369262695,0.01290273666381836,0.09070825576782227,0.00560760498046875,0.15852785110473633,0.027615999802947044,2.4817280769348145,2.5093441009521484
A-B,1,both,window2,delay2,A,sender,4,False,True,2,2.551332950592041,0.9633150100708008,13.046634674072266,0.50518399477005,17.101480960845947,201433088,16.26263189315796,0.04988670349121094,0.013247966766357422,0.01617908477783203,0.02352619171142578,0.10283994674682617,0.026623999699950218,2.619040012359619,2.6456639766693115
A-B,1,both,window2,delay2,A,sender,5,False,True,2,2.5495734214782715,0.9342765808105469,13.204041004180908,0.4602240025997162,17.183713912963867,201433088,16.356110095977783,0.039589881896972656,0.011497020721435547,0.0069141387939453125,0.028560161590576172,0.08656120300292969,0.020416000857949257,2.6081600189208984,2.6285760402679443
A-B,1,both,window2,delay2,A,sender,6,False,True,2,2.547635078430176,1.0821866989135742,13.152058124542236,0.43587198853492737,17.253355026245117,201433088,16.468505859375,0.040174007415771484,0.011654376983642578,0.007011890411376953,0.02816486358642578,0.0870051383972168,0.02035200037062168,2.6059839725494385,2.626336097717285
A-B,1,both,window2,delay2,A,sender,7,False,True,2,2.632681369781494,0.9854040145874023,13.02492094039917,0.6541119813919067,17.334245204925537,201433088,16.343358993530273,0.04984903335571289,0.013200759887695312,0.016722679138183594,0.023467063903808594,0.10323953628540039,0.026976000517606735,2.7004799842834473,2.7274560928344727
A-B,1,both,window2,delay2,A,sender,8,False,True,2,2.5619430541992188,0.926055908203125,13.578084468841553,0.3813759982585907,17.478595733642578,201433088,16.726069927215576,0.0401763916015625,0.01155996322631836,0.006920814514160156,0.028179168701171875,0.08683633804321289,0.020447999238967896,2.620352029800415,2.6407999992370605
A-B,1,both,window2,delay2,A,sender,9,False,True,2,2.5310840606689453,1.0854477882385254,12.972596168518066,0.6118720173835754,17.23790168762207,201433088,16.27798318862915,0.050024986267089844,0.013244152069091797,0.016145706176757812,0.023610591888427734,0.10302543640136719,0.026559999212622643,2.599008083343506,2.62556791305542
A-B,1,both,window2,delay2,A,sender,10,False,True,2,2.59907865524292,1.0268092155456543,12.761962890625,0.418720006942749,16.838448524475098,201433088,16.170127868652344,0.03975391387939453,0.011527061462402344,0.007131099700927734,0.028333187103271484,0.0867452621459961,0.020608000457286835,2.6576640605926514,2.678272008895874
A-B,1,both,window2,delay2,B,receiver,1,False,True,2,2.510982036590576,,5.84660005569458,0.4482559859752655,9.509976148605347,201433088,8.8057119846344,0.03798174858093262,0.01204824447631836,0.006960868835449219,0.578131914138794,0.6351227760314941,0.0015040000434964895,3.1296000480651855,3.131103992462158
A-B,1,both,window2,delay2,B,receiver,2,False,True,2,2.5137741565704346,,5.831663131713867,0.37785598635673523,9.41327714920044,201433088,8.814097166061401,0.04146099090576172,0.011828184127807617,0.006702899932861328,0.5597710609436035,0.6197631359100342,0.0015040000434964895,3.117856025695801,3.1193599700927734
A-B,1,both,window2,delay2,B,receiver,3,False,True,2,2.590568780899048,,5.966402769088745,0.7194880247116089,9.886383056640625,201433088,8.91112995147705,0.05945611000061035,0.018133878707885742,0.016903162002563477,0.42322874069213867,0.5177218914031982,0.0014400000218302011,3.0968000888824463,3.0982398986816406
A-B,1,both,window2,delay2,B,receiver,4,False,True,2,2.6533939838409424,,5.942752122879028,0.40409600734710693,9.55256986618042,201433088,8.913899183273315,0.04033803939819336,0.012967824935913086,0.00754094123840332,0.42261219024658203,0.4834589958190918,0.0015040000434964895,3.119744062423706,3.1212480068206787
A-B,1,both,window2,delay2,B,receiver,5,False,True,2,2.6457250118255615,,5.916670083999634,0.4057599902153015,9.53088903427124,201433088,8.879587888717651,0.040055036544799805,0.012584924697875977,0.006892204284667969,0.44037699699401855,0.4999091625213623,0.0014720000326633453,3.132672071456909,3.1341440677642822
A-B,1,both,window2,delay2,B,receiver,6,False,True,2,2.545105218887329,,5.953672170639038,0.4747839868068695,9.674536943435669,201433088,8.93085503578186,0.04018211364746094,0.012783050537109375,0.006752967834472656,0.5764758586883545,0.6361939907073975,0.0014400000218302011,3.1658239364624023,3.167263984680176
A-B,1,both,window2,delay2,B,receiver,7,False,True,2,2.750397205352783,,5.9413251876831055,0.438400000333786,9.7173171043396,201433088,9.042558908462524,0.04026317596435547,0.012941837310791016,0.007128238677978516,0.45504093170166016,0.5153741836547852,0.0015040000434964895,3.2502079010009766,3.2517120838165283
A-B,1,both,window2,delay2,B,receiver,8,False,True,2,2.6571850776672363,,5.879357099533081,0.43801599740982056,9.521036863327026,201433088,8.841134071350098,0.03991293907165527,0.012772798538208008,0.007061004638671875,0.42352819442749023,0.4832749366760254,0.0015040000434964895,3.1258881092071533,3.127392053604126
A-B,1,both,window2,delay2,B,receiver,9,False,True,2,2.6480929851531982,,5.865906000137329,0.4357759952545166,9.63871717453003,201433088,8.969295024871826,0.04059481620788574,0.01263117790222168,0.007448911666870117,0.56296706199646,0.6236419677734375,0.0015040000434964895,3.2563838958740234,3.257888078689575
A-B,1,both,window2,delay2,B,receiver,10,False,True,2,2.6055691242218018,,5.838799953460693,0.427839994430542,9.489387035369873,201433088,8.811246156692505,0.04644584655761719,0.09720802307128906,0.028341054916381836,0.3784341812133789,0.550429105758667,0.0014720000326633453,3.139967918395996,3.141439914703369
A-B,1,both,window2,jitter,A,sender,1,False,True,5.2961586088967065,5.872468948364258,0.6183271408081055,10.040773391723633,0.5833280086517334,17.151037216186523,201433088,16.20741891860962,0.05067014694213867,0.013237953186035156,0.016464710235595703,0.02342700958251953,0.10379981994628906,0.026784000918269157,5.940351963043213,5.967135906219482
A-B,1,both,window2,jitter,A,sender,2,False,True,0.6491542149057956,1.1764440536499023,0.531670093536377,15.313985824584961,0.40761598944664,17.46068048477173,201433088,16.710729598999023,0.04215192794799805,0.011538982391357422,0.007206916809082031,0.02823925018310547,0.08913707733154297,0.020447999238967896,1.2371519804000854,1.257599949836731
A-B,1,both,window2,jitter,A,sender,3,False,True,6.5366159241561785,7.085623741149902,0.8328680992126465,8.57850980758667,0.6455680131912231,17.182679176330566,201433088,16.193302631378174,0.049832820892333984,0.013039112091064453,0.01653575897216797,0.02355813980102539,0.1029658317565918,0.026944000273942947,7.153247833251953,7.180191993713379
A-B,1,both,window2,jitter,A,sender,4,False,True,0.19392448979470966,0.6121959686279297,0.547703742980957,15.34598684310913,0.7353280186653137,17.278404712677002,201433088,16.20445489883423,0.037645816802978516,0.011382102966308594,0.007194995880126953,0.028522014617919922,0.08474493026733398,0.020479999482631683,0.6682559847831726,0.6887360215187073
A-B,1,both,window2,jitter,A,sender,5,False,True,1.554646995130323,2.1317572593688965,1.4549798965454102,12.972531795501709,0.6239039897918701,17.221013069152832,201433088,16.253230094909668,0.050176143646240234,0.013031005859375,0.016828060150146484,0.023314476013183594,0.10334968566894531,0.026815999299287796,2.200063943862915,2.2268800735473633
A-B,1,both,window2,jitter,A,sender,6,False,True,4.674791804135881,5.136687278747559,0.5968527793884277,10.982468605041504,0.41171199083328247,17.15860414505005,201433088,16.40015411376953,0.03936004638671875,0.011443138122558594,0.008414268493652344,0.033770084381103516,0.0929875373840332,0.02505600079894066,5.188543796539307,5.213600158691406
A-B,1,both,window2,jitter,A,sender,7,False,True,0.7554942098202959,1.2997417449951172,0.8470249176025391,14.388391017913818,0.673471987247467,17.244030952453613,201433088,16.201411247253418,0.050263404846191406,0.013284683227539062,0.016643047332763672,0.023204803466796875,0.10339593887329102,0.02707199938595295,1.3678719997406006,1.3949439525604248
A-B,1,both,window2,jitter,A,sender,8,False,True,3.408394655466541,3.978768825531006,0.8691740036010742,11.730531215667725,0.6535360217094421,17.270162105560303,201433088,16.262982845306396,0.04987192153930664,0.012982845306396484,0.016513824462890625,0.023468494415283203,0.10283708572387695,0.026464000344276428,4.0469441413879395,4.073408126831055
A-B,1,both,window2,jitter,A,sender,9,False,True,1.5101771992777362,2.0487518310546875,1.5854711532592773,12.863372802734375,0.5642880201339722,17.09875726699829,201433088,16.20068073272705,0.049920082092285156,0.013123035430908203,0.016550064086914062,0.023379802703857422,0.10297298431396484,0.02691200003027916,2.1164801120758057,2.1433920860290527
A-B,1,both,window2,jitter,A,sender,10,False,True,4.954404993329441,5.622800827026367,0.8477926254272461,10.541603088378906,0.3932479918003082,17.435843467712402,201433088,16.705344676971436,0.039877891540527344,0.012026309967041016,0.006896495819091797,0.02849292755126953,0.08729362487792969,0.02054399996995926,5.681568145751953,5.702112197875977
A-B,1,both,window2,jitter,B,receiver,1,False,True,5.2961586088967065,6.004504919052124,,3.0655510425567627,0.6547520160675049,9.98589301109314,201433088,9.065745115280151,0.05989503860473633,0.01739192008972168,0.016754865646362305,0.07797932624816895,0.17202115058898926,0.032127998769283295,6.068672180175781,6.100800037384033
A-B,1,both,window2,jitter,B,receiver,2,False,True,0.6491542149057956,1.2400720119476318,,7.7663938999176025,0.6618239879608154,9.858183860778809,201433088,8.947174787521362,0.05840897560119629,0.025209903717041016,0.02050185203552246,0.003945112228393555,0.10806584358215332,0.040063999593257904,1.304927945137024,1.3449920415878296
A-B,1,both,window2,jitter,B,receiver,3,False,True,6.5366159241561785,7.163511276245117,,1.4303820133209229,0.6439359784126282,9.713937997817993,201433088,8.82247805595398,0.060031890869140625,0.01993393898010254,0.017158031463623047,0.2926311492919922,0.3897550106048584,0.25171199440956116,7.236415863037109,7.488128185272217
A-B,1,both,window2,jitter,B,receiver,4,False,True,0.19392448979470966,0.6373038291931152,,8.605912923812866,0.6885120272636414,10.228211879730225,201433088,9.076657772064209,0.05064892768859863,0.014303207397460938,0.016476869583129883,0.12465715408325195,0.2060861587524414,0.0015999999595806003,0.7685440182685852,0.770143985748291
A-B,1,both,window2,jitter,B,receiver,5,False,True,1.554646995130323,2.214097261428833,,5.8874101638793945,0.4678719937801361,9.626060009002686,201433088,8.837138175964355,0.039852142333984375,0.012638092041015625,0.006621837615966797,0.9406180381774902,0.999730110168457,0.0014720000326633453,3.19980788230896,3.201280117034912
A-B,1,both,window2,jitter,B,receiver,6,False,True,4.674791804135881,5.238988876342773,,3.7522668838500977,0.6153280138969421,9.829334020614624,201433088,8.959920167922974,0.08264398574829102,0.029593944549560547,0.021077871322631836,0.0037691593170166016,0.1370849609375,0.04054399952292442,5.331168174743652,5.3717122077941895
A-B,1,both,window2,jitter,B,receiver,7,False,True,0.7554942098202959,1.4300689697265625,,7.1739501953125,0.4201599955558777,9.446299076080322,201433088,8.806388139724731,0.03876900672912598,0.013016939163208008,0.00677800178527832,0.2972078323364258,0.3557717800140381,0.16732800006866455,1.478816032409668,1.6461440324783325
A-B,1,both,window2,jitter,B,receiver,8,False,True,3.408394655466541,4.098970174789429,,4.579046964645386,0.42899200320243835,9.612171173095703,201433088,8.957036972045898,0.03905367851257324,0.012273311614990234,0.006638050079345703,0.38593363761901855,0.44389867782592773,0.0014720000326633453,4.526847839355469,4.528319835662842
A-B,1,both,window2,jitter,B,receiver,9,False,True,1.5101771992777362,2.073073148727417,,5.833700180053711,0.4177919924259186,9.50852108001709,201433088,8.83611512184143,0.03977680206298828,0.01244211196899414,0.1876070499420166,0.88214111328125,1.121967077255249,0.0015040000434964895,3.175839900970459,3.1773440837860107
A-B,1,both,window2,jitter,B,receiver,10,False,True,4.954404993329441,5.707895040512085,,2.8976778984069824,0.45184001326560974,9.517049074172974,201433088,8.83747911453247,0.038374900817871094,0.012226343154907227,0.006891965866088867,0.3378927707672119,0.3953859806060791,0.0015040000434964895,6.0320000648498535,6.033504009246826
A-B,1,both,priority,zero,A,sender,1,False,True,0,0.34151220321655273,0.5471258163452148,16.13371181488037,0.6166399717330933,17.676775455474854,201433088,16.71986722946167,0.042354583740234375,0.012880802154541016,0.006503105163574219,0.02805805206298828,0.08979654312133789,0.02051199972629547,0.42451199889183044,0.4450240135192871
A-B,1,both,priority,zero,A,sender,2,False,True,0,0.43902587890625,0.5666031837463379,16.156831741333008,0.4187839925289154,17.61801815032959,201433088,16.829096794128418,0.03864288330078125,0.01221466064453125,0.006666660308837891,0.02854156494140625,0.08606576919555664,0.02051199972629547,0.5030080080032349,0.5235199928283691
A-B,1,both,priority,zero,A,sender,3,False,True,0,0.44358205795288086,0.5267972946166992,16.63679552078247,0.4142400026321411,18.05671501159668,201433088,17.283857345581055,0.03672599792480469,0.011540889739990234,0.006762981414794922,0.02922201156616211,0.08425188064575195,0.020576000213623047,0.5021439790725708,0.5227199792861938
A-B,1,both,priority,zero,A,sender,4,False,True,0,0.4186978340148926,0.5686740875244141,16.709836959838867,0.39075198769569397,18.1189546585083,201433088,17.38534641265869,0.03658914566040039,0.011738777160644531,0.006739139556884766,0.028808116912841797,0.08387517929077148,0.020479999482631683,0.47679999470710754,0.4972800016403198
A-B,1,both,priority,zero,A,sender,5,False,True,0,0.4219188690185547,0.5007872581481934,17.303224086761475,0.4111360013484955,18.67234706878662,201433088,17.910744190216064,0.03640174865722656,0.011431694030761719,0.006631374359130859,0.02924966812133789,0.08371448516845703,0.020479999482631683,0.4798400104045868,0.5003200173377991
A-B,1,both,priority,zero,A,sender,6,False,True,0,0.4300413131713867,0.5138363838195801,16.72658109664917,0.4000000059604645,18.101365089416504,201433088,17.361332416534424,0.038095951080322266,0.011624813079833984,0.006916046142578125,0.028655052185058594,0.08529186248779297,0.020608000457286835,0.4901440143585205,0.5107520222663879
A-B,1,both,priority,zero,A,sender,7,False,True,0,0.3423037528991699,0.835658073425293,16.36656951904297,0.4206080138683319,18.000304222106934,201433088,17.2207989692688,0.03747081756591797,0.01123809814453125,0.006402015686035156,0.030128955841064453,0.08523988723754883,0.02067199908196926,0.4015679955482483,0.4222399890422821
A-B,1,both,priority,zero,A,sender,8,False,True,0,0.35712194442749023,0.5563178062438965,16.0793194770813,0.6422719955444336,17.67217445373535,201433088,16.69664478302002,0.036597251892089844,0.011296272277832031,0.006542205810546875,0.029498577117919922,0.08393430709838867,0.02035200037062168,0.4152959883213043,0.43564799427986145
A-B,1,both,priority,zero,A,sender,9,False,True,0,0.34372901916503906,0.5850210189819336,16.34864091873169,0.40777599811553955,17.720726013183594,201433088,16.957664012908936,0.06013154983520508,0.011086463928222656,0.006630420684814453,0.02937459945678711,0.1072230339050293,0.020416000857949257,0.42579200863838196,0.44620800018310547
A-B,1,both,priority,zero,A,sender,10,False,True,0,0.33162832260131836,0.571012020111084,16.18001365661621,0.49744001030921936,17.617437839508057,201433088,16.761104583740234,0.049570560455322266,0.01354837417602539,0.08855581283569336,0.004790306091308594,0.1564650535583496,0.027775999158620834,0.3856000006198883,0.41337600350379944
A-B,1,both,priority,zero,B,receiver,1,False,True,0,0.47174596786499023,,9.226258754730225,0.39507201313972473,10.277002096176147,201433088,9.613662958145142,0.03753781318664551,0.012468099594116211,0.006901979446411133,0.07010316848754883,0.12701106071472168,0.06915199756622314,0.5230720043182373,0.5922240018844604
A-B,1,both,priority,zero,B,receiver,2,False,True,0,0.4551117420196533,,9.025449275970459,0.3983039855957031,10.056670904159546,201433088,9.408375024795532,0.0369410514831543,0.011980056762695312,0.006597995758056641,0.06735372543334961,0.12287282943725586,0.0014400000218302011,0.5702400207519531,0.5716800093650818
A-B,1,both,priority,zero,B,receiver,3,False,True,0,0.5547151565551758,,9.119890213012695,0.39609599113464355,10.185482025146484,201433088,9.560075998306274,0.037709951400756836,0.011941909790039062,0.00891423225402832,0.0025587081909179688,0.06112480163574219,0.019487999379634857,0.5975679755210876,0.6170560121536255
A-B,1,both,priority,zero,B,receiver,4,False,True,0,0.5407519340515137,,9.013223886489868,0.4168959856033325,10.127286911010742,201433088,9.46370792388916,0.07173585891723633,0.014475822448730469,0.012154102325439453,0.0022552013397216797,0.10062098503112793,0.03670400008559227,0.6055999994277954,0.642304003238678
A-B,1,both,priority,zero,B,receiver,5,False,True,0,0.5143163204193115,,9.099011898040771,0.42924800515174866,10.160222053527832,201433088,9.490745306015015,0.0371859073638916,0.016943931579589844,0.007161140441894531,0.0026099681854248047,0.06390094757080078,0.018144000321626663,0.5633280277252197,0.5814719796180725
A-B,1,both,priority,zero,B,receiver,6,False,True,0,0.5056469440460205,,9.022366046905518,0.4137920141220093,10.079226016998291,201433088,9.41350793838501,0.03787994384765625,0.012706995010375977,0.007091045379638672,0.01821112632751465,0.07588911056518555,0.01852799952030182,0.5575360059738159,0.5760639905929565
A-B,1,both,priority,zero,B,receiver,7,False,True,0,0.5311858654022217,,9.043823003768921,0.6960639953613281,10.500099897384644,201433088,9.548655033111572,0.06494379043579102,0.03184318542480469,0.017797231674194336,0.0038378238677978516,0.11842203140258789,0.04684799909591675,0.6037759780883789,0.6506239771842957
A-B,1,both,priority,zero,B,receiver,8,False,True,0,0.45420193672180176,,9.15186333656311,0.4503040015697479,10.229537963867188,201433088,9.541821002960205,0.03738212585449219,0.012918949127197266,0.0067288875579833984,0.055361032485961914,0.11239099502563477,0.05587200075387955,0.505728006362915,0.5616000294685364
A-B,1,both,priority,zero,B,receiver,9,False,True,0,0.47283196449279785,,9.16061282157898,0.41356799006462097,10.208871126174927,201433088,9.548088073730469,0.03851509094238281,0.012069940567016602,0.007042884826660156,0.04435610771179199,0.10198402404785156,0.0014720000326633453,0.5669440031051636,0.5684159994125366
A-B,1,both,priority,zero,B,receiver,10,False,True,0,0.503371000289917,,9.042104959487915,0.4427199959754944,10.125412225723267,201433088,9.46680998802185,0.04958391189575195,0.015390872955322266,0.012505054473876953,0.0022559165954589844,0.07973575592041016,0.03836800158023834,0.5463359951972961,0.5847039818763733
A-B,1,both,priority,delay2,A,sender,1,False,True,2,2.405745029449463,0.8219108581542969,13.646135330200195,0.6604800224304199,17.5804762840271,201433088,16.67591619491577,0.05698347091674805,0.01727151870727539,0.016547679901123047,0.02391672134399414,0.11471939086914062,0.03126399964094162,2.487776041030884,2.519040107727051
A-B,1,both,priority,delay2,A,sender,2,False,True,2,2.477400302886963,0.6703376770019531,13.776689052581787,0.42841601371765137,17.38610601425171,201433088,16.726377964019775,0.04084348678588867,0.012445926666259766,0.007187843322753906,0.02758312225341797,0.08806037902832031,0.020576000213623047,2.542207956314087,2.56278395652771
A-B,1,both,priority,delay2,A,sender,3,False,True,2,2.452089309692383,0.6612348556518555,13.81738805770874,0.4073919951915741,17.370920181274414,201433088,16.736721992492676,0.039626121520996094,0.011991024017333984,0.007237911224365234,0.02772665023803711,0.08658170700073242,0.02035200037062168,2.5145280361175537,2.5348799228668213
A-B,1,both,priority,delay2,A,sender,4,False,True,2,2.4510512351989746,0.5486307144165039,14.085119247436523,0.38944000005722046,17.50750207901001,201433088,16.90107822418213,0.03935050964355469,0.011930465698242188,0.006708621978759766,0.028435707092285156,0.0864253044128418,0.02035200037062168,2.5135679244995117,2.5339200496673584
A-B,1,both,priority,delay2,A,sender,5,False,True,2,2.4195637702941895,0.5176267623901367,14.036852836608887,0.40623998641967773,17.415209770202637,201433088,16.78558111190796,0.03979063034057617,0.012189388275146484,0.007067680358886719,0.027878284454345703,0.08692598342895508,0.020735999569296837,2.4822399616241455,2.5029759407043457
A-B,1,both,priority,delay2,A,sender,6,False,True,2,2.451514720916748,0.5370931625366211,14.06562089920044,0.3905920088291168,17.47760248184204,201433088,16.867053985595703,0.03997087478637695,0.012414932250976562,0.007106304168701172,0.02751779556274414,0.08700990676879883,0.02035200037062168,2.5147199630737305,2.535072088241577
A-B,1,both,priority,delay2,A,sender,7,False,True,2,2.478909492492676,0.7889313697814941,13.638206958770752,0.3994239866733551,17.33830738067627,201433088,16.722452640533447,0.0396728515625,0.012158870697021484,0.007083415985107422,0.028048038482666016,0.08696317672729492,0.020447999238967896,2.542207956314087,2.5626559257507324
A-B,1,both,priority,delay2,A,sender,8,False,True,2,2.4674110412597656,0.8086938858032227,13.609203815460205,0.40934398770332336,17.327788829803467,201433088,16.697937965393066,0.0397953987121582,0.012021064758300781,0.006831645965576172,0.028078079223632812,0.08672618865966797,0.02035200037062168,2.530240058898926,2.5505919456481934
A-B,1,both,priority,delay2,A,sender,9,False,True,2,2.455754280090332,0.5118556022644043,13.963772773742676,0.42265599966049194,17.387244701385498,201433088,16.73974609375,0.039834022521972656,0.012070178985595703,0.006834983825683594,0.028075218200683594,0.08681440353393555,0.020447999238967896,2.518752098083496,2.5392000675201416
A-B,1,both,priority,delay2,A,sender,10,False,True,2,2.4229397773742676,0.513770580291748,13.988882064819336,0.41043201088905334,17.369165897369385,201433088,16.71314287185669,0.03963518142700195,0.012425899505615234,0.006549835205078125,0.027965545654296875,0.08657646179199219,0.020479999482631683,2.4860479831695557,2.506527900695801
A-B,1,both,priority,delay2,B,receiver,1,False,True,2,2.6061480045318604,,6.691253185272217,0.39711999893188477,10.047594785690308,201433088,9.408381223678589,0.037004947662353516,0.012918949127197266,0.0066411495208740234,0.23817801475524902,0.29474306106567383,0.24063999950885773,2.65881609916687,2.899456024169922
A-B,1,both,priority,delay2,B,receiver,2,False,True,2,2.4995229244232178,,7.2845330238342285,0.40031999349594116,10.29764699935913,201433088,9.656012058258057,0.0379178524017334,0.011898040771484375,0.007025003433227539,0.002279043197631836,0.05911993980407715,0.01913600042462349,2.542880058288574,2.562016010284424
A-B,1,both,priority,delay2,B,receiver,3,False,True,2,2.547982931137085,,7.054870128631592,0.6853119730949402,10.509169101715088,201433088,9.550250053405762,0.06404399871826172,0.02651500701904297,0.017641782760620117,0.0039081573486328125,0.11210894584655762,0.04182400181889534,2.6188480854034424,2.6606719493865967
A-B,1,both,priority,delay2,B,receiver,4,False,True,2,2.574324131011963,,7.037958145141602,0.4026559889316559,10.141625165939331,201433088,9.487797021865845,0.03667593002319336,0.015434026718139648,0.006663799285888672,0.0025620460510253906,0.06133580207824707,0.021503999829292297,2.6154239177703857,2.636928081512451
A-B,1,both,priority,delay2,B,receiver,5,False,True,2,2.5185320377349854,,7.036470174789429,0.4060159921646118,10.080463886260986,201433088,9.427785873413086,0.043157100677490234,0.012260198593139648,0.007033824920654297,0.002318859100341797,0.06476998329162598,0.024000000208616257,2.561631917953491,2.585632085800171
A-B,1,both,priority,delay2,B,receiver,6,False,True,2,2.547633647918701,,7.107780933380127,0.3983039855957031,10.175090789794922,201433088,9.520332098007202,0.03825807571411133,0.011432886123657227,0.006793022155761719,0.0025217533111572266,0.0590057373046875,0.01708799973130226,2.5910398960113525,2.608128070831299
A-B,1,both,priority,delay2,B,receiver,7,False,True,2,2.579258918762207,,6.758547067642212,0.4166719913482666,10.150069952011108,201433088,9.496426105499268,0.03809189796447754,0.013298988342285156,0.00683903694152832,0.28019094467163086,0.3384208679199219,0.2836799919605255,2.631999969482422,2.915679931640625
A-B,1,both,priority,delay2,B,receiver,8,False,True,2,2.577072858810425,,6.755370855331421,0.4292159974575043,10.16187858581543,201433088,9.49679708480835,0.06832718849182129,0.011919975280761719,0.0067517757415771484,0.25632596015930176,0.3433248996734619,0.0015999999595806003,2.9185280799865723,2.920128107070923
A-B,1,both,priority,delay2,B,receiver,9,False,True,2,2.5545477867126465,,7.022360801696777,0.41414400935173035,10.193274974822998,201433088,9.529752969741821,0.03741002082824707,0.011881828308105469,0.006609201431274414,0.0025169849395751953,0.05841803550720215,0.017152000218629837,2.598464012145996,2.6156160831451416
A-B,1,both,priority,delay2,B,receiver,10,False,True,2,2.5236141681671143,,7.067495107650757,0.4556800127029419,10.162089109420776,201433088,9.470983266830444,0.03859305381774902,0.011513948440551758,0.006667137145996094,0.0025968551635742188,0.059370994567871094,0.017503999173641205,2.566879987716675,2.584383964538574
A-B,1,both,priority,jitter,A,sender,1,False,True,7.4511846607808545,7.949471950531006,0.6676731109619141,8.704103946685791,0.6552000045776367,18.018697261810303,201433088,17.004075050354004,0.05716514587402344,0.017737865447998047,0.01645183563232422,0.02997112274169922,0.12132596969604492,0.03139200061559677,8.029600143432617,8.060992240905762
A-B,1,both,priority,jitter,A,sender,2,False,True,0.16104003211328433,0.6675100326538086,0.6939120292663574,15.764358043670654,0.6362879872322083,17.804224014282227,201433088,16.753825664520264,0.036164283752441406,0.011778831481933594,0.006742954254150391,0.028415679931640625,0.08310174942016602,0.02054399996995926,0.7254719734191895,0.7460160255432129
A-B,1,both,priority,jitter,A,sender,3,False,True,4.256082060613433,4.842465400695801,0.9342250823974609,11.546696186065674,0.38601601123809814,17.743236541748047,201433088,16.96344566345215,0.03921651840209961,0.011593818664550781,0.006901264190673828,0.028448104858398438,0.08615970611572266,0.020416000857949257,4.904575824737549,4.924992084503174
A-B,1,both,priority,jitter,A,sender,4,False,True,6.756202335421224,7.378164291381836,0.6392273902893066,9.132111072540283,0.6028800010681152,17.794880867004395,201433088,16.77276372909546,0.057727813720703125,0.01730823516845703,0.016229629516601562,0.023602962493896484,0.1148686408996582,0.031007999554276466,7.45900821685791,7.490015983581543
A-B,1,both,priority,jitter,A,sender,5,False,True,0.31577177618797414,0.9068880081176758,0.8297648429870605,15.40907621383667,0.7472320199012756,17.935544967651367,201433088,16.763446807861328,0.06147289276123047,0.018702983856201172,0.016527175903320312,0.023484230041503906,0.12018728256225586,0.03235200047492981,0.9920960068702698,1.024448037147522
A-B,1,both,priority,jitter,A,sender,6,False,True,4.680254973703843,5.211846828460693,0.6866111755371094,11.486779689788818,0.7574080228805542,18.184406280517578,201433088,17.000482082366943,0.058478355407714844,0.017559528350830078,0.016926288604736328,0.023401737213134766,0.11636590957641602,0.03203200176358223,5.2936320304870605,5.325664043426514
A-B,1,both,priority,jitter,A,sender,7,False,True,5.276110542596347,5.790165901184082,0.693939208984375,10.420177936553955,0.4381760060787201,17.37363624572754,201433088,16.701207160949707,0.039008140563964844,0.011896610260009766,0.006908416748046875,0.028061866760253906,0.08587503433227539,0.02035200037062168,5.8520002365112305,5.872352123260498
A-B,1,both,priority,jitter,A,sender,8,False,True,7.852819842625249,8.35517692565918,0.6544041633605957,8.01138973236084,0.4151040017604828,17.466883182525635,201433088,16.814380168914795,0.038903236389160156,0.011409759521484375,0.006909847259521484,0.022655487060546875,0.07987833023071289,0.012191999703645706,8.416031837463379,8.428223609924316
A-B,1,both,priority,jitter,A,sender,9,False,True,6.0328818692572135,6.509748458862305,0.8297314643859863,9.628032684326172,0.4227840006351471,17.421438217163086,201433088,16.76451873779297,0.038338661193847656,0.011608600616455078,0.007306098937988281,0.028233051300048828,0.08548641204833984,0.02035200037062168,6.571231842041016,6.591584205627441
A-B,1,both,priority,jitter,A,sender,10,False,True,0.4074498120840877,0.8889636993408203,0.4495420455932617,15.703032493591309,0.4291200041770935,17.503780841827393,201433088,16.837623119354248,0.03801298141479492,0.011119842529296875,0.006510257720947266,0.00238037109375,0.05802345275878906,0.016383999958634377,0.9322879910469055,0.9486719965934753
A-B,1,both,priority,jitter,B,receiver,1,False,True,7.4511846607808545,8.120707750320435,,1.4415299892425537,0.4034560024738312,10.177761793136597,201433088,9.561376094818115,0.03724193572998047,0.01282811164855957,0.00683903694152832,0.09958910942077637,0.15649819374084473,0.10150399804115295,8.174271583557129,8.275775909423828
A-B,1,both,priority,jitter,B,receiver,2,False,True,0.16104003211328433,0.631721019744873,,8.661474227905273,0.3965120017528534,10.050400972366333,201433088,9.44040584564209,0.023197650909423828,0.011857271194458008,0.006227016448974609,0.2720301151275635,0.3133120536804199,0.001567999948747456,0.9387840032577515,0.9403520226478577
A-B,1,both,priority,jitter,B,receiver,3,False,True,4.256082060613433,4.929702043533325,,4.398753881454468,0.38761600852012634,10.137726068496704,201433088,9.515602111816406,0.059784889221191406,0.012095928192138672,0.006622314453125,0.28473472595214844,0.3632378578186035,0.0014720000326633453,5.290207862854004,5.291679859161377
A-B,1,both,priority,jitter,B,receiver,4,False,True,6.756202335421224,7.511582851409912,,2.0495529174804688,0.7210239768028259,10.486336946487427,201433088,9.509943008422852,0.061805009841918945,0.01858687400817871,0.026196002960205078,0.0044710636138916016,0.11105895042419434,0.009600000455975533,7.6056318283081055,7.615231990814209
A-B,1,both,priority,jitter,B,receiver,5,False,True,0.31577177618797414,1.0493509769439697,,8.241445064544678,0.4327999949455261,10.077325820922852,201433088,9.431959867477417,0.03705716133117676,0.012266874313354492,0.006573915481567383,0.24287104606628418,0.2987689971923828,0.001567999948747456,1.3470720052719116,1.348639965057373
A-B,1,both,priority,jitter,B,receiver,6,False,True,4.680254973703843,5.389541149139404,,4.0699756145477295,0.39871999621391296,10.081562995910645,201433088,9.47524094581604,0.03666114807128906,0.01191568374633789,0.006759166717529297,0.11374402046203613,0.16908001899719238,0.0016319999704137444,5.557375907897949,5.5590081214904785
A-B,1,both,priority,jitter,B,receiver,7,False,True,5.276110542596347,5.867916822433472,,3.620591878890991,0.41516798734664917,10.177365064620972,201433088,9.417947053909302,0.037858009338378906,0.012349843978881836,0.006863117218017578,0.1595470905303955,0.21661806106567383,0.001567999948747456,6.083680152893066,6.085247993469238
A-B,1,both,priority,jitter,B,receiver,8,False,True,7.852819842625249,8.448109865188599,,0.9626638889312744,0.4049279987812042,10.059921026229858,201433088,9.416386842727661,0.03786492347717285,0.012093067169189453,0.006677865982055664,0.12900924682617188,0.18564510345458984,0.0015999999595806003,8.633855819702148,8.635456085205078
A-B,1,both,priority,jitter,B,receiver,9,False,True,6.0328818692572135,6.670228958129883,,2.792764902114868,0.6640959978103638,10.502120018005371,201433088,9.591729879379272,0.05769801139831543,0.01804208755493164,0.0173187255859375,0.18711304664611816,0.28017187118530273,0.0015999999595806003,6.955711841583252,6.957312107086182
A-B,1,both,priority,jitter,B,receiver,10,False,True,0.4074498120840877,0.9467329978942871,,8.580058097839355,0.4578239917755127,10.200977087020874,201433088,9.512989282608032,0.03996896743774414,0.016328096389770508,0.006498098373413086,0.002552032470703125,0.06534719467163086,0.02163200080394745,0.9943040013313293,1.015936017036438
A-B,128,none,bulk,zero,A,sender,1,False,True,0,0.15949010848999023,2.104358196258545,0.00018215179443359375,0.451200008392334,2.7479443550109863,0,0,0.0358128547668457,0.011126995086669922,0.0068454742431640625,0.0317988395690918,0.08558416366577148,0.046271998435258865,0.19539199769496918,0.24166400730609894
A-B,128,none,bulk,zero,A,sender,2,False,True,0,0.14669561386108398,2.1094512939453125,0.00017786026000976562,0.4490880072116852,2.7351698875427246,0,0,0.03587770462036133,0.010837554931640625,0.006877422332763672,0.03176259994506836,0.08535528182983398,0.04598399996757507,0.18272000551223755,0.22870400547981262
A-B,128,none,bulk,zero,A,sender,3,False,True,0,0.13892221450805664,2.0446925163269043,0.0001201629638671875,0.4487040042877197,2.6477737426757812,0,0,0.03414344787597656,0.010694026947021484,0.006390571594238281,0.032344818115234375,0.0835728645324707,0.04598399996757507,0.17423999309539795,0.22022399306297302
A-B,128,none,bulk,zero,A,sender,4,False,True,0,0.13567686080932617,2.1376147270202637,0.00013303756713867188,0.4498879909515381,2.738485813140869,0,0,0.03622770309448242,0.010663986206054688,0.006632328033447266,0.03190898895263672,0.0854330062866211,0.04575999826192856,0.1730239987373352,0.21878400444984436
A-B,128,none,bulk,zero,A,sender,5,False,True,0,0.12138605117797852,2.067038059234619,0.00021886825561523438,0.4368959963321686,2.6405911445617676,0,0,0.017041683197021484,0.007025718688964844,0.01015472412109375,0.028636455535888672,0.06285858154296875,0.04211200028657913,0.1391039937734604,0.18121600151062012
A-B,128,none,bulk,zero,A,sender,6,False,True,0,0.1336650848388672,2.063344955444336,0.00012540817260742188,0.4336000084877014,2.6452550888061523,0,0,0.015802860260009766,0.0065212249755859375,0.005986213684082031,0.03285360336303711,0.061163902282714844,0.041760001331567764,0.1488640010356903,0.19062399864196777
A-B,128,none,bulk,zero,A,sender,7,False,True,0,0.17225933074951172,2.037856101989746,0.00011014938354492188,0.43561598658561707,2.659377098083496,0,0,0.015495777130126953,0.006127357482910156,0.005504131317138672,0.0335536003112793,0.06068086624145508,0.04156799986958504,0.18806399405002594,0.22963200509548187
A-B,128,none,bulk,zero,A,sender,8,False,True,0,0.10834121704101562,2.020817756652832,0.00010538101196289062,0.4367679953575134,2.580327033996582,0,0,0.02005481719970703,0.006335258483886719,0.005740642547607422,0.033326148986816406,0.06545686721801758,0.04156799986958504,0.12883199751377106,0.1703999936580658
A-B,128,none,bulk,zero,A,sender,9,False,True,0,0.10334968566894531,2.026618003845215,0.00012063980102539062,0.44579198956489563,2.59432315826416,0,0,0.021453857421875,0.0071277618408203125,0.0072422027587890625,0.03151416778564453,0.0673379898071289,0.04230400174856186,0.12505599856376648,0.16735999286174774
A-B,128,none,bulk,zero,A,sender,10,False,True,0,0.1002035140991211,2.0325541496276855,0.0001697540283203125,0.44576001167297363,2.5935726165771484,0,0,0.02275562286376953,0.008420944213867188,0.007515907287597656,0.03099822998046875,0.06969070434570312,0.043296001851558685,0.12329600006341934,0.16659200191497803
A-B,128,none,bulk,zero,B,receiver,1,False,True,0,2.049807071685791,,0.00016808509826660156,0.5279359817504883,2.6497280597686768,0,0,0.01975703239440918,0.006605863571166992,0.005960941314697266,0.018131256103515625,0.05045509338378906,0.02723200060427189,2.070528030395508,2.097759962081909
A-B,128,none,bulk,zero,B,receiver,2,False,True,0,2.0534799098968506,,0.00014591217041015625,0.43561598658561707,2.5604679584503174,0,0,0.018012046813964844,0.007096052169799805,0.005702972412109375,0.018451929092407227,0.04926300048828125,0.027135999873280525,2.072927951812744,2.1000640392303467
A-B,128,none,bulk,zero,B,receiver,3,False,True,0,2.0413198471069336,,0.00010085105895996094,0.43212801218032837,2.5429177284240723,0,0,0.01877903938293457,0.00681304931640625,0.0060536861419677734,0.01710224151611328,0.048748016357421875,0.027327999472618103,2.060192108154297,2.087519884109497
A-B,128,none,bulk,zero,B,receiver,4,False,True,0,2.0466768741607666,,0.0003688335418701172,0.6750720143318176,2.8931188583374023,0,0,0.06706786155700684,0.019073963165283203,0.017548084259033203,0.005437135696411133,0.10912704467773438,0.03827200084924698,2.1149439811706543,2.1532158851623535
A-B,128,none,bulk,zero,B,receiver,5,False,True,0,1.975714921951294,,0.0003368854522705078,0.6463680267333984,2.755368709564209,0,0,0.0444188117980957,0.013481855392456055,0.016811132431030273,0.0064160823822021484,0.08112788200378418,0.032607998698949814,2.022336006164551,2.0549440383911133
A-B,128,none,bulk,zero,B,receiver,6,False,True,0,1.9747190475463867,,0.0003540515899658203,0.5646719932556152,2.6685779094696045,0,0,0.0412440299987793,0.014174938201904297,0.016525745391845703,0.006779193878173828,0.07872390747070312,0.034432001411914825,2.0171520709991455,2.051584005355835
A-B,128,none,bulk,zero,B,receiver,7,False,True,0,1.9633049964904785,,0.00015211105346679688,0.4464319944381714,2.510364055633545,0,0,0.03584885597229004,0.011456012725830078,0.006719112396240234,0.016767024993896484,0.07079100608825684,0.031647998839616776,2.0009279251098633,2.032576084136963
A-B,128,none,bulk,zero,B,receiver,8,False,True,0,1.9676308631896973,,0.00014591217041015625,0.4422079920768738,2.479836940765381,0,0,0.018151044845581055,0.007144927978515625,0.0059320926666259766,0.01819586753845215,0.049423933029174805,0.02796800062060356,1.9867839813232422,2.01475191116333
A-B,128,none,bulk,zero,B,receiver,9,False,True,0,1.970587968826294,,0.00012803077697753906,0.43219199776649475,2.4735171794891357,0,0,0.01923203468322754,0.00692296028137207,0.0059850215911865234,0.018096923828125,0.05023694038391113,0.027583999559283257,1.9907200336456299,2.0183041095733643
A-B,128,none,bulk,zero,B,receiver,10,False,True,0,1.9786570072174072,,0.0001220703125,0.43139201402664185,2.480236053466797,0,0,0.01990199089050293,0.006556987762451172,0.00605010986328125,0.017242908477783203,0.049751996994018555,0.025599999353289604,2.000256061553955,2.0258560180664062
A-B,128,sender,bulk,zero,A,sender,1,False,True,0,0.7231988906860352,2.6592607498168945,12.809755802154541,0.6630079746246338,16.89127492904663,201433088,15.911112308502197,0.05804109573364258,0.02424478530883789,0.017548084259033203,0.12100839614868164,0.2208423614501953,0.06380800157785416,0.8076159954071045,0.8714240193367004
A-B,128,sender,bulk,zero,A,sender,2,False,True,0,0.7401208877563477,2.605642795562744,12.783109664916992,0.8022400140762329,16.962186813354492,201433088,15.845768928527832,0.05777692794799805,0.048470497131347656,0.020515918731689453,0.029587745666503906,0.15635108947753906,0.06332799792289734,0.8252800107002258,0.8886079788208008
A-B,128,sender,bulk,zero,A,sender,3,False,True,0,0.6889925003051758,2.5172271728515625,12.87898063659668,0.6291840076446533,16.751283645629883,201433088,15.789242267608643,0.057143211364746094,0.018092632293701172,0.016767501831054688,0.04923105239868164,0.1412343978881836,0.057312000542879105,0.7649279832839966,0.8222399950027466
A-B,128,sender,bulk,zero,A,sender,4,False,True,0,0.7688236236572266,2.640986442565918,12.710654258728027,0.8148159980773926,16.971168041229248,201433088,15.834630966186523,0.0380702018737793,0.011617660522460938,0.006819248199462891,0.22787189483642578,0.2843790054321289,0.055296000093221664,0.8260800242424011,0.8813760280609131
A-B,128,sender,bulk,zero,A,sender,5,False,True,0,0.90423583984375,2.5759568214416504,12.701910018920898,0.8061119914054871,17.032004833221436,201433088,15.893899917602539,0.03749990463256836,0.011744976043701172,0.006427764892578125,0.06438732147216797,0.12005996704101562,0.05491200089454651,0.9607999920845032,1.015712022781372
A-B,128,sender,bulk,zero,A,sender,6,False,True,0,0.6911478042602539,2.5494637489318848,12.882022857666016,0.7831360101699829,16.93720245361328,201433088,15.831136226654053,0.05790853500366211,0.048447608947753906,0.020943164825439453,0.026430130004882812,0.15372943878173828,0.06844799965620041,0.7680320143699646,0.8364800214767456
A-B,128,sender,bulk,zero,A,sender,7,False,True,0,1.0488591194152832,2.5123748779296875,12.590538501739502,0.7547839879989624,16.945812225341797,201433088,15.86454725265503,0.038907527923583984,0.011641979217529297,0.006425380706787109,0.07507991790771484,0.13205480575561523,0.05510399863123894,1.1070400476455688,1.1621439456939697
A-B,128,sender,bulk,zero,A,sender,8,False,True,0,0.7102742195129395,2.585357666015625,12.862396717071533,0.4967679977416992,16.688151836395264,201433088,15.800614356994629,0.05737495422363281,0.01827096939086914,0.01668405532836914,0.05060386657714844,0.14293384552001953,0.05859199911355972,0.7865279912948608,0.8451200127601624
A-B,128,sender,bulk,zero,A,sender,9,False,True,0,0.7023639678955078,2.5256404876708984,12.788264274597168,0.596671998500824,16.651123046875,201433088,15.871734142303467,0.04198312759399414,0.014029979705810547,0.006634235382080078,0.06226778030395508,0.12491512298583984,0.05507199838757515,0.7648959755897522,0.8199679851531982
A-B,128,sender,bulk,zero,A,sender,10,False,True,0,0.8482356071472168,2.593189239501953,12.737802982330322,0.5685439705848694,16.784355640411377,201433088,15.856356620788574,0.040257930755615234,0.012296199798583984,0.0070247650146484375,0.14989089965820312,0.20946979522705078,0.05484800040721893,0.9078400135040283,0.9626880288124084
A-B,128,sender,bulk,zero,B,receiver,1,False,True,0,2.4143548011779785,,0.0008409023284912109,1.3303040266036987,4.221308946609497,0,0,0.2091689109802246,0.06431126594543457,0.036026954650878906,0.016305923461914062,0.32581305503845215,0.09587199985980988,2.6308159828186035,2.7266879081726074
A-B,128,sender,bulk,zero,B,receiver,2,False,True,0,2.369663953781128,,0.0007541179656982422,1.3218560218811035,4.184149742126465,0,0,0.1960279941558838,0.08402180671691895,0.04008889198303223,0.0155181884765625,0.33565688133239746,0.11779200285673141,2.5738561153411865,2.691648006439209
A-B,128,sender,bulk,zero,B,receiver,3,False,True,0,2.2860398292541504,,0.0009417533874511719,1.3624639511108398,4.092095851898193,0,0,0.18402886390686035,0.06966280937194824,0.03481912612915039,0.013689994812011719,0.3022007942199707,0.09859199821949005,2.477695941925049,2.5762879848480225
A-B,128,sender,bulk,zero,B,receiver,4,False,True,0,2.6081759929656982,,0.000820159912109375,1.1692479848861694,4.216273069381714,0,0,0.1810452938079834,0.06067681312561035,0.03435516357421875,0.011539936065673828,0.28761720657348633,0.08988799899816513,2.7964799404144287,2.8863680362701416
A-B,128,sender,bulk,zero,B,receiver,5,False,True,0,2.6045589447021484,,0.0007338523864746094,1.3914560079574585,4.424654006958008,0,0,0.18342995643615723,0.061537742614746094,0.03290414810180664,0.01238107681274414,0.2902529239654541,0.08963199704885483,2.795135974884033,2.884768009185791
A-B,128,sender,bulk,zero,B,receiver,6,False,True,0,2.312643051147461,,0.0007951259613037109,1.2828160524368286,4.062992095947266,0,0,0.20872211456298828,0.06443905830383301,0.032568931579589844,0.011762142181396484,0.3174922466278076,0.09334400296211243,2.528575897216797,2.621920108795166
A-B,128,sender,bulk,zero,B,receiver,7,False,True,0,2.6638031005859375,,0.0008959770202636719,1.218176007270813,4.349278211593628,0,0,0.205643892288208,0.06069588661193848,0.033028364181518555,0.019690990447998047,0.3190591335296631,0.08886399865150452,2.8778879642486572,2.966752052307129
A-B,128,sender,bulk,zero,B,receiver,8,False,True,0,2.3019139766693115,,0.0008561611175537109,1.1654720306396484,3.8961310386657715,0,0,0.18480968475341797,0.05983996391296387,0.033686161041259766,0.012206077575683594,0.2905418872833252,0.0883840024471283,2.494080066680908,2.5824639797210693
A-B,128,sender,bulk,zero,B,receiver,9,False,True,0,2.265822172164917,,0.0007748603820800781,1.2754559516906738,3.9774491786956787,0,0,0.18255376815795898,0.06034111976623535,0.03281879425048828,0.011651277542114258,0.2873649597167969,0.08767999708652496,2.455456018447876,2.54313588142395
A-B,128,sender,bulk,zero,B,receiver,10,False,True,0,2.5012869834899902,,0.0009071826934814453,1.2086080312728882,4.149749994277954,0,0,0.18007993698120117,0.06552481651306152,0.033022165298461914,0.012178897857666016,0.2908058166503906,0.09337600320577621,2.6892800331115723,2.782655954360962
A-B,128,sender,bulk,delay2,A,sender,1,False,True,2,2.838852882385254,2.6640071868896484,10.657392024993896,0.5445759892463684,16.741668701171875,201433088,15.83210802078247,0.05783796310424805,0.017647266387939453,0.07889509201049805,0.004500865936279297,0.15888118743896484,0.07574400305747986,2.9151999950408936,2.9909439086914062
A-B,128,sender,bulk,delay2,A,sender,2,False,True,2,2.779539108276367,2.5540218353271484,10.814051151275635,0.7586240172386169,16.944719791412354,201433088,15.82309103012085,0.06170034408569336,0.018521785736083984,0.016699790954589844,0.04925107955932617,0.14617300033569336,0.057760000228881836,2.859744071960449,2.917504072189331
A-B,128,sender,bulk,delay2,A,sender,3,False,True,2,2.744925022125244,2.5134310722351074,10.783008098602295,0.60726398229599,16.687602043151855,201433088,15.793849468231201,0.05750083923339844,0.017584800720214844,0.016391277313232422,0.04957914352416992,0.14105606079101562,0.056671999394893646,2.8207039833068848,2.877376079559326
A-B,128,sender,bulk,delay2,A,sender,4,False,True,2,3.2581677436828613,2.5464043617248535,10.33749532699585,0.8054720163345337,16.985305309295654,201433088,15.819809913635254,0.05727672576904297,0.018208026885986328,0.016426563262939453,0.05067014694213867,0.14258146286010742,0.05830400064587593,3.3339200019836426,3.392224073410034
A-B,128,sender,bulk,delay2,A,sender,5,False,True,2,3.0022153854370117,2.697843074798584,10.455390930175781,0.7918720245361328,16.98294496536255,201433088,15.83798885345459,0.059758663177490234,0.027935028076171875,0.017511367797851562,0.05580568313598633,0.1610107421875,0.06668800115585327,3.0808000564575195,3.1474881172180176
A-B,128,sender,bulk,delay2,A,sender,6,False,True,2,2.7853188514709473,2.8218321800231934,10.378425121307373,0.5152000188827515,16.53463125228882,201433088,15.798481464385986,0.14534330368041992,0.012262821197509766,0.011101245880126953,0.058847904205322266,0.2275552749633789,0.05516799911856651,2.9493439197540283,3.004512071609497
A-B,128,sender,bulk,delay2,A,sender,7,False,True,2,2.7876782417297363,2.621802806854248,10.58832597732544,0.5079360008239746,16.539143085479736,201433088,15.79543685913086,0.12518072128295898,0.027459144592285156,0.025074005126953125,0.03284788131713867,0.21056175231933594,0.15964800119400024,2.8301761150360107,2.989824056625366
A-B,128,sender,bulk,delay2,A,sender,8,False,True,2,2.818188190460205,2.5540504455566406,10.614950180053711,0.6142719984054565,16.63468027114868,201433088,15.79271125793457,0.04060697555541992,0.011810302734375,0.006771564483642578,0.06951189041137695,0.12870073318481445,0.05548800155520439,2.8778560161590576,2.9333438873291016
A-B,128,sender,bulk,delay2,A,sender,9,False,True,2,2.8191075325012207,2.544863224029541,10.789930820465088,0.7346879839897156,16.926894664764404,201433088,15.82465934753418,0.057927608489990234,0.017646312713623047,0.01637125015258789,0.050466060638427734,0.1424112319946289,0.057312000542879105,2.8956480026245117,2.9529600143432617
A-B,128,sender,bulk,delay2,A,sender,10,False,True,2,3.0054779052734375,2.6349611282348633,10.518009662628174,0.7911360263824463,16.98682737350464,201433088,15.843774795532227,0.05705833435058594,0.017290115356445312,0.02833700180053711,0.11489486694335938,0.21758031845092773,0.05651199817657471,3.081023931503296,3.13753604888916
A-B,128,sender,bulk,delay2,B,receiver,1,False,True,2,4.511900901794434,,0.0008368492126464844,1.5218240022659302,6.486719846725464,0,0,0.18545198440551758,0.06357979774475098,0.03677701950073242,0.016693115234375,0.302501916885376,0.0942080020904541,4.7045440673828125,4.7987518310546875
A-B,128,sender,bulk,delay2,B,receiver,2,False,True,2,4.409075975418091,,0.0008709430694580078,1.259552001953125,6.108615159988403,0,0,0.18565893173217773,0.06622886657714844,0.03394722938537598,0.011877775192260742,0.2977128028869629,0.09491200000047684,4.602208137512207,4.697120189666748
A-B,128,sender,bulk,delay2,B,receiver,3,False,True,2,4.341073989868164,,0.0009589195251464844,1.3073279857635498,6.088900327682495,0,0,0.18223929405212402,0.07414078712463379,0.03131294250488281,0.01413106918334961,0.30182409286499023,0.1008640006184578,4.530911922454834,4.631775856018066
A-B,128,sender,bulk,delay2,B,receiver,4,False,True,2,4.845070123672485,,0.0009031295776367188,1.2723840475082397,6.561897039413452,0,0,0.18036484718322754,0.05970025062561035,0.0340878963470459,0.01149296760559082,0.2856459617614746,0.08806400001049042,5.033120155334473,5.1211838722229
A-B,128,sender,bulk,delay2,B,receiver,5,False,True,2,4.6879918575286865,,0.0006699562072753906,1.2631679773330688,6.4312920570373535,0,0,0.23256993293762207,0.062415122985839844,0.03304004669189453,0.012866020202636719,0.34089112281799316,0.09107200056314468,4.928319931030273,5.019392013549805
A-B,128,sender,bulk,delay2,B,receiver,6,False,True,2,4.514053106307983,,0.0008981227874755859,1.2318719625473022,6.211350917816162,0,0,0.20021891593933105,0.06604313850402832,0.034255027770996094,0.014334917068481445,0.3148519992828369,0.09484799951314926,4.7221760749816895,4.817024230957031
A-B,128,sender,bulk,delay2,B,receiver,7,False,True,2,4.422439813613892,,0.0007989406585693359,1.2564799785614014,6.125854969024658,0,0,0.19631600379943848,0.07044816017150879,0.03338003158569336,0.012197017669677734,0.31234121322631836,0.10220800340175629,4.6263041496276855,4.728511810302734
A-B,128,sender,bulk,delay2,B,receiver,8,False,True,2,4.412437200546265,,0.0008611679077148438,1.1692479848861694,6.037125110626221,0,0,0.19464993476867676,0.06292581558227539,0.034397125244140625,0.013419151306152344,0.3053920269012451,0.09139200299978256,4.6150078773498535,4.706399917602539
A-B,128,sender,bulk,delay2,B,receiver,9,False,True,2,4.416054010391235,,0.0007739067077636719,1.195904016494751,6.051488161087036,0,0,0.19305205345153809,0.06075906753540039,0.03341317176818848,0.012068033218383789,0.29929232597351074,0.08899199962615967,4.616352081298828,4.705344200134277
A-B,128,sender,bulk,delay2,B,receiver,10,False,True,2,4.6834211349487305,,0.0007789134979248047,1.2514560222625732,6.370566129684448,0,0,0.18675708770751953,0.0636739730834961,0.03307676315307617,0.012504339218139648,0.29601216316223145,0.09158399701118469,4.87775993347168,4.969344139099121
A-B,128,sender,bulk,jitter,A,sender,1,False,True,6.203506848350279,7.169347286224365,2.6084327697753906,6.381214141845703,0.7693120241165161,16.964005947113037,201433088,15.834975242614746,0.0582737922668457,0.017792224884033203,0.016676902770996094,0.05031108856201172,0.14305400848388672,0.058240000158548355,7.245759963989258,7.303999900817871
A-B,128,sender,bulk,jitter,A,sender,2,False,True,2.9251232845707564,3.7100071907043457,2.7556538581848145,9.650660514831543,0.5156159996986389,16.664546966552734,201433088,15.793390274047852,0.058083534240722656,0.017680644989013672,0.016541004180908203,0.04951906204223633,0.14182424545288086,0.05708799883723259,3.7865281105041504,3.843616008758545
A-B,128,sender,bulk,jitter,A,sender,3,False,True,1.174070877535808,1.9884982109069824,2.5269250869750977,11.463374614715576,0.48764801025390625,16.49902057647705,201433088,15.791766166687012,0.040205955505371094,0.012150764465332031,0.006906986236572266,0.06329488754272461,0.12255859375,0.055296000093221664,2.047935962677002,2.103231906890869
A-B,128,sender,bulk,jitter,A,sender,4,False,True,0.1437955035790388,0.9421329498291016,2.481783390045166,12.576836585998535,0.49939200282096863,16.53608512878418,201433088,15.799505710601807,0.03632164001464844,0.011716365814208984,0.006545066833496094,0.06380605697631836,0.11838912963867188,0.05484800040721893,0.9971839785575867,1.0520319938659668
A-B,128,sender,bulk,jitter,A,sender,5,False,True,0.6676305193654706,1.4478330612182617,2.527885913848877,12.077704906463623,0.5568959712982178,16.642820835113525,201433088,15.806150913238525,0.042294979095458984,0.01293802261352539,0.006735801696777344,0.06236124038696289,0.12433004379272461,0.055615998804569244,1.5099200010299683,1.5655360221862793
A-B,128,sender,bulk,jitter,A,sender,6,False,True,0.99269036895266,1.813230037689209,3.058746337890625,11.122942924499512,0.51801598072052,16.54588508605957,201433088,15.799001216888428,0.04021406173706055,0.011920928955078125,0.0069103240966796875,0.06330490112304688,0.12235021591186523,0.05478399991989136,1.8723200559616089,1.9271039962768555
A-B,128,sender,bulk,jitter,A,sender,7,False,True,4.263186263736543,5.064448833465576,2.5355348587036133,8.375471115112305,0.5077120065689087,16.51902198791504,201433088,15.790611267089844,0.03874397277832031,0.011868953704833984,0.006631374359130859,0.06415271759033203,0.12139701843261719,0.05552000179886818,5.122015953063965,5.1775360107421875
A-B,128,sender,bulk,jitter,A,sender,8,False,True,2.9108678943670094,3.7573623657226562,2.5006675720214844,9.742208480834961,0.5137919783592224,16.54713201522827,201433088,15.798276424407959,0.04009389877319336,0.011709213256835938,0.007258415222167969,0.06394338607788086,0.12300491333007812,0.05584000051021576,3.8161919116973877,3.8720319271087646
A-B,128,sender,bulk,jitter,A,sender,9,False,True,6.457192678187277,7.275816917419434,2.5196447372436523,6.201569557189941,0.5043200254440308,16.533920288085938,201433088,15.796974182128906,0.03998422622680664,0.011739730834960938,0.007144927978515625,0.06302833557128906,0.12189722061157227,0.05484800040721893,7.33462381362915,7.389472007751465
A-B,128,sender,bulk,jitter,A,sender,10,False,True,7.555384762607687,8.363358497619629,2.4987196922302246,5.126646995544434,0.5017600059509277,16.52312183380127,201433088,15.79100751876831,0.040166378021240234,0.011778831481933594,0.007128238677978516,0.06381988525390625,0.1228933334350586,0.055424001067876816,8.422623634338379,8.478048324584961
A-B,128,sender,bulk,jitter,B,receiver,1,False,True,6.203506848350279,8.796091079711914,,0.0006999969482421875,1.2066880464553833,10.452187061309814,0,0,0.1982128620147705,0.06263232231140137,0.031830787658691406,0.014472007751464844,0.3071479797363281,0.08937600255012512,9.00271987915039,9.092096328735352
A-B,128,sender,bulk,jitter,B,receiver,2,False,True,2.9251232845707564,5.2949278354644775,,0.0008747577667236328,1.2363840341567993,7.230534791946411,0,0,0.4048779010772705,0.06449723243713379,0.04137873649597168,0.012292146682739258,0.5230460166931152,0.10281600058078766,5.703360080718994,5.80617618560791
A-B,128,sender,bulk,jitter,B,receiver,3,False,True,1.174070877535808,3.5181689262390137,,0.0008511543273925781,1.1782399415969849,5.157148122787476,0,0,0.21022582054138184,0.05888819694519043,0.03462982177734375,0.013811111450195312,0.31755495071411133,0.08755200356245041,3.7365760803222656,3.8241279125213623
A-B,128,sender,bulk,jitter,B,receiver,4,False,True,0.1437955035790388,2.474766969680786,,0.0006659030914306641,1.159168004989624,4.047853946685791,0,0,0.1792161464691162,0.057692766189575195,0.031676292419433594,0.011052846908569336,0.27963805198669434,0.08499199897050858,2.661184072494507,2.74617600440979
A-B,128,sender,bulk,jitter,B,receiver,5,False,True,0.6676305193654706,3.014955997467041,,0.0008158683776855469,1.1625920534133911,4.62929892539978,0,0,0.1829390525817871,0.05828285217285156,0.032894134521484375,0.012561798095703125,0.28667783737182617,0.0862400010228157,3.2048959732055664,3.2911360263824463
A-B,128,sender,bulk,jitter,B,receiver,6,False,True,0.99269036895266,3.4504430294036865,,0.0009520053863525391,1.276576042175293,5.658746004104614,0,0,0.3067150115966797,0.12440872192382812,0.23215794563293457,0.017544031143188477,0.6808257102966309,0.328575998544693,3.7619199752807617,4.090496063232422
A-B,128,sender,bulk,jitter,B,receiver,7,False,True,4.263186263736543,6.601454019546509,,0.0007028579711914062,1.1903680562973022,8.25765585899353,0,0,0.2022850513458252,0.0677800178527832,0.03422689437866211,0.013124942779541016,0.3174169063568115,0.09612800180912018,6.811520099639893,6.907648086547852
A-B,128,sender,bulk,jitter,B,receiver,8,False,True,2.9108678943670094,5.304487943649292,,0.0007977485656738281,1.2128640413284302,6.9415059089660645,0,0,0.18041300773620605,0.05792689323425293,0.03203988075256348,0.012072086334228516,0.282451868057251,0.08550400286912918,5.492159843444824,5.577663898468018
A-B,128,sender,bulk,jitter,B,receiver,9,False,True,6.457192678187277,8.843987941741943,,0.0007870197296142578,1.168511986732483,10.466314792633057,0,0,0.19301795959472656,0.06163501739501953,0.03428292274475098,0.012259960174560547,0.3011958599090576,0.09110400080680847,9.043871879577637,9.134976387023926
A-B,128,sender,bulk,jitter,B,receiver,10,False,True,7.555384762607687,9.932561874389648,,0.0006918907165527344,1.1644799709320068,11.528225183486938,0,0,0.18111896514892578,0.05832505226135254,0.03334379196166992,0.012695074081420898,0.28548288345336914,0.08659200370311737,10.120991706848145,10.207584381103516
A-B,128,sender,chunk,zero,A,sender,1,False,True,0,0.7432308197021484,2.513576030731201,13.674287796020508,0.5263680219650269,17.494494915008545,201433088,16.724280834197998,0.03608560562133789,0.011163711547851562,0.0066661834716796875,0.06404304504394531,0.11795854568481445,0.05478399991989136,0.7979840040206909,0.8527680039405823
A-B,128,sender,chunk,zero,A,sender,2,False,True,0,0.7296199798583984,2.517739772796631,13.91521406173706,0.5155519843101501,17.7112078666687,201433088,16.812840938568115,0.036992549896240234,0.01126718521118164,0.0068206787109375,0.06446695327758789,0.11954736709594727,0.055296000093221664,0.7854400277137756,0.8407359719276428
A-B,128,sender,chunk,zero,A,sender,3,False,True,0,0.7040920257568359,2.5572152137756348,13.780984878540039,0.7865599989891052,17.8658390045166,201433088,16.746085166931152,0.059975624084472656,0.017360210418701172,0.016637802124023438,0.05084419250488281,0.14481782913208008,0.0575999990105629,0.7825919985771179,0.8401920199394226
A-B,128,sender,chunk,zero,A,sender,4,False,True,0,0.7005562782287598,2.462977886199951,13.854886054992676,0.7791039943695068,17.83427906036377,201433088,16.704380989074707,0.03709745407104492,0.011398792266845703,0.006662845611572266,0.0641632080078125,0.11932229995727539,0.05510399863123894,0.7564160227775574,0.811519980430603
A-B,128,sender,chunk,zero,A,sender,5,False,True,0,0.7263450622558594,2.528079032897949,13.99246883392334,0.8335999846458435,18.118348121643066,201433088,16.94836711883545,0.05975675582885742,0.018629074096679688,0.016424179077148438,0.05044984817504883,0.14525985717773438,0.0586559996008873,0.8080639839172363,0.8667200207710266
A-B,128,sender,chunk,zero,A,sender,6,False,True,0,0.7033729553222656,2.5078020095825195,13.759233951568604,0.5030720233917236,17.507368087768555,201433088,16.759716510772705,0.038521766662597656,0.011820316314697266,0.006540775299072266,0.06392812728881836,0.12081098556518555,0.054687999188899994,0.7610560059547424,0.8157439827919006
A-B,128,sender,chunk,zero,A,sender,7,False,True,0,0.7271742820739746,2.5091400146484375,13.761019706726074,0.502560019493103,17.53486394882202,201433088,16.799282550811768,0.038492679595947266,0.01213836669921875,0.006566047668457031,0.06397724151611328,0.12117433547973633,0.05523199960589409,0.7848640084266663,0.8400959968566895
A-B,128,sender,chunk,zero,A,sender,8,False,True,0,0.7155675888061523,2.5164437294006348,13.788949012756348,0.48924800753593445,17.543840885162354,201433088,16.80884599685669,0.03748798370361328,0.011513233184814453,0.006666660308837891,0.06406021118164062,0.11972808837890625,0.05503999814391136,0.7719039916992188,0.8269439935684204
A-B,128,sender,chunk,zero,A,sender,9,False,True,0,0.7968940734863281,2.4890403747558594,13.710602760314941,0.5067520141601562,17.537071704864502,201433088,16.790404319763184,0.037516117095947266,0.01174163818359375,0.006424903869628906,0.04704713821411133,0.10272979736328125,0.043327998369932175,0.8533759713172913,0.8967040181159973
A-B,128,sender,chunk,zero,A,sender,10,False,True,0,0.7175788879394531,2.5017175674438477,13.707942008972168,0.5209280252456665,17.481594562530518,201433088,16.73722505569458,0.037943363189697266,0.011786460876464844,0.0069103240966796875,0.06422281265258789,0.12086296081542969,0.055424001067876816,0.7746559977531433,0.830079972743988
A-B,128,sender,chunk,zero,B,receiver,1,False,True,0,2.276801109313965,,0.0008549690246582031,1.406816005706787,4.155739068984985,0,0,0.1884768009185791,0.07032203674316406,0.03377223014831543,0.01460576057434082,0.3071768283843994,0.09878399968147278,2.472480058670044,2.5712640285491943
A-B,128,sender,chunk,zero,B,receiver,2,False,True,0,2.2517900466918945,,0.0007641315460205078,1.179360032081604,3.869776964187622,0,0,0.19230866432189941,0.05962419509887695,0.0332798957824707,0.010937929153442383,0.29615068435668945,0.0875839963555336,2.4519999027252197,2.539583921432495
A-B,128,sender,chunk,zero,B,receiver,3,False,True,0,2.294312000274658,,0.0007328987121582031,1.1714880466461182,3.904118061065674,0,0,0.18861699104309082,0.060233116149902344,0.03294873237609863,0.012203216552734375,0.29400205612182617,0.08745600283145905,2.4902400970458984,2.5776960849761963
A-B,128,sender,chunk,zero,B,receiver,4,False,True,0,2.2439119815826416,,0.0007839202880859375,1.1824640035629272,3.8608450889587402,0,0,0.18154406547546387,0.06097292900085449,0.03159904479980469,0.012325048446655273,0.2864410877227783,0.08761599659919739,2.432543992996216,2.520159959793091
A-B,128,sender,chunk,zero,B,receiver,5,False,True,0,2.3015050888061523,,0.0007088184356689453,1.264415979385376,4.0012688636779785,0,0,0.18250107765197754,0.06147193908691406,0.033659934997558594,0.018524169921875,0.2961571216583252,0.09004800021648407,2.4919040203094482,2.5819520950317383
A-B,128,sender,chunk,zero,B,receiver,6,False,True,0,2.2689619064331055,,0.0009150505065917969,1.3008639812469482,4.004946708679199,0,0,0.18468093872070312,0.06159186363220215,0.033332109451293945,0.011580944061279297,0.2911858558654785,0.09017600119113922,2.4602560997009277,2.550431966781616
A-B,128,sender,chunk,zero,B,receiver,7,False,True,0,2.2667269706726074,,0.0007300376892089844,1.1826560497283936,3.8769309520721436,0,0,0.18049311637878418,0.06830692291259766,0.03220391273498535,0.011813163757324219,0.2928171157836914,0.09548799693584442,2.4557440280914307,2.551232099533081
A-B,128,sender,chunk,zero,B,receiver,8,False,True,0,2.280413866043091,,0.0007770061492919922,1.1824640035629272,3.913159132003784,0,0,0.19371294975280762,0.06479096412658691,0.03239297866821289,0.012485980987548828,0.30338287353515625,0.09257599711418152,2.4815359115600586,2.5741119384765625
A-B,128,sender,chunk,zero,B,receiver,9,False,True,0,2.2864232063293457,,0.0008740425109863281,1.293727993965149,4.013916969299316,0,0,0.18724608421325684,0.06366395950317383,0.03241109848022461,0.01166987419128418,0.29499101638793945,0.0910400003194809,2.4813759326934814,2.572416067123413
A-B,128,sender,chunk,zero,B,receiver,10,False,True,0,2.256070852279663,,0.0008370876312255859,1.2957760095596313,3.9940547943115234,0,0,0.1941509246826172,0.06153106689453125,0.03404712677001953,0.011621952056884766,0.30135107040405273,0.08963199704885483,2.4573121070861816,2.5469439029693604
A-B,128,sender,chunk,delay2,A,sender,1,False,True,2,2.8532238006591797,2.550102710723877,11.696979999542236,0.7894719839096069,17.925722122192383,201433088,16.75761842727661,0.05782365798950195,0.017518997192382812,0.02100229263305664,0.045042991638183594,0.141387939453125,0.05628800019621849,2.9296000003814697,2.9858880043029785
A-B,128,sender,chunk,delay2,A,sender,2,False,True,2,2.8446621894836426,2.541440963745117,11.764973640441895,0.5652480125427246,17.748430252075195,201433088,16.844792366027832,0.05741453170776367,0.017725467681884766,0.016544342041015625,0.04972982406616211,0.14141416549682617,0.05721599981188774,2.9208641052246094,2.9780800342559814
A-B,128,sender,chunk,delay2,A,sender,3,False,True,2,2.7445263862609863,2.5430731773376465,11.701050281524658,0.7310720086097717,17.756492614746094,201433088,16.65938711166382,0.059427738189697266,0.01860332489013672,0.01655864715576172,0.05027008056640625,0.14485979080200195,0.0586559996008873,2.8228800296783447,2.8815360069274902
A-B,128,sender,chunk,delay2,A,sender,4,False,True,2,2.8133978843688965,2.5463509559631348,11.898614883422852,0.7784000039100647,18.072412967681885,201433088,16.915646076202393,0.058037757873535156,0.018157005310058594,0.016454219818115234,0.04975557327270508,0.14240455627441406,0.057151999324560165,2.890399932861328,2.947551965713501
A-B,128,sender,chunk,delay2,A,sender,5,False,True,2,2.7826972007751465,2.558716297149658,11.990061283111572,0.8801599740982056,18.248051166534424,201433088,17.01174831390381,0.0507659912109375,0.01455545425415039,0.016051769256591797,0.052091121673583984,0.13346433639526367,0.05567999929189682,2.8537280559539795,2.9094080924987793
A-B,128,sender,chunk,delay2,A,sender,6,False,True,2,2.8115439414978027,2.5043468475341797,11.619266033172607,0.6127039790153503,17.58028507232666,201433088,16.734572887420654,0.04004669189453125,0.011861801147460938,0.007361888885498047,0.06368017196655273,0.12295055389404297,0.055776000022888184,2.8711040019989014,2.9268798828125
A-B,128,sender,chunk,delay2,A,sender,7,False,True,2,2.706707000732422,2.514698028564453,11.935119152069092,0.48716801404953003,17.679193019866943,201433088,16.805737018585205,0.04006052017211914,0.01184225082397461,0.007190704345703125,0.06375265121459961,0.12284612655639648,0.05539200082421303,2.7661759853363037,2.821568012237549
A-B,128,sender,chunk,delay2,A,sender,8,False,True,2,2.7496891021728516,2.593940258026123,11.858252048492432,0.7747520208358765,18.024025917053223,201433088,16.858840942382812,0.058222293853759766,0.01786327362060547,0.016056060791015625,0.05006694793701172,0.14220857620239258,0.057023998349905014,2.8267199993133545,2.88374400138855
A-B,128,sender,chunk,delay2,A,sender,9,False,True,2,2.7568607330322266,2.557255744934082,11.656388282775879,0.6567040085792542,17.664016246795654,201433088,16.717878818511963,0.09371805191040039,0.017665386199951172,0.016716957092285156,0.0495448112487793,0.17764520645141602,0.05708799883723259,2.869312047958374,2.9263999462127686
A-B,128,sender,chunk,delay2,A,sender,10,False,True,2,2.8160181045532227,2.54044771194458,11.827306747436523,0.7747200131416321,17.994988441467285,201433088,16.84421396255493,0.05849885940551758,0.018262863159179688,0.016484737396240234,0.050856590270996094,0.1441030502319336,0.05878400057554245,2.8930881023406982,2.9518721103668213
A-B,128,sender,chunk,delay2,B,receiver,1,False,True,2,4.4152350425720215,,0.0008862018585205078,1.176192045211792,6.026328086853027,0,0,0.18587112426757812,0.06292486190795898,0.033000946044921875,0.013419389724731445,0.29521632194519043,0.0907839983701706,4.6090240478515625,4.699808120727539
A-B,128,sender,chunk,delay2,B,receiver,2,False,True,2,4.4221837520599365,,0.0008492469787597656,1.3872319459915161,6.277454853057861,0,0,0.19841909408569336,0.06791496276855469,0.035843849182128906,0.014187097549438477,0.31636500358581543,0.09638399630784988,4.629536151885986,4.7259202003479
A-B,128,sender,chunk,delay2,B,receiver,3,False,True,2,4.358174800872803,,0.0007717609405517578,1.3117120265960693,6.1243369579315186,0,0,0.19388198852539062,0.06557917594909668,0.036337852478027344,0.012827873229980469,0.3086268901824951,0.09455999732017517,4.559936046600342,4.654496192932129
A-B,128,sender,chunk,delay2,B,receiver,4,False,True,2,4.413288116455078,,0.007492780685424805,1.344383955001831,6.197767972946167,0,0,0.18194985389709473,0.0619511604309082,0.032019853591918945,0.012452125549316406,0.2883729934692383,0.08908800035715103,4.602752208709717,4.691840171813965
A-B,128,sender,chunk,delay2,B,receiver,5,False,True,2,4.38706111907959,,0.0006759166717529297,1.2357759475708008,6.068422079086304,0,0,0.194533109664917,0.06300091743469238,0.03285503387451172,0.012315034866333008,0.3027040958404541,0.09071999788284302,4.589600086212158,4.680319786071777
A-B,128,sender,chunk,delay2,B,receiver,6,False,True,2,4.370833158493042,,0.0008420944213867188,1.2661759853363037,6.070228099822998,0,0,0.18097686767578125,0.05948591232299805,0.03308701515197754,0.012550115585327148,0.286099910736084,0.08806400001049042,4.559999942779541,4.648064136505127
A-B,128,sender,chunk,delay2,B,receiver,7,False,True,2,4.257504940032959,,0.0010199546813964844,1.23363196849823,5.928997993469238,0,0,0.18334031105041504,0.06061887741088867,0.03324294090270996,0.013229131698608398,0.29043126106262207,0.08899199962615967,4.456607818603516,4.545599937438965
A-B,128,sender,chunk,delay2,B,receiver,8,False,True,2,4.4025068283081055,,0.0008029937744140625,1.1756800413131714,6.042484760284424,0,0,0.19525384902954102,0.06242084503173828,0.03572511672973633,0.012705087661743164,0.3061048984527588,0.09225600212812424,4.6057281494140625,4.697984218597412
A-B,128,sender,chunk,delay2,B,receiver,9,False,True,2,4.382205009460449,,0.0008759498596191406,1.2552640438079834,6.0800580978393555,0,0,0.19406890869140625,0.06088089942932129,0.033833980560302734,0.012694120407104492,0.30147790908813477,0.08915200084447861,4.584320068359375,4.673471927642822
A-B,128,sender,chunk,delay2,B,receiver,10,False,True,2,4.420053243637085,,0.0007679462432861328,1.2341760396957397,6.0861241817474365,0,0,0.18135905265808105,0.0627298355102539,0.0330042839050293,0.011950969696044922,0.2890441417694092,0.09107200056314468,4.609248161315918,4.700319766998291
A-B,128,sender,chunk,jitter,A,sender,1,False,True,0.3713982494625201,1.2033295631408691,2.515470027923584,13.521283149719238,0.7363520264625549,18.013203144073486,201433088,16.919791221618652,0.040204524993896484,0.011889457702636719,0.007174968719482422,0.06477880477905273,0.12404775619506836,0.056384000927209854,1.2625919580459595,1.3189760446548462
A-B,128,sender,chunk,jitter,A,sender,2,False,True,3.2597728498243894,4.073832035064697,2.5114951133728027,10.458421230316162,0.5309119820594788,17.608148097991943,201433088,16.72506284713745,0.05778789520263672,0.01748800277709961,0.016562461853027344,0.04975318908691406,0.14159154891967773,0.05718399956822395,4.149824142456055,4.207007884979248
A-B,128,sender,chunk,jitter,A,sender,3,False,True,0.3952717673132069,1.1773443222045898,2.4720325469970703,13.536118030548096,0.7089599967002869,17.93293285369873,201433088,16.887624263763428,0.0377202033996582,0.011798858642578125,0.007063388824462891,0.06420373916625977,0.12078619003295898,0.055424001067876816,1.2344000339508057,1.2898240089416504
A-B,128,sender,chunk,jitter,A,sender,4,False,True,5.896852771965226,6.748841762542725,2.5299911499023438,8.143115520477295,0.6310719847679138,18.089252471923828,201433088,17.08209466934204,0.05741119384765625,0.02765178680419922,0.02118968963623047,0.008068084716796875,0.11432075500488281,0.04864000156521797,6.812575817108154,6.861216068267822
A-B,128,sender,chunk,jitter,A,sender,5,False,True,7.0863562187107085,7.940403461456299,2.5117058753967285,6.463459491729736,0.4944640100002289,17.44180727005005,201433088,16.709941864013672,0.03903675079345703,0.012235164642333984,0.00727081298828125,0.06236886978149414,0.1209115982055664,0.05459199845790863,7.9983038902282715,8.052895545959473
A-B,128,sender,chunk,jitter,A,sender,6,False,True,6.862872098263819,7.704664707183838,2.5647335052490234,6.7262282371521,0.5045120120048523,17.532010078430176,201433088,16.79276752471924,0.04004240036010742,0.09397602081298828,0.033080101013183594,0.021412372589111328,0.18851089477539062,0.13395200669765472,7.751232147216797,7.885183811187744
A-B,128,sender,chunk,jitter,A,sender,7,False,True,7.62378522106694,8.704258918762207,2.51631498336792,5.729294776916504,0.5015360116958618,17.484458923339844,201433088,16.75200366973877,0.039392948150634766,0.011579513549804688,0.00708770751953125,0.06318426132202148,0.12124443054199219,0.05471999943256378,8.762144088745117,8.816864013671875
A-B,128,sender,chunk,jitter,A,sender,8,False,True,6.859876245124442,7.695213794708252,2.5441408157348633,6.689281940460205,0.4949760138988495,17.455535888671875,201433088,16.73146629333496,0.03959512710571289,0.012798309326171875,0.0081787109375,0.029449939727783203,0.09002208709716797,0.042847998440265656,7.740479946136475,7.783328056335449
A-B,128,sender,chunk,jitter,A,sender,9,False,True,3.8446215630738516,4.642662048339844,2.526434898376465,9.722867012023926,0.5544639825820923,17.478935718536377,201433088,16.693153858184814,0.04164934158325195,0.012629032135009766,0.0073146820068359375,0.06211519241333008,0.12370824813842773,0.05459199845790863,4.704192161560059,4.75878381729126
A-B,128,sender,chunk,jitter,A,sender,10,False,True,3.956421859779656,4.785926818847656,2.4959607124328613,9.668899536132812,0.5280960202217102,17.514564990997314,201433088,16.731414794921875,0.03928232192993164,0.011686325073242188,0.0070590972900390625,0.062835693359375,0.12086343765258789,0.054048001766204834,4.844160079956055,4.898208141326904
A-B,128,sender,chunk,jitter,B,receiver,1,False,True,0.3713982494625201,2.768113851547241,,0.0007100105285644531,1.5583679676055908,4.8048179149627686,0,0,0.2143418788909912,0.06710100173950195,0.03388190269470215,0.012156009674072266,0.3274807929992676,0.09603200107812881,2.9973440170288086,3.0933759212493896
A-B,128,sender,chunk,jitter,B,receiver,2,False,True,3.2597728498243894,5.66083288192749,,0.000904083251953125,1.3591680526733398,7.458462953567505,0,0,0.18436884880065918,0.06733894348144531,0.033869028091430664,0.011844873428344727,0.2974216938018799,0.0960640013217926,5.852896213531494,5.948959827423096
A-B,128,sender,chunk,jitter,B,receiver,3,False,True,0.3952717673132069,2.7155301570892334,,0.0007097721099853516,1.1625280380249023,4.323441982269287,0,0,0.18586087226867676,0.06125307083129883,0.03536081314086914,0.011458158493041992,0.2939329147338867,0.09107200056314468,2.9089601039886475,3.0000319480895996
A-B,128,sender,chunk,jitter,B,receiver,4,False,True,5.896852771965226,8.310290813446045,,0.0009238719940185547,1.1959999799728394,9.944437980651855,0,0,0.18059778213500977,0.06816411018371582,0.0321040153503418,0.01210784912109375,0.29297375679016113,0.09558399766683578,8.498208045959473,8.593791961669922
A-B,128,sender,chunk,jitter,B,receiver,5,False,True,7.0863562187107085,9.488743782043457,,0.0007898807525634766,1.1712000370025635,11.10136866569519,0,0,0.18270301818847656,0.07113313674926758,0.033592939376831055,0.012374162673950195,0.2998032569885254,0.09958399832248688,9.67961597442627,9.779199600219727
A-B,128,sender,chunk,jitter,B,receiver,6,False,True,6.862872098263819,9.311585903167725,,0.0008618831634521484,1.2670719623565674,11.011395931243896,0,0,0.1800520420074463,0.07008004188537598,0.032762765884399414,0.011450052261352539,0.2943449020385742,0.09795200079679489,9.498432159423828,9.596384048461914
A-B,128,sender,chunk,jitter,B,receiver,7,False,True,7.62378522106694,10.110030174255371,,0.0008702278137207031,1.1770559549331665,11.718939065933228,0,0,0.1819601058959961,0.06078481674194336,0.032517194747924805,0.011731863021850586,0.28699398040771484,0.08780799806118011,10.30031967163086,10.388128280639648
A-B,128,sender,chunk,jitter,B,receiver,8,False,True,6.859876245124442,9.245298147201538,,0.0007309913635253906,1.2642560005187988,10.997119188308716,0,0,0.21414422988891602,0.0739278793334961,0.03166389465332031,0.01559901237487793,0.33533501625061035,0.10080000013113022,9.467840194702148,9.568639755249023
A-B,128,sender,chunk,jitter,B,receiver,9,False,True,3.8446215630738516,6.205848932266235,,0.0006670951843261719,1.2843199968338013,7.951261043548584,0,0,0.20194315910339355,0.06512689590454102,0.031533002853393555,0.012339115142822266,0.3109421730041504,0.09244800359010696,6.415679931640625,6.5081281661987305
A-B,128,sender,chunk,jitter,B,receiver,10,False,True,3.956421859779656,6.342690944671631,,0.0008139610290527344,1.166815996170044,7.932430028915405,0,0,0.18047189712524414,0.06065726280212402,0.03176379203796387,0.01206207275390625,0.2849550247192383,0.08742400258779526,6.530623912811279,6.618048191070557
A-B,128,sender,window2,zero,A,sender,1,False,True,0,0.77490234375,2.7247586250305176,13.27431869506836,0.6369919776916504,17.44742202758789,201433088,16.415031909942627,0.03640604019165039,0.011051177978515625,0.00679779052734375,0.06500720977783203,0.1192622184753418,0.05532800033688545,0.8302720189094543,0.8855999708175659
A-B,128,sender,window2,zero,A,sender,2,False,True,0,0.7186717987060547,2.539991855621338,13.499197006225586,0.7398080229759216,17.53642702102661,201433088,16.451916217803955,0.0371546745300293,0.011207103729248047,0.006569862365722656,0.06540393829345703,0.12033557891845703,0.05567999929189682,0.7751680016517639,0.830847978591919
A-B,128,sender,window2,zero,A,sender,3,False,True,0,0.6923422813415527,2.4653677940368652,13.474358558654785,0.8141440153121948,17.48271417617798,201433088,16.313942432403564,0.0372614860534668,0.011156558990478516,0.006782054901123047,0.06468486785888672,0.11988496780395508,0.05539200082421303,0.7486720085144043,0.8040639758110046
A-B,128,sender,window2,zero,A,sender,4,False,True,0,0.7027058601379395,2.47418212890625,13.450536251068115,0.7614079713821411,17.424829959869385,201433088,16.323147773742676,0.03822898864746094,0.011209964752197266,0.006695270538330078,0.06502246856689453,0.12115669250488281,0.055776000022888184,0.7599359750747681,0.8157119750976562
A-B,128,sender,window2,zero,A,sender,5,False,True,0,0.7008438110351562,2.4719629287719727,13.531259536743164,0.844543993473053,17.584935665130615,201433088,16.384662628173828,0.0370793342590332,0.011261940002441406,0.006806850433349609,0.06375598907470703,0.11890411376953125,0.0541439987719059,0.7574080228805542,0.8115519881248474
A-B,128,sender,window2,zero,A,sender,6,False,True,0,0.6918730735778809,2.476728916168213,13.588529109954834,0.824288010597229,17.617741107940674,201433088,16.450584888458252,0.03763294219970703,0.011565208435058594,0.006783485412597656,0.06450128555297852,0.1204829216003418,0.05536000058054924,0.7489920258522034,0.8043519854545593
A-B,128,sender,window2,zero,A,sender,7,False,True,0,0.6943469047546387,2.4712181091308594,13.504149436950684,0.7675520181655884,17.47330141067505,201433088,16.349734783172607,0.03698301315307617,0.01132822036743164,0.006505489349365234,0.06542396545410156,0.12024068832397461,0.0562559999525547,0.7505919933319092,0.8068479895591736
A-B,128,sender,window2,zero,A,sender,8,False,True,0,0.6958184242248535,2.5084643363952637,13.200102806091309,0.6027200222015381,17.040719985961914,201433088,16.194488048553467,0.037619590759277344,0.011748790740966797,0.006779193878173828,0.06418085098266602,0.12032842636108398,0.05526399984955788,0.7525439858436584,0.807807981967926
A-B,128,sender,window2,zero,A,sender,9,False,True,0,0.6948347091674805,2.465923309326172,13.44454574584961,0.7568320035934448,17.39850616455078,201433088,16.29343891143799,0.037062644958496094,0.011370182037353516,0.0066680908203125,0.06524419784545898,0.1203451156616211,0.055743999779224396,0.7514879703521729,0.8072320222854614
A-B,128,sender,window2,zero,A,sender,10,False,True,0,0.6990714073181152,2.4844980239868164,13.53352975845337,0.756767988204956,17.512389659881592,201433088,16.413708209991455,0.03755331039428711,0.011355876922607422,0.006426811218261719,0.06433916091918945,0.1196751594543457,0.054816000163555145,0.7557759881019592,0.810591995716095
A-B,128,sender,window2,zero,B,receiver,1,False,True,0,2.254321813583374,,0.0007109642028808594,1.3574399948120117,4.062267065048218,0,0,0.18690800666809082,0.06638383865356445,0.03405904769897461,0.012211084365844727,0.2995619773864746,0.09513600170612335,2.44979190826416,2.5449280738830566
A-B,128,sender,window2,zero,B,receiver,2,False,True,0,2.235750198364258,,0.0008118152618408203,1.1772160530090332,3.897006034851074,0,0,0.21925091743469238,0.06771612167358398,0.033600807189941406,0.012704849243164062,0.33327269554138184,0.09689600020647049,2.4626240730285645,2.5595200061798096
A-B,128,sender,window2,zero,B,receiver,3,False,True,0,2.246540069580078,,0.0008330345153808594,1.192352056503296,3.866480827331543,0,0,0.18413376808166504,0.0606839656829834,0.03132200241088867,0.011433124542236328,0.28757286071777344,0.08720000088214874,2.4379520416259766,2.5251519680023193
A-B,128,sender,window2,zero,B,receiver,4,False,True,0,2.237874984741211,,0.0008180141448974609,1.2486720085144043,3.938559055328369,0,0,0.19556307792663574,0.06475996971130371,0.035794973373413086,0.011486053466796875,0.3076040744781494,0.09424000233411789,2.440864086151123,2.5351040363311768
A-B,128,sender,window2,zero,B,receiver,5,False,True,0,2.240238904953003,,0.0009291172027587891,1.251296043395996,3.930898904800415,0,0,0.1834700107574463,0.06440973281860352,0.03285527229309082,0.012212991714477539,0.29294800758361816,0.09187199920415878,2.431040048599243,2.52291202545166
A-B,128,sender,window2,zero,B,receiver,6,False,True,0,2.247286081314087,,0.0007097721099853516,1.203935980796814,3.888360023498535,0,0,0.19090008735656738,0.06162095069885254,0.03263521194458008,0.011638879776000977,0.296795129776001,0.09017600119113922,2.4451520442962646,2.535327911376953
A-B,128,sender,window2,zero,B,receiver,7,False,True,0,2.2438809871673584,,0.0008881092071533203,1.3108799457550049,3.9979050159454346,0,0,0.18843293190002441,0.06424999237060547,0.032544851303100586,0.011744260787963867,0.29697203636169434,0.09200000017881393,2.439647912979126,2.5316479206085205
A-B,128,sender,window2,zero,B,receiver,8,False,True,0,2.227081775665283,,0.0006771087646484375,1.2495360374450684,3.9146671295166016,0,0,0.18844914436340332,0.06305503845214844,0.033503055572509766,0.011569023132324219,0.29657626152038574,0.09222400188446045,2.4227840900421143,2.515007972717285
A-B,128,sender,window2,zero,B,receiver,9,False,True,0,2.2380218505859375,,0.0008370876312255859,1.1695359945297241,3.852113962173462,0,0,0.19925308227539062,0.060540199279785156,0.03363966941833496,0.011982202529907227,0.30541515350341797,0.08940800279378891,2.4438400268554688,2.533247947692871
A-B,128,sender,window2,zero,B,receiver,10,False,True,0,2.2635467052459717,,0.0006709098815917969,1.1883200407028198,3.8896210193634033,0,0,0.18915796279907227,0.06109309196472168,0.03373885154724121,0.01165914535522461,0.29564905166625977,0.08953599631786346,2.4596478939056396,2.5491840839385986
A-B,128,sender,window2,delay2,A,sender,1,False,True,2,2.913428783416748,2.5528626441955566,11.234758853912354,0.6579200029373169,17.394693851470947,201433088,16.364870071411133,0.05815458297729492,0.018138408660888672,0.016364574432373047,0.04945802688598633,0.14211559295654297,0.05724800005555153,2.989759922027588,3.0470080375671387
A-B,128,sender,window2,delay2,A,sender,2,False,True,2,2.8186745643615723,2.557997226715088,11.375487327575684,0.8220160007476807,17.61204719543457,201433088,16.413758277893066,0.06301736831665039,0.018299579620361328,0.017645835876464844,0.048734188079833984,0.14769697189331055,0.05801599845290184,2.9002881050109863,2.958303928375244
A-B,128,sender,window2,delay2,A,sender,3,False,True,2,2.766368865966797,2.511834144592285,11.290086269378662,0.5360959768295288,17.13595151901245,201433088,16.212923049926758,0.040841102600097656,0.012197017669677734,0.007095813751220703,0.06414031982421875,0.12427425384521484,0.05644800141453743,2.8261759281158447,2.8826239109039307
A-B,128,sender,window2,delay2,A,sender,4,False,True,2,2.744357109069824,2.509438991546631,11.273418426513672,0.4926399886608124,17.0423641204834,201433088,16.157100200653076,0.05803537368774414,0.017676830291748047,0.01640462875366211,0.04900646209716797,0.14112329483032227,0.055904000997543335,2.820863962173462,2.876768112182617
A-B,128,sender,window2,delay2,A,sender,5,False,True,2,2.7613415718078613,2.5198564529418945,11.217445850372314,0.7670080065727234,17.302218914031982,201433088,16.190613746643066,0.0582890510559082,0.018310546875,0.016412734985351562,0.05030393600463867,0.14331626892089844,0.058240000158548355,2.838047981262207,2.8962879180908203
A-B,128,sender,window2,delay2,A,sender,6,False,True,2,2.7769899368286133,2.5059728622436523,11.521490097045898,0.5228800177574158,17.359139919281006,201433088,16.464111804962158,0.040106773376464844,0.01212310791015625,0.006891727447509766,0.06240701675415039,0.12152862548828125,0.054048001766204834,2.8363840579986572,2.8904318809509277
A-B,128,sender,window2,delay2,A,sender,7,False,True,2,2.796985626220703,2.564404010772705,11.253217697143555,0.6701760292053223,17.320371627807617,201433088,16.278042793273926,0.057520389556884766,0.017670631408691406,0.016131877899169922,0.04997396469116211,0.1412968635559082,0.057023998349905014,2.8729279041290283,2.9299519062042236
A-B,128,sender,window2,delay2,A,sender,8,False,True,2,2.756293773651123,2.5055627822875977,11.1038179397583,0.4955520033836365,16.893338680267334,201433088,16.163074016571045,0.03966856002807617,0.011868476867675781,0.006862163543701172,0.06346988677978516,0.12186908721923828,0.05484800040721893,2.8154239654541016,2.870271921157837
A-B,128,sender,window2,delay2,A,sender,9,False,True,2,2.8207802772521973,2.5150904655456543,11.211089611053467,0.4936319887638092,17.075093269348145,201433088,16.350777626037598,0.03932809829711914,0.011734962463378906,0.00824737548828125,0.04781055450439453,0.10712099075317383,0.04012800008058548,2.87337589263916,2.913503885269165
A-B,128,sender,window2,delay2,A,sender,10,False,True,2,2.8000001907348633,2.497879981994629,11.270152568817139,0.8225600123405457,17.42697238922119,201433088,16.393510818481445,0.0578770637512207,0.017636775970458984,0.01626873016357422,0.04599475860595703,0.13777732849121094,0.04681599885225296,2.876159906387329,2.922976016998291
A-B,128,sender,window2,delay2,B,receiver,1,False,True,2,4.433924913406372,,0.0007100105285644531,1.3086400032043457,6.178926944732666,0,0,0.18818306922912598,0.06650996208190918,0.03261995315551758,0.012542247772216797,0.29985523223876953,0.09756799787282944,4.630623817443848,4.72819185256958
A-B,128,sender,window2,delay2,B,receiver,2,False,True,2,4.406734228134155,,0.000865936279296875,1.3602880239486694,6.2019102573394775,0,0,0.18348193168640137,0.06117105484008789,0.03472900390625,0.012517929077148438,0.2918999195098877,0.09062399715185165,4.597375869750977,4.688000202178955
A-B,128,sender,window2,delay2,B,receiver,3,False,True,2,4.320239067077637,,0.0007600784301757812,1.1799999475479126,5.9476518630981445,0,0,0.18892908096313477,0.06378793716430664,0.03386116027832031,0.019418954849243164,0.3059971332550049,0.09196799993515015,4.5167999267578125,4.608767986297607
A-B,128,sender,window2,delay2,B,receiver,4,False,True,2,4.333370923995972,,0.0009276866912841797,1.2425919771194458,6.016486167907715,0,0,0.19336271286010742,0.06327509880065918,0.0315859317779541,0.011507034301757812,0.2997307777404785,0.09062399715185165,4.533952236175537,4.624576091766357
A-B,128,sender,window2,delay2,B,receiver,5,False,True,2,4.352849006652832,,0.000885009765625,1.224992036819458,6.028501987457275,0,0,0.18218016624450684,0.06430912017822266,0.03412890434265137,0.011846780776977539,0.2924649715423584,0.09372799843549728,4.542623996734619,4.636352062225342
A-B,128,sender,window2,delay2,B,receiver,6,False,True,2,4.347733020782471,,0.0007112026214599609,1.2457280158996582,6.030732154846191,0,0,0.179948091506958,0.06493091583251953,0.033532142639160156,0.012103796005249023,0.2905149459838867,0.09353599697351456,4.534656047821045,4.628191947937012
A-B,128,sender,window2,delay2,B,receiver,7,False,True,2,4.389578104019165,,0.0007622241973876953,1.1802879571914673,6.023475885391235,0,0,0.19334697723388672,0.06472396850585938,0.03396892547607422,0.01940011978149414,0.31143999099731445,0.09372799843549728,4.590335845947266,4.684063911437988
A-B,128,sender,window2,delay2,B,receiver,8,False,True,2,4.30300498008728,,0.0008270740509033203,1.2668479681015015,6.013158082962036,0,0,0.19208908081054688,0.06682515144348145,0.03198599815368652,0.011891841888427734,0.3027920722961426,0.09408000111579895,4.5024638175964355,4.596543788909912
A-B,128,sender,window2,delay2,B,receiver,9,False,True,2,4.360785961151123,,0.0007791519165039062,1.2748479843139648,6.06931209564209,0,0,0.17911386489868164,0.06239604949951172,0.03420710563659668,0.012520074844360352,0.2882370948791504,0.09136000275611877,4.548160076141357,4.639520168304443
A-B,128,sender,window2,delay2,B,receiver,10,False,True,2,4.401470899581909,,0.0007259845733642578,1.1758079528808594,6.001600027084351,0,0,0.18224096298217773,0.06046009063720703,0.0326838493347168,0.011451005935668945,0.2868359088897705,0.08767999708652496,4.590688228607178,4.678368091583252
A-B,128,sender,window2,jitter,A,sender,1,False,True,3.0019712522158724,3.8160252571105957,2.4967031478881836,9.932477951049805,0.877888023853302,17.160335063934326,201433088,16.137665271759033,0.05682802200317383,0.018348217010498047,0.016674518585205078,0.049252986907958984,0.14110374450683594,0.05721599981188774,3.891200065612793,3.948415994644165
A-B,128,sender,window2,jitter,A,sender,2,False,True,5.3955970676614005,6.190835952758789,2.6375975608825684,7.775345802307129,0.6289600133895874,17.263773918151855,201433088,16.355344772338867,0.04146575927734375,0.012516975402832031,0.014576435089111328,0.055049896240234375,0.12360906600952148,0.05507199838757515,6.2508158683776855,6.3058881759643555
A-B,128,sender,window2,jitter,A,sender,3,False,True,6.90335559049342,7.703688621520996,2.5146851539611816,6.411410808563232,0.4843200147151947,17.146438598632812,201433088,16.210821628570557,0.039823055267333984,0.011783123016357422,0.006953716278076172,0.05838918685913086,0.11694908142089844,0.05020799860358238,7.762400150299072,7.812607765197754
A-B,128,sender,window2,jitter,A,sender,4,False,True,3.3044316718194144,4.125166893005371,2.5132222175598145,9.907536029815674,0.7504640221595764,17.385345935821533,201433088,16.2291202545166,0.06511974334716797,0.018004894256591797,0.01756429672241211,0.049739837646484375,0.15042877197265625,0.060896001756191254,4.20630407333374,4.267199993133545
A-B,128,sender,window2,jitter,A,sender,5,False,True,6.306499501340811,7.163804054260254,2.587618827819824,6.899621963500977,0.6494079828262329,17.33595085144043,201433088,16.320950031280518,0.05840110778808594,0.017785072326660156,0.016641616821289062,0.04964923858642578,0.14247703552246094,0.0570559985935688,7.240640163421631,7.297696113586426
A-B,128,sender,window2,jitter,A,sender,6,False,True,5.263511594351685,6.107939720153809,2.554776191711426,8.145981788635254,0.7591360211372375,17.604249954223633,201433088,16.46365785598755,0.0585780143737793,0.01823711395263672,0.016488075256347656,0.04976797103881836,0.14307117462158203,0.05788800120353699,6.184927940368652,6.242815971374512
A-B,128,sender,window2,jitter,A,sender,7,False,True,3.0778651716419647,3.9159650802612305,2.4958720207214355,10.04500675201416,0.48790401220321655,16.97805643081665,201433088,16.253137588500977,0.04121112823486328,0.012205123901367188,0.007215976715087891,0.0628957748413086,0.12352800369262695,0.05536000058054924,3.976191997528076,4.031551837921143
A-B,128,sender,window2,jitter,A,sender,8,False,True,5.000681319867422,5.832601070404053,2.5359044075012207,8.026721954345703,0.4864319860935211,16.914886951446533,201433088,16.20343017578125,0.04083681106567383,0.012082099914550781,0.007012367248535156,0.06290960311889648,0.12284088134765625,0.05523199960589409,5.8922882080078125,5.947519779205322
A-B,128,sender,window2,jitter,A,sender,9,False,True,2.841260577560954,3.6081833839416504,2.523061752319336,10.29222583770752,0.4975999891757965,16.961048126220703,201433088,16.20811128616333,0.040583133697509766,0.011754035949707031,0.006686687469482422,0.072052001953125,0.13107585906982422,0.055296000093221664,3.667840003967285,3.7231359481811523
A-B,128,sender,window2,jitter,A,sender,10,False,True,0.329238225990494,1.1279749870300293,2.532501220703125,12.734514713287354,0.5063679814338684,16.935181140899658,201433088,16.19597816467285,0.037180423736572266,0.012019157409667969,0.006421089172363281,0.06471586227416992,0.12033653259277344,0.05567999929189682,1.1842559576034546,1.2399359941482544
A-B,128,sender,window2,jitter,B,receiver,1,False,True,3.0019712522158724,5.3636908531188965,,0.0007729530334472656,1.3643200397491455,7.156760931015015,0,0,0.17986011505126953,0.06722402572631836,0.03257179260253906,0.011468887329101562,0.2911248207092285,0.09452799707651138,5.551040172576904,5.645567893981934
A-B,128,sender,window2,jitter,B,receiver,2,False,True,5.3955970676614005,7.736094951629639,,0.0011687278747558594,1.1760640144348145,9.552078008651733,0,0,0.28606700897216797,0.09035801887512207,0.03898310661315918,0.012051820755004883,0.4274599552154541,0.18361599743366241,7.969600200653076,8.153216361999512
A-B,128,sender,window2,jitter,B,receiver,3,False,True,6.90335559049342,9.232249736785889,,0.0008308887481689453,1.1792320013046265,10.878229856491089,0,0,0.20478200912475586,0.05842399597167969,0.033300161361694336,0.011904001235961914,0.3084101676940918,0.08710400015115738,9.444576263427734,9.5316801071167
A-B,128,sender,window2,jitter,B,receiver,4,False,True,3.3044316718194144,5.732799053192139,,0.0009608268737792969,1.2721600532531738,7.434956073760986,0,0,0.1831660270690918,0.06127810478210449,0.03295397758483887,0.012041807174682617,0.2894399166107178,0.08895999938249588,5.9240641593933105,6.013023853302002
A-B,128,sender,window2,jitter,B,receiver,5,False,True,6.306499501340811,8.733373165130615,,0.0009670257568359375,1.390720009803772,10.600116968154907,0,0,0.21523308753967285,0.06232500076293945,0.0317530632019043,0.013185739517211914,0.3224968910217285,0.08879999816417694,8.95680046081543,9.045599937438965
A-B,128,sender,window2,jitter,B,receiver,6,False,True,5.263511594351685,7.694957971572876,,0.0009019374847412109,1.2890559434890747,9.414904832839966,0,0,0.18512606620788574,0.060034990310668945,0.032243967056274414,0.011546134948730469,0.28895115852355957,0.08745600283145905,7.887807846069336,7.975264072418213
A-B,128,sender,window2,jitter,B,receiver,7,False,True,3.0778651716419647,5.466929197311401,,0.0009131431579589844,1.2208960056304932,7.120265245437622,0,0,0.18189716339111328,0.06309103965759277,0.03241991996765137,0.012746810913085938,0.29015493392944336,0.09094399958848953,5.6560959815979,5.747039794921875
A-B,128,sender,window2,jitter,B,receiver,8,False,True,5.000681319867422,7.3924949169158936,,0.0007367134094238281,1.2929919958114624,9.150623083114624,0,0,0.20053482055664062,0.0660400390625,0.03379416465759277,0.012928962707519531,0.31329798698425293,0.09446399658918381,7.601088047027588,7.695551872253418
A-B,128,sender,window2,jitter,B,receiver,9,False,True,2.841260577560954,5.178736209869385,,0.0007398128509521484,1.2765120267868042,6.891979932785034,0,0,0.18390583992004395,0.059920310974121094,0.03308582305908203,0.011556148529052734,0.2884681224822998,0.08787199854850769,5.369472026824951,5.457344055175781
A-B,128,sender,window2,jitter,B,receiver,10,False,True,0.329238225990494,2.66569185256958,,0.0008327960968017578,1.2803200483322144,4.41618275642395,0,0,0.20351600646972656,0.07752609252929688,0.035568952560424805,0.01201486587524414,0.3286259174346924,0.10751999914646149,2.8769280910491943,2.984447956085205
A-B,128,sender,priority,zero,A,sender,1,False,True,0,0.715634822845459,2.4667868614196777,13.919695377349854,0.5639680027961731,17.70248556137085,201433088,16.78237771987915,0.03651618957519531,0.011345863342285156,0.006837368011474609,0.06430578231811523,0.11900520324707031,0.05500800162553787,0.7743039727210999,0.8293120265007019
A-B,128,sender,priority,zero,A,sender,2,False,True,0,0.6958141326904297,2.5057907104492188,14.003259181976318,0.8043199777603149,18.05236291885376,201433088,16.899595260620117,0.03636503219604492,0.011764049530029297,0.006437778472900391,0.06585407257080078,0.12042093276977539,0.05619199946522713,0.7545279860496521,0.8107200264930725
A-B,128,sender,priority,zero,A,sender,3,False,True,0,0.7187132835388184,2.4606189727783203,13.946396350860596,0.8308159708976746,17.99272871017456,201433088,16.8318133354187,0.039166927337646484,0.012145042419433594,0.006618976593017578,0.0636601448059082,0.12159109115600586,0.05532800033688545,0.781440019607544,0.8367679715156555
A-B,128,sender,priority,zero,A,sender,4,False,True,0,0.7078018188476562,2.4795403480529785,14.080122470855713,0.8163840174674988,18.12259817123413,201433088,16.93727207183838,0.03768587112426758,0.011923789978027344,0.006542682647705078,0.06414413452148438,0.12029647827148438,0.05510399863123894,0.768447995185852,0.8235520124435425
A-B,128,sender,priority,zero,A,sender,5,False,True,0,0.7081990242004395,2.4729628562927246,14.185460090637207,0.8423680067062378,18.244804859161377,201433088,17.046806812286377,0.03661775588989258,0.011581897735595703,0.0064792633056640625,0.06501531600952148,0.11969423294067383,0.05552000179886818,0.7674559950828552,0.8229759931564331
A-B,128,sender,priority,zero,A,sender,6,False,True,0,0.6947274208068848,2.4639453887939453,13.947029113769531,0.7960320115089417,17.93825340270996,201433088,16.79717779159546,0.03689289093017578,0.011728286743164062,0.006744384765625,0.06405258178710938,0.11941814422607422,0.05507199838757515,0.7542080283164978,0.8092799782752991
A-B,128,sender,priority,zero,A,sender,7,False,True,0,0.714630126953125,2.491644859313965,13.703346729278564,0.5672320127487183,17.509599685668945,201433088,16.706215381622314,0.0372920036315918,0.011861801147460938,0.006954193115234375,0.06364297866821289,0.1197509765625,0.054816000163555145,0.7745280265808105,0.8293439745903015
A-B,128,sender,priority,zero,A,sender,8,False,True,0,0.692448616027832,2.461146354675293,13.913043975830078,0.7794560194015503,17.88259267807007,201433088,16.7429518699646,0.03692007064819336,0.011510372161865234,0.006376743316650391,0.06511211395263672,0.1199193000793457,0.05558399856090546,0.7516480088233948,0.8072320222854614
A-B,128,sender,priority,zero,A,sender,9,False,True,0,0.7049727439880371,2.4605321884155273,14.16911268234253,0.8527680039405823,18.2237491607666,201433088,17.020145893096924,0.037052154541015625,0.01146697998046875,0.006787776947021484,0.06469202041625977,0.11999893188476562,0.055424001067876816,0.7644799947738647,0.8199040293693542
A-B,128,sender,priority,zero,A,sender,10,False,True,0,0.6774821281433105,2.5129971504211426,14.572136402130127,0.5193600058555603,18.317630290985107,201433088,17.404155731201172,0.03655719757080078,0.011260986328125,0.0063610076904296875,0.06533575057983398,0.11951494216918945,0.05539200082421303,0.7363839745521545,0.7917760014533997
A-B,128,sender,priority,zero,B,receiver,1,False,True,0,2.2408030033111572,,0.0007681846618652344,1.3550399541854858,4.034324884414673,0,0,0.18190598487854004,0.06489276885986328,0.03214907646179199,0.011153936386108398,0.2901017665863037,0.09228800237178802,2.4309439659118652,2.5232319831848145
A-B,128,sender,priority,zero,B,receiver,2,False,True,0,2.2601380348205566,,0.0007851123809814453,1.1749440431594849,3.8949332237243652,0,0,0.19554996490478516,0.06653404235839844,0.033522844314575195,0.012171030044555664,0.30777788162231445,0.09433600306510925,2.4632320404052734,2.557568073272705
A-B,128,sender,priority,zero,B,receiver,3,False,True,0,2.2398338317871094,,0.0010921955108642578,1.2755839824676514,4.010112762451172,0,0,0.18175601959228516,0.06246590614318848,0.03429722785949707,0.01124882698059082,0.2897679805755615,0.09219200164079666,2.428096055984497,2.5202879905700684
A-B,128,sender,priority,zero,B,receiver,4,False,True,0,2.2545621395111084,,0.0009312629699707031,1.2560640573501587,3.9497361183166504,0,0,0.19034218788146973,0.06293487548828125,0.03374791145324707,0.011214017868041992,0.29823899269104004,0.09120000153779984,2.45251202583313,2.5437119007110596
A-B,128,sender,priority,zero,B,receiver,5,False,True,0,2.263429880142212,,0.0006561279296875,1.2966400384902954,4.002706050872803,0,0,0.18227100372314453,0.06303906440734863,0.03345680236816406,0.011871099472045898,0.2906379699707031,0.09158399701118469,2.4529919624328613,2.5445759296417236
A-B,128,sender,priority,zero,B,receiver,6,False,True,0,2.245302200317383,,0.0010230541229248047,1.1890239715576172,3.870297908782959,0,0,0.18258166313171387,0.060807228088378906,0.03300595283508301,0.011316061019897461,0.28771090507507324,0.08873599767684937,2.435391902923584,2.524127960205078
A-B,128,sender,priority,zero,B,receiver,7,False,True,0,2.2604801654815674,,0.0008080005645751953,1.2519680261611938,3.9481210708618164,0,0,0.17954111099243164,0.06156492233276367,0.032362937927246094,0.011321067810058594,0.2847900390625,0.08947200328111649,2.4474880695343018,2.5369598865509033
A-B,128,sender,priority,zero,B,receiver,8,False,True,0,2.2441649436950684,,0.0007610321044921875,1.2040959596633911,3.8852128982543945,0,0,0.18059515953063965,0.06110119819641113,0.033380746841430664,0.011627197265625,0.28670430183410645,0.08966399729251862,2.4320640563964844,2.521728038787842
A-B,128,sender,priority,zero,B,receiver,9,False,True,0,2.2395389080047607,,0.0007669925689697266,1.188480019569397,3.858107089996338,0,0,0.17795419692993164,0.06366896629333496,0.031851768493652344,0.01808905601501465,0.2915639877319336,0.09126400202512741,2.424448013305664,2.515712022781372
A-B,128,sender,priority,zero,B,receiver,10,False,True,0,2.2371201515197754,,0.0007460117340087891,1.337440013885498,4.0031092166900635,0,0,0.1826457977294922,0.0613250732421875,0.03237414360046387,0.011158943176269531,0.2875039577484131,0.08895999938249588,2.4268479347229004,2.51580810546875
A-B,128,sender,priority,delay2,A,sender,1,False,True,2,2.7739882469177246,2.5389623641967773,11.500044345855713,0.6313920021057129,17.479280948638916,201433088,16.667372703552246,0.057218074798583984,0.018218994140625,0.017344951629638672,0.048764705657958984,0.14154672622680664,0.057023998349905014,2.852832078933716,2.909856081008911
A-B,128,sender,priority,delay2,A,sender,2,False,True,2,2.7430953979492188,2.5851058959960938,11.866529941558838,0.8059200048446655,18.034934043884277,201433088,16.94914197921753,0.03524971008300781,0.010196208953857422,0.014514446258544922,0.058022499084472656,0.11798286437988281,0.055456001311540604,2.799936056137085,2.8553919792175293
A-B,128,sender,priority,delay2,A,sender,3,False,True,2,2.811065196990967,2.553010940551758,11.81730604171753,0.7989439964294434,18.016258239746094,201433088,16.83988618850708,0.057883262634277344,0.017765045166015625,0.016402721405029297,0.049243927001953125,0.1412949562072754,0.0568000003695488,2.892672061920166,2.949471950531006
A-B,128,sender,priority,delay2,A,sender,4,False,True,2,2.817903518676758,2.545902729034424,11.806098461151123,0.845471978187561,18.051781177520752,201433088,16.852086067199707,0.05746316909790039,0.017787933349609375,0.016733169555664062,0.04952669143676758,0.1415109634399414,0.05721599981188774,2.8996798992156982,2.9568960666656494
A-B,128,sender,priority,delay2,A,sender,5,False,True,2,2.743758201599121,2.53129243850708,11.699050426483154,0.7084800004959106,17.718449115753174,201433088,16.662930488586426,0.05793571472167969,0.01758861541748047,0.01626110076904297,0.04958295822143555,0.14136838912963867,0.05673599988222122,2.825792074203491,2.882528066635132
A-B,128,sender,priority,delay2,A,sender,6,False,True,2,2.803274154663086,2.555379867553711,11.965827941894531,0.7931200265884399,18.155831813812256,201433088,16.99417209625244,0.06384611129760742,0.018573760986328125,0.017536163330078125,0.04926729202270508,0.14922332763671875,0.058720000088214874,2.891263961791992,2.949984073638916
A-B,128,sender,priority,delay2,A,sender,7,False,True,2,2.8365631103515625,2.6733102798461914,11.425988674163818,0.5513280034065247,17.525906085968018,201433088,16.71968650817871,0.038967132568359375,0.011670589447021484,0.006865501403808594,0.0635232925415039,0.12102651596069336,0.05488000065088272,2.898848056793213,2.953727960586548
A-B,128,sender,priority,delay2,A,sender,8,False,True,2,2.80043363571167,2.5575814247131348,11.81498670578003,0.7446399927139282,17.954051971435547,201433088,16.831228733062744,0.04950904846191406,0.013714790344238281,0.01645803451538086,0.051746368408203125,0.13142824172973633,0.054976001381874084,2.8727359771728516,2.9277119636535645
A-B,128,sender,priority,delay2,A,sender,9,False,True,2,2.7466001510620117,2.484966278076172,11.879419803619385,0.7805119752883911,17.92471742630005,201433088,16.86275625228882,0.03545236587524414,0.010159969329833984,0.01441192626953125,0.05814218521118164,0.11816644668579102,0.055135998874902725,2.804543972015381,2.859679937362671
A-B,128,sender,priority,delay2,A,sender,10,False,True,2,2.73911190032959,2.488412857055664,11.873595237731934,0.7472959756851196,17.921532154083252,201433088,16.863341808319092,0.03508806228637695,0.009540081024169922,0.01447916030883789,0.05920600891113281,0.11831331253051758,0.05612799897789955,2.796031951904297,2.8521599769592285
A-B,128,sender,priority,delay2,B,receiver,1,False,True,2,4.370503902435303,,0.0008652210235595703,1.337664008140564,6.154728889465332,0,0,0.18379998207092285,0.06570601463317871,0.033833980560302734,0.012015104293823242,0.29535508155822754,0.09436800330877304,4.562687873840332,4.657055854797363
A-B,128,sender,priority,delay2,B,receiver,2,False,True,2,4.304558038711548,,0.0008749961853027344,1.3400640487670898,6.265695810317993,0,0,0.18374896049499512,0.06575489044189453,0.10283112525939941,0.0429840087890625,0.39531898498535156,0.0936959981918335,4.495552062988281,4.589248180389404
A-B,128,sender,priority,delay2,B,receiver,3,False,True,2,4.406972885131836,,0.0007529258728027344,1.3462400436401367,6.197082042694092,0,0,0.18181777000427246,0.06460213661193848,0.040699005126953125,0.012887954711914062,0.3000068664550781,0.09993600100278854,4.596447944641113,4.696383953094482
A-B,128,sender,priority,delay2,B,receiver,4,False,True,2,4.417109966278076,,0.0008177757263183594,1.2878400087356567,6.141869068145752,0,0,0.1807079315185547,0.06533217430114746,0.04057598114013672,0.01125478744506836,0.2978708744049072,0.1013759970664978,4.605599880218506,4.706975936889648
A-B,128,sender,priority,delay2,B,receiver,5,False,True,2,4.361141920089722,,0.0007739067077636719,1.1768319606781006,5.980710983276367,0,0,0.1954941749572754,0.06178092956542969,0.0330350399017334,0.011713027954101562,0.30202317237854004,0.08959999680519104,4.564544200897217,4.654143810272217
A-B,128,sender,priority,delay2,B,receiver,6,False,True,2,4.4295899868011475,,0.0009138584136962891,1.177567958831787,6.036906957626343,0,0,0.1840059757232666,0.060125112533569336,0.03297996520996094,0.011548995971679688,0.28866004943847656,0.08790399879217148,4.620639801025391,4.70854377746582
A-B,128,sender,priority,delay2,B,receiver,7,False,True,2,4.382662057876587,,0.001191854476928711,1.2687360048294067,6.292573928833008,0,0,0.3092920780181885,0.08280587196350098,0.03957104682922363,0.013011932373046875,0.44468092918395996,0.14972800016403198,4.666272163391113,4.815999984741211
A-B,128,sender,priority,delay2,B,receiver,8,False,True,2,4.383001804351807,,0.0008361339569091797,1.257248044013977,6.096739768981934,0,0,0.18853282928466797,0.079833984375,0.0339350700378418,0.011506080627441406,0.31380796432495117,0.10870400071144104,4.579135894775391,4.687839984893799
A-B,128,sender,priority,delay2,B,receiver,9,False,True,2,4.317996025085449,,0.0008199214935302734,1.2626240253448486,6.015263080596924,0,0,0.18519186973571777,0.06310105323791504,0.03251981735229492,0.011868953704833984,0.2926816940307617,0.09100800007581711,4.5107197761535645,4.6017279624938965
A-B,128,sender,priority,delay2,B,receiver,10,False,True,2,4.327364921569824,,0.0008101463317871094,1.2547839879989624,6.011003017425537,0,0,0.18067193031311035,0.06306600570678711,0.033614158630371094,0.01169586181640625,0.2890479564666748,0.091839998960495,4.515359878540039,4.6072001457214355
A-B,128,sender,priority,jitter,A,sender,1,False,True,2.998350418559273,3.8885040283203125,2.5797219276428223,10.794308185577393,0.7337279915809631,18.032034873962402,201433088,16.924138069152832,0.05721282958984375,0.017563819885253906,0.016466140747070312,0.050219058990478516,0.14146184921264648,0.05718399956822395,3.9689600467681885,4.026144027709961
A-B,128,sender,priority,jitter,A,sender,2,False,True,2.5907355840809014,3.357088088989258,2.5781197547912598,11.42941951751709,0.6538559794425964,18.050644874572754,201433088,17.108829498291016,0.03505563735961914,0.011158466339111328,0.014750957489013672,0.024098873138427734,0.08506393432617188,0.04137599840760231,3.402048110961914,3.4434239864349365
A-B,128,sender,priority,jitter,A,sender,3,False,True,1.4203204627506878,2.1934618949890137,2.472482204437256,12.354822158813477,0.7649919986724854,17.816181182861328,201433088,16.779847621917725,0.03371000289916992,0.009741783142089844,0.014513015747070312,0.058279991149902344,0.11624479293823242,0.05536000058054924,2.2489280700683594,2.304287910461426
A-B,128,sender,priority,jitter,A,sender,4,False,True,7.669632271710284,8.488817691802979,2.472411632537842,7.043436050415039,0.4915519952774048,18.52756357192993,201433088,17.70875835418701,0.04814958572387695,0.012862205505371094,0.009628772735595703,0.02910900115966797,0.09974956512451172,0.056223999708890915,8.534463882446289,8.59068775177002
A-B,128,sender,priority,jitter,A,sender,5,False,True,2.1661217840409384,2.9918580055236816,2.540383815765381,11.576843738555908,0.7594559788703918,17.904555797576904,201433088,16.76389980316162,0.057082176208496094,0.01784515380859375,0.016376972198486328,0.04947996139526367,0.14078426361083984,0.05648000165820122,3.0721919536590576,3.128671884536743
A-B,128,sender,priority,jitter,A,sender,6,False,True,2.287366583038077,3.0645999908447266,2.5026278495788574,11.742666721343994,0.819104015827179,18.1580810546875,201433088,17.05425262451172,0.031891822814941406,0.01006460189819336,0.014107704162597656,0.05857038497924805,0.11463451385498047,0.05539200082421303,3.118527889251709,3.173919916152954
A-B,128,sender,priority,jitter,A,sender,7,False,True,5.702674328023639,6.526082992553711,2.5074687004089355,7.844680309295654,0.5315840244293213,17.446861743927002,201433088,16.669533729553223,0.039800167083740234,0.012491226196289062,0.007340908050537109,0.06248903274536133,0.12212133407592773,0.05523199960589409,6.589056015014648,6.644288063049316
A-B,128,sender,priority,jitter,A,sender,8,False,True,4.02291902590555,4.839932918548584,2.5093255043029785,9.567214012145996,0.6729599833488464,17.625635623931885,201433088,16.650590896606445,0.05702495574951172,0.017917156219482422,0.01642465591430664,0.04955911636352539,0.14092588424682617,0.057023998349905014,4.920127868652344,4.977151870727539
A-B,128,sender,priority,jitter,A,sender,9,False,True,0.7800267677465289,1.6159248352050781,2.543367862701416,12.934386730194092,0.7559999823570251,17.885780334472656,201433088,16.752814769744873,0.05690765380859375,0.01788473129272461,0.016726016998291016,0.04961109161376953,0.1411294937133789,0.05724800005555153,1.6960959434509277,1.7533440589904785
A-B,128,sender,priority,jitter,A,sender,10,False,True,7.734136082232311,8.513381481170654,2.5111351013183594,6.179894924163818,0.7898880243301392,18.036684036254883,201433088,16.92725896835327,0.034699440002441406,0.010129928588867188,0.013959884643554688,0.05751991271972656,0.11630916595458984,0.0544000007212162,8.569952011108398,8.62435245513916
A-B,128,sender,priority,jitter,B,receiver,1,False,True,2.998350418559273,5.433948993682861,,0.0007059574127197266,1.2734719514846802,7.14636492729187,0,0,0.18422484397888184,0.07059597969055176,0.032338857650756836,0.012107133865356445,0.2992668151855469,0.09785600006580353,5.626272201538086,5.724127769470215
A-B,128,sender,priority,jitter,B,receiver,2,False,True,2.5907355840809014,4.973150968551636,,0.0006601810455322266,1.2608959674835205,6.7129552364349365,0,0,0.2039508819580078,0.0673370361328125,0.03887009620666504,0.012793779373168945,0.3229517936706543,0.09795200079679489,5.185535907745361,5.283487796783447
A-B,128,sender,priority,jitter,B,receiver,3,False,True,1.4203204627506878,3.7477500438690186,,0.0007588863372802734,1.3173120021820068,5.496948957443237,0,0,0.18214011192321777,0.06879591941833496,0.03299903869628906,0.011461973190307617,0.2953970432281494,0.09718400239944458,3.9372799396514893,4.034463882446289
A-B,128,sender,priority,jitter,B,receiver,4,False,True,7.669632271710284,10.005712985992432,,0.0007529258728027344,1.1865919828414917,11.618388891220093,0,0,0.181610107421875,0.05942201614379883,0.03438091278076172,0.011689186096191406,0.28710222244262695,0.08876799792051315,10.194111824035645,10.282879829406738
A-B,128,sender,priority,jitter,B,receiver,5,False,True,2.1661217840409384,4.5911478996276855,,0.0008821487426757812,1.2762880325317383,6.298747777938843,0,0,0.18211889266967773,0.061348915100097656,0.03140902519226074,0.011406898498535156,0.2862837314605713,0.0888959988951683,4.780447959899902,4.869344234466553
A-B,128,sender,priority,jitter,B,receiver,6,False,True,2.287366583038077,4.6357080936431885,,0.000782012939453125,1.185088038444519,6.282808780670166,0,0,0.18317031860351562,0.07626485824584961,0.034436941146850586,0.011556148529052734,0.30542826652526855,0.10502400249242783,4.8263678550720215,4.931392192840576
A-B,128,sender,priority,jitter,B,receiver,7,False,True,5.702674328023639,8.09800100326538,,0.0007681846618652344,1.19760000705719,9.735929012298584,0,0,0.19019794464111328,0.06278705596923828,0.03270578384399414,0.011867284774780273,0.297558069229126,0.09113600105047226,8.294719696044922,8.385855674743652
A-B,128,sender,priority,jitter,B,receiver,8,False,True,4.02291902590555,6.455219984054565,,0.0008938312530517578,1.176192045211792,8.056756019592285,0,0,0.18258118629455566,0.058923959732055664,0.03127908706665039,0.011494874954223633,0.28427910804748535,0.08579199761152267,6.644896030426025,6.730688095092773
A-B,128,sender,priority,jitter,B,receiver,9,False,True,0.7800267677465289,3.214895248413086,,0.0007660388946533203,1.2491519451141357,4.8951029777526855,0,0,0.17499518394470215,0.062352895736694336,0.032611846923828125,0.011927127838134766,0.2818870544433594,0.09020800143480301,3.396735906600952,3.4869439601898193
A-B,128,sender,priority,jitter,B,receiver,10,False,True,7.734136082232311,10.066512107849121,,0.0008189678192138672,1.2794239521026611,11.78531527519226,0,0,0.18233275413513184,0.06181216239929199,0.040101051330566406,0.011943817138671875,0.2961897850036621,0.09625600278377533,10.257247924804688,10.353504180908203
A-B,128,receiver,bulk,zero,A,sender,1,False,True,0,0.34182310104370117,8.510623931884766,0.0008845329284667969,1.257215976715088,10.247313976287842,0,0,0.21754693984985352,0.05830669403076172,0.03720426559448242,0.012073040008544922,0.3251309394836426,0.09084799885749817,0.5655040144920349,0.6563519835472107
A-B,128,receiver,bulk,zero,A,sender,2,False,True,0,0.3200044631958008,8.476696968078613,0.0008692741394042969,1.3408000469207764,10.282496929168701,0,0,0.18709564208984375,0.06527519226074219,0.03249406814575195,0.013258934020996094,0.298123836517334,0.09446399658918381,0.5137919783592224,0.6082559823989868
A-B,128,receiver,bulk,zero,A,sender,3,False,True,0,0.3576369285583496,8.508326053619385,0.000926971435546875,1.2459839582443237,10.248756885528564,0,0,0.1909928321838379,0.05728435516357422,0.058503150939941406,0.012642860412597656,0.31942319869995117,0.10963200032711029,0.555296003818512,0.6649280190467834
A-B,128,receiver,bulk,zero,A,sender,4,False,True,0,0.3704228401184082,8.47463321685791,0.0009350776672363281,1.2203199863433838,10.202196598052979,0,0,0.1798396110534668,0.05398702621459961,0.03569507598876953,0.011450767517089844,0.2809724807739258,0.0865280032157898,0.5560320019721985,0.6425600051879883
A-B,128,receiver,bulk,zero,A,sender,5,False,True,0,0.3480849266052246,8.487985134124756,0.000888824462890625,0.6331200003623962,9.601417064666748,0,0,0.1784062385559082,0.05377674102783203,0.0357208251953125,0.011028289794921875,0.2789320945739746,0.08620800077915192,0.5331519842147827,0.6193600296974182
A-B,128,receiver,bulk,zero,A,sender,6,False,True,0,0.2068490982055664,8.571950435638428,0.0006651878356933594,1.3507519960403442,10.238313674926758,0,0,0.10337495803833008,0.06482887268066406,0.030955791473388672,0.011745929718017578,0.2109055519104004,0.09427200257778168,0.3166080117225647,0.4108799993991852
A-B,128,receiver,bulk,zero,A,sender,7,False,True,0,0.3713369369506836,8.542332172393799,0.0008873939514160156,1.3225280046463013,10.376420974731445,0,0,0.181915283203125,0.0679616928100586,0.03357267379760742,0.012650489807128906,0.2961001396179199,0.09868799895048141,0.5605760216712952,0.6592640280723572
A-B,128,receiver,bulk,zero,A,sender,8,False,True,0,0.44182348251342773,8.520550727844238,0.0008950233459472656,1.2262400388717651,10.32433795928955,0,0,0.1854853630065918,0.056809425354003906,0.032764434814453125,0.014449119567871094,0.2895083427429199,0.0891840010881424,0.6324160099029541,0.7215999960899353
A-B,128,receiver,bulk,zero,A,sender,9,False,True,0,0.4512166976928711,8.473238945007324,0.00092315673828125,1.1928319931030273,10.27368450164795,0,0,0.17438983917236328,0.0538640022277832,0.033249855041503906,0.010808944702148438,0.27231264114379883,0.08636800199747086,0.6318399906158447,0.7182080149650574
A-B,128,receiver,bulk,zero,A,sender,10,False,True,0,0.32725000381469727,8.50779390335083,0.0009369850158691406,1.2061439752578735,10.177545070648193,0,0,0.17757272720336914,0.05454206466674805,0.03244590759277344,0.013682365417480469,0.2782430648803711,0.08662399649620056,0.5106239914894104,0.5972480177879333
A-B,128,receiver,bulk,zero,B,receiver,1,False,True,0,2.9239749908447266,,0.0013470649719238281,0.48950400948524475,9.12594985961914,201433088,8.464472770690918,0.03643798828125,0.01213216781616211,0.00639796257019043,5.623203754425049,5.678171873092651,0.022175999358296394,8.576767921447754,8.598943710327148
A-B,128,receiver,bulk,zero,B,receiver,2,False,True,0,2.5808470249176025,,0.0012919902801513672,0.4784640073776245,9.088497877120972,201433088,8.44632601737976,0.02839374542236328,0.01011800765991211,0.00610804557800293,5.956162929534912,6.00078272819519,0.022207999601960182,8.556096076965332,8.578304290771484
A-B,128,receiver,bulk,zero,B,receiver,3,False,True,0,2.6314899921417236,,0.002601146697998047,0.7556480169296265,9.424717903137207,201433088,8.447051763534546,0.060105085372924805,0.018507003784179688,0.017122983932495117,5.872720003128052,5.968455076217651,0.022112000733613968,8.57369613647461,8.595808029174805
A-B,128,receiver,bulk,zero,B,receiver,4,False,True,0,2.578734874725342,,0.0012328624725341797,0.5095040202140808,9.120924711227417,201433088,8.446280241012573,0.02367091178894043,0.00779414176940918,0.0062198638916015625,5.968057870864868,6.005742788314819,0.02223999984562397,8.55907154083252,8.58131217956543
A-B,128,receiver,bulk,zero,B,receiver,5,False,True,0,2.5493950843811035,,0.0013260841369628906,0.47913599014282227,9.087669134140015,201433088,8.4478440284729,0.023454904556274414,0.007452964782714844,0.005890846252441406,5.995297193527222,6.032095909118652,0.022048000246286392,8.557344436645508,8.579392433166504
A-B,128,receiver,bulk,zero,B,receiver,6,False,True,0,2.35626482963562,,0.00121307373046875,0.4715520143508911,9.122889995574951,201433088,8.448020935058594,0.022169113159179688,0.007287025451660156,0.005775928497314453,6.233471155166626,6.26870322227478,0.02208000048995018,8.601216316223145,8.623295783996582
A-B,128,receiver,bulk,zero,B,receiver,7,False,True,0,2.58947491645813,,0.0017888545989990234,0.4923200011253357,9.143831014633179,201433088,8.453504800796509,0.06131386756896973,0.01836705207824707,0.017082929611206055,5.9053919315338135,6.002155780792236,0.0225600004196167,8.565247535705566,8.587807655334473
A-B,128,receiver,bulk,zero,B,receiver,8,False,True,0,2.6281490325927734,,0.0013580322265625,0.4930559992790222,9.167281866073608,201433088,8.476261138916016,0.03646492958068848,0.012087106704711914,0.006548881530761719,5.955662965774536,6.010763883590698,0.022112000733613968,8.6145601272583,8.636672019958496
A-B,128,receiver,bulk,zero,B,receiver,9,False,True,0,2.5811142921447754,,0.0024597644805908203,0.49561598896980286,9.13835620880127,201433088,8.447311162948608,0.03696894645690918,0.01226806640625,0.006806135177612305,5.969769716262817,6.025812864303589,0.022175999358296394,8.582464218139648,8.604640007019043
A-B,128,receiver,bulk,zero,B,receiver,10,False,True,0,2.5408589839935303,,0.0015263557434082031,0.49587199091911316,9.120697021484375,201433088,8.448921203613281,0.03505706787109375,0.011973142623901367,0.00695490837097168,5.991582870483398,6.045567989349365,0.02208000048995018,8.561087608337402,8.583168029785156
A-B,128,receiver,bulk,delay2,A,sender,1,False,True,2,2.535869598388672,6.330380439758301,0.0009088516235351562,1.2208319902420044,10.281036853790283,0,0,0.19307899475097656,0.05888986587524414,0.03426790237426758,0.01135110855102539,0.29758787155151367,0.09126400202512741,2.7349119186401367,2.8261759281158447
A-B,128,receiver,bulk,delay2,A,sender,2,False,True,2,2.529452323913574,6.404887676239014,0.0009512901306152344,1.2100800275802612,10.296480655670166,0,0,0.19571781158447266,0.07049417495727539,0.03491067886352539,0.012871265411376953,0.3139939308166504,0.10159999877214432,2.731839895248413,2.833440065383911
A-B,128,receiver,bulk,delay2,A,sender,3,False,True,2,2.4744720458984375,6.377691268920898,0.0009508132934570312,1.2023680210113525,10.19313383102417,0,0,0.20300054550170898,0.06298685073852539,0.037806034088134766,0.03571319580078125,0.3395066261291504,0.09536000341176987,2.684864044189453,2.780224084854126
A-B,128,receiver,bulk,delay2,A,sender,4,False,True,2,2.4348130226135254,6.40883731842041,0.000881195068359375,1.2039040327072144,10.185824394226074,0,0,0.2237381935119629,0.059207916259765625,0.034462928771972656,0.011451244354248047,0.3288602828979492,0.09193599969148636,2.6648640632629395,2.7567999362945557
A-B,128,receiver,bulk,delay2,A,sender,5,False,True,2,2.4871649742126465,6.374137878417969,0.0008931159973144531,1.2331839799880981,10.23730754852295,0,0,0.1916522979736328,0.05706930160522461,0.0345301628112793,0.010841846466064453,0.29409360885620117,0.08966399729251862,2.6852478981018066,2.774912118911743
A-B,128,receiver,bulk,delay2,A,sender,6,False,True,2,2.592763900756836,6.343232154846191,0.0008730888366699219,1.1987520456314087,10.269324779510498,0,0,0.25641584396362305,0.056977272033691406,0.03414487838745117,0.010531425476074219,0.35806941986083984,0.08988799899816513,2.8555519580841064,2.9454400539398193
A-B,128,receiver,bulk,delay2,A,sender,7,False,True,2,2.5034708976745605,6.380495548248291,0.0009288787841796875,1.2004480361938477,10.226142406463623,0,0,0.19000005722045898,0.0907597541809082,0.03870105743408203,0.01087808609008789,0.3303389549255371,0.12371200323104858,2.699359893798828,2.8230719566345215
A-B,128,receiver,bulk,delay2,A,sender,8,False,True,2,2.479550838470459,6.38948392868042,0.0008749961853027344,1.2076159715652466,10.211270809173584,0,0,0.2349710464477539,0.06020498275756836,0.039768218994140625,0.011321067810058594,0.3462653160095215,0.0944959968328476,2.719615936279297,2.8141119480133057
A-B,128,receiver,bulk,delay2,A,sender,9,False,True,2,2.552741050720215,6.381680965423584,0.0008611679077148438,1.2220799922943115,10.291115283966064,0,0,0.26902151107788086,0.057086944580078125,0.03527688980102539,0.01104593276977539,0.37243127822875977,0.0902400016784668,2.827552080154419,2.9177920818328857
A-B,128,receiver,bulk,delay2,A,sender,10,False,True,2,2.5260672569274902,6.369626045227051,0.0008625984191894531,1.256384015083313,10.317419052124023,0,0,0.24512195587158203,0.06395912170410156,0.041882991790771484,0.011592864990234375,0.36255693435668945,0.10451199859380722,2.772576093673706,2.8770880699157715
A-B,128,receiver,bulk,delay2,B,receiver,1,False,True,2,4.716070890426636,,0.0024781227111816406,0.7712640166282654,9.378861904144287,201433088,8.438796043395996,0.06326603889465332,0.019875049591064453,0.017495155334472656,3.725918769836426,3.826555013656616,0.022175999358296394,8.517536163330078,8.539711952209473
A-B,128,receiver,bulk,delay2,B,receiver,2,False,True,2,4.750227928161621,,0.0014858245849609375,0.4698239862918854,9.144875764846802,201433088,8.461000919342041,0.04290580749511719,0.012857198715209961,0.007339954376220703,3.825096845626831,3.888199806213379,0.02179200015962124,8.614751815795898,8.636544227600098
A-B,128,receiver,bulk,delay2,B,receiver,3,False,True,2,4.766578197479248,,0.0026509761810302734,0.7154560089111328,9.363489389419556,201433088,8.44609022140503,0.0586400032043457,0.018429994583129883,0.020225048065185547,3.7179667949676514,3.8152618408203125,0.022272000089287758,8.55622386932373,8.578495979309082
A-B,128,receiver,bulk,delay2,B,receiver,4,False,True,2,4.73963475227356,,0.0013461112976074219,0.5108799934387207,9.16205883026123,201433088,8.478347063064575,0.03606891632080078,0.012048006057739258,0.006501913070678711,3.822381019592285,3.876999855041504,0.02175999991595745,8.591903686523438,8.613663673400879
A-B,128,receiver,bulk,delay2,B,receiver,5,False,True,2,4.716450214385986,,0.0027742385864257812,0.6154559850692749,9.27884316444397,201433088,8.458980798721313,0.06756806373596191,0.01970386505126953,0.01794600486755371,3.774235963821411,3.8794538974761963,0.022272000089287758,8.570240020751953,8.592512130737305
A-B,128,receiver,bulk,delay2,B,receiver,6,False,True,2,4.825223922729492,,0.0013821125030517578,0.48368000984191895,9.152148008346558,201433088,8.455699920654297,0.03668379783630371,0.012212038040161133,0.006826162338256836,3.7511720657348633,3.806894063949585,0.021695999428629875,8.607616424560547,8.629311561584473
A-B,128,receiver,bulk,delay2,B,receiver,7,False,True,2,4.760586261749268,,0.0014369487762451172,0.482015997171402,9.119924306869507,201433088,8.464476823806763,0.03636288642883301,0.0119781494140625,0.0068819522857666016,3.7870709896087646,3.8422939777374268,0.021856000646948814,8.579584121704102,8.6014404296875
A-B,128,receiver,bulk,delay2,B,receiver,8,False,True,2,4.759324073791504,,0.001458883285522461,0.5640959739685059,9.209259986877441,201433088,8.459623098373413,0.03918170928955078,0.012105226516723633,0.006452798843383789,3.794194221496582,3.8519339561462402,0.02175999991595745,8.58672046661377,8.608480453491211
A-B,128,receiver,bulk,delay2,B,receiver,9,False,True,2,4.795208215713501,,0.0025780200958251953,0.4764479994773865,9.130879878997803,201433088,8.456573724746704,0.036808013916015625,0.012336969375610352,0.006776094436645508,3.7684450149536133,3.8243660926818848,0.021695999428629875,8.595487594604492,8.617183685302734
A-B,128,receiver,bulk,delay2,B,receiver,10,False,True,2,4.803029298782349,,0.0015337467193603516,0.481471985578537,9.131519317626953,201433088,8.469283819198608,0.03675198554992676,0.011811017990112305,0.00699615478515625,3.7563607692718506,3.811919927597046,0.021856000646948814,8.59119987487793,8.613056182861328
A-B,128,receiver,bulk,jitter,A,sender,1,False,True,2.5340927211485855,3.0806632041931152,5.7520928382873535,0.0008869171142578125,1.2307519912719727,10.200494289398193,0,0,0.20727205276489258,0.06372690200805664,0.03536176681518555,0.011507987976074219,0.317868709564209,0.09536000341176987,3.2953600883483887,3.3907198905944824
A-B,128,receiver,bulk,jitter,A,sender,2,False,True,5.222379001172409,5.768283843994141,3.099377155303955,0.0009121894836425781,1.1984319686889648,10.200873374938965,0,0,0.2128896713256836,0.05674123764038086,0.033861637115478516,0.011011123657226562,0.31450366973876953,0.08959999680519104,5.988448143005371,6.078048229217529
A-B,128,receiver,bulk,jitter,A,sender,3,False,True,4.326084879984424,4.885191917419434,3.9366631507873535,0.0008597373962402344,1.232800006866455,10.19798994064331,0,0,0.19041204452514648,0.05582094192504883,0.033582210540771484,0.01079559326171875,0.29061079025268555,0.08832000195980072,5.083104133605957,5.17142391204834
A-B,128,receiver,bulk,jitter,A,sender,4,False,True,0.7541135393378937,1.3647871017456055,7.496726989746094,0.0008392333984375,1.1974719762802124,10.203558921813965,0,0,0.1944899559020996,0.07274627685546875,0.03648519515991211,0.010897636413574219,0.3146190643310547,0.10496000200510025,1.5655360221862793,1.6704959869384766
A-B,128,receiver,bulk,jitter,A,sender,5,False,True,6.043149268795994,6.559749126434326,2.6250100135803223,0.0008702278137207031,1.2156800031661987,10.533842086791992,0,0,0.19742202758789062,0.056912899017333984,0.03474235534667969,0.01105642318725586,0.30013370513916016,0.08883199840784073,6.764959812164307,6.853792190551758
A-B,128,receiver,bulk,jitter,A,sender,6,False,True,3.410269492568421,3.958125114440918,4.8937764167785645,0.0010728836059570312,1.3137600421905518,10.492614269256592,0,0,0.1931009292602539,0.055692195892333984,0.03319501876831055,0.010715007781982422,0.29270315170288086,0.08828800171613693,4.157695770263672,4.245984077453613
A-B,128,receiver,bulk,jitter,A,sender,7,False,True,7.309609473224523,7.868241310119629,2.5851287841796875,0.00089263916015625,1.2496639490127563,11.838901042938232,0,0,0.19706392288208008,0.06176424026489258,0.03443431854248047,0.011533737182617188,0.3047962188720703,0.09347199648618698,8.0730562210083,8.16652774810791
A-B,128,receiver,bulk,jitter,A,sender,8,False,True,6.863383166306405,7.454089641571045,2.8020033836364746,0.0008478164672851562,1.2665280103683472,11.659404277801514,0,0,0.2166762351989746,0.17282485961914062,0.12326574325561523,0.01267242431640625,0.5254392623901367,0.27292799949645996,7.677887916564941,7.9508161544799805
A-B,128,receiver,bulk,jitter,A,sender,9,False,True,6.068365934773473,6.613342761993408,2.5911741256713867,0.0009007453918457031,1.2128959894180298,10.56780481338501,0,0,0.19077110290527344,0.05615520477294922,0.03420877456665039,0.010920524597167969,0.292055606842041,0.08902399986982346,6.811168193817139,6.900191783905029
A-B,128,receiver,bulk,jitter,A,sender,10,False,True,7.586095623262511,8.128432750701904,2.5662989616394043,0.000911712646484375,1.2042880058288574,12.034300327301025,0,0,0.21166181564331055,0.05686616897583008,0.03427696228027344,0.010538101196289062,0.3133430480957031,0.08991999924182892,8.346528053283691,8.436448097229004
A-B,128,receiver,bulk,jitter,B,receiver,1,False,True,2.5340927211485855,5.396068096160889,,0.0012388229370117188,0.4909439980983734,9.115706205368042,201433088,8.449735641479492,0.04840207099914551,0.012248039245605469,0.007170915603637695,3.1264772415161133,3.194298267364502,0.022207999601960182,8.56595230102539,8.588159561157227
A-B,128,receiver,bulk,jitter,B,receiver,2,False,True,5.222379001172409,8.028518915176392,,0.001402139663696289,0.48812800645828247,9.123754024505615,201433088,8.46763300895691,0.03641390800476074,0.011394977569580078,0.006395816802978516,0.5190222263336182,0.5732269287109375,0.022175999358296394,8.577631950378418,8.599807739257812
A-B,128,receiver,bulk,jitter,B,receiver,3,False,True,4.326084879984424,7.143332004547119,,0.0013549327850341797,0.48416000604629517,9.103497982025146,201433088,8.449995040893555,0.03687405586242676,0.01657414436340332,0.007395744323730469,1.3812720775604248,1.4421160221099854,0.022175999358296394,8.560256004333496,8.58243179321289
A-B,128,receiver,bulk,jitter,B,receiver,4,False,True,0.7541135393378937,3.559868812561035,,0.0012331008911132812,0.48713600635528564,9.081825971603394,201433088,8.4515540599823,0.02557206153869629,0.011805057525634766,0.006814002990722656,4.960174798965454,5.004365921020508,0.02208000048995018,8.532095909118652,8.554176330566406
A-B,128,receiver,bulk,jitter,B,receiver,5,False,True,6.043149268795994,8.843531847000122,,0.0028421878814697266,0.764352023601532,9.775385856628418,201433088,8.457205057144165,0.0596921443939209,0.017711162567138672,0.017303943634033203,0.0056340694427490234,0.1003413200378418,0.037408001720905304,8.904512405395508,8.941920280456543
A-B,128,receiver,bulk,jitter,B,receiver,6,False,True,3.410269492568421,6.19706916809082,,0.0012791156768798828,0.47971200942993164,9.12352728843689,201433088,8.468008279800415,0.036846160888671875,0.011512994766235352,0.0068590641021728516,2.354184865951538,2.409403085708618,0.022112000733613968,8.582655906677246,8.604767799377441
A-B,128,receiver,bulk,jitter,B,receiver,7,False,True,7.309609473224523,10.12201714515686,,0.0014789104461669922,0.4755840003490448,10.7154221534729,201433088,8.449716091156006,0.04298806190490723,0.013371944427490234,0.0077571868896484375,0.016099929809570312,0.08021712303161621,0.03267199918627739,10.167743682861328,10.20041561126709
A-B,128,receiver,bulk,jitter,B,receiver,8,False,True,6.863383166306405,9.89624810218811,,0.0014636516571044922,0.4877760112285614,10.487084150314331,201433088,8.475603818893433,0.03475499153137207,0.011261940002441406,0.006671905517578125,0.016877174377441406,0.06956601142883301,0.030079999938607216,9.934656143188477,9.964735984802246
A-B,128,receiver,bulk,jitter,B,receiver,9,False,True,6.068365934773473,8.849997997283936,,0.0026509761810302734,0.7106559872627258,9.729203939437866,201433088,8.455693006515503,0.06158089637756348,0.018635988235473633,0.017234086990356445,0.005658149719238281,0.10310912132263184,0.038176000118255615,8.912735939025879,8.950912475585938
A-B,128,receiver,bulk,jitter,B,receiver,10,False,True,7.586095623262511,10.376631021499634,,0.0013608932495117188,0.48159998655319214,10.961772918701172,201433088,8.458354949951172,0.03528308868408203,0.011525869369506836,0.006323099136352539,0.017175912857055664,0.07030797004699707,0.030368000268936157,10.414848327636719,10.445216178894043
A-B,128,receiver,chunk,zero,A,sender,1,False,True,0,0.08897638320922852,3.830869674682617,0.0007891654968261719,1.6029759645462036,5.729808807373047,0,0,0.21064424514770508,0.11488723754882812,0.08355283737182617,0.021124839782714844,0.4302091598510742,0.18252800405025482,0.34278398752212524,0.5253120064735413
A-B,128,receiver,chunk,zero,A,sender,2,False,True,0,0.32159900665283203,2.579899787902832,0.0006380081176757812,1.2799999713897705,4.2558488845825195,0,0,0.09809541702270508,0.05645561218261719,0.03148460388183594,0.008631229400634766,0.19466686248779297,0.08806400001049042,0.42528000473976135,0.5133439898490906
A-B,128,receiver,chunk,zero,A,sender,3,False,True,0,0.3060908317565918,2.517977237701416,0.0007290840148925781,1.3626240491867065,4.260059833526611,0,0,0.08925390243530273,0.06367874145507812,0.02881145477294922,0.010861873626708984,0.19260597229003906,0.08627200126647949,0.4017600119113922,0.4880320131778717
A-B,128,receiver,chunk,zero,A,sender,4,False,True,0,0.3972468376159668,2.8823704719543457,0.0008769035339355469,1.238495945930481,4.654932975769043,0,0,0.2349376678466797,0.06063413619995117,0.03467416763305664,0.012347698211669922,0.3425936698913574,0.09187199920415878,0.6397119760513306,0.7315840125083923
A-B,128,receiver,chunk,zero,A,sender,5,False,True,0,0.4068126678466797,2.5501089096069336,0.0008969306945800781,1.2297919988632202,4.331464767456055,0,0,0.17610454559326172,0.0539240837097168,0.032839298248291016,0.010714054107666016,0.27358198165893555,0.0857279971241951,0.5896959900856018,0.6754239797592163
A-B,128,receiver,chunk,zero,A,sender,6,False,True,0,0.37671613693237305,2.5705389976501465,0.0008549690246582031,1.219007968902588,4.310993194580078,0,0,0.17750978469848633,0.05293989181518555,0.03275632858276367,0.010967254638671875,0.2741732597351074,0.08540800213813782,0.5602239966392517,0.6456320285797119
A-B,128,receiver,chunk,zero,A,sender,7,False,True,0,0.44449901580810547,2.835038185119629,0.0008449554443359375,1.219007968902588,4.636382579803467,0,0,0.17416906356811523,0.054017066955566406,0.032032012939453125,0.01120615005493164,0.2714242935180664,0.08617600053548813,0.6249279975891113,0.7111039757728577
A-B,128,receiver,chunk,zero,A,sender,8,False,True,0,0.4399442672729492,2.8634204864501953,0.0009679794311523438,1.2222720384597778,4.663081645965576,0,0,0.20654916763305664,0.060053348541259766,0.03699207305908203,0.012209415435791016,0.31580400466918945,0.09331200271844864,0.6526719927787781,0.7459840178489685
A-B,128,receiver,chunk,zero,A,sender,9,False,True,0,0.4536147117614746,2.644601345062256,0.0008950233459472656,1.2038079500198364,4.46302604675293,0,0,0.17791509628295898,0.05413007736206055,0.032013893127441406,0.0111846923828125,0.27524375915527344,0.08627200126647949,0.6377279758453369,0.7239999771118164
A-B,128,receiver,chunk,zero,A,sender,10,False,True,0,0.3312816619873047,2.5567355155944824,0.0008549690246582031,1.2129919528961182,4.236469268798828,0,0,0.17786216735839844,0.07831287384033203,0.03484010696411133,0.011240959167480469,0.30225610733032227,0.10675200074911118,0.5151360034942627,0.6218879818916321
A-B,128,receiver,chunk,zero,B,receiver,1,False,True,0,3.3968591690063477,,5.866468906402588,0.47884801030158997,10.130457878112793,201433088,9.453234910964966,0.03615117073059082,0.012097835540771484,0.0069239139556884766,0.29828310012817383,0.3534560203552246,0.02175999991595745,3.71996808052063,3.7417280673980713
A-B,128,receiver,chunk,zero,B,receiver,2,False,True,0,2.3311080932617188,,6.940593004226685,0.6445440053939819,10.282157182693481,201433088,9.440493106842041,0.03618907928466797,0.011922836303710938,0.006682157516479492,0.273878812789917,0.3286728858947754,0.022272000089287758,2.6354238986968994,2.657696008682251
A-B,128,receiver,chunk,zero,B,receiver,3,False,True,0,2.327220916748047,,6.878564834594727,0.49622398614883423,10.014366865158081,201433088,9.34197998046875,0.03681802749633789,0.011902093887329102,0.0066738128662109375,0.22114992141723633,0.27654385566711426,0.02163200080394745,2.5732479095458984,2.5948801040649414
A-B,128,receiver,chunk,zero,B,receiver,4,False,True,0,2.6529760360717773,,6.586060047149658,0.5190079808235168,10.1598379611969,201433088,9.382550239562988,0.03675699234008789,0.01219797134399414,0.0072710514068603516,0.2888951301574707,0.3451211452484131,0.022175999358296394,2.9675838947296143,2.989759922027588
A-B,128,receiver,chunk,zero,B,receiver,5,False,True,0,2.5647947788238525,,7.064482688903809,0.5147519707679749,10.281696796417236,201433088,9.51347017288208,0.03608894348144531,0.03043818473815918,0.008875846862792969,0.0026700496673583984,0.07807302474975586,0.037728000432252884,2.60262393951416,2.6403520107269287
A-B,128,receiver,chunk,zero,B,receiver,6,False,True,0,2.5553340911865234,,7.014891147613525,0.5057600140571594,10.221176147460938,201433088,9.454723358154297,0.03679966926574707,0.012085199356079102,0.00697779655456543,0.03144216537475586,0.08730483055114746,0.021695999428629875,2.615648031234741,2.6373438835144043
A-B,128,receiver,chunk,zero,B,receiver,7,False,True,0,2.600628137588501,,6.549916982650757,0.5046079754829407,10.074826955795288,201433088,9.369355916976929,0.045603036880493164,0.012147188186645508,0.007501840591430664,0.30676794052124023,0.37202000617980957,0.022272000089287758,2.947711944580078,2.9699840545654297
A-B,128,receiver,chunk,zero,B,receiver,8,False,True,0,2.6569530963897705,,6.547073125839233,0.514303982257843,10.114936113357544,201433088,9.414307117462158,0.03724813461303711,0.012052059173583984,0.006526947021484375,0.2934730052947998,0.3493001461029053,0.021888000890612602,2.9807040691375732,3.002592086791992
A-B,128,receiver,chunk,zero,B,receiver,9,False,True,0,2.5825021266937256,,6.885799884796143,0.5160959959030151,10.218216180801392,201433088,9.498918771743774,0.036744117736816406,0.012039899826049805,0.006288766860961914,0.1355452537536621,0.19061803817749023,0.02179200015962124,2.746272087097168,2.768064022064209
A-B,128,receiver,chunk,zero,B,receiver,10,False,True,0,2.5525081157684326,,7.12952995300293,0.519711971282959,10.342740058898926,201433088,9.587182760238647,0.03650379180908203,0.014156103134155273,0.006530046463012695,0.027358055114746094,0.0845479965209961,0.04428799822926521,2.590240001678467,2.6345279216766357
A-B,128,receiver,chunk,delay2,A,sender,1,False,True,2,2.5345053672790527,2.635974884033203,0.000843048095703125,1.215008020401001,6.518429279327393,0,0,0.19075822830200195,0.058094024658203125,0.034277915954589844,0.010991573333740234,0.29412174224853516,0.09043200314044952,2.7309439182281494,2.821376085281372
A-B,128,receiver,chunk,delay2,A,sender,2,False,True,2,2.477083683013916,2.6363420486450195,0.0012297630310058594,2.98636794090271,8.337611675262451,0,0,0.19480276107788086,0.056838035583496094,0.03433513641357422,0.01242208480834961,0.2983980178833008,0.08947200328111649,2.6768319606781006,2.7663040161132812
A-B,128,receiver,chunk,delay2,A,sender,3,False,True,2,2.246154308319092,2.6520814895629883,0.0008959770202636719,1.2906880378723145,6.332992076873779,0,0,0.20347023010253906,0.0614466667175293,0.03771829605102539,0.014347553253173828,0.3169827461242676,0.09350399672985077,2.458559989929199,2.5520639419555664
A-B,128,receiver,chunk,delay2,A,sender,4,False,True,2,2.518799304962158,2.6500959396362305,0.0008487701416015625,1.2696319818496704,6.602334022521973,0,0,0.19228076934814453,0.0568852424621582,0.03381490707397461,0.010809898376464844,0.2937908172607422,0.08966399729251862,2.7173759937286377,2.807039976119995
A-B,128,receiver,chunk,delay2,A,sender,5,False,True,2,2.535747528076172,2.59334135055542,0.0009145736694335938,1.204416036605835,6.47426700592041,0,0,0.21327733993530273,0.0568695068359375,0.033707618713378906,0.01113271713256836,0.3149871826171875,0.08934400230646133,2.755199909210205,2.844543933868408
A-B,128,receiver,chunk,delay2,A,sender,6,False,True,2,2.1872739791870117,2.2910728454589844,0.0009112358093261719,1.2873280048370361,5.9072265625,0,0,0.0398859977722168,0.012988567352294922,0.006773948669433594,0.03159952163696289,0.0912480354309082,0.046879999339580536,2.248255968093872,2.295135974884033
A-B,128,receiver,chunk,delay2,A,sender,7,False,True,2,2.540003776550293,2.6793832778930664,0.0009312629699707031,1.2468479871749878,6.616409778594971,0,0,0.2150897979736328,0.06304216384887695,0.036235809326171875,0.011991500854492188,0.32635927200317383,0.09491200000047684,2.7620480060577393,2.8569600582122803
A-B,128,receiver,chunk,delay2,A,sender,8,False,True,2,2.5072646141052246,2.620492935180664,0.0008568763732910156,1.252959966659546,6.516744136810303,0,0,0.20331525802612305,0.0653228759765625,0.03575468063354492,0.014428138732910156,0.3188209533691406,0.09663999825716019,2.7180800437927246,2.8147199153900146
A-B,128,receiver,chunk,delay2,A,sender,9,False,True,2,2.530048370361328,2.7524890899658203,0.007524967193603516,1.211743950843811,6.635711193084717,0,0,0.19707298278808594,0.059526920318603516,0.032770633697509766,0.01159811019897461,0.30096864700317383,0.09161599725484848,2.733504056930542,2.825119972229004
A-B,128,receiver,chunk,delay2,A,sender,10,False,True,2,2.295626640319824,2.827287197113037,0.000911712646484375,1.3029119968414307,6.59382963180542,0,0,0.17741107940673828,0.08342885971069336,0.06829595565795898,0.019080162048339844,0.34821605682373047,0.13980799913406372,2.481055974960327,2.620863914489746
A-B,128,receiver,chunk,delay2,B,receiver,1,False,True,2,4.7110230922698975,,4.667880058288574,0.5825279951095581,10.15142297744751,201433088,9.375789403915405,0.03625798225402832,0.012019872665405273,0.0068318843841552734,0.08972930908203125,0.14483904838562012,0.022592000663280487,4.8124799728393555,4.835072040557861
A-B,128,receiver,chunk,delay2,B,receiver,2,False,True,2,4.719815969467163,,4.645336151123047,0.5079360008239746,10.04461407661438,201433088,9.377633810043335,0.05394101142883301,0.016415834426879883,0.028222084045410156,0.003177165985107422,0.10175609588623047,0.04940799996256828,4.757728099822998,4.807136058807373
A-B,128,receiver,chunk,delay2,B,receiver,3,False,True,2,4.657624959945679,,4.792269945144653,0.5241280198097229,10.168723106384277,201433088,9.413129329681396,0.03729581832885742,0.01229405403137207,0.006441831588745117,0.0616610050201416,0.11769270896911621,0.022463999688625336,4.749120235443115,4.7715840339660645
A-B,128,receiver,chunk,delay2,B,receiver,4,False,True,2,4.691159963607788,,5.01515793800354,0.7633280158042908,10.690051078796387,201433088,9.71382188796997,0.06070709228515625,0.01821589469909668,0.017125844955444336,0.047634124755859375,0.14368295669555664,0.022592000663280487,4.810272216796875,4.832863807678223
A-B,128,receiver,chunk,delay2,B,receiver,5,False,True,2,4.77685809135437,,4.68523907661438,0.48259198665618896,10.094864130020142,201433088,9.41459608078003,0.05997824668884277,0.012885093688964844,0.016759634017944336,0.008303165435791016,0.09792613983154297,0.03232000023126602,4.837887763977051,4.870207786560059
A-B,128,receiver,chunk,delay2,B,receiver,6,False,True,2,4.3786211013793945,,5.102720260620117,0.5079039931297302,10.136673212051392,201433088,9.369023084640503,0.03684687614440918,0.011970043182373047,0.00704503059387207,0.029284954071044922,0.08514690399169922,0.0225600004196167,4.438144207000732,4.4607038497924805
A-B,128,receiver,chunk,delay2,B,receiver,7,False,True,2,4.780862092971802,,4.705260992050171,0.5078719854354858,10.154944896697998,201433088,9.450953006744385,0.05786919593811035,0.01300668716430664,0.016827106475830078,0.02417302131652832,0.11187601089477539,0.03232000023126602,4.836128234863281,4.868447780609131
A-B,128,receiver,chunk,delay2,B,receiver,8,False,True,2,4.731961011886597,,4.696988105773926,0.5491520166397095,10.124457120895386,201433088,9.37829303741455,0.03633308410644531,0.011950969696044922,0.006443977355957031,0.043565988540649414,0.09829401969909668,0.022624000906944275,4.783584117889404,4.80620813369751
A-B,128,receiver,chunk,delay2,B,receiver,9,False,True,2,4.712946176528931,,4.688112020492554,0.5169280171394348,10.205220937728882,201433088,9.504112005233765,0.0382990837097168,0.0125579833984375,0.00651097297668457,0.16968703269958496,0.22705507278442383,0.022016000002622604,4.913280010223389,4.935296058654785
A-B,128,receiver,chunk,delay2,B,receiver,10,False,True,2,4.7128801345825195,,4.8852219581604,0.543936014175415,10.309454202651978,201433088,9.515111923217773,0.03729677200317383,0.01223301887512207,0.00691986083984375,0.053710222244262695,0.11015987396240234,0.021983999758958817,4.795199871063232,4.817183971405029
A-B,128,receiver,chunk,jitter,A,sender,1,False,True,7.152050519510666,7.703794956207275,2.6211671829223633,0.0008516311645507812,1.2107839584350586,11.689301013946533,0,0,0.19741439819335938,0.05844879150390625,0.10879373550415039,0.011445999145507812,0.37610292434692383,0.16070400178432465,7.90777587890625,8.068479537963867
A-B,128,receiver,chunk,jitter,A,sender,2,False,True,1.0845506341535724,1.5737524032592773,2.7951884269714355,0.0008759498596191406,1.235967993736267,5.757751941680908,0,0,0.1971750259399414,0.05755805969238281,0.03428506851196289,0.010703086853027344,0.29972124099731445,0.08975999802350998,1.777791976928711,1.8675520420074463
A-B,128,receiver,chunk,jitter,A,sender,3,False,True,3.1067720022985217,3.7869067192077637,2.5815725326538086,0.0008721351623535156,1.2429440021514893,7.767658710479736,0,0,0.20775318145751953,0.057607173919677734,0.03537273406982422,0.01126718521118164,0.3120002746582031,0.0899839997291565,4.002079963684082,4.092063903808594
A-B,128,receiver,chunk,jitter,A,sender,4,False,True,1.841354930115397,2.3907971382141113,2.6782679557800293,0.000843048095703125,1.2339199781417847,6.437148094177246,0,0,0.19202947616577148,0.07797479629516602,0.03595399856567383,0.01132965087890625,0.3172879219055176,0.11004800349473953,2.5894079208374023,2.699455976486206
A-B,128,receiver,chunk,jitter,A,sender,5,False,True,4.850417785749867,5.3832573890686035,2.822734832763672,0.0008368492126464844,1.2102080583572388,9.550766944885254,0,0,0.19390058517456055,0.05678081512451172,0.0350341796875,0.010898590087890625,0.2966141700744629,0.08979199826717377,5.583680152893066,5.673471927642822
A-B,128,receiver,chunk,jitter,A,sender,6,False,True,5.547569961709336,6.077700614929199,2.5504508018493652,0.0008821487426757812,1.1987199783325195,9.982478618621826,0,0,0.1933155059814453,0.0569758415222168,0.03280162811279297,0.010663032531738281,0.29375600814819336,0.08905600011348724,6.277984142303467,6.367040157318115
A-B,128,receiver,chunk,jitter,A,sender,7,False,True,5.09907945249268,5.618804931640625,2.571660041809082,0.0008912086486816406,1.2422720193862915,9.593363761901855,0,0,0.18988370895385742,0.05738401412963867,0.033721923828125,0.01083993911743164,0.29182958602905273,0.08982399851083755,5.815135955810547,5.9049601554870605
A-B,128,receiver,chunk,jitter,A,sender,8,False,True,5.59463255884629,6.1332597732543945,3.018432140350342,0.0008549690246582031,1.2055360078811646,10.503983974456787,0,0,0.20147418975830078,0.05898094177246094,0.03535604476928711,0.013790130615234375,0.3096013069152832,0.09132800251245499,6.341055870056152,6.432384014129639
A-B,128,receiver,chunk,jitter,A,sender,9,False,True,3.3761313885428477,3.91795015335083,2.8961377143859863,0.0008716583251953125,1.2386239767074585,8.190062999725342,0,0,0.19486570358276367,0.056160926818847656,0.033274173736572266,0.010777950286865234,0.29507875442504883,0.08854400366544724,4.119455814361572,4.208000183105469
A-B,128,receiver,chunk,jitter,A,sender,10,False,True,6.609753668546425,7.144330978393555,2.583588123321533,0.0008525848388671875,1.2405439615249634,11.10424280166626,0,0,0.19378423690795898,0.056561946868896484,0.034099578857421875,0.012173175811767578,0.2966189384460449,0.08937600255012512,7.344287872314453,7.433663845062256
A-B,128,receiver,chunk,jitter,B,receiver,1,False,True,7.152050519510666,10.01789116859436,,0.0013890266418457031,0.4934079945087433,10.612886190414429,201433088,9.347009897232056,0.03451824188232422,0.011282920837402344,0.0065479278564453125,0.01645374298095703,0.0688028335571289,0.029664000496268272,10.05408000946045,10.083744049072266
A-B,128,receiver,chunk,jitter,B,receiver,2,False,True,1.0845506341535724,3.820436954498291,,5.391648054122925,0.7626879811286926,10.32676100730896,201433088,9.390379905700684,0.0615999698638916,0.01771402359008789,0.01723194122314453,0.17787599563598633,0.27442193031311035,0.022336000576615334,4.067615985870361,4.089951992034912
A-B,128,receiver,chunk,jitter,B,receiver,3,False,True,3.1067720022985217,5.9836320877075195,,3.621461868286133,0.4790720045566559,10.203171968460083,201433088,9.565970182418823,0.0370180606842041,0.014000177383422852,0.006939888000488281,0.026798009872436523,0.08475613594055176,0.04396799951791763,6.02239990234375,6.066368103027344
A-B,128,receiver,chunk,jitter,B,receiver,4,False,True,1.841354930115397,4.642098903656006,,4.8648362159729,0.5263360142707825,10.256872177124023,201433088,9.575533866882324,0.03639698028564453,0.011727094650268555,0.006597995758056641,0.13293790817260742,0.18765997886657715,0.022207999601960182,4.802239894866943,4.824448108673096
A-B,128,receiver,chunk,jitter,B,receiver,5,False,True,4.850417785749867,7.615012168884277,,1.5748481750488281,0.5080320239067078,10.082910060882568,201433088,9.419508934020996,0.03620314598083496,0.011693000793457031,0.006326913833618164,0.2886950969696045,0.34291815757751465,0.02175999991595745,7.912703990936279,7.934463977813721
A-B,128,receiver,chunk,jitter,B,receiver,6,False,True,5.547569961709336,8.309630393981934,,1.234833002090454,0.5097919702529907,10.177622079849243,201433088,9.470549821853638,0.037252187728881836,0.011290788650512695,0.006267070770263672,0.017091035842895508,0.07190108299255371,0.030880000442266464,8.34819221496582,8.379072189331055
A-B,128,receiver,chunk,jitter,B,receiver,7,False,True,5.09907945249268,7.877573728561401,,1.8615591526031494,0.5157120227813721,10.370591878890991,201433088,9.684053897857666,0.037153005599975586,0.011799812316894531,0.0076961517333984375,0.024061203002929688,0.08071017265319824,0.02675200067460537,7.920032024383545,7.946784019470215
A-B,128,receiver,chunk,jitter,B,receiver,8,False,True,5.59463255884629,8.39741325378418,,0.7604191303253174,0.7817919850349426,10.485008239746094,201433088,9.495887279510498,0.06121087074279785,0.027676105499267578,0.0315399169921875,0.3481760025024414,0.46860289573669434,0.3861440122127533,8.460639953613281,8.846783638000488
A-B,128,receiver,chunk,jitter,B,receiver,9,False,True,3.3761313885428477,6.1660261154174805,,3.0753726959228516,0.4912320077419281,10.16763710975647,201433088,9.46645998954773,0.045944929122924805,0.011831998825073242,0.007210254669189453,0.3116767406463623,0.3766639232635498,0.02175999991595745,6.515039920806885,6.536799907684326
A-B,128,receiver,chunk,jitter,B,receiver,10,False,True,6.609753668546425,9.383503198623657,,0.18072104454040527,0.48767998814582825,10.196339130401611,201433088,9.532450914382935,0.0358889102935791,0.01174616813659668,0.00635075569152832,0.05386924743652344,0.10785508155822754,0.021824000403285027,9.463808059692383,9.485631942749023
A-B,128,receiver,window2,zero,A,sender,1,False,True,0,0.39379215240478516,3.087402820587158,0.0008935928344726562,1.2261120080947876,4.841603755950928,0,0,0.1891160011291504,0.05872631072998047,0.055545806884765625,0.017285823822021484,0.32067394256591797,0.10822399705648422,0.5882560014724731,0.6964799761772156
A-B,128,receiver,window2,zero,A,sender,2,False,True,0,0.3815608024597168,3.111851692199707,0.0008635520935058594,1.214624047279358,4.8907623291015625,0,0,0.1856827735900879,0.0725393295288086,0.03552675247192383,0.011898040771484375,0.3056468963623047,0.1042879968881607,0.5741440057754517,0.6784319877624512
A-B,128,receiver,window2,zero,A,sender,3,False,True,0,0.24993896484375,3.1771740913391113,0.0008649826049804688,1.3480000495910645,4.910811424255371,0,0,0.1637558937072754,0.057773590087890625,0.03128862380981445,0.012022972106933594,0.26484107971191406,0.08844800293445587,0.41974401473999023,0.5081920027732849
A-B,128,receiver,window2,zero,A,sender,4,False,True,0,0.35043907165527344,3.08976411819458,0.0008368492126464844,1.2077440023422241,4.850564956665039,0,0,0.1735248565673828,0.05468130111694336,0.033548831939697266,0.011858940124511719,0.27361392974853516,0.08633600175380707,0.5297920107841492,0.6161280274391174
A-B,128,receiver,window2,zero,A,sender,5,False,True,0,0.44989824295043945,3.053668975830078,0.0008778572082519531,1.236415982246399,4.87563943862915,0,0,0.17733001708984375,0.0537409782409668,0.034983158111572266,0.011167049407958984,0.2772212028503418,0.08582399785518646,0.6330559849739075,0.7188799977302551
A-B,128,receiver,window2,zero,A,sender,6,False,True,0,0.23822832107543945,3.318753719329834,0.0009012222290039062,1.248703956604004,4.944122314453125,0,0,0.03974294662475586,0.012394905090332031,0.006719112396240234,0.031835079193115234,0.09069204330444336,0.04742399975657463,0.28064000606536865,0.3280639946460724
A-B,128,receiver,window2,zero,A,sender,7,False,True,0,0.3129711151123047,3.1443381309509277,0.000881195068359375,1.215872049331665,4.816105365753174,0,0,0.2352147102355957,0.055457115173339844,0.03863191604614258,0.01147317886352539,0.3407769203186035,0.10684800148010254,0.5351359844207764,0.6419839859008789
A-B,128,receiver,window2,zero,A,sender,8,False,True,0,0.3861722946166992,3.107065200805664,0.0008878707885742188,1.2059839963912964,4.835113048553467,0,0,0.1926274299621582,0.05743885040283203,0.03418874740600586,0.013311386108398438,0.29756641387939453,0.08940800279378891,0.5852800011634827,0.6746879816055298
A-B,128,receiver,window2,zero,A,sender,9,False,True,0,0.44380998611450195,3.067750930786133,0.0008769035339355469,1.2082560062408447,4.85516881942749,0,0,0.17654705047607422,0.05416440963745117,0.03250741958618164,0.010958194732666016,0.27417707443237305,0.08601599931716919,0.6267200112342834,0.7127360105514526
A-B,128,receiver,window2,zero,A,sender,10,False,True,0,0.4491100311279297,3.1004180908203125,0.0008840560913085938,1.2143679857254028,4.897515296936035,0,0,0.1998434066772461,0.05390310287475586,0.03180885314941406,0.011946678161621094,0.2975020408630371,0.08649600297212601,0.6550080180168152,0.7415040135383606
A-B,128,receiver,window2,zero,B,receiver,1,False,True,0,2.7038238048553467,,5.7972798347473145,0.4787839949131012,9.509309768676758,201433088,8.852041244506836,0.036760807037353516,0.011561870574951172,0.006444215774536133,0.43236303329467773,0.48712992668151855,0.02252800017595291,3.1552000045776367,3.1777279376983643
A-B,128,receiver,window2,zero,B,receiver,2,False,True,0,2.579279899597168,,5.859760046005249,0.5081599950790405,9.629632949829102,201433088,8.87770414352417,0.03627514839172363,0.011571884155273438,0.006690025329589844,0.5705411434173584,0.6250782012939453,0.02208000048995018,3.1711039543151855,3.1931838989257812
A-B,128,receiver,window2,zero,B,receiver,3,False,True,0,2.4381890296936035,,5.840135097503662,0.47673600912094116,9.535993814468384,201433088,8.871927976608276,0.03603482246398926,0.013755321502685547,0.006457805633544922,0.6887381076812744,0.7449860572814941,0.022016000002622604,3.1424319744110107,3.1644480228424072
A-B,128,receiver,window2,zero,B,receiver,4,False,True,0,2.552567958831787,,5.88316798210144,0.5001279711723328,9.629453897476196,201433088,8.889811754226685,0.02276897430419922,0.0070760250091552734,0.006631135940551758,0.6058328151702881,0.6423089504241943,0.02236800082027912,3.158720016479492,3.1810879707336426
A-B,128,receiver,window2,zero,B,receiver,5,False,True,0,2.590064287185669,,5.859025955200195,0.4986880123615265,9.604850053787231,201433088,8.856820821762085,0.039628028869628906,0.011848926544189453,0.006545066833496094,0.5414409637451172,0.5994629859924316,0.022272000089287758,3.152928113937378,3.1751999855041504
A-B,128,receiver,window2,zero,B,receiver,6,False,True,0,2.1914169788360596,,5.780284881591797,0.808351993560791,9.951487064361572,201433088,8.97498106956482,0.0807039737701416,0.019099950790405273,0.019803762435913086,0.9785799980163574,1.0981876850128174,0.02287999913096428,3.252703905105591,3.2755839824676514
A-B,128,receiver,window2,zero,B,receiver,7,False,True,0,2.6063709259033203,,5.808261156082153,0.5101760029792786,9.587810039520264,201433088,8.888029098510742,0.036859989166259766,0.011438846588134766,0.006576061248779297,0.566129207611084,0.6210041046142578,0.022336000576615334,3.191488027572632,3.2138240337371826
A-B,128,receiver,window2,zero,B,receiver,8,False,True,0,2.5996899604797363,,5.813766956329346,0.4952000081539154,9.55109691619873,201433088,8.874725580215454,0.036713361740112305,0.011434793472290039,0.006769895553588867,0.5516071319580078,0.606525182723999,0.022143999114632607,3.171583890914917,3.193727970123291
A-B,128,receiver,window2,zero,B,receiver,9,False,True,0,2.609821081161499,,5.80918025970459,0.5725759863853455,9.622754096984863,201433088,8.86373496055603,0.036073923110961914,0.011423826217651367,0.0062770843505859375,0.5415730476379395,0.5953478813171387,0.022272000089287758,3.168704032897949,3.1909759044647217
A-B,128,receiver,window2,zero,B,receiver,10,False,True,0,2.60986590385437,,5.8738579750061035,0.5220800042152405,9.683905839920044,201433088,8.89950704574585,0.03721213340759277,0.012163877487182617,0.0065991878509521484,0.5640521049499512,0.6200273036956787,0.022592000663280487,3.1934080123901367,3.2160000801086426
A-B,128,receiver,window2,delay2,A,sender,1,False,True,2,2.525008201599121,2.782421112060547,0.0009107589721679688,1.255519986152649,6.705460548400879,0,0,0.20322656631469727,0.061470985412597656,0.03648662567138672,0.011426925659179688,0.31261110305786133,0.09411200135946274,2.755039930343628,2.849152088165283
A-B,128,receiver,window2,delay2,A,sender,2,False,True,2,2.5595178604125977,2.8548121452331543,0.0008687973022460938,1.3771840333938599,6.94616174697876,0,0,0.3422818183898926,0.07033491134643555,0.0395660400390625,0.015221118927001953,0.4674038887023926,0.10579200088977814,2.904576063156128,3.0103681087493896
A-B,128,receiver,window2,delay2,A,sender,3,False,True,2,2.5027074813842773,2.6859145164489746,0.0009636878967285156,1.2310080528259277,6.582963466644287,0,0,0.20482921600341797,0.059841156005859375,0.03582477569580078,0.011635780334472656,0.3121309280395508,0.09247999638319016,2.7141759395599365,2.8066558837890625
A-B,128,receiver,window2,delay2,A,sender,4,False,True,2,2.5017752647399902,2.941707134246826,0.000896453857421875,1.229151964187622,6.816294193267822,0,0,0.1945033073425293,0.057559967041015625,0.03690290451049805,0.012803077697753906,0.3017692565917969,0.0899519994854927,2.702687978744507,2.792639970779419
A-B,128,receiver,window2,delay2,A,sender,5,False,True,2,2.60593318939209,2.7051148414611816,0.0009055137634277344,1.2197120189666748,6.670793056488037,0,0,0.20229768753051758,0.056775569915771484,0.03402376174926758,0.010764598846435547,0.3038616180419922,0.08975999802350998,2.8138880729675293,2.9036478996276855
A-B,128,receiver,window2,delay2,A,sender,6,False,True,2,2.2821593284606934,2.45933198928833,0.0006227493286132812,1.348960041999817,6.150040149688721,0,0,0.0976409912109375,0.0637507438659668,0.030247211456298828,0.010724067687988281,0.2023630142211914,0.0944959968328476,2.386784076690674,2.4812800884246826
A-B,128,receiver,window2,delay2,A,sender,7,False,True,2,2.533029079437256,2.797764301300049,0.000980377197265625,1.2276159524917603,6.6943840980529785,0,0,0.20658349990844727,0.059978485107421875,0.036108970642089844,0.011662960052490234,0.3143339157104492,0.09257599711418152,2.746527910232544,2.839103937149048
A-B,128,receiver,window2,delay2,A,sender,8,False,True,2,2.481107234954834,2.8228135108947754,0.0008540153503417969,1.3649280071258545,6.820517539978027,0,0,0.21098995208740234,0.056733131408691406,0.034499168395996094,0.010321617126464844,0.3125438690185547,0.08931200206279755,2.6984639167785645,2.787775993347168
A-B,128,receiver,window2,delay2,A,sender,9,False,True,2,2.429879665374756,2.876735210418701,0.0009098052978515625,1.2127679586410522,6.654434680938721,0,0,0.2077937126159668,0.06008291244506836,0.033922672271728516,0.013705253601074219,0.3155045509338379,0.09203200042247772,2.6436800956726074,2.7357120513916016
A-B,128,receiver,window2,delay2,A,sender,10,False,True,2,2.489543914794922,2.798572540283203,0.0008831024169921875,1.2304320335388184,6.652766227722168,0,0,0.2076859474182129,0.05641460418701172,0.03375053405761719,0.010595321655273438,0.30844640731811523,0.08879999816417694,2.703360080718994,2.7921600341796875
A-B,128,receiver,window2,delay2,B,receiver,1,False,True,2,4.765999794006348,,4.186056852340698,0.5058879852294922,9.757789850234985,201433088,9.00211787223816,0.03665280342102051,0.011889934539794922,0.006770133972167969,0.18734192848205566,0.24265480041503906,0.021983999758958817,4.964960098266602,4.986944198608398
A-B,128,receiver,window2,delay2,B,receiver,2,False,True,2,4.94731593132019,,3.9672038555145264,0.47868800163269043,9.590839862823486,201433088,8.853633880615234,0.03800201416015625,0.012466192245483398,0.006700992584228516,0.0965738296508789,0.15374302864074707,0.02191999927163124,5.059807777404785,5.081727981567383
A-B,128,receiver,window2,delay2,B,receiver,3,False,True,2,4.7743542194366455,,4.0022969245910645,0.47887998819351196,9.466333866119385,201433088,8.832381963729858,0.036477088928222656,0.011944055557250977,0.0070798397064208984,0.12027311325073242,0.17577409744262695,0.022143999114632607,4.923776149749756,4.945919990539551
A-B,128,receiver,window2,delay2,B,receiver,4,False,True,2,4.831421852111816,,3.9561569690704346,0.7565439939498901,9.969689846038818,201433088,9.032034158706665,0.07178592681884766,0.01857304573059082,0.017566919326782227,0.23004889488220215,0.33797478675842285,0.02223999984562397,5.1387200355529785,5.1609601974487305
A-B,128,receiver,window2,delay2,B,receiver,5,False,True,2,4.789006948471069,,3.991177797317505,0.5316479802131653,9.583441019058228,201433088,8.857686996459961,0.036621809005737305,0.01242208480834961,0.006537199020385742,0.18075990676879883,0.23634099960327148,0.02163200080394745,4.984096050262451,5.005727767944336
A-B,128,receiver,window2,delay2,B,receiver,6,False,True,2,4.392084836959839,,4.537779092788696,0.5028480291366577,9.681960105895996,201433088,8.983134031295776,0.03737974166870117,0.012521982192993164,0.006617069244384766,0.15733599662780762,0.21385478973388672,0.02175999991595745,4.563039779663086,4.584799766540527
A-B,128,receiver,window2,delay2,B,receiver,7,False,True,2,4.766214370727539,,3.970392942428589,0.5012159943580627,9.547389268875122,201433088,8.892001152038574,0.0363008975982666,0.011995077133178711,0.007005929946899414,0.21074986457824707,0.2660517692565918,0.021856000646948814,4.990943908691406,5.012800216674805
A-B,128,receiver,window2,delay2,B,receiver,8,False,True,2,4.717639923095703,,3.996492862701416,0.5207039713859558,9.593226909637451,201433088,8.884751081466675,0.036049842834472656,0.012156009674072266,0.006350994110107422,0.26767706871032715,0.3222339153289795,0.021663999184966087,4.997568130493164,5.019231796264648
A-B,128,receiver,window2,delay2,B,receiver,9,False,True,2,4.688995838165283,,4.115394115447998,0.5043519735336304,9.69883680343628,201433088,9.00226092338562,0.03827810287475586,0.011827945709228516,0.008765697479248047,0.29540109634399414,0.35427284240722656,0.021663999184966087,5.008575916290283,5.030240058898926
A-B,128,receiver,window2,delay2,B,receiver,10,False,True,2,4.729035139083862,,3.968437910079956,0.5011199712753296,9.545448064804077,201433088,8.849782228469849,0.03590893745422363,0.012064218521118164,0.006809711456298828,0.24985194206237793,0.30463480949401855,0.021727999672293663,4.990367889404297,5.012095928192139
A-B,128,receiver,window2,jitter,A,sender,1,False,True,2.3978023181528085,2.9201459884643555,2.739340305328369,0.0008740425109863281,1.2547520399093628,7.090209007263184,0,0,0.21728229522705078,0.058202266693115234,0.03633260726928711,0.010854244232177734,0.32267141342163086,0.09087999910116196,3.150496006011963,3.2413759231567383
A-B,128,receiver,window2,jitter,A,sender,2,False,True,5.488456286506064,6.1053853034973145,3.1213126182556152,0.0008869171142578125,1.2074559926986694,10.589159965515137,0,0,0.21857929229736328,0.056813716888427734,0.03449821472167969,0.01102590560913086,0.32091712951660156,0.09004800021648407,6.330783843994141,6.42083215713501
A-B,128,receiver,window2,jitter,A,sender,3,False,True,7.996928421607372,8.499279022216797,2.587398052215576,0.0008578300476074219,1.2216639518737793,12.471034049987793,0,0,0.20277833938598633,0.059897422790527344,0.03390073776245117,0.011649131774902344,0.3082256317138672,0.09180799871683121,8.710111618041992,8.801919937133789
A-B,128,receiver,window2,jitter,A,sender,4,False,True,4.965206046046069,5.4586076736450195,3.696906566619873,0.0007481575012207031,1.1948479413986206,10.420424938201904,0,0,0.19029903411865234,0.05942106246948242,0.03359794616699219,0.011171340942382812,0.29448938369750977,0.09196799993515015,5.655231952667236,5.747200012207031
A-B,128,receiver,window2,jitter,A,sender,5,False,True,1.7490364240876284,2.21384859085083,2.670938491821289,0.0008258819580078125,1.1110080480575562,6.059505939483643,0,0,0.0916910171508789,0.043994903564453125,0.02751922607421875,0.009651660919189453,0.17285680770874023,0.07417599856853485,2.309920072555542,2.3840959072113037
A-B,128,receiver,window2,jitter,A,sender,6,False,True,0.6847827645338711,1.1863245964050293,2.3043971061706543,0.0006079673767089844,1.0959999561309814,4.644864559173584,0,0,0.08481884002685547,0.047675132751464844,0.027654170989990234,0.008683204650878906,0.16883134841918945,0.07807999849319458,1.2756799459457397,1.353760004043579
A-B,128,receiver,window2,jitter,A,sender,7,False,True,6.99098701913628,7.4302802085876465,2.495354652404785,0.000759124755859375,1.1584320068359375,11.153751850128174,0,0,0.21052217483520508,0.05876874923706055,0.08606624603271484,0.011047840118408203,0.36640501022338867,0.12118399888277054,7.6137919425964355,7.734975814819336
A-B,128,receiver,window2,jitter,A,sender,8,False,True,4.620743421352539,5.0486249923706055,2.798758029937744,0.0009355545043945312,1.215999960899353,9.220425605773926,0,0,0.19301462173461914,0.0719137191772461,0.033204078674316406,0.011295795440673828,0.30942821502685547,0.10447999835014343,5.24838399887085,5.352863788604736
A-B,128,receiver,window2,jitter,A,sender,9,False,True,2.679300472873228,2.974954128265381,2.5393309593200684,0.0007066726684570312,1.2491519451141357,6.829233169555664,0,0,0.0996246337890625,0.07988882064819336,0.0309906005859375,0.013089656829833984,0.22359371185302734,0.10780800133943558,3.0838398933410645,3.191648006439209
A-B,128,receiver,window2,jitter,A,sender,10,False,True,0.07404841084165792,0.6749520301818848,2.7867321968078613,0.0008950233459472656,1.2028160095214844,4.82726526260376,0,0,0.17851686477661133,0.058487892150878906,0.03347444534301758,0.011572837829589844,0.28205204010009766,0.09081599861383438,0.8600320219993591,0.9508479833602905
A-B,128,receiver,window2,jitter,B,receiver,1,False,True,2.3978023181528085,5.2029969692230225,,3.585667133331299,0.7642239928245544,9.816492080688477,201433088,8.88780403137207,0.06180000305175781,0.01774311065673828,0.017261981964111328,0.07689571380615234,0.17370080947875977,0.022624000906944275,5.345056056976318,5.367680072784424
A-B,128,receiver,window2,jitter,B,receiver,2,False,True,5.488456286506064,8.319292068481445,,0.14423799514770508,0.5040959715843201,9.62551498413086,201433088,8.949774980545044,0.03628373146057129,0.01165008544921875,0.00642704963684082,0.568687915802002,0.6230487823486328,0.022016000002622604,8.903712272644043,8.925727844238281
A-B,128,receiver,window2,jitter,B,receiver,3,False,True,7.996928421607372,10.789654970169067,,0.0013158321380615234,0.47996801137924194,11.371320962905884,201433088,8.80381989479065,0.0344998836517334,0.011180877685546875,0.006367206573486328,0.016910791397094727,0.06895875930786133,0.030751999467611313,10.825920104980469,10.856672286987305
A-B,128,receiver,window2,jitter,B,receiver,4,False,True,4.965206046046069,7.702178955078125,,0.003056764602661133,0.7595199942588806,9.851984024047852,201433088,8.85234785079956,0.06149005889892578,0.017752885818481445,0.016753196716308594,1.1549088954925537,1.2509050369262695,0.02271999977529049,8.915552139282227,8.938272476196289
A-B,128,receiver,window2,jitter,B,receiver,5,False,True,1.7490364240876284,4.225198030471802,,4.355885028839111,0.807968020439148,9.86058497428894,201433088,8.869517087936401,0.05903792381286621,0.01810908317565918,0.017036914825439453,0.24828886985778809,0.34247279167175293,0.0226879995316267,4.5373759269714355,4.56006383895874
A-B,128,receiver,window2,jitter,B,receiver,6,False,True,0.6847827645338711,3.1559181213378906,,5.872773170471191,0.4946880042552948,9.679857015609741,201433088,8.948787689208984,0.03697800636291504,0.011302947998046875,0.006404876708984375,0.02800607681274414,0.08269190788269043,0.041760001331567764,3.1944639682769775,3.2362239360809326
A-B,128,receiver,window2,jitter,B,receiver,7,False,True,6.99098701913628,9.644985914230347,,0.001371145248413086,0.47942399978637695,10.228721857070923,201433088,8.81470775604248,0.03565025329589844,0.012230873107910156,0.006062030792236328,0.017547130584716797,0.07149028778076172,0.031231999397277832,9.683775901794434,9.715007781982422
A-B,128,receiver,window2,jitter,B,receiver,8,False,True,4.620743421352539,7.312662124633789,,1.3927738666534424,0.761247992515564,9.811331033706665,201433088,8.869571924209595,0.05915212631225586,0.017885923385620117,0.0169980525970459,0.17372488975524902,0.2677609920501709,0.022592000663280487,7.538976192474365,7.561567783355713
A-B,128,receiver,window2,jitter,B,receiver,9,False,True,2.679300472873228,5.162528991699219,,3.59419322013855,0.7583039999008179,9.832486867904663,201433088,8.903425931930542,0.059797048568725586,0.0181119441986084,0.017007827758789062,0.12357425689697266,0.2184910774230957,0.022112000733613968,5.355008125305176,5.377120018005371
A-B,128,receiver,window2,jitter,B,receiver,10,False,True,0.07404841084165792,2.8331778049468994,,5.82154107093811,0.5074560046195984,9.517842769622803,201433088,8.849445104598999,0.03755307197570801,0.011868715286254883,0.006676197052001953,0.2625389099121094,0.3186368942260742,0.022016000002622604,3.127135992050171,3.1491520404815674
A-B,128,receiver,priority,zero,A,sender,1,False,True,0,0.43813514709472656,2.8518710136413574,0.00090789794921875,1.221824049949646,4.664926052093506,0,0,0.17790555953979492,0.05448102951049805,0.03330516815185547,0.01139211654663086,0.2770838737487793,0.0870399996638298,0.6223999857902527,0.7094399929046631
A-B,128,receiver,priority,zero,A,sender,2,False,True,0,0.2700486183166504,2.565670967102051,0.0007429122924804688,1.2383040189743042,4.147318363189697,0,0,0.09579658508300781,0.05893087387084961,0.032219886779785156,0.010785102844238281,0.19773244857788086,0.08899199962615967,0.37276801466941833,0.461760014295578
A-B,128,receiver,priority,zero,A,sender,3,False,True,0,0.42531824111938477,2.580965042114258,0.0008630752563476562,1.188223958015442,4.350736141204834,0,0,0.1763439178466797,0.05480480194091797,0.03238821029663086,0.011321067810058594,0.2748579978942871,0.08681599795818329,0.6080960035324097,0.6949120163917542
A-B,128,receiver,priority,zero,A,sender,4,False,True,0,0.4455599784851074,2.8605709075927734,0.0008602142333984375,1.239967942237854,4.6976470947265625,0,0,0.2475876808166504,0.05559110641479492,0.037867069244384766,0.011701583862304688,0.35274744033813477,0.1358720064163208,0.6516159772872925,0.7874879837036133
A-B,128,receiver,priority,zero,A,sender,5,False,True,0,0.34857606887817383,2.539278984069824,0.0008859634399414062,1.2336640357971191,4.260793685913086,0,0,0.17537689208984375,0.054289817810058594,0.03231096267700195,0.010947227478027344,0.27292490005493164,0.0867839977145195,0.5297279953956604,0.6165120005607605
A-B,128,receiver,priority,zero,A,sender,6,False,True,0,0.42266178131103516,2.8575377464294434,0.0009584426879882812,1.227679967880249,4.644641876220703,0,0,0.17993831634521484,0.05449819564819336,0.03465986251831055,0.011146068572998047,0.2802424430847168,0.0867839977145195,0.6083199977874756,0.6951040029525757
A-B,128,receiver,priority,zero,A,sender,7,False,True,0,0.3524923324584961,2.666656494140625,0.0009279251098632812,1.2289279699325562,4.384460926055908,0,0,0.1763019561767578,0.05405092239379883,0.032009124755859375,0.011085987091064453,0.27344799041748047,0.08649600297212601,0.5344640016555786,0.620959997177124
A-B,128,receiver,priority,zero,A,sender,8,False,True,0,0.29668188095092773,2.5822091102600098,0.0009059906005859375,1.2031680345535278,4.2345147132873535,0,0,0.17800092697143555,0.05469036102294922,0.034089088439941406,0.012176036834716797,0.27895641326904297,0.08640000224113464,0.4813759922981262,0.5677760243415833
A-B,128,receiver,priority,zero,A,sender,9,False,True,0,0.4394688606262207,2.8625288009643555,0.000888824462890625,1.2222720384597778,4.662288665771484,0,0,0.17619800567626953,0.054064273834228516,0.0322270393371582,0.01084280014038086,0.2733321189880371,0.08665599673986435,0.6220160126686096,0.7086719870567322
A-B,128,receiver,priority,zero,A,sender,10,False,True,0,0.3891792297363281,2.9293618202209473,0.0008897781372070312,1.2106560468673706,4.666264057159424,0,0,0.17515802383422852,0.05358743667602539,0.03204774856567383,0.012837409973144531,0.27363061904907227,0.08537600189447403,0.570464015007019,0.6558399796485901
A-B,128,receiver,priority,zero,B,receiver,1,False,True,0,2.627847194671631,,6.746598958969116,0.4896639883518219,10.270471096038818,201433088,9.594574928283691,0.0372920036315918,0.011825799942016602,0.018596172332763672,0.30129098892211914,0.3690049648284912,0.021824000403285027,2.9763200283050537,2.9981439113616943
A-B,128,receiver,priority,zero,B,receiver,2,False,True,0,2.3257429599761963,,7.073739290237427,0.5730559825897217,10.354964971542358,201433088,9.522711038589478,0.03567695617675781,0.012079954147338867,0.006421089172363281,0.2649250030517578,0.3191030025482178,0.02179200015962124,2.624959945678711,2.646752119064331
A-B,128,receiver,priority,zero,B,receiver,3,False,True,0,2.5929739475250244,,6.968920946121216,0.7765439748764038,10.510010957717896,201433088,9.526998043060303,0.06016397476196289,0.018471240997314453,0.0178377628326416,0.004640102386474609,0.10111308097839355,0.03776000067591667,2.6613759994506836,2.6991360187530518
A-B,128,receiver,priority,zero,B,receiver,4,False,True,0,2.6679489612579346,,6.7765491008758545,0.5119680166244507,10.311514854431152,201433088,9.612843036651611,0.03667783737182617,0.012456178665161133,0.0065119266510009766,0.26190710067749023,0.3175530433654785,0.02175999991595745,2.96614408493042,2.9879040718078613
A-B,128,receiver,priority,zero,B,receiver,5,False,True,0,2.5597310066223145,,7.050585985183716,0.515999972820282,10.237226963043213,201433088,9.526341915130615,0.035275936126708984,0.016106128692626953,0.007662773132324219,0.012043952941894531,0.07108879089355469,0.031328000128269196,2.602207899093628,2.6335361003875732
A-B,128,receiver,priority,zero,B,receiver,6,False,True,0,2.5957448482513428,,6.731690883636475,0.4947519898414612,10.260072946548462,201433088,9.519726991653442,0.03668975830078125,0.011738300323486328,0.016541004180908203,0.31299400329589844,0.3779630661010742,0.021856000646948814,2.952672004699707,2.9745280742645264
A-B,128,receiver,priority,zero,B,receiver,7,False,True,0,2.5717718601226807,,7.008750915527344,0.4771519899368286,10.285011053085327,201433088,9.6409170627594,0.024350643157958984,0.00793004035949707,0.00613713264465332,0.1592550277709961,0.19767284393310547,0.021856000646948814,2.74617600440979,2.7680320739746094
A-B,128,receiver,priority,zero,B,receiver,8,False,True,0,2.525151014328003,,7.077477216720581,0.5635520219802856,10.344714879989624,201433088,9.515749216079712,0.0398249626159668,0.012414216995239258,0.00665593147277832,0.05904078483581543,0.1179358959197998,0.021727999672293663,2.622080087661743,2.643807888031006
A-B,128,receiver,priority,zero,B,receiver,9,False,True,0,2.6679370403289795,,6.7291481494903564,0.5210239887237549,10.309135913848877,201433088,9.544580936431885,0.036715030670166016,0.012101173400878906,0.006829738616943359,0.2764780521392822,0.3321239948272705,0.021888000890612602,2.979680061340332,3.001568078994751
A-B,128,receiver,priority,zero,B,receiver,10,False,True,0,2.666729211807251,,6.651277303695679,0.7865279912948608,10.521478176116943,201433088,9.500863790512085,0.056691884994506836,0.0181119441986084,0.016740083694458008,0.24925494194030762,0.34079885482788086,0.021856000646948814,2.9876160621643066,3.009471893310547
A-B,128,receiver,priority,delay2,A,sender,1,False,True,2,2.6199631690979004,2.6448659896850586,0.0009045600891113281,1.7499840259552002,7.17310094833374,0,0,0.2018880844116211,0.0941157341003418,0.03430652618408203,0.011691570281982422,0.34200191497802734,0.12169600278139114,2.8278400897979736,2.949536085128784
A-B,128,receiver,priority,delay2,A,sender,2,False,True,2,2.560171604156494,2.572427272796631,0.0008401870727539062,1.3120319843292236,6.582388877868652,0,0,0.19415712356567383,0.061652183532714844,0.03494691848754883,0.011302947998046875,0.3020591735839844,0.09321600198745728,2.761215925216675,2.8544321060180664
A-B,128,receiver,priority,delay2,A,sender,3,False,True,2,2.4309182167053223,2.6480064392089844,0.0008730888366699219,1.208672046661377,6.422921180725098,0,0,0.202484130859375,0.07230806350708008,0.03518104553222656,0.013220787048339844,0.3231940269470215,0.10364799946546555,2.639807939529419,2.7434558868408203
A-B,128,receiver,priority,delay2,A,sender,4,False,True,2,2.4272689819335938,2.67569637298584,0.000873565673828125,1.2035200595855713,6.4422831535339355,0,0,0.19164037704467773,0.056830406188964844,0.03389692306518555,0.01107025146484375,0.2934379577636719,0.08940800279378891,2.624511957168579,2.7139201164245605
A-B,128,receiver,priority,delay2,A,sender,5,False,True,2,2.4326071739196777,2.595104694366455,0.0009441375732421875,1.2218559980392456,6.391287803649902,0,0,0.2081012725830078,0.056967735290527344,0.03415632247924805,0.011632442474365234,0.31085777282714844,0.08950400352478027,2.687391996383667,2.7768959999084473
A-B,128,receiver,priority,delay2,A,sender,6,False,True,2,2.495805263519287,2.5651721954345703,0.0009207725524902344,1.2032320499420166,6.3995842933654785,0,0,0.1917123794555664,0.05617952346801758,0.035063743591308594,0.011018753051757812,0.2939743995666504,0.08966399729251862,2.693120002746582,2.7827839851379395
A-B,128,receiver,priority,delay2,A,sender,7,False,True,2,2.46771240234375,2.6107687950134277,0.0009765625,1.2120959758758545,6.4267578125,0,0,0.19231128692626953,0.05645561218261719,0.03413820266723633,0.011900901794433594,0.29480600357055664,0.08934400230646133,2.666304111480713,2.755647897720337
A-B,128,receiver,priority,delay2,A,sender,8,False,True,2,2.3640904426574707,2.6504316329956055,0.0008707046508789062,1.2306239604949951,6.380666255950928,0,0,0.21054601669311523,0.063568115234375,0.03401994705200195,0.012300968170166016,0.3204350471496582,0.09551999717950821,2.58076810836792,2.676287889480591
A-B,128,receiver,priority,delay2,A,sender,9,False,True,2,2.4799270629882812,2.7483158111572266,0.0008630752563476562,1.2426879405975342,6.6063151359558105,0,0,0.2109999656677246,0.05671119689941406,0.03403663635253906,0.011964797973632812,0.31371259689331055,0.08940800279378891,2.69702410697937,2.7864320278167725
A-B,128,receiver,priority,delay2,A,sender,10,False,True,2,2.5763278007507324,2.6170620918273926,0.0009317398071289062,1.204576015472412,6.532968997955322,0,0,0.19556093215942383,0.05693387985229492,0.03507232666015625,0.010532855987548828,0.29809999465942383,0.09001599997282028,2.7782719135284424,2.868288040161133
A-B,128,receiver,priority,delay2,B,receiver,1,False,True,2,4.845899820327759,,4.8759238719940186,0.5127040147781372,10.384819746017456,201433088,9.625450134277344,0.03712725639343262,0.0116729736328125,0.017689943313598633,0.023251056671142578,0.08974123001098633,0.043807998299598694,4.887936115264893,4.93174409866333
A-B,128,receiver,priority,delay2,B,receiver,2,False,True,2,4.7422778606414795,,4.759555101394653,0.4800640046596527,10.099768877029419,201433088,9.46532678604126,0.03931427001953125,0.012089967727661133,0.006953001022338867,0.016800880432128906,0.07515811920166016,0.03577600046992302,4.784512042999268,4.820288181304932
A-B,128,receiver,priority,delay2,B,receiver,3,False,True,2,4.6912617683410645,,4.916500091552734,0.4914880096912384,10.266833066940308,201433088,9.588052988052368,0.03554797172546387,0.01179194450378418,0.00673222541809082,0.0724039077758789,0.12647604942321777,0.02208000048995018,4.797215938568115,4.819295883178711
A-B,128,receiver,priority,delay2,B,receiver,4,False,True,2,4.658519983291626,,4.83813214302063,0.49619200825691223,10.213465929031372,201433088,9.53039002418518,0.03574085235595703,0.011962890625,0.006820201873779297,0.12895894050598145,0.18348288536071777,0.022048000246286392,4.820799827575684,4.84284782409668
A-B,128,receiver,priority,delay2,B,receiver,5,False,True,2,4.72009015083313,,4.775543928146362,0.4992319941520691,10.13050889968872,201433088,9.446311950683594,0.0357208251953125,0.012069940567016602,0.0067331790924072266,0.04405474662780762,0.09857869148254395,0.022016000002622604,4.796864032745361,4.818880081176758
A-B,128,receiver,priority,delay2,B,receiver,6,False,True,2,4.717153787612915,,4.772790908813477,0.5004159808158875,10.099170923233032,201433088,9.445098161697388,0.03568387031555176,0.01244211196899414,0.006964206695556641,0.016338825225830078,0.07142901420593262,0.03200000151991844,4.7584638595581055,4.790463924407959
A-B,128,receiver,priority,delay2,B,receiver,7,False,True,2,4.727187871932983,,4.77864408493042,0.5029119849205017,10.151012897491455,201433088,9.458541870117188,0.035533905029296875,0.011898994445800781,0.0065708160400390625,0.05054807662963867,0.10455179214477539,0.022207999601960182,4.810336112976074,4.832543849945068
A-B,128,receiver,priority,delay2,B,receiver,8,False,True,2,4.682246923446655,,4.779407978057861,0.49724799394607544,10.121662855148315,201433088,9.465509176254272,0.03565716743469238,0.011836051940917969,0.0068509578704833984,0.0698549747467041,0.12419915199279785,0.022016000002622604,4.785312175750732,4.807328224182129
A-B,128,receiver,priority,delay2,B,receiver,9,False,True,2,4.726123094558716,,4.7820658683776855,0.4991999864578247,10.29793405532837,201433088,9.612180948257446,0.035735130310058594,0.011921882629394531,0.006464958190917969,0.19932317733764648,0.2534451484680176,0.022016000002622604,4.95795202255249,4.979968070983887
A-B,128,receiver,priority,delay2,B,receiver,10,False,True,2,4.794816017150879,,4.719143867492676,0.5007039904594421,10.165802955627441,201433088,9.481405019760132,0.036269187927246094,0.011718988418579102,0.017373085021972656,0.018084049224853516,0.08344531059265137,0.043296001851558685,4.836160182952881,4.879456043243408
A-B,128,receiver,priority,jitter,A,sender,1,False,True,3.809004878758646,4.438833236694336,2.7302098274230957,0.0008687973022460938,1.2445119619369507,8.548882961273193,0,0,0.21728515625,0.05790138244628906,0.0338287353515625,0.01139974594116211,0.32041501998901367,0.0907519981265068,4.662752151489258,4.753503799438477
A-B,128,receiver,priority,jitter,A,sender,2,False,True,0.36562293914328503,0.8207488059997559,2.710714817047119,0.0009517669677734375,1.2165440320968628,4.883987903594971,0,0,0.1732182502746582,0.056014060974121094,0.031690120697021484,0.012822628021240234,0.273745059967041,0.08796799927949905,0.9995200037956238,1.087488055229187
A-B,128,receiver,priority,jitter,A,sender,3,False,True,2.2552543237442775,2.7376022338867188,2.733794689178467,0.0008530616760253906,1.1984959840774536,6.825943946838379,0,0,0.18979120254516602,0.056360721588134766,0.032633304595947266,0.010708808898925781,0.28949403762817383,0.08902399986982346,2.933919906616211,3.0229439735412598
A-B,128,receiver,priority,jitter,A,sender,4,False,True,4.7766451258424665,5.184074878692627,2.60288667678833,0.0006642341613769531,1.1960639953613281,9.048087120056152,0,0,0.10249996185302734,0.06286191940307617,0.030541419982910156,0.01289224624633789,0.20879554748535156,0.09344000369310379,5.293024063110352,5.3864641189575195
A-B,128,receiver,priority,jitter,A,sender,5,False,True,2.5354385507187542,2.9087862968444824,2.5240769386291504,0.0007457733154296875,1.130079984664917,6.623843193054199,0,0,0.0984964370727539,0.045441627502441406,0.02834606170654297,0.007494926452636719,0.179779052734375,0.07568000257015228,3.0116159915924072,3.0872960090637207
A-B,128,receiver,priority,jitter,A,sender,6,False,True,6.659977420043291,7.01138973236084,2.3059139251708984,0.0006456375122070312,1.3304959535598755,10.709486484527588,0,0,0.0843348503112793,0.05033540725708008,0.03665590286254883,0.010182380676269531,0.18150854110717773,0.081216000020504,7.100736141204834,7.181951999664307
A-B,128,receiver,priority,jitter,A,sender,7,False,True,1.7582169399736722,2.183990001678467,2.8720030784606934,0.0008392333984375,1.207103967666626,6.418195724487305,0,0,0.21143579483032227,0.06656312942504883,0.0332484245300293,0.011680126190185547,0.32292747497558594,0.09958399832248688,2.4016640186309814,2.5012478828430176
A-B,128,receiver,priority,jitter,A,sender,8,False,True,5.971046730501456,6.532412052154541,2.910910129547119,0.000946044921875,1.3487679958343506,10.947699546813965,0,0,0.20504188537597656,0.06940174102783203,0.03366231918334961,0.01077890396118164,0.31888484954833984,0.09929600358009338,6.744895935058594,6.844192028045654
A-B,128,receiver,priority,jitter,A,sender,9,False,True,3.8234270460350146,4.137447357177734,2.417301654815674,0.0007710456848144531,1.2390400171279907,7.8607001304626465,0,0,0.09867334365844727,0.058116912841796875,0.037117958068847656,0.011028766632080078,0.20493698120117188,0.08844800293445587,4.242112159729004,4.330560207366943
A-B,128,receiver,priority,jitter,A,sender,10,False,True,0.2451297602177691,0.7211170196533203,2.55137300491333,0.0008578300476074219,1.235103964805603,4.649883270263672,0,0,0.17306232452392578,0.05593299865722656,0.030925750732421875,0.010839462280273438,0.27076053619384766,0.0883840024471283,0.8996480107307434,0.9880319833755493
A-B,128,receiver,priority,jitter,B,receiver,1,False,True,3.809004878758646,6.659135103225708,,2.7400848865509033,0.49884799122810364,10.131514072418213,201433088,9.47716212272644,0.035284996032714844,0.011445045471191406,0.0063359737396240234,0.14366984367370605,0.19673585891723633,0.02175999991595745,6.8364481925964355,6.858208179473877
A-B,128,receiver,priority,jitter,B,receiver,2,False,True,0.36562293914328503,3.026916265487671,,6.265724182128906,0.48076799511909485,10.071189165115356,201433088,9.442189931869507,0.02253103256225586,0.007180929183959961,0.006386995315551758,0.23395609855651855,0.27005505561828613,0.021888000890612602,3.2732160091400146,3.2951040267944336
A-B,128,receiver,priority,jitter,B,receiver,3,False,True,2.2552543237442775,4.9729859828948975,,4.350801229476929,0.48895999789237976,10.091510772705078,201433088,9.45067811012268,0.035688161849975586,0.011502981185913086,0.006555080413818359,0.1875138282775879,0.24126005172729492,0.02163200080394745,5.192831993103027,5.21446418762207
A-B,128,receiver,priority,jitter,B,receiver,4,False,True,4.7766451258424665,7.258831024169922,,2.0054221153259277,0.4918079972267151,10.127511024475098,201433088,9.46511721611023,0.035874128341674805,0.011499881744384766,0.006712198257446289,0.2804427146911621,0.33452892303466797,0.02175999991595745,7.572224140167236,7.593984127044678
A-B,128,receiver,priority,jitter,B,receiver,5,False,True,2.5354385507187542,4.947370767593384,,4.34702205657959,0.4894079864025116,10.111063957214355,201433088,9.461215019226074,0.03504514694213867,0.011268854141235352,0.0065190792083740234,0.2377009391784668,0.29053401947021484,0.021568000316619873,5.216864109039307,5.238431930541992
A-B,128,receiver,priority,jitter,B,receiver,6,False,True,6.659977420043291,9.072534084320068,,0.5007789134979248,0.49507200717926025,10.181116342544556,201433088,9.531354904174805,0.0418400764465332,0.011332988739013672,0.006546974182128906,0.01662611961364746,0.07634615898132324,0.030848000198602676,9.118464469909668,9.149312019348145
A-B,128,receiver,priority,jitter,B,receiver,7,False,True,1.7582169399736722,4.44513201713562,,4.780805826187134,0.49244800209999084,10.103508949279785,201433088,9.458067655563354,0.03525710105895996,0.011332988739013672,0.006558895111083984,0.2943742275238037,0.34752321243286133,0.021727999672293663,4.771168231964111,4.792895793914795
A-B,128,receiver,priority,jitter,B,receiver,8,False,True,5.971046730501456,8.79402470588684,,0.5768940448760986,0.5232639908790588,10.203526735305786,201433088,9.523804903030396,0.03611898422241211,0.011366844177246094,0.007190227508544922,0.21745610237121582,0.27213215827941895,0.02179200015962124,9.044896125793457,9.06668758392334
A-B,128,receiver,priority,jitter,B,receiver,9,False,True,3.8234270460350146,6.286707162857056,,3.184572219848633,0.5077120065689087,10.185196161270142,201433088,9.505068063735962,0.03599286079406738,0.011700153350830078,0.006414890289306641,0.1154787540435791,0.1695866584777832,0.021695999428629875,6.436255931854248,6.45795202255249
A-B,128,receiver,priority,jitter,B,receiver,10,False,True,0.2451297602177691,2.927856206893921,,6.617799997329712,0.5177279710769653,10.1737060546875,201433088,9.462441205978394,0.03670907020568848,0.011374950408935547,0.006638050079345703,0.016462087631225586,0.07118415832519531,0.03097599931061268,2.9696640968322754,3.0006399154663086
A-B,128,both,bulk,zero,A,sender,1,False,True,0,0.2176508903503418,8.556080341339111,7.167316913604736,0.8230400085449219,16.80060625076294,201433088,15.809926509857178,0.04944419860839844,0.017347335815429688,0.04326772689819336,0.043376922607421875,0.15343618392944336,0.05721599981188774,0.2861439883708954,0.3433600068092346
A-B,128,both,bulk,zero,A,sender,2,False,True,0,0.5083308219909668,8.559715270996094,7.0005903244018555,0.840287983417511,16.948287963867188,201433088,15.838994026184082,0.08590555191040039,0.015422344207763672,0.009510040283203125,0.05493593215942383,0.16577386856079102,0.08195199817419052,0.5848000049591064,0.6667519807815552
A-B,128,both,bulk,zero,A,sender,3,False,True,0,0.4670572280883789,8.399816036224365,7.187958717346191,0.7883520126342773,16.88060235977173,201433088,15.836377143859863,0.2089552879333496,0.09511232376098633,0.037430763244628906,0.014599800109863281,0.3560981750488281,0.19817599654197693,0.6170240044593811,0.8151999711990356
A-B,128,both,bulk,zero,A,sender,4,False,True,0,0.3370542526245117,8.555832386016846,7.255018711090088,0.5225600004196167,16.70389223098755,201433088,15.836885929107666,0.03959369659423828,0.011260509490966797,0.006887912750244141,0.22324609756469727,0.2809882164001465,0.0560000017285347,0.3959999978542328,0.4519999921321869
A-B,128,both,bulk,zero,A,sender,5,False,True,0,0.31877756118774414,8.575681209564209,7.137165069580078,0.8489279747009277,16.91835594177246,201433088,15.803071975708008,0.23073625564575195,0.023240089416503906,0.12141227722167969,0.006814002990722656,0.3822026252746582,0.05993599817156792,0.566976010799408,0.626911997795105
A-B,128,both,bulk,zero,A,sender,6,False,True,0,0.46535491943359375,8.399345874786377,7.264825820922852,0.6011199951171875,16.76766300201416,201433088,15.853273391723633,0.03883171081542969,0.01140594482421875,0.006625175476074219,0.06810188293457031,0.12496471405029297,0.05728000029921532,0.5237439870834351,0.5810239911079407
A-B,128,both,bulk,zero,A,sender,7,False,True,0,0.7934179306030273,8.11591911315918,7.158763408660889,0.8058559894561768,16.910958766937256,201433088,15.818920135498047,0.03802490234375,0.011371135711669922,0.006481170654296875,0.07836771011352539,0.1342449188232422,0.0560000017285347,0.8507199883460999,0.906719982624054
A-B,128,both,bulk,zero,A,sender,8,False,True,0,0.45543384552001953,8.382741928100586,7.23431921005249,0.5616000294685364,16.67656183242798,201433088,15.820927619934082,0.037462711334228516,0.011459827423095703,0.006304264068603516,0.1543436050415039,0.20957040786743164,0.055296000093221664,0.5124160051345825,0.5677120089530945
A-B,128,both,bulk,zero,A,sender,9,False,True,0,0.569826602935791,8.322322368621826,7.189537048339844,0.7445759773254395,16.86380624771118,201433088,15.826253890991211,0.03739356994628906,0.0110321044921875,0.006603240966796875,0.08843278884887695,0.1434617042541504,0.05488000065088272,0.6266880035400391,0.6815680265426636
A-B,128,both,bulk,zero,A,sender,10,False,True,0,0.5170164108276367,8.386432647705078,7.15915584564209,0.7855679988861084,16.888962268829346,201433088,15.832503318786621,0.08475923538208008,0.023495197296142578,0.00977182388305664,0.04870796203613281,0.1667342185974121,0.06374400109052658,0.6117439866065979,0.6754879951477051
A-B,128,both,bulk,zero,B,receiver,1,False,True,0,2.169019937515259,,0.0027451515197753906,0.7918720245361328,9.448685884475708,201433088,8.441292762756348,0.06177806854248047,0.018267154693603516,0.01707601547241211,6.321379899978638,6.418501138687134,0.0225600004196167,8.561984062194824,8.58454418182373
A-B,128,both,bulk,zero,B,receiver,2,False,True,0,2.2781200408935547,,0.0012047290802001953,0.4816319942474365,9.234015703201294,201433088,8.445027112960815,0.02459406852722168,0.011799812316894531,0.006219148635864258,6.402820825576782,6.445433855056763,0.02208000048995018,8.700096130371094,8.722175598144531
A-B,128,both,bulk,zero,B,receiver,3,False,True,0,2.5621538162231445,,0.0014541149139404297,0.47913599014282227,9.16258192062378,201433088,8.454294204711914,0.036177873611450195,0.011536836624145508,0.006490230560302734,6.030594110488892,6.08479905128479,0.02208000048995018,8.621824264526367,8.643903732299805
A-B,128,both,bulk,zero,B,receiver,4,False,True,0,2.333897829055786,,0.0015411376953125,0.4885120093822479,9.151504755020142,201433088,8.463238954544067,0.0605921745300293,0.017494916915893555,0.016862869262695312,6.176056146621704,6.271006107330322,0.0225600004196167,8.580032348632812,8.602592468261719
A-B,128,both,bulk,zero,B,receiver,5,False,True,0,2.4319629669189453,,0.0014216899871826172,0.4880639910697937,9.15107798576355,201433088,8.459643840789795,0.03639101982116699,0.01197504997253418,0.006445169448852539,6.141554832458496,6.19636607170105,0.021983999758958817,8.60364818572998,8.625632286071777
A-B,128,both,bulk,zero,B,receiver,6,False,True,0,2.3244926929473877,,0.0013468265533447266,0.580735981464386,9.269572973251343,201433088,8.465232849121094,0.03700399398803711,0.011411190032958984,0.00647282600402832,6.273534297943115,6.32842230796814,0.022048000246286392,8.6277437210083,8.649791717529297
A-B,128,both,bulk,zero,B,receiver,7,False,True,0,2.6035029888153076,,0.0013229846954345703,0.49030399322509766,9.16296672821045,201433088,8.462265968322754,0.03681015968322754,0.011656999588012695,0.0064852237701416016,5.979304790496826,6.034257173538208,0.021983999758958817,8.609696388244629,8.63167953491211
A-B,128,both,bulk,zero,B,receiver,8,False,True,0,2.40116810798645,,0.001271963119506836,0.49510401487350464,9.15227222442627,201433088,8.44799017906189,0.03665804862976074,0.011875152587890625,0.006345987319946289,6.16504693031311,6.219926118850708,0.022016000002622604,8.595968246459961,8.6179838180542
A-B,128,both,bulk,zero,B,receiver,9,False,True,0,2.412706136703491,,0.0018799304962158203,0.5040640234947205,9.185911178588867,201433088,8.4601891040802,0.060883283615112305,0.021280765533447266,0.01717519760131836,6.109874725341797,6.209213972091675,0.022655999287962914,8.595840454101562,8.61849594116211
A-B,128,both,bulk,zero,B,receiver,10,False,True,0,2.39896297454834,,0.0016851425170898438,0.49983999133110046,9.17859411239624,201433088,8.448742866516113,0.03669166564941406,0.011954307556152344,0.006641864776611328,6.165831804275513,6.22111964225769,0.022048000246286392,8.594079971313477,8.616127967834473
A-B,128,both,bulk,delay2,A,sender,1,False,True,2,2.7366790771484375,6.11818265914917,7.309652805328369,0.5144640207290649,16.711735725402832,201433088,15.851320743560791,0.03777933120727539,0.012163162231445312,0.0066127777099609375,0.0639657974243164,0.12052106857299805,0.05536000058054924,2.792992115020752,2.8483519554138184
A-B,128,both,bulk,delay2,A,sender,2,False,True,2,2.4327340126037598,6.437793731689453,7.280923843383789,0.49587199091911316,16.679556846618652,201433088,15.840161323547363,0.040801048278808594,0.011303901672363281,0.006707191467285156,0.06476879119873047,0.1235809326171875,0.05532800033688545,2.4929280281066895,2.5482559204101562
A-B,128,both,bulk,delay2,A,sender,3,False,True,2,2.552419662475586,6.3572845458984375,7.306861400604248,0.7870399951934814,17.040287017822266,201433088,15.935934066772461,0.042629241943359375,0.011874198913574219,0.006977558135986328,0.06311893463134766,0.12459993362426758,0.05471999943256378,2.614527940750122,2.669248104095459
A-B,128,both,bulk,delay2,A,sender,4,False,True,2,2.5849313735961914,6.231444835662842,7.280072212219238,0.7685440182685852,16.90278387069702,201433088,15.799512386322021,0.056102752685546875,0.016497135162353516,0.016623973846435547,0.05064105987548828,0.13986492156982422,0.05689600110054016,2.659712076187134,2.7166080474853516
A-B,128,both,bulk,delay2,A,sender,5,False,True,2,2.3433637619018555,6.544448375701904,7.382859706878662,0.5301439762115479,16.834807872772217,201433088,15.848766326904297,0.04039955139160156,0.011906147003173828,0.007090091705322266,0.04721403121948242,0.10660982131958008,0.04444799944758415,2.4028799533843994,2.4473280906677246
A-B,128,both,bulk,delay2,A,sender,6,False,True,2,2.354045867919922,6.542579174041748,7.0860819816589355,0.6022400259971619,16.621442794799805,201433088,15.798277854919434,0.058084964752197266,0.017807960510253906,0.016060829162597656,0.05040597915649414,0.14235973358154297,0.05728000029921532,2.431040048599243,2.4883201122283936
A-B,128,both,bulk,delay2,A,sender,7,False,True,2,2.3818154335021973,6.504112720489502,7.405842304229736,0.6066880226135254,16.931347370147705,201433088,15.94901418685913,0.04004669189453125,0.012017250061035156,0.007069110870361328,0.05253314971923828,0.11166620254516602,0.037567999213933945,2.4409279823303223,2.4784960746765137
A-B,128,both,bulk,delay2,A,sender,8,False,True,2,2.468569278717041,6.392094612121582,7.2915449142456055,0.7787520289421082,16.967665195465088,201433088,15.847391128540039,0.049938201904296875,0.013443946838378906,0.020404815673828125,0.07693815231323242,0.16072511672973633,0.07286400347948074,2.5418879985809326,2.6147520542144775
A-B,128,both,bulk,delay2,A,sender,9,False,True,2,2.4856605529785156,6.396625518798828,7.11699104309082,0.5465279817581177,16.57861328125,201433088,15.796905517578125,0.04009199142456055,0.011739730834960938,0.007103919982910156,0.06329536437988281,0.12223100662231445,0.05484800040721893,2.5447680950164795,2.599616050720215
A-B,128,both,bulk,delay2,A,sender,10,False,True,2,2.567370891571045,6.305908679962158,7.116753101348877,0.5125439763069153,16.59452772140503,201433088,15.798566818237305,0.03991889953613281,0.011968135833740234,0.0072803497314453125,0.06358957290649414,0.1227569580078125,0.05593600124120712,2.625727891921997,2.681663990020752
A-B,128,both,bulk,delay2,B,receiver,1,False,True,2,4.66154408454895,,0.002563953399658203,0.7614399790763855,9.449056148529053,201433088,8.448960065841675,0.05745506286621094,0.01798272132873535,0.04109525680541992,3.8414509296417236,3.95798397064209,0.022207999601960182,8.595423698425293,8.617631912231445
A-B,128,both,bulk,delay2,B,receiver,2,False,True,2,4.310645818710327,,0.0020270347595214844,0.49983999133110046,9.190383911132812,201433088,8.453470230102539,0.06175494194030762,0.018459081649780273,0.022121906280517578,4.20894718170166,4.311283111572266,0.022207999601960182,8.59558391571045,8.617792129516602
A-B,128,both,bulk,delay2,B,receiver,3,False,True,2,4.3612682819366455,,0.0013659000396728516,0.48185598850250244,9.161103010177612,201433088,8.464052677154541,0.03693819046020508,0.012025833129882812,0.006865024566650391,4.2280049324035645,4.283833980560303,0.021663999184966087,8.620960235595703,8.642623901367188
A-B,128,both,bulk,delay2,B,receiver,4,False,True,2,4.49172306060791,,0.0013167858123779297,0.49113601446151733,9.132282257080078,201433088,8.457392930984497,0.04145383834838867,0.012288093566894531,0.006803989410400391,4.0547099113464355,4.115255832672119,0.021695999428629875,8.582592010498047,8.604288101196289
A-B,128,both,bulk,delay2,B,receiver,5,False,True,2,4.18589973449707,,0.0013642311096191406,0.4925439953804016,9.160463809967041,201433088,8.46188497543335,0.03669905662536621,0.011926889419555664,0.006494998931884766,4.392393112182617,4.447514057159424,0.021663999184966087,8.608896255493164,8.630559921264648
A-B,128,both,bulk,delay2,B,receiver,6,False,True,2,4.252774953842163,,0.0013208389282226562,0.49616000056266785,9.210335969924927,201433088,8.48789095878601,0.03663921356201172,0.01193094253540039,0.006639003753662109,4.371043920516968,4.426253080368042,0.021695999428629875,8.654208183288574,8.675904273986816
A-B,128,both,bulk,delay2,B,receiver,7,False,True,2,4.233381032943726,,0.0013070106506347656,0.5045440196990967,9.176000833511353,201433088,8.461617946624756,0.03660392761230469,0.012253046035766602,0.0062448978424072266,4.347892999649048,4.402994871139526,0.02160000056028366,8.611680030822754,8.633279800415039
A-B,128,both,bulk,delay2,B,receiver,8,False,True,2,4.419253826141357,,0.001344919204711914,0.5005120038986206,9.132544994354248,201433088,8.452669143676758,0.0461728572845459,0.01604604721069336,0.017549991607666016,4.098184108734131,4.177953004837036,0.02163200080394745,8.572640419006348,8.594271659851074
A-B,128,both,bulk,delay2,B,receiver,9,False,True,2,4.3411948680877686,,0.0013921260833740234,0.5508480072021484,9.215572834014893,201433088,8.449737071990967,0.036592721939086914,0.011889934539794922,0.006654977798461914,4.233137130737305,4.288274765014648,0.02163200080394745,8.606111526489258,8.6277437210083
A-B,128,both,bulk,delay2,B,receiver,10,False,True,2,4.431481122970581,,0.0014727115631103516,0.5055680274963379,9.143553018569946,201433088,8.454652786254883,0.0397491455078125,0.013366222381591797,0.006651878356933594,4.111518859863281,4.171286106109619,0.021727999672293663,8.57744026184082,8.599167823791504
A-B,128,both,bulk,jitter,A,sender,1,False,True,6.923818328182665,7.534481525421143,2.2291932106018066,6.249413013458252,0.540768027305603,16.59074878692627,201433088,15.827295303344727,0.035269737243652344,0.011214256286621094,0.006550788879394531,0.0646820068359375,0.11771678924560547,0.055135998874902725,7.588191986083984,7.6433281898498535
A-B,128,both,bulk,jitter,A,sender,2,False,True,2.0640558944541327,2.927359104156494,5.982388973236084,7.240623950958252,0.8160960078239441,17.00387716293335,201433088,15.836873054504395,0.13160467147827148,0.027276992797851562,0.03739309310913086,0.022578716278076172,0.21885347366333008,0.15078400075435638,2.987423896789551,3.1382079124450684
A-B,128,both,bulk,jitter,A,sender,3,False,True,5.248216536496781,5.74475622177124,3.1423540115356445,7.278659343719482,0.5664960145950317,16.764014720916748,201433088,15.85144567489624,0.041860103607177734,0.013426780700683594,0.0072422027587890625,0.06303071975708008,0.12555980682373047,0.05657599866390228,5.806528091430664,5.863103866577148
A-B,128,both,bulk,jitter,A,sender,4,False,True,2.041031580181386,2.6567020416259766,6.221508026123047,7.397650241851807,0.5163519978523254,16.825342178344727,201433088,15.946601867675781,0.04014873504638672,0.011641979217529297,0.00714874267578125,0.06386566162109375,0.12280511856079102,0.05558399856090546,2.715872049331665,2.771456003189087
A-B,128,both,bulk,jitter,A,sender,5,False,True,5.319563137488409,5.955724716186523,3.0358619689941406,7.16718864440918,0.782975971698761,16.97790813446045,201433088,15.838518619537354,0.05786705017089844,0.017606735229492188,0.016318321228027344,0.050798892974853516,0.14259099960327148,0.05750399827957153,6.032512187957764,6.090015888214111
A-B,128,both,bulk,jitter,A,sender,6,False,True,2.42403224169262,3.046067714691162,6.0097432136535645,6.941155433654785,0.4917759895324707,16.529967784881592,201433088,15.795173168182373,0.04096174240112305,0.012238025665283203,0.007302284240722656,0.06252288818359375,0.12302494049072266,0.05503999814391136,3.106368064880371,3.161407947540283
A-B,128,both,bulk,jitter,A,sender,7,False,True,7.8772282464886025,8.416296005249023,2.187312602996826,5.391944885253906,0.48451200127601624,16.51348114013672,201433088,15.790435314178467,0.041228294372558594,0.012118816375732422,0.007009983062744141,0.0635838508605957,0.12394094467163086,0.055776000022888184,8.476192474365234,8.531968116760254
A-B,128,both,bulk,jitter,A,sender,8,False,True,4.307692754534573,4.791277885437012,4.120538711547852,7.078918933868408,0.4914880096912384,16.514967441558838,201433088,15.793299198150635,0.041697025299072266,0.012228012084960938,0.007335186004638672,0.06259298324584961,0.12385320663452148,0.05503999814391136,4.851871967315674,4.906911849975586
A-B,128,both,bulk,jitter,A,sender,9,False,True,4.17063615329889,4.823231220245361,4.101984977722168,7.074590682983398,0.5071359872817993,16.543068885803223,201433088,15.795881748199463,0.04107093811035156,0.012284278869628906,0.007179737091064453,0.0630331039428711,0.12356805801391602,0.05548800155520439,4.883008003234863,4.938496112823486
A-B,128,both,bulk,jitter,A,sender,10,False,True,3.7670489634820425,4.407011985778809,4.537746429443359,7.055819988250732,0.5034559965133667,16.537219524383545,201433088,15.806532382965088,0.040955543518066406,0.012299060821533203,0.007433414459228516,0.06363201141357422,0.12432003021240234,0.05603199824690819,4.467135906219482,4.523168087005615
A-B,128,both,bulk,jitter,B,receiver,1,False,True,6.923818328182665,9.37005090713501,,0.002598285675048828,0.8802559971809387,10.419102668762207,201433088,8.455291748046875,0.06131291389465332,0.019104957580566406,0.017203092575073242,0.005728006362915039,0.10334897041320801,0.03776000067591667,9.43398380279541,9.4717435836792
A-B,128,both,bulk,jitter,B,receiver,2,False,True,2.0640558944541327,4.881927967071533,,0.0020051002502441406,0.47360000014305115,9.157739877700806,201433088,8.455047130584717,0.060790061950683594,0.01812887191772461,0.017019987106323242,3.63706111907959,3.7330000400543213,0.0226879995316267,8.588640213012695,8.611328125
A-B,128,both,bulk,jitter,B,receiver,3,False,True,5.248216536496781,7.555463790893555,,0.0013668537139892578,0.4768959879875183,9.098127841949463,201433088,8.44611382484436,0.04255199432373047,0.013202190399169922,0.006478786468505859,0.969092845916748,1.0313258171081543,0.022143999114632607,8.563488006591797,8.58563232421875
A-B,128,both,bulk,jitter,B,receiver,4,False,True,2.041031580181386,4.518073081970215,,0.0017631053924560547,0.48089599609375,9.14696717262268,201433088,8.466402053833008,0.03656506538391113,0.011717796325683594,0.0064470767974853516,4.0328099727630615,4.087539911270142,0.022048000246286392,8.57817554473877,8.600223541259766
A-B,128,both,bulk,jitter,B,receiver,5,False,True,5.319563137488409,7.837195873260498,,0.0048062801361083984,0.7650240063667297,9.464396715164185,201433088,8.45416808128357,0.05949115753173828,0.01776885986328125,0.016897916793823242,0.6891591548919678,0.7833170890808105,0.022624000906944275,8.595711708068848,8.618335723876953
A-B,128,both,bulk,jitter,B,receiver,6,False,True,2.42403224169262,4.755680799484253,,0.00180816650390625,0.48688000440597534,9.18257999420166,201433088,8.45575475692749,0.041803836822509766,0.01208806037902832,0.006788730621337891,3.8200111389160156,3.8806917667388916,0.022175999358296394,8.609472274780273,8.631648063659668
A-B,128,both,bulk,jitter,B,receiver,7,False,True,7.8772282464886025,10.194885969161987,,0.0014679431915283203,0.48441600799560547,10.788266897201538,201433088,8.447511911392212,0.03910470008850098,0.012450218200683594,0.006404876708984375,0.01679706573486328,0.07475686073303223,0.03190400078892708,10.235615730285645,10.2675199508667
A-B,128,both,bulk,jitter,B,receiver,8,False,True,4.307692754534573,6.617110013961792,,0.0016169548034667969,0.48767998814582825,9.150610208511353,201433088,8.479912996292114,0.04289603233337402,0.013347864151000977,0.008112907409667969,1.9471120834350586,2.0114688873291016,0.022624000906944275,8.604864120483398,8.627488136291504
A-B,128,both,bulk,jitter,B,receiver,9,False,True,4.17063615329889,6.636815071105957,,0.0025510787963867188,0.5260800123214722,9.21697211265564,201433088,8.454323053359985,0.06547403335571289,0.018496990203857422,0.016968965530395508,1.8657000064849854,1.9666399955749512,0.022624000906944275,8.578720092773438,8.601344108581543
A-B,128,both,bulk,jitter,B,receiver,10,False,True,3.7670489634820425,6.200616121292114,,0.0014870166778564453,0.49539199471473694,9.153846025466919,201433088,8.474019050598145,0.03757023811340332,0.012292861938476562,0.00654292106628418,2.365133047103882,2.421539068222046,0.022112000733613968,8.597567558288574,8.619680404663086
A-B,128,both,chunk,zero,A,sender,1,False,True,0,0.3024272918701172,2.4239354133605957,14.100547313690186,0.5326399803161621,17.396273612976074,201433088,16.626392364501953,0.03671836853027344,0.011103630065917969,0.006721973419189453,0.0645751953125,0.11911916732788086,0.05503999814391136,0.3583360016345978,0.41337600350379944
A-B,128,both,chunk,zero,A,sender,2,False,True,0,0.2772703170776367,2.2697935104370117,14.330665588378906,0.7965760231018066,17.711052417755127,201433088,16.724863052368164,0.05599212646484375,0.01716470718383789,0.016828060150146484,0.04942512512207031,0.13941001892089844,0.05603199824690819,0.35308799147605896,0.40911999344825745
A-B,128,both,chunk,zero,A,sender,3,False,True,0,0.46771764755249023,2.1950411796569824,14.283782005310059,0.552511990070343,17.535664558410645,201433088,16.71968936920166,0.03728199005126953,0.011448383331298828,0.00655364990234375,0.06445932388305664,0.11974334716796875,0.05500800162553787,0.5239359736442566,0.5789440274238586
A-B,128,both,chunk,zero,A,sender,4,False,True,0,0.3997678756713867,2.553636074066162,13.946040153503418,0.5466240048408508,17.556876182556152,201433088,16.734572887420654,0.03775453567504883,0.011603832244873047,0.006773948669433594,0.0639801025390625,0.12011241912841797,0.05503999814391136,0.4566720128059387,0.5117120146751404
A-B,128,both,chunk,zero,A,sender,5,False,True,0,0.37754201889038086,2.115905284881592,14.755414962768555,0.6335039734840393,17.918251991271973,201433088,16.940555095672607,0.0374751091003418,0.011531829833984375,0.006534099578857422,0.03252744674682617,0.08806848526000977,0.046431999653577805,0.41673600673675537,0.4631679952144623
A-B,128,both,chunk,zero,A,sender,6,False,True,0,0.4986286163330078,2.374995708465576,14.289093017578125,0.7682880163192749,17.96729850769043,201433088,16.84882926940918,0.03701162338256836,0.01152181625366211,0.006603717803955078,0.06472015380859375,0.1198573112487793,0.055424001067876816,0.5545600056648254,0.6099839806556702
A-B,128,both,chunk,zero,A,sender,7,False,True,0,0.5065369606018066,2.2176990509033203,14.632404804229736,0.515936017036438,17.97924566268921,201433088,17.04837703704834,0.03805685043334961,0.01158905029296875,0.007028102874755859,0.0632929801940918,0.11996698379516602,0.05443200096487999,0.5636799931526184,0.6181120276451111
A-B,128,both,chunk,zero,A,sender,8,False,True,0,0.5202479362487793,2.3896942138671875,14.424288272857666,0.7818560004234314,18.152180194854736,201433088,16.99756097793579,0.0378727912902832,0.011789798736572266,0.0068225860595703125,0.06361150741577148,0.12009668350219727,0.054655998945236206,0.5774719715118408,0.6321280002593994
A-B,128,both,chunk,zero,A,sender,9,False,True,0,0.39842796325683594,2.5557971000671387,13.983856201171875,0.5613759756088257,17.531394958496094,201433088,16.73519802093506,0.037088871002197266,0.011135578155517578,0.006812572479248047,0.06472587585449219,0.11976289749145508,0.055296000093221664,0.4544000029563904,0.5096960067749023
A-B,128,both,chunk,zero,A,sender,10,False,True,0,0.3702397346496582,2.4018731117248535,14.12543535232544,0.5116159915924072,17.441399097442627,201433088,16.695088386535645,0.03659391403198242,0.011468887329101562,0.006691932678222656,0.06397485733032227,0.1187295913696289,0.05475199967622757,0.4262079894542694,0.48096001148223877
A-B,128,both,chunk,zero,B,receiver,1,False,True,0,2.200331211090088,,7.232193231582642,0.884223997592926,10.569262266159058,201433088,9.481315851211548,0.060549020767211914,0.01816701889038086,0.01706218719482422,0.08460092544555664,0.18037915229797363,0.02236800082027912,2.3556480407714844,2.3780159950256348
A-B,128,both,chunk,zero,B,receiver,2,False,True,0,2.2027318477630615,,7.2988691329956055,0.4938560128211975,10.197200059890747,201433088,9.525152921676636,0.030612945556640625,0.00900888442993164,0.008524179458618164,0.10841917991638184,0.15656518936157227,0.021888000890612602,2.336064100265503,2.357952117919922
A-B,128,both,chunk,zero,B,receiver,3,False,True,0,2.1799421310424805,,7.280225992202759,0.49350398778915405,10.087756872177124,201433088,9.385775089263916,0.03646111488342285,0.012095928192138672,0.02646613121032715,0.0032749176025390625,0.07829809188842773,0.021824000403285027,2.232383966445923,2.2542080879211426
A-B,128,both,chunk,zero,B,receiver,4,False,True,0,2.193755865097046,,6.930720806121826,0.49513599276542664,10.091456890106201,201433088,9.411257028579712,0.05522489547729492,0.013216018676757812,0.016469955444335938,0.3504199981689453,0.435330867767334,0.3946560025215149,2.232192039489746,2.626847982406616
A-B,128,both,chunk,zero,B,receiver,5,False,True,0,2.149462938308716,,7.327720880508423,0.49699199199676514,10.088926792144775,201433088,9.43478798866272,0.03582406044006348,0.011828899383544922,0.006414175033569336,0.024823904037475586,0.07889103889465332,0.021824000403285027,2.203871965408325,2.225696086883545
A-B,128,both,chunk,zero,B,receiver,6,False,True,0,2.3119988441467285,,6.921504974365234,0.5008000135421753,10.078994989395142,201433088,9.417521953582764,0.036242008209228516,0.012245893478393555,0.0067291259765625,0.24529004096984863,0.3005070686340332,0.02191999927163124,2.5873279571533203,2.609247922897339
A-B,128,both,chunk,zero,B,receiver,7,False,True,0,2.3157589435577393,,7.245537281036377,0.5120639801025391,10.260676860809326,201433088,9.587170839309692,0.03711700439453125,0.01238107681274414,0.00674891471862793,0.08690094947814941,0.14314794540405273,0.0225600004196167,2.429759979248047,2.452320098876953
A-B,128,both,chunk,zero,B,receiver,8,False,True,0,2.3372180461883545,,6.860053300857544,0.7667199969291687,10.33136796951294,201433088,9.395031213760376,0.06166195869445801,0.018396854400634766,0.01711893081665039,0.19020795822143555,0.2873857021331787,0.022752000018954277,2.6003201007843018,2.6230719089508057
A-B,128,both,chunk,zero,B,receiver,9,False,True,0,2.189892053604126,,7.0823588371276855,0.5221440196037292,10.308665990829468,201433088,9.539416074752808,0.08455014228820801,0.01289987564086914,0.008578062057495117,0.3502159118652344,0.45624399185180664,0.3715519905090332,2.270047903060913,2.6415998935699463
A-B,128,both,chunk,zero,B,receiver,10,False,True,0,2.185689926147461,,7.342487096786499,0.8044160008430481,10.683867692947388,201433088,9.689064025878906,0.06212806701660156,0.018364906311035156,0.01755976676940918,0.17278218269348145,0.27083492279052734,0.022336000576615334,2.431936025619507,2.4542720317840576
A-B,128,both,chunk,delay2,A,sender,1,False,True,2,2.418656826019287,2.266662120819092,12.269995212554932,0.5211520195007324,17.508814811706543,201433088,16.74289321899414,0.11647844314575195,0.012487411499023438,0.011301994323730469,0.058846473693847656,0.19911432266235352,0.055296000093221664,2.5543360710144043,2.6096320152282715
A-B,128,both,chunk,delay2,A,sender,2,False,True,2,2.4629721641540527,2.307699203491211,12.247176170349121,0.6012799739837646,17.655704021453857,201433088,16.80927848815918,0.04078054428100586,0.011870384216308594,0.007141590118408203,0.06409025192260742,0.12388277053833008,0.05603199824690819,2.5274879932403564,2.58351993560791
A-B,128,both,chunk,delay2,A,sender,3,False,True,2,2.486849784851074,2.3010940551757812,12.166800022125244,0.5203520059585571,17.507866859436035,201433088,16.743160247802734,0.04042482376098633,0.012371540069580078,0.007018566131591797,0.06380510330200195,0.12362003326416016,0.05580800026655197,2.5466880798339844,2.6024959087371826
A-B,128,both,chunk,delay2,A,sender,4,False,True,2,2.4882655143737793,2.2885918617248535,12.17485523223877,0.5119360089302063,17.496435165405273,201433088,16.7435302734375,0.040169715881347656,0.011813163757324219,0.007239818572998047,0.06383895874023438,0.1230616569519043,0.055776000022888184,2.5473599433898926,2.6031360626220703
A-B,128,both,chunk,delay2,A,sender,5,False,True,2,2.4860992431640625,2.31705904006958,12.123478889465332,0.5011839866638184,17.46018409729004,201433088,16.731345653533936,0.03970527648925781,0.011782169342041016,0.007020473480224609,0.06352949142456055,0.12203741073608398,0.055135998874902725,2.5448319911956787,2.5999679565429688
A-B,128,both,chunk,delay2,A,sender,6,False,True,2,2.500049591064453,2.2863540649414062,12.115668296813965,0.627232015132904,17.56208896636963,201433088,16.71584129333496,0.0403895378112793,0.012042522430419922,0.007234096527099609,0.06261301040649414,0.12227916717529297,0.0549440011382103,2.5589759349823,2.613919973373413
A-B,128,both,chunk,delay2,A,sender,7,False,True,2,2.5677480697631836,2.545289993286133,12.38810682296753,0.7583360075950623,18.295588970184326,201433088,17.154435634613037,0.059166908264160156,0.01772928237915039,0.016204833984375,0.09493494033813477,0.1880359649658203,0.052480001002550125,2.628448009490967,2.6809279918670654
A-B,128,both,chunk,delay2,A,sender,8,False,True,2,2.6351370811462402,2.558382987976074,12.026366710662842,0.8860160112380981,18.143592834472656,201433088,16.87006902694702,0.05802440643310547,0.017744064331054688,0.01668262481689453,0.05036115646362305,0.14281225204467773,0.05817599967122078,2.7115519046783447,2.769727945327759
A-B,128,both,chunk,delay2,A,sender,9,False,True,2,2.5084967613220215,2.456696033477783,12.291299819946289,0.7494400143623352,18.042824745178223,201433088,16.905863761901855,0.05820941925048828,0.01778125762939453,0.016545772552490234,0.04941082000732422,0.14194726943969727,0.056352000683546066,2.5856640338897705,2.6420159339904785
A-B,128,both,chunk,delay2,A,sender,10,False,True,2,2.4800987243652344,2.318045139312744,12.25352954864502,0.6890559792518616,17.776715755462646,201433088,16.72720193862915,0.05882406234741211,0.01754283905029297,0.016658782958984375,0.0499420166015625,0.14296770095825195,0.057312000542879105,2.5578880310058594,2.6152000427246094
A-B,128,both,chunk,delay2,B,receiver,1,False,True,2,4.356800079345703,,5.14549994468689,0.4853760004043579,10.126121044158936,201433088,9.491704940795898,0.03647112846374512,0.015320062637329102,0.006453752517700195,0.02895331382751465,0.08719825744628906,0.034912001341581345,4.394336223602295,4.429247856140137
A-B,128,both,chunk,delay2,B,receiver,2,False,True,2,4.279857158660889,,5.092912912368774,0.5580800175666809,10.180929899215698,201433088,9.367671966552734,0.035684823989868164,0.012201070785522461,0.006667137145996094,0.13288092613220215,0.18743395805358887,0.02208000048995018,4.44268798828125,4.464767932891846
A-B,128,both,chunk,delay2,B,receiver,3,False,True,2,4.285171031951904,,5.165495872497559,0.5063679814338684,10.211893796920776,201433088,9.432147026062012,0.036566972732543945,0.012034893035888672,0.006531953811645508,0.1410689353942871,0.19620275497436523,0.02239999920129776,4.45795202255249,4.48035192489624
A-B,128,both,chunk,delay2,B,receiver,4,False,True,2,4.2875683307647705,,5.116943836212158,0.5021439790725708,10.117680072784424,201433088,9.425410985946655,0.03634214401245117,0.011852025985717773,0.006514787673950195,0.12049007415771484,0.17519903182983398,0.022143999114632607,4.434016227722168,4.456160068511963
A-B,128,both,chunk,delay2,B,receiver,5,False,True,2,4.295480966567993,,5.113425016403198,0.5116479992866516,10.172199010848999,201433088,9.411939859390259,0.042589664459228516,0.01378011703491211,0.007798910140991211,0.12441825866699219,0.18858695030212402,0.02208000048995018,4.437280178070068,4.459360122680664
A-B,128,both,chunk,delay2,B,receiver,6,False,True,2,4.293092966079712,,5.116695880889893,0.5301759839057922,10.149265766143799,201433088,9.44413709640503,0.03701496124267578,0.012076854705810547,0.006648063659667969,0.11816811561584473,0.17390799522399902,0.02252800017595291,4.4431681632995605,4.465695858001709
A-B,128,both,chunk,delay2,B,receiver,7,False,True,2,4.519905090332031,,4.6668877601623535,0.5187199711799622,10.095387935638428,201433088,9.396108150482178,0.035592079162597656,0.011986732482910156,0.006530284881591797,0.27325892448425293,0.32736802101135254,0.022143999114632607,4.823359966278076,4.845503807067871
A-B,128,both,chunk,delay2,B,receiver,8,False,True,2,4.508619070053101,,4.677030086517334,0.5132160186767578,10.139949083328247,201433088,9.44522213935852,0.04619288444519043,0.012629032135009766,0.0072841644287109375,0.3090779781341553,0.3751840591430664,0.0225600004196167,4.858431816101074,4.8809919357299805
A-B,128,both,chunk,delay2,B,receiver,9,False,True,2,4.4472808837890625,,5.194154977798462,0.5317760109901428,10.43847393989563,201433088,9.71738600730896,0.036583900451660156,0.012276887893676758,0.006709098815917969,0.023012876510620117,0.078582763671875,0.022016000002622604,4.500256061553955,4.522272109985352
A-B,128,both,chunk,delay2,B,receiver,10,False,True,2,4.324376821517944,,5.101971864700317,0.5181440114974976,10.177095890045166,201433088,9.475449085235596,0.036167144775390625,0.012093782424926758,0.007015228271484375,0.1352689266204834,0.19054508209228516,0.022463999688625336,4.49132776260376,4.513792037963867
A-B,128,both,chunk,jitter,A,sender,1,False,True,4.020198167848416,8.565816879272461,2.3119583129882812,6.076560020446777,0.8579840064048767,17.84842300415039,201433088,16.8099308013916,0.1524028778076172,0.017890453338623047,0.019073963165283203,0.04688119888305664,0.23624849319458008,0.05750399827957153,8.736576080322266,8.794079780578613
A-B,128,both,chunk,jitter,A,sender,2,False,True,3.5699865299658926,4.061665058135986,2.251070976257324,10.608386516571045,0.5124480128288269,17.4659481048584,201433088,16.72752094268799,0.04009103775024414,0.012193679809570312,0.007008552551269531,0.06264495849609375,0.12193822860717773,0.05475199967622757,4.120607852935791,4.175360202789307
A-B,128,both,chunk,jitter,A,sender,3,False,True,3.986917916734053,4.4857330322265625,2.2587099075317383,10.172781467437744,0.5000640153884888,17.450570106506348,201433088,16.713004112243652,0.03962516784667969,0.011853694915771484,0.007670879364013672,0.07633066177368164,0.13548040390014648,0.06307200342416763,4.543680191040039,4.606751918792725
A-B,128,both,chunk,jitter,A,sender,4,False,True,7.0126387611791765,7.507742881774902,2.286780834197998,7.166954517364502,0.4949760138988495,17.53577995300293,201433088,16.758553504943848,0.03976631164550781,0.011927604675292969,0.007157325744628906,0.06371116638183594,0.12256240844726562,0.055743999779224396,7.566239833831787,7.621984004974365
A-B,128,both,chunk,jitter,A,sender,5,False,True,2.306023943505692,2.7408347129821777,2.510617733001709,11.923088550567627,0.8383679986000061,18.04841375350952,201433088,16.75640344619751,0.05788087844848633,0.017977237701416016,0.016685962677001953,0.049817562103271484,0.14236164093017578,0.05740800127387047,2.8171839714050293,2.8745920658111572
A-B,128,both,chunk,jitter,A,sender,6,False,True,6.5087147941713335,7.091076374053955,2.2445626258850098,8.02003288269043,0.7821120023727417,18.173970222473145,201433088,17.00558376312256,0.058542728424072266,0.018269062042236328,0.01645374298095703,0.04938554763793945,0.14265108108520508,0.05686400085687637,7.168799877166748,7.225664138793945
A-B,128,both,chunk,jitter,A,sender,7,False,True,5.474825220867732,6.037965774536133,2.273599147796631,9.117012023925781,0.7837759852409363,18.24888801574707,201433088,17.050292015075684,0.06006193161010742,0.028779983520507812,0.01751995086669922,0.020534038543701172,0.12689590454101562,0.06326399743556976,6.099679946899414,6.1629438400268555
A-B,128,both,chunk,jitter,A,sender,8,False,True,3.4485183711048784,3.900561809539795,2.4630985260009766,10.573817253112793,0.5024639964103699,17.47348117828369,201433088,16.7181077003479,0.04086589813232422,0.012301921844482422,0.0070819854736328125,0.06334209442138672,0.12359189987182617,0.05567999929189682,3.960576057434082,4.016255855560303
A-B,128,both,chunk,jitter,A,sender,9,False,True,5.556879832688002,6.058062553405762,2.315817356109619,8.59192705154419,0.515936017036438,17.515246391296387,201433088,16.749157905578613,0.04144763946533203,0.012364864349365234,0.007403373718261719,0.0629129409790039,0.12412881851196289,0.055424001067876816,6.118656158447266,6.174079895019531
A-B,128,both,chunk,jitter,A,sender,10,False,True,3.24136715240604,3.7016496658325195,2.355318069458008,11.012205600738525,0.5073919892311096,17.611213207244873,201433088,16.866447925567627,0.041855812072753906,0.012108325958251953,0.006833076477050781,0.11217880249023438,0.17297601699829102,0.04710400104522705,3.745215892791748,3.7923200130462646
A-B,128,both,chunk,jitter,B,receiver,1,False,True,4.020198167848416,6.478622674942017,,3.0395121574401855,0.5730559825897217,10.203091859817505,201433088,9.468270063400269,0.03555107116699219,0.011254072189331055,0.0070149898529052734,0.022378921508789062,0.07619905471801758,0.030751999467611313,6.515488147735596,6.546239852905273
A-B,128,both,chunk,jitter,B,receiver,2,False,True,3.5699865299658926,5.864932060241699,,3.608146905899048,0.5101119875907898,10.165008068084717,201433088,9.48738718032837,0.03600883483886719,0.011288166046142578,0.00647282600402832,0.09273815155029297,0.14650797843933105,0.022272000089287758,5.986527919769287,6.008800029754639
A-B,128,both,chunk,jitter,B,receiver,3,False,True,3.986917916734053,6.297288179397583,,3.2126541137695312,0.4918400049209595,10.177857160568237,201433088,9.518151760101318,0.03652381896972656,0.011553049087524414,0.006522178649902344,0.08575987815856934,0.14035892486572266,0.02179200015962124,6.414495944976807,6.436287879943848
A-B,128,both,chunk,jitter,B,receiver,4,False,True,7.0126387611791765,9.316534042358398,,0.05354785919189453,0.49535998702049255,10.05860424041748,201433088,9.365961074829102,0.03559708595275879,0.011409997940063477,0.006479978561401367,0.08214282989501953,0.13562989234924316,0.022336000576615334,9.426560401916504,9.448896408081055
A-B,128,both,chunk,jitter,B,receiver,5,False,True,2.306023943505692,4.653140068054199,,4.692238092422485,0.5213119983673096,10.279546976089478,201433088,9.596601963043213,0.03597617149353027,0.011307001113891602,0.006649017333984375,0.30160975456237793,0.3555419445037842,0.02223999984562397,4.982528209686279,5.004767894744873
A-B,128,both,chunk,jitter,B,receiver,6,False,True,6.5087147941713335,8.849157094955444,,0.9023110866546631,0.5097280144691467,10.385595083236694,201433088,9.683930158615112,0.03637886047363281,0.011984825134277344,0.007742166519165039,0.03149580955505371,0.0876016616821289,0.02735999971628189,8.892191886901855,8.919551849365234
A-B,128,both,chunk,jitter,B,receiver,7,False,True,5.474825220867732,7.8067848682403564,,1.6780648231506348,0.5016319751739502,10.17297101020813,201433088,9.469982862472534,0.036650896072387695,0.011591196060180664,0.00638270378112793,0.0967721939086914,0.1513969898223877,0.022207999601960182,7.930240154266357,7.952447891235352
A-B,128,both,chunk,jitter,B,receiver,8,False,True,3.4485183711048784,5.743689298629761,,3.454874038696289,0.5324479937553406,10.122643232345581,201433088,9.384590864181519,0.0357670783996582,0.01176595687866211,0.006659984588623047,0.28015804290771484,0.3343510627746582,0.022272000089287758,6.05350399017334,6.075776100158691
A-B,128,both,chunk,jitter,B,receiver,9,False,True,5.556879832688002,7.8605358600616455,,1.5282371044158936,0.554144024848938,10.18261981010437,201433088,9.455559253692627,0.03629112243652344,0.011659860610961914,0.006491184234619141,0.12371301651000977,0.17815518379211426,0.022207999601960182,8.014176368713379,8.036383628845215
A-B,128,both,chunk,jitter,B,receiver,10,False,True,3.24136715240604,5.547855854034424,,3.84709095954895,0.5242879986763,10.144121885299683,201433088,9.472834825515747,0.03641200065612793,0.01150202751159668,0.0066487789154052734,0.11478805541992188,0.16935086250305176,0.02236800082027912,5.692287921905518,5.714655876159668
A-B,128,both,window2,zero,A,sender,1,False,True,0,0.3322925567626953,2.95145320892334,13.133865356445312,0.7586240172386169,17.209007740020752,201433088,16.252488613128662,0.055429935455322266,0.01738882064819336,0.01697683334350586,0.04913520812988281,0.1389307975769043,0.05632000043988228,0.40643200278282166,0.46275201439857483
A-B,128,both,window2,zero,A,sender,2,False,True,0,0.571197509765625,2.8818583488464355,13.274038314819336,0.8999999761581421,17.664845943450928,201433088,16.415725231170654,0.03795671463012695,0.0116424560546875,0.006642818450927734,0.0644993782043457,0.12074136734008789,0.05555199831724167,0.6284160017967224,0.6839680075645447
A-B,128,both,window2,zero,A,sender,3,False,True,0,0.45726680755615234,3.101661205291748,12.959007740020752,0.5054399967193604,17.05620574951172,201433088,16.322370052337646,0.0400390625,0.012614727020263672,0.006775379180908203,0.06312370300292969,0.12255287170410156,0.05526399984955788,0.5174400210380554,0.572704017162323
A-B,128,both,window2,zero,A,sender,4,False,True,0,0.3683958053588867,3.3407912254333496,12.723596096038818,0.5987520217895508,17.064488410949707,201433088,16.224664211273193,0.037404537200927734,0.011362075805664062,0.00687408447265625,0.06476497650146484,0.12040567398071289,0.055424001067876816,0.4253759980201721,0.48080000281333923
A-B,128,both,window2,zero,A,sender,5,False,True,0,0.39792728424072266,3.097916603088379,12.976932525634766,0.7770559787750244,17.294596672058105,201433088,16.210166931152344,0.03733682632446289,0.011245250701904297,0.00655364990234375,0.06535005569458008,0.12048578262329102,0.05555199831724167,0.45452800393104553,0.5100799798965454
A-B,128,both,window2,zero,A,sender,6,False,True,0,0.604586124420166,2.836888313293457,13.190027713775635,0.8293120265007019,17.54763650894165,201433088,16.31498622894287,0.03800201416015625,0.011493206024169922,0.0067958831787109375,0.06438875198364258,0.12067985534667969,0.05526399984955788,0.6616960167884827,0.7169600129127502
A-B,128,both,window2,zero,A,sender,7,False,True,0,0.5137038230895996,2.942656993865967,13.210501670837402,0.828000009059906,17.530983924865723,201433088,16.375093460083008,0.03720808029174805,0.011487960815429688,0.006818294525146484,0.06390666961669922,0.11942100524902344,0.054816000163555145,0.5834879875183105,0.6383039951324463
A-B,128,both,window2,zero,A,sender,8,False,True,0,0.37302064895629883,3.088125705718994,13.22127628326416,0.834272027015686,17.55293560028076,201433088,16.37379503250122,0.03820991516113281,0.011263370513916016,0.007099628448486328,0.0389862060546875,0.09555912017822266,0.04649600014090538,0.4131520092487335,0.4596480131149292
A-B,128,both,window2,zero,A,sender,9,False,True,0,0.5365228652954102,3.2963719367980957,13.058951377868652,0.5789120197296143,17.48879337310791,201433088,16.557350635528564,0.038018226623535156,0.01200103759765625,0.006688594818115234,0.06505012512207031,0.12175798416137695,0.05580800026655197,0.5943999886512756,0.6502079963684082
A-B,128,both,window2,zero,A,sender,10,False,True,0,0.3538475036621094,3.1126160621643066,12.939793109893799,0.8039680123329163,17.250108242034912,201433088,16.155439853668213,0.057747840881347656,0.017414569854736328,0.016478538513183594,0.05030488967895508,0.14194583892822266,0.05711999908089638,0.4299519956111908,0.4870719909667969
A-B,128,both,window2,zero,B,receiver,1,False,True,0,2.3157780170440674,,5.876922845840454,0.5138559937477112,9.620244979858398,201433088,8.847634077072144,0.0228729248046875,0.007264852523803711,0.006086111068725586,0.8211939334869385,0.8574178218841553,0.022112000733613968,3.1371519565582275,3.159264087677002
A-B,128,both,window2,zero,B,receiver,2,False,True,0,2.380988121032715,,5.806620836257935,0.5073919892311096,9.54357099533081,201433088,8.837557077407837,0.035721778869628906,0.01137399673461914,0.00646209716796875,0.7581069469451904,0.8116648197174072,0.022272000089287758,3.155679941177368,3.1779520511627197
A-B,128,both,window2,zero,B,receiver,3,False,True,0,2.182795763015747,,5.799514055252075,0.49616000056266785,9.506423950195312,201433088,8.83530592918396,0.03613710403442383,0.011899948120117188,0.006487131118774414,0.9356217384338379,0.9901459217071533,0.022048000246286392,3.1316161155700684,3.1536641120910645
A-B,128,both,window2,zero,B,receiver,4,False,True,0,2.1880202293395996,,5.772761821746826,0.767520010471344,10.016694068908691,201433088,9.058804035186768,0.06193900108337402,0.01778411865234375,0.016969919204711914,1.1109778881072998,1.2076709270477295,0.022624000906944275,3.3581759929656982,3.3808000087738037
A-B,128,both,window2,zero,B,receiver,5,False,True,0,2.1924309730529785,,5.806694030761719,0.49344000220298767,9.552264928817749,201433088,8.871328115463257,0.03570699691772461,0.011379003524780273,0.006555080413818359,0.9704208374023438,1.024061918258667,0.022143999114632607,3.1788480281829834,3.2009921073913574
A-B,128,both,window2,zero,B,receiver,6,False,True,0,2.4020190238952637,,5.81860876083374,0.4986560046672821,9.519224166870117,201433088,8.837107181549072,0.03605794906616211,0.024261951446533203,0.00869894027709961,0.6947619915008545,0.7637808322906494,0.02223999984562397,3.1428160667419434,3.165055990219116
A-B,128,both,window2,zero,B,receiver,7,False,True,0,2.3211090564727783,,5.8120317459106445,0.5015680193901062,9.545278072357178,201433088,8.851916074752808,0.03644108772277832,0.012067079544067383,0.006527900695800781,0.8207302093505859,0.8757662773132324,0.022304000332951546,3.160543918609619,3.1828479766845703
A-B,128,both,window2,zero,B,receiver,8,False,True,0,2.1427249908447266,,5.808593034744263,0.5071679949760437,9.538292169570923,201433088,8.845268964767456,0.03647804260253906,0.012511968612670898,0.006463050842285156,0.9887580871582031,1.0442111492156982,0.02208000048995018,3.1508800983428955,3.172960042953491
A-B,128,both,window2,zero,B,receiver,9,False,True,0,2.2434918880462646,,5.823050022125244,0.5036799907684326,9.832672834396362,201433088,9.145261764526367,0.03592872619628906,0.012080192565917969,0.006675004959106445,1.172353982925415,1.2270379066467285,0.022016000002622604,3.447391986846924,3.4694080352783203
A-B,128,both,window2,zero,B,receiver,10,False,True,0,2.2019760608673096,,5.820266008377075,0.5292479991912842,9.590245008468628,201433088,8.873318195343018,0.03652024269104004,0.011812925338745117,0.0063838958740234375,0.9407210350036621,0.9954380989074707,0.022112000733613968,3.157439947128296,3.1795520782470703
A-B,128,both,window2,delay2,A,sender,1,False,True,2,2.54189395904541,2.3698458671569824,11.674514293670654,0.701632022857666,17.324227809906006,201433088,16.25309944152832,0.05824565887451172,0.017728328704833984,0.01655101776123047,0.04988574981689453,0.1424107551574707,0.05724800005555153,2.6181440353393555,2.675391912460327
A-B,128,both,window2,delay2,A,sender,2,False,True,2,2.483016014099121,2.312601089477539,11.796288013458252,0.7824959754943848,17.411324501037598,201433088,16.30439805984497,0.05519914627075195,0.016643047332763672,0.016622066497802734,0.05008983612060547,0.13855409622192383,0.05628800019621849,2.5566720962524414,2.61296010017395
A-B,128,both,window2,delay2,A,sender,3,False,True,2,2.6380629539489746,2.254377841949463,11.868682861328125,0.9004799723625183,17.7083740234375,201433088,16.42784023284912,0.054094791412353516,0.01560211181640625,0.01677083969116211,0.04982328414916992,0.1362910270690918,0.05471999943256378,2.711967945098877,2.766688108444214
A-B,128,both,window2,delay2,A,sender,4,False,True,2,2.5707497596740723,2.433472156524658,11.391921043395996,0.506335973739624,16.935741901397705,201433088,16.205000400543213,0.04159736633300781,0.01296234130859375,0.007040500640869141,0.06247282028198242,0.12407302856445312,0.05523199960589409,2.6315200328826904,2.6867520809173584
A-B,128,both,window2,delay2,A,sender,5,False,True,2,2.5004897117614746,2.3819150924682617,11.534581184387207,0.4922879934310913,16.942197799682617,201433088,16.21044635772705,0.04111814498901367,0.01217508316040039,0.007372856140136719,0.0629267692565918,0.12359285354614258,0.05510399863123894,2.560767889022827,2.6158719062805176
A-B,128,both,window2,delay2,A,sender,6,False,True,2,2.591625690460205,2.2879929542541504,11.690857410430908,0.7360320091247559,17.34271764755249,201433088,16.233438968658447,0.058338165283203125,0.01792001724243164,0.01640605926513672,0.04909801483154297,0.14176225662231445,0.05673599988222122,2.668384075164795,2.7251200675964355
A-B,128,both,window2,delay2,A,sender,7,False,True,2,2.6449427604675293,2.2806272506713867,11.68442964553833,0.7414720058441162,17.387253284454346,201433088,16.26567268371582,0.05824136734008789,0.01782083511352539,0.016567230224609375,0.049977779388427734,0.1426072120666504,0.05750399827957153,2.7216320037841797,2.7791359424591064
A-B,128,both,window2,delay2,A,sender,8,False,True,2,2.6344194412231445,2.2614526748657227,11.799474716186523,0.8033919930458069,17.536019325256348,201433088,16.34803056716919,0.05843687057495117,0.017801284790039062,0.016457557678222656,0.049929141998291016,0.1426248550415039,0.05734400078654289,2.7113919258117676,2.768735885620117
A-B,128,both,window2,delay2,A,sender,9,False,True,2,2.5925564765930176,2.4441614151000977,11.71791410446167,0.7858560085296631,17.580708026885986,201433088,16.417236328125,0.058858394622802734,0.01807260513305664,0.016322612762451172,0.04942131042480469,0.14267492294311523,0.05663999915122986,2.670207977294922,2.7268478870391846
A-B,128,both,window2,delay2,A,sender,10,False,True,2,2.476346015930176,2.570556640625,11.385972023010254,0.6421759724617004,17.108516693115234,201433088,16.221221923828125,0.04059553146362305,0.011993408203125,0.011000633239746094,0.059436798095703125,0.12302637100219727,0.05532800033688545,2.5361599922180176,2.5914878845214844
A-B,128,both,window2,delay2,B,receiver,1,False,True,2,4.416086912155151,,4.523397922515869,0.5714880228042603,9.75974988937378,201433088,8.974048137664795,0.03699135780334473,0.01199197769165039,0.006691932678222656,0.15650606155395508,0.21218132972717285,0.021663999184966087,4.5860161781311035,4.607679843902588
A-B,128,both,window2,delay2,B,receiver,2,False,True,2,4.339056968688965,,4.516157150268555,0.4702720046043396,9.572631120681763,201433088,8.949977159500122,0.03623485565185547,0.011925220489501953,0.0066776275634765625,0.15151333808898926,0.20635104179382324,0.02163200080394745,4.50383996963501,4.525472164154053
A-B,128,both,window2,delay2,B,receiver,3,False,True,2,4.490570306777954,,4.536475896835327,0.48553600907325745,9.639992237091064,201433088,8.969012975692749,0.03593301773071289,0.031477928161621094,0.013121843338012695,0.00939631462097168,0.08992910385131836,0.03139200061559677,4.537087917327881,4.568480014801025
A-B,128,both,window2,delay2,B,receiver,4,False,True,2,4.288867950439453,,4.5460381507873535,0.4843519926071167,9.680025815963745,201433088,8.983613967895508,0.03703808784484863,0.012015104293823242,0.006947040557861328,0.2683370113372803,0.3243372440338135,0.02163200080394745,4.57151985168457,4.593152046203613
A-B,128,both,window2,delay2,B,receiver,5,False,True,2,4.302910089492798,,4.5201802253723145,0.4853760004043579,9.6252601146698,201433088,8.955857038497925,0.0484468936920166,0.014953136444091797,0.008471012115478516,0.2094898223876953,0.2813608646392822,0.021663999184966087,4.5425920486450195,4.564256191253662
A-B,128,both,window2,delay2,B,receiver,6,False,True,2,4.449352025985718,,4.529437065124512,0.4920639991760254,9.644623041152954,201433088,8.973204135894775,0.03581809997558594,0.011861085891723633,0.006573915481567383,0.082855224609375,0.13710832595825195,0.021695999428629875,4.5457282066345215,4.5674238204956055
A-B,128,both,window2,delay2,B,receiver,7,False,True,2,4.4983251094818115,,4.534595012664795,0.49699199199676514,9.694177389144897,201433088,9.01197624206543,0.037049055099487305,0.011995077133178711,0.006684064865112305,0.07145285606384277,0.1271810531616211,0.02163200080394745,4.585631847381592,4.607264041900635
A-B,128,both,window2,delay2,B,receiver,8,False,True,2,4.485036849975586,,4.532140016555786,0.5150079727172852,9.674829006195068,201433088,8.963027000427246,0.03662705421447754,0.011739015579223633,0.006433963775634766,0.052635908126831055,0.10743594169616699,0.02175999991595745,4.547679901123047,4.569439888000488
A-B,128,both,window2,delay2,B,receiver,9,False,True,2,4.352051019668579,,4.5193932056427,0.5051519870758057,9.699625968933105,201433088,9.005746841430664,0.03666090965270996,0.011837959289550781,0.0069119930267333984,0.23174715042114258,0.2871580123901367,0.02175999991595745,4.597087860107422,4.618847846984863
A-B,128,both,window2,delay2,B,receiver,10,False,True,2,4.285158157348633,,4.433793783187866,0.50518399477005,9.621337175369263,201433088,8.933593034744263,0.03588604927062988,0.011770009994506836,0.006432056427001953,0.30367183685302734,0.357759952545166,0.021663999184966087,4.599520206451416,4.6211838722229
A-B,128,both,window2,jitter,A,sender,1,False,True,1.331574012493828,1.7202816009521484,3.030078887939453,11.788293361663818,0.858240008354187,17.433189868927002,201433088,16.390131950378418,0.057959556579589844,0.017628192901611328,0.01682901382446289,0.04953336715698242,0.14195013046264648,0.05721599981188774,1.7972480058670044,1.854464054107666
A-B,128,both,window2,jitter,A,sender,2,False,True,4.470463688957796,5.028181552886963,3.0089807510375977,8.773643970489502,0.8697599768638611,17.71648597717285,201433088,16.471001148223877,0.05810403823852539,0.01812267303466797,0.016633033752441406,0.0506291389465332,0.14348888397216797,0.05843200162053108,5.104191780090332,5.162623882293701
A-B,128,both,window2,jitter,A,sender,3,False,True,6.045583916466939,6.617712020874023,2.5639657974243164,7.550735950469971,0.5235520005226135,17.28791093826294,201433088,16.369789123535156,0.04012775421142578,0.011953353881835938,0.007051944732666016,0.06345891952514648,0.12259197235107422,0.05507199838757515,6.676127910614014,6.731200218200684
A-B,128,both,window2,jitter,A,sender,4,False,True,4.129874627543283,4.789045333862305,3.1742467880249023,8.764663219451904,0.7244160175323486,17.488261699676514,201433088,16.370578289031982,0.05872011184692383,0.01780986785888672,0.016720294952392578,0.04961204528808594,0.14286231994628906,0.05692800134420395,4.86681604385376,4.923744201660156
A-B,128,both,window2,jitter,A,sender,5,False,True,6.133700644586719,6.654758930206299,2.6323442459106445,7.137989521026611,0.5130239725112915,16.970645427703857,201433088,16.27190113067627,0.04067087173461914,0.012065887451171875,0.007302284240722656,0.06216573715209961,0.12220478057861328,0.054336000233888626,6.7151360511779785,6.769472122192383
A-B,128,both,window2,jitter,A,sender,6,False,True,5.206037527256038,5.630530834197998,2.2072224617004395,8.60966968536377,0.5040320158004761,16.98406457901001,201433088,16.248680114746094,0.03990507125854492,0.012056827545166016,0.00714111328125,0.0643301010131836,0.12343311309814453,0.0562559999525547,5.689536094665527,5.745791912078857
A-B,128,both,window2,jitter,A,sender,7,False,True,5.205643002955259,5.700811862945557,2.274014472961426,8.438906192779541,0.49590399861335754,16.944304943084717,201433088,16.210369110107422,0.040042877197265625,0.01205301284790039,0.010251998901367188,0.060153961181640625,0.12250185012817383,0.05507199838757515,5.760064125061035,5.815135955810547
A-B,128,both,window2,jitter,A,sender,8,False,True,0.8377565493864756,1.49481201171875,3.3671693801879883,11.736090183258057,0.7679359912872314,17.402297019958496,201433088,16.24774169921875,0.05822181701660156,0.017955303192138672,0.01638507843017578,0.04970598220825195,0.14226818084716797,0.05696000158786774,1.571903944015503,1.628864049911499
A-B,128,both,window2,jitter,A,sender,9,False,True,6.595754460291828,7.270068168640137,2.2307000160217285,7.172458171844482,0.8004159927368164,17.511475086212158,201433088,16.321410655975342,0.06258296966552734,0.018101215362548828,0.016561508178710938,0.04958915710449219,0.1468348503112793,0.05766399949789047,7.3512959480285645,7.408959865570068
A-B,128,both,window2,jitter,A,sender,10,False,True,0.2881430902165336,0.6495404243469238,2.7651758193969727,13.297339916229248,0.7333760261535645,17.48186731338501,201433088,16.317532062530518,0.037584781646728516,0.0120849609375,0.0064449310302734375,0.06466531753540039,0.12077999114990234,0.05567999929189682,0.7060800194740295,0.7617599964141846
A-B,128,both,window2,jitter,B,receiver,1,False,True,1.331574012493828,3.718341112136841,,4.328042984008789,0.7687039971351624,9.777372121810913,201433088,8.839943408966064,0.0594639778137207,0.018117904663085938,0.017408132553100586,0.7422049045562744,0.8371949195861816,0.022143999114632607,4.513184070587158,4.535327911376953
A-B,128,both,window2,jitter,B,receiver,2,False,True,4.470463688957796,6.910995244979858,,1.4017009735107422,0.8099520206451416,10.01739501953125,201433088,9.023234844207764,0.06102395057678223,0.01839303970336914,0.01974010467529297,0.7188568115234375,0.8180139064788818,0.02271999977529049,7.692160129547119,7.714879989624023
A-B,128,both,window2,jitter,B,receiver,3,False,True,6.045583916466939,8.495907068252563,,0.1289501190185547,0.5025920271873474,9.615417957305908,201433088,8.94609522819519,0.03717398643493652,0.011566877365112305,0.00658416748046875,0.3967869281768799,0.45211195945739746,0.022495999932289124,8.91158390045166,8.934080123901367
A-B,128,both,window2,jitter,B,receiver,4,False,True,4.129874627543283,6.551234006881714,,1.4298179149627686,0.49724799394607544,9.535867929458618,201433088,8.844444990158081,0.03644895553588867,0.011610984802246094,0.006482124328613281,0.9632399082183838,1.0177819728851318,0.021983999758958817,7.533984184265137,7.555967807769775
A-B,128,both,window2,jitter,B,receiver,5,False,True,6.133700644586719,8.449665069580078,,0.03289389610290527,0.5243520140647888,9.570716142654419,201433088,8.862443923950195,0.035758256912231445,0.011311769485473633,0.006824016571044922,0.4535541534423828,0.5074481964111328,0.022112000733613968,8.933183670043945,8.95529556274414
A-B,128,both,window2,jitter,B,receiver,6,False,True,5.206037527256038,7.487370014190674,,1.4210989475250244,0.5167359709739685,9.562602996826172,201433088,8.853907108306885,0.03631711006164551,0.011358976364135742,0.006309986114501953,0.026673078536987305,0.08065915107727051,0.02223999984562397,7.543039798736572,7.565279960632324
A-B,128,both,window2,jitter,B,receiver,7,False,True,5.205643002955259,7.499245882034302,,1.4147539138793945,0.5199360251426697,9.637295007705688,201433088,8.924497842788696,0.0371251106262207,0.011346101760864258,0.00677490234375,0.10609006881713867,0.16133618354797363,0.02208000048995018,7.618688106536865,7.640768051147461
A-B,128,both,window2,jitter,B,receiver,8,False,True,0.8377565493864756,3.351883888244629,,4.414374828338623,0.517952024936676,9.53650689125061,201433088,8.851606369018555,0.0362701416015625,0.01155400276184082,0.0065441131591796875,1.1566569805145264,1.2110252380371094,0.02195199951529503,4.526271820068359,4.548223972320557
A-B,128,both,window2,jitter,B,receiver,9,False,True,6.595754460291828,9.091879844665527,,0.0015568733215332031,0.5206080079078674,9.72756290435791,201433088,8.857009172439575,0.04143810272216797,0.013532161712646484,0.006195783615112305,0.01695418357849121,0.07812023162841797,0.03296000137925148,9.13702392578125,9.169983863830566
A-B,128,both,window2,jitter,B,receiver,10,False,True,0.2881430902165336,2.4986541271209717,,5.81378698348999,0.5145919919013977,9.561345100402832,201433088,8.852280139923096,0.03721308708190918,0.011634111404418945,0.00654292106628418,0.640841007232666,0.6962311267852783,0.022048000246286392,3.1557440757751465,3.1777920722961426
A-B,128,both,priority,zero,A,sender,1,False,True,0,0.28342294692993164,2.20559024810791,15.165359497070312,0.5106559991836548,18.19658899307251,201433088,17.199929237365723,0.036663055419921875,0.011180877685546875,0.006644248962402344,0.03272104263305664,0.08720922470092773,0.04652800038456917,0.3245759904384613,0.37110400199890137
A-B,128,both,priority,zero,A,sender,2,False,True,0,0.5049257278442383,2.416480541229248,14.433705806732178,0.8513919711112976,18.243568897247314,201433088,17.044361114501953,0.03749799728393555,0.011610031127929688,0.006915092468261719,0.06370162963867188,0.11972475051879883,0.054816000163555145,0.5648639798164368,0.6196799874305725
A-B,128,both,priority,zero,A,sender,3,False,True,0,0.3393707275390625,2.2129693031311035,14.301122188568115,0.53302401304245,17.422179698944092,201433088,16.639870166778564,0.03693056106567383,0.011644363403320312,0.006971836090087891,0.08070039749145508,0.1362471580505371,0.0549440011382103,0.3984319865703583,0.45337599515914917
A-B,128,both,priority,zero,A,sender,4,False,True,0,0.3552274703979492,2.1898789405822754,14.403776168823242,0.6619200110435486,17.64726161956787,201433088,16.763636589050293,0.0575108528137207,0.017539024353027344,0.016842365264892578,0.0494847297668457,0.14137697219848633,0.05686400085687637,0.4349440038204193,0.4918079972267151
A-B,128,both,priority,zero,A,sender,5,False,True,0,0.3880953788757324,2.2116713523864746,14.313486099243164,0.5179200172424316,17.464377880096436,201433088,16.708219051361084,0.036742210388183594,0.011838912963867188,0.006997108459472656,0.06434392929077148,0.11992216110229492,0.05567999929189682,0.44729599356651306,0.5029760003089905
A-B,128,both,priority,zero,A,sender,6,False,True,0,0.3910059928894043,2.1851301193237305,14.356241703033447,0.5251200199127197,17.48980474472046,201433088,16.729175090789795,0.03686094284057617,0.011622905731201172,0.00681304931640625,0.06564903259277344,0.12094593048095703,0.05660799890756607,0.4503040015697479,0.5069119930267334
A-B,128,both,priority,zero,A,sender,7,False,True,0,0.4085869789123535,2.1732735633850098,14.349316120147705,0.5192000269889832,17.485349655151367,201433088,16.724882125854492,0.03644704818725586,0.01157236099243164,0.006691932678222656,0.06520271301269531,0.11991405487060547,0.05593600124120712,0.46726399660110474,0.5231999754905701
A-B,128,both,priority,zero,A,sender,8,False,True,0,0.3895440101623535,2.1878600120544434,14.353223323822021,0.5250880122184753,17.491792678833008,201433088,16.714991092681885,0.04012632369995117,0.011676788330078125,0.006747722625732422,0.06401729583740234,0.12256813049316406,0.05516799911856651,0.4514560103416443,0.5066239833831787
A-B,128,both,priority,zero,A,sender,9,False,True,0,0.39523792266845703,2.181304931640625,14.422657012939453,0.5194240212440491,17.551690101623535,201433088,16.7929048538208,0.037172794342041016,0.011583805084228516,0.006898403167724609,0.06546401977539062,0.12111902236938477,0.05644800141453743,0.4546560049057007,0.5111039876937866
A-B,128,both,priority,zero,A,sender,10,False,True,0,0.3941154479980469,2.2388458251953125,14.285542964935303,0.5155199766159058,17.466454029083252,201433088,16.717506408691406,0.036504268646240234,0.011433601379394531,0.0062770843505859375,0.06560134887695312,0.11981630325317383,0.05603199824690819,0.45311999320983887,0.5091519951820374
A-B,128,both,priority,zero,B,receiver,1,False,True,0,2.1312222480773926,,7.436466932296753,0.5063999891281128,10.265773057937622,201433088,9.513907194137573,0.035835981369018555,0.012678861618041992,0.006770133972167969,0.07638406753540039,0.1316690444946289,0.021695999428629875,2.2432639598846436,2.2649600505828857
A-B,128,both,priority,zero,B,receiver,2,False,True,0,2.328217029571533,,7.0117878913879395,0.7516800165176392,10.489351272583008,201433088,9.570188760757446,0.05822491645812988,0.025979042053222656,0.019222021102905273,0.21737384796142578,0.3207998275756836,0.02236800082027912,2.632960081100464,2.6553280353546143
A-B,128,both,priority,zero,B,receiver,3,False,True,0,2.221229076385498,,7.350143909454346,0.5617280006408691,10.251171112060547,201433088,9.51727819442749,0.04066324234008789,0.013673782348632812,0.006784200668334961,0.016223907470703125,0.07734513282775879,0.03315199911594391,2.268831968307495,2.3019840717315674
A-B,128,both,priority,zero,B,receiver,4,False,True,0,2.196712017059326,,7.47121000289917,0.5338240265846252,10.317705869674683,201433088,9.602957248687744,0.042099952697753906,0.012533903121948242,0.006492137908935547,0.016488075256347656,0.07761406898498535,0.031808000057935715,2.2448320388793945,2.276639938354492
A-B,128,both,priority,zero,B,receiver,5,False,True,0,2.1856839656829834,,7.438607215881348,0.5289599895477295,10.289829969406128,201433088,9.575823068618774,0.037886857986450195,0.012647151947021484,0.006971120834350586,0.03809380531311035,0.09559893608093262,0.021727999672293663,2.261023998260498,2.28275203704834
A-B,128,both,priority,zero,B,receiver,6,False,True,0,2.1870718002319336,,7.369565010070801,0.5118399858474731,10.18373990058899,201433088,9.488436698913574,0.0364837646484375,0.012573957443237305,0.012588024139404297,0.015408039093017578,0.07705378532409668,0.02175999991595745,2.2440640926361084,2.26582407951355
A-B,128,both,priority,zero,B,receiver,7,False,True,0,2.184640884399414,,7.360032081604004,0.5067520141601562,10.162479162216187,201433088,9.47349214553833,0.03651881217956543,0.012703180313110352,0.007192850112915039,0.015681982040405273,0.0720968246459961,0.02924799919128418,2.229408025741577,2.2586560249328613
A-B,128,both,priority,zero,B,receiver,8,False,True,0,2.183137893676758,,7.344586133956909,0.5256320238113403,10.168721914291382,201433088,9.467213869094849,0.04161500930786133,0.012219905853271484,0.006530046463012695,0.016693115234375,0.07705807685852051,0.0318400003015995,2.230015993118286,2.2618560791015625
A-B,128,both,priority,zero,B,receiver,9,False,True,0,2.188931941986084,,7.475509881973267,0.5118399858474731,10.28978681564331,201433088,9.597707986831665,0.037156105041503906,0.012665987014770508,0.013295888900756836,0.010694265365600586,0.07381224632263184,0.021856000646948814,2.243328094482422,2.265183925628662
A-B,128,both,priority,zero,B,receiver,10,False,True,0,2.1881539821624756,,7.368001937866211,0.5191360116004944,10.271262884140015,201433088,9.498656034469604,0.07331514358520508,0.015108823776245117,0.007639169692993164,0.015686988830566406,0.11175012588500977,0.03558399900794029,2.284287929534912,2.3198719024658203
A-B,128,both,priority,delay2,A,sender,1,False,True,2,2.3914499282836914,2.3718600273132324,12.151579856872559,0.5348479747772217,17.483407020568848,201433088,16.717129230499268,0.056398868560791016,0.017923355102539062,0.01714468002319336,0.04932260513305664,0.14078950881958008,0.05740800127387047,2.47107195854187,2.528480052947998
A-B,128,both,priority,delay2,A,sender,2,False,True,2,2.3950181007385254,2.245952606201172,12.2763991355896,0.5339199900627136,17.486963748931885,201433088,16.72158670425415,0.04067850112915039,0.012572765350341797,0.0068874359130859375,0.0620579719543457,0.12219667434692383,0.05539200082421303,2.4586880207061768,2.514080047607422
A-B,128,both,priority,delay2,A,sender,3,False,True,2,2.422330856323242,2.485833168029785,11.974356174468994,0.5374720096588135,17.452308654785156,201433088,16.67387342453003,0.039338111877441406,0.011576652526855469,0.006646156311035156,0.0645303726196289,0.12209129333496094,0.05558399856090546,2.4892799854278564,2.5448639392852783
A-B,128,both,priority,delay2,A,sender,4,False,True,2,2.5453920364379883,2.5783238410949707,12.35648488998413,0.8109440207481384,18.32938289642334,201433088,17.127596378326416,0.2204127311706543,0.020267009735107422,0.025309085845947266,0.012631893157958984,0.27862071990966797,0.21491199731826782,2.612351894378662,2.8272640705108643
A-B,128,both,priority,delay2,A,sender,5,False,True,2,2.431276321411133,2.3170037269592285,12.14979600906372,0.7296320199966431,17.664583683013916,201433088,16.6612491607666,0.05778789520263672,0.01784515380859375,0.01651477813720703,0.050289154052734375,0.14243698120117188,0.05788800120353699,2.5130560398101807,2.57094407081604
A-B,128,both,priority,delay2,A,sender,6,False,True,2,2.6351828575134277,2.498932361602783,12.327502250671387,0.7649279832839966,18.263092517852783,201433088,17.104763984680176,0.05753374099731445,0.02738046646118164,0.017275333404541016,0.021036148071289062,0.12322568893432617,0.06230400130152702,2.6992640495300293,2.761568069458008
A-B,128,both,priority,delay2,A,sender,7,False,True,2,2.5720362663269043,2.5406618118286133,12.273789882659912,0.7109119892120361,18.133759021759033,201433088,17.045376777648926,0.05687761306762695,0.02919769287109375,0.08799362182617188,0.005238533020019531,0.1793074607849121,0.05344000086188316,2.635648012161255,2.6890881061553955
A-B,128,both,priority,delay2,A,sender,8,False,True,2,2.5829215049743652,2.344353199005127,12.552005767822266,0.7543039917945862,18.26951265335083,201433088,17.1450457572937,0.05901622772216797,0.01990795135498047,0.02638721466064453,0.00957345962524414,0.11488485336303711,0.052352000027894974,2.6486079692840576,2.7009599208831787
A-B,128,both,priority,delay2,A,sender,9,False,True,2,2.580862522125244,2.308957099914551,12.082783222198486,0.5160319805145264,17.5249981880188,201433088,16.742342472076416,0.039714813232421875,0.012140274047851562,0.006925106048583984,0.06294107437133789,0.12172126770019531,0.05484800040721893,2.6446399688720703,2.6994879245758057
A-B,128,both,priority,delay2,A,sender,10,False,True,2,2.580306053161621,2.523815631866455,12.060148239135742,0.6349120140075684,17.836342811584473,201433088,16.771718978881836,0.058100223541259766,0.09733009338378906,0.029462814331054688,0.021542072296142578,0.2064352035522461,0.12137600034475327,2.662463903427124,2.7838399410247803
A-B,128,both,priority,delay2,B,receiver,1,False,True,2,4.264317989349365,,5.169306993484497,0.5087360143661499,10.190958023071289,201433088,9.507254838943481,0.03616595268249512,0.01259303092956543,0.0068569183349609375,0.14837288856506348,0.20398879051208496,0.021983999758958817,4.448224067687988,4.470208168029785
A-B,128,both,priority,delay2,B,receiver,2,False,True,2,4.229907035827637,,5.446595907211304,0.7607679963111877,10.619751930236816,201433088,9.692404747009277,0.0660240650177002,0.018503904342651367,0.017457246780395508,0.00563502311706543,0.1076202392578125,0.038015998899936676,4.304992198944092,4.343008041381836
A-B,128,both,priority,delay2,B,receiver,3,False,True,2,4.376559019088745,,5.1817169189453125,0.5663679838180542,10.417953968048096,201433088,9.671549081802368,0.04743075370788574,0.012253284454345703,0.008641958236694336,0.1865088939666748,0.2548348903656006,0.02208000048995018,4.612512111663818,4.634592056274414
A-B,128,both,priority,delay2,B,receiver,4,False,True,2,4.533810138702393,,4.789636850357056,0.5492479801177979,10.190387964248657,201433088,9.45903205871582,0.03610587120056152,0.01205301284790039,0.006440877914428711,0.22287607192993164,0.27747583389282227,0.022112000733613968,4.791647911071777,4.813759803771973
A-B,128,both,priority,delay2,B,receiver,5,False,True,2,4.260978937149048,,5.1489410400390625,0.5336959958076477,10.172713994979858,201433088,9.457656145095825,0.036418914794921875,0.012323141098022461,0.00692296028137207,0.13593697547912598,0.19160199165344238,0.022016000002622604,4.434080123901367,4.456096172332764
A-B,128,both,priority,delay2,B,receiver,6,False,True,2,4.4756388664245605,,4.779437065124512,0.5417919754981995,10.189338207244873,201433088,9.44920301437378,0.03601789474487305,0.012033939361572266,0.006815195083618164,0.29962682723999023,0.3544938564300537,0.022112000733613968,4.80947208404541,4.8315839767456055
A-B,128,both,priority,delay2,B,receiver,7,False,True,2,4.464368104934692,,4.778723955154419,0.509440004825592,10.138636112213135,201433088,9.450844764709473,0.035533905029296875,0.012053966522216797,0.006577968597412109,0.2938389778137207,0.3480048179626465,0.022048000246286392,4.793024063110352,4.815072059631348
A-B,128,both,priority,delay2,B,receiver,8,False,True,2,4.425463914871216,,5.147254228591919,0.5220479965209961,10.335546731948853,201433088,9.632766008377075,0.035727739334106445,0.011974096298217773,0.0066030025482177734,0.14819812774658203,0.20250296592712402,0.022048000246286392,4.607679843902588,4.629727840423584
A-B,128,both,priority,delay2,B,receiver,9,False,True,2,4.285003900527954,,5.155592203140259,0.522271990776062,10.190294981002808,201433088,9.492740869522095,0.03669285774230957,0.012099027633666992,0.00681614875793457,0.13356709480285645,0.18917512893676758,0.022048000246286392,4.454463958740234,4.4765119552612305
A-B,128,both,priority,delay2,B,receiver,10,False,True,2,4.51716685295105,,4.83742880821228,0.5131199955940247,10.209794759750366,201433088,9.510447978973389,0.03534889221191406,0.011871099472045898,0.006470918655395508,0.24653005599975586,0.30022096633911133,0.02191999927163124,4.79699182510376,4.818912029266357
A-B,128,both,priority,jitter,A,sender,1,False,True,1.1340575727913862,1.5593228340148926,2.404949188232422,13.153642177581787,0.804639995098114,17.959105968475342,201433088,16.960336208343506,0.05782270431518555,0.01720285415649414,0.09026718139648438,0.0050029754638671875,0.17029571533203125,0.05167999863624573,1.6240639686584473,1.6757440567016602
A-B,128,both,priority,jitter,A,sender,2,False,True,6.347286329111916,6.982790946960449,2.530853271484375,7.92816162109375,0.8097919821739197,18.28800678253174,201433088,17.104812622070312,0.05769062042236328,0.017805099487304688,0.016271114349365234,0.04926347732543945,0.14103031158447266,0.05628800019621849,7.064095973968506,7.120384216308594
A-B,128,both,priority,jitter,A,sender,3,False,True,7.604356526971104,8.191767692565918,2.181117057800293,6.624282360076904,0.5376960039138794,17.567535400390625,201433088,16.793612003326416,0.038710594177246094,0.011937618255615234,0.007035732269287109,0.0636892318725586,0.12137317657470703,0.05548800155520439,8.253536224365234,8.3090238571167
A-B,128,both,priority,jitter,A,sender,4,False,True,3.4635502669721756,3.9445700645446777,2.42954683303833,10.547438621520996,0.5120959877967834,17.466157913208008,201433088,16.71976900100708,0.03928089141845703,0.011875152587890625,0.006979465484619141,0.06341743469238281,0.12155294418334961,0.0549440011382103,4.007167816162109,4.062111854553223
A-B,128,both,priority,jitter,A,sender,5,False,True,6.624762013271147,7.147706985473633,2.2395482063293457,7.556420803070068,0.5258560180664062,17.501660346984863,201433088,16.765160083770752,0.038045406341552734,0.011894702911376953,0.006905078887939453,0.063323974609375,0.12016916275024414,0.05430399999022484,7.208992004394531,7.263296127319336
A-B,128,both,priority,jitter,A,sender,6,False,True,5.333750529555093,5.926478862762451,2.390611171722412,9.207359313964844,0.49647998809814453,18.057336807250977,201433088,17.17513608932495,0.07239580154418945,0.013000965118408203,0.008102893829345703,0.06119537353515625,0.1546950340270996,0.055743999779224396,6.023200035095215,6.078944206237793
A-B,128,both,priority,jitter,A,sender,7,False,True,5.334051681567403,5.9256696701049805,2.352151870727539,9.095844745635986,0.7951679825782776,18.204607009887695,201433088,17.02829360961914,0.12549972534179688,0.020046234130859375,0.024920940399169922,0.013115882873535156,0.18358278274536133,0.12051200121641159,5.9912638664245605,6.111775875091553
A-B,128,both,priority,jitter,A,sender,8,False,True,6.7284065635240395,7.321753978729248,2.209132194519043,7.593393325805664,0.514303982257843,17.673738956451416,201433088,16.767845630645752,0.03918123245239258,0.012004852294921875,0.006884574890136719,0.06348943710327148,0.12156009674072266,0.05526399984955788,7.384064197540283,7.439328193664551
A-B,128,both,priority,jitter,A,sender,9,False,True,1.1649822428065573,1.7539691925048828,2.305917739868164,13.33821439743042,0.7635200023651123,18.198185920715332,201433088,17.049232959747314,0.058756351470947266,0.01880025863647461,0.016519546508789062,0.03307342529296875,0.1271495819091797,0.04684799909591675,1.8359999656677246,1.8828480243682861
A-B,128,both,priority,jitter,A,sender,10,False,True,2.5222767129305357,3.062549114227295,2.2096939086914062,11.654148578643799,0.5342720150947571,17.496610164642334,201433088,16.713984489440918,0.039218902587890625,0.011709213256835938,0.007152080535888672,0.06315994262695312,0.12124013900756836,0.05488000065088272,3.1250240802764893,3.179903984069824
A-B,128,both,priority,jitter,B,receiver,1,False,True,1.1340575727913862,3.4720351696014404,,5.873679876327515,0.47488000988960266,10.101535320281982,201433088,9.441575050354004,0.03566884994506836,0.01209402084350586,0.006331920623779297,0.18952608108520508,0.2436208724975586,0.02179200015962124,3.696255922317505,3.718048095703125
A-B,128,both,priority,jitter,B,receiver,2,False,True,6.347286329111916,8.855910778045654,,0.5440840721130371,0.4991360008716583,10.305014848709106,201433088,9.614896059036255,0.03629899024963379,0.011941909790039062,0.006263256072998047,0.31350183486938477,0.36800599098205566,0.021856000646948814,9.202848434448242,9.224703788757324
A-B,128,both,priority,jitter,B,receiver,3,False,True,7.604356526971104,9.90927791595459,,0.0013861656188964844,0.505407989025116,10.519912958145142,201433088,9.508814811706543,0.03459882736206055,0.011091232299804688,0.006499052047729492,0.016643762588500977,0.0688328742980957,0.03049599938094616,9.948800086975098,9.97929573059082
A-B,128,both,priority,jitter,B,receiver,4,False,True,3.4635502669721756,5.766211032867432,,3.9433679580688477,0.8131200075149536,10.884894132614136,201433088,9.890475988388062,0.058757781982421875,0.0176241397857666,0.016891002655029297,0.1987321376800537,0.2920050621032715,0.022304000332951546,6.041696071624756,6.064000129699707
A-B,128,both,priority,jitter,B,receiver,5,False,True,6.624762013271147,8.959621906280518,,0.5226640701293945,0.5833280086517334,10.25891900062561,201433088,9.488953113555908,0.041380882263183594,0.014092206954956055,0.0068509578704833984,0.09217381477355957,0.15449786186218262,0.021888000890612602,9.095871925354004,9.117759704589844
A-B,128,both,priority,jitter,B,receiver,6,False,True,5.333750529555093,7.739449977874756,,1.6397099494934082,0.5322239995002747,10.192555904388428,201433088,9.50180697441101,0.036644935607910156,0.012146949768066406,0.006525993347167969,0.1869211196899414,0.24223899841308594,0.021824000403285027,7.962207794189453,7.984032154083252
A-B,128,both,priority,jitter,B,receiver,7,False,True,5.334051681567403,7.876070737838745,,1.637671947479248,0.5342720150947571,10.241161823272705,201433088,9.515615940093994,0.03697800636291504,0.01176309585571289,0.006685018539428711,0.09960579872131348,0.15503191947937012,0.02179200015962124,8.01148796081543,8.033280372619629
A-B,128,both,priority,jitter,B,receiver,8,False,True,6.7284065635240395,9.118901014328003,,0.5886130332946777,0.5377600193023682,10.375233173370361,201433088,9.672870874404907,0.0390019416809082,0.013390064239501953,0.0064699649810791016,0.016334056854248047,0.0751960277557373,0.03251200169324875,9.163135528564453,9.195648193359375
A-B,128,both,priority,jitter,B,receiver,9,False,True,1.1649822428065573,3.605457067489624,,5.884710073471069,0.5237439870834351,10.215242862701416,201433088,9.476537942886353,0.037110090255737305,0.01207876205444336,0.006364345550537109,0.050679922103881836,0.10623311996459961,0.02175999991595745,3.691711902618408,3.7134718894958496
A-B,128,both,priority,jitter,B,receiver,10,False,True,2.5222767129305357,4.892256259918213,,4.697360277175903,0.5247679948806763,10.240058183670044,201433088,9.55722713470459,0.04431009292602539,0.012451887130737305,0.0072209835052490234,0.015882015228271484,0.0798649787902832,0.032127998769283295,4.943583965301514,4.975711822509766
B-A,1,none,bulk,zero,B,sender,1,False,True,0,0.415233850479126,0.49134206771850586,0.00018787384033203125,0.34620800614356995,1.2827959060668945,0,0,0.044928789138793945,0.012373208999633789,0.006956815719604492,0.0021691322326660156,0.06642794609069824,0.017983999103307724,0.46083199977874756,0.4788160026073456
B-A,1,none,bulk,zero,B,sender,2,False,True,0,0.2701711654663086,0.3882181644439697,0.00019478797912597656,0.344543993473053,1.032752275466919,0,0,0.036650896072387695,0.010911941528320312,0.007570981979370117,0.002112150192260742,0.05724596977233887,0.017152000218629837,0.3073279857635498,0.32447999715805054
B-A,1,none,bulk,zero,B,sender,3,False,True,0,0.22948694229125977,0.35102200508117676,0.00017786026000976562,0.3440000116825104,0.9545278549194336,0,0,0.03663802146911621,0.010926961898803711,0.0070002079010009766,0.002180814743041992,0.05674600601196289,0.016767999157309532,0.26633599400520325,0.2831040024757385
B-A,1,none,bulk,zero,B,sender,4,False,True,0,0.24486398696899414,0.3507819175720215,0.00017714500427246094,0.34246399998664856,0.9676790237426758,0,0,0.03630423545837402,0.01071476936340332,0.006819963455200195,0.002409219741821289,0.05624818801879883,0.016287999227643013,0.2815679907798767,0.29785600304603577
B-A,1,none,bulk,zero,B,sender,5,False,True,0,0.1733872890472412,0.28199267387390137,0.00019788742065429688,0.3444480001926422,0.8294751644134521,0,0,0.017720937728881836,0.006539106369018555,0.005908966064453125,0.0017211437225341797,0.031890153884887695,0.010944000445306301,0.19183999300003052,0.20278400182724
B-A,1,none,bulk,zero,B,sender,6,False,True,0,0.23360300064086914,0.38016819953918457,0.00019097328186035156,0.3429439961910248,0.9861531257629395,0,0,0.03509998321533203,0.010732889175415039,0.0064890384674072266,0.0023648738861083984,0.054686784744262695,0.016383999958634377,0.2688960134983063,0.2852799892425537
B-A,1,none,bulk,zero,B,sender,7,False,True,0,0.10021185874938965,0.175706148147583,0.0001468658447265625,0.31913599371910095,0.606328010559082,0,0,0.01778888702392578,0.006391048431396484,0.005928993225097656,0.0017790794372558594,0.03188800811767578,0.011103999800980091,0.11846400052309036,0.12956799566745758
B-A,1,none,bulk,zero,B,sender,8,False,True,0,0.09671902656555176,0.16981768608093262,0.00016188621520996094,0.3182080090045929,0.5954537391662598,0,0,0.015707015991210938,0.005205869674682617,0.005898952484130859,0.0018231868743896484,0.028635025024414062,0.009440000168979168,0.11311999708414078,0.12256000190973282
B-A,1,none,bulk,zero,B,sender,9,False,True,0,0.09786391258239746,0.16724801063537598,0.00013399124145507812,0.3147200047969818,0.5900559425354004,0,0,0.015228986740112305,0.0046160221099853516,0.005698204040527344,0.0018227100372314453,0.027365922927856445,0.009119999594986439,0.11321599781513214,0.1223360002040863
B-A,1,none,bulk,zero,B,sender,10,False,True,0,0.0942850112915039,0.17650628089904785,0.00019216537475585938,0.31910398602485657,0.6007122993469238,0,0,0.015797138214111328,0.004458904266357422,0.005889892578125,0.001964092254638672,0.028110027313232422,0.009151999838650227,0.11030399799346924,0.11945600062608719
B-A,1,none,bulk,zero,A,receiver,1,False,True,0,0.5330801010131836,,0.00019502639770507812,0.3769280016422272,1.0158600807189941,0,0,0.04515409469604492,0.018234729766845703,0.007554054260253906,0.002247333526611328,0.07319021224975586,0.023391999304294586,0.5802879929542542,0.6036800146102905
B-A,1,none,bulk,zero,A,receiver,2,False,True,0,0.36257171630859375,,0.00015687942504882812,0.3405759930610657,0.7922816276550293,0,0,0.03753995895385742,0.011273384094238281,0.007159709930419922,0.002101898193359375,0.058074951171875,0.017023999243974686,0.40252798795700073,0.4195519983768463
B-A,1,none,bulk,zero,A,receiver,3,False,True,0,0.28518009185791016,,0.00020074844360351562,0.3436799943447113,0.7197985649108887,0,0,0.038761138916015625,0.011269092559814453,0.007013797760009766,0.0023097991943359375,0.05935382843017578,0.01711999997496605,0.32528001070022583,0.3424000144004822
B-A,1,none,bulk,zero,A,receiver,4,False,True,0,0.29247140884399414,,0.00016689300537109375,0.3405759930610657,0.7215452194213867,0,0,0.03809976577758789,0.01105642318725586,0.006961822509765625,0.0023212432861328125,0.05843925476074219,0.016736000776290894,0.33267199993133545,0.34940800070762634
B-A,1,none,bulk,zero,A,receiver,5,False,True,0,0.15532684326171875,,0.000152587890625,0.34937599301338196,0.6001520156860352,0,0,0.024300098419189453,0.010697364807128906,0.006308078765869141,0.0022978782653808594,0.04360342025756836,0.015552000142633915,0.1812800019979477,0.19683200120925903
B-A,1,none,bulk,zero,A,receiver,6,False,True,0,0.2883329391479492,,0.00015497207641601562,0.34431999921798706,0.7494750022888184,0,0,0.06330585479736328,0.011004447937011719,0.007093906402587891,0.002388477325439453,0.08379268646240234,0.01711999997496605,0.35311999917030334,0.3702400028705597
B-A,1,none,bulk,zero,A,receiver,7,False,True,0,0.14636707305908203,,0.00015163421630859375,0.32390400767326355,0.5202193260192871,0,0,0.016777992248535156,0.0051479339599609375,0.005997657775878906,0.002025127410888672,0.029948711395263672,0.010208000428974628,0.1634880006313324,0.17369599640369415
B-A,1,none,bulk,zero,A,receiver,8,False,True,0,0.1397075653076172,,0.00013494491577148438,0.3215999901294708,0.5103116035461426,0,0,0.016735553741455078,0.004806041717529297,0.005701541900634766,0.0018024444580078125,0.029045581817626953,0.009503999724984169,0.15699200332164764,0.16649599373340607
B-A,1,none,bulk,zero,A,receiver,9,False,True,0,0.13715219497680664,,0.00013637542724609375,0.3215999901294708,0.5064396858215332,0,0,0.015825271606445312,0.005580902099609375,0.0057811737060546875,0.0016646385192871094,0.028851985931396484,0.009920000098645687,0.1536639928817749,0.16358399391174316
B-A,1,none,bulk,zero,A,receiver,10,False,True,0,0.1463308334350586,,0.00013494491577148438,0.3192960023880005,0.5138339996337891,0,0,0.01688385009765625,0.004283905029296875,0.005729198455810547,0.0018258094787597656,0.028722763061523438,0.00902399979531765,0.16358399391174316,0.17260800302028656
B-A,1,sender,bulk,zero,B,sender,1,False,True,0,0.7692761421203613,0.9817571640014648,6.889486789703369,0.48150399327278137,9.157080173492432,201433088,8.448503017425537,0.03935503959655762,0.011970996856689453,0.0072269439697265625,0.013575077056884766,0.0721280574798584,0.016704000532627106,0.8197439908981323,0.8364480137825012
B-A,1,sender,bulk,zero,B,sender,2,False,True,0,0.7390480041503906,1.0813379287719727,6.8629820346832275,0.4151360094547272,9.13425898551941,201433088,8.481740951538086,0.03773903846740723,0.011475086212158203,0.006741046905517578,0.01341700553894043,0.06937217712402344,0.01651199907064438,0.7868480086326599,0.8033599853515625
B-A,1,sender,bulk,zero,B,sender,3,False,True,0,0.7456269264221191,1.0627570152282715,6.858705043792725,0.4009920060634613,9.101460933685303,201433088,8.460310935974121,0.038118600845336914,0.011842012405395508,0.0071561336517333984,0.013052940368652344,0.07016968727111816,0.017152000218629837,0.7936639785766602,0.8108159899711609
B-A,1,sender,bulk,zero,B,sender,4,False,True,0,0.7458839416503906,0.9423902034759521,6.9805686473846436,0.4010240137577057,9.102735042572021,201433088,8.45873212814331,0.03758096694946289,0.011660099029541016,0.007073879241943359,0.013705015182495117,0.07001996040344238,0.017664000391960144,0.7932479977607727,0.810912013053894
B-A,1,sender,bulk,zero,B,sender,5,False,True,0,0.7394270896911621,0.8685150146484375,7.037337064743042,0.39932799339294434,9.078192234039307,201433088,8.44388723373413,0.03714108467102051,0.01182103157043457,0.00672602653503418,0.013554811477661133,0.06924295425415039,0.017023999243974686,0.7863680124282837,0.8033919930458069
B-A,1,sender,bulk,zero,B,sender,6,False,True,0,0.6835720539093018,0.8801958560943604,7.093061923980713,0.4017280042171478,9.092376232147217,201433088,8.467172861099243,0.0372772216796875,0.011705636978149414,0.006711244583129883,0.01385498046875,0.0695490837097168,0.016672000288963318,0.7310400009155273,0.7477120161056519
B-A,1,sender,bulk,zero,B,sender,7,False,True,0,0.7311990261077881,1.083481788635254,6.868820667266846,0.4062719941139221,9.123143911361694,201433088,8.48288106918335,0.03719282150268555,0.011604070663452148,0.011022806167602539,0.01362919807434082,0.07344889640808105,0.021247999742627144,0.7780479788780212,0.7992960214614868
B-A,1,sender,bulk,zero,B,sender,8,False,True,0,0.7235710620880127,0.9655749797821045,6.956979036331177,0.39871999621391296,9.077948093414307,201433088,8.443703889846802,0.03756093978881836,0.0118560791015625,0.006860017776489258,0.01345205307006836,0.06972908973693848,0.01696000061929226,0.7709760069847107,0.7879359722137451
B-A,1,sender,bulk,zero,B,sender,9,False,True,0,0.7332098484039307,0.9995410442352295,6.934021949768066,0.4041599929332733,9.104254722595215,201433088,8.47700834274292,0.03685903549194336,0.011968851089477539,0.00674891471862793,0.013473033905029297,0.06904983520507812,0.017216000705957413,0.780128002166748,0.7973440289497375
B-A,1,sender,bulk,zero,B,sender,10,False,True,0,0.7323851585388184,1.0607399940490723,6.860424041748047,0.39932799339294434,9.08665919303894,201433088,8.444953203201294,0.03674197196960449,0.011924982070922852,0.010198116302490234,0.009705066680908203,0.06857013702392578,0.016831999644637108,0.7788479924201965,0.7956799864768982
B-A,1,sender,bulk,zero,A,receiver,1,False,True,0,0.6765189170837402,,0.0010614395141601562,1.2295360565185547,2.419128894805908,0,0,0.2112565040588379,0.09652900695800781,0.03874397277832031,0.013782978057861328,0.36031246185302734,0.13007999956607819,0.8962560296058655,1.0263359546661377
B-A,1,sender,bulk,zero,A,receiver,2,False,True,0,0.6596746444702148,,0.0009942054748535156,1.1724159717559814,2.321274757385254,0,0,0.20629596710205078,0.07433271408081055,0.047428131103515625,0.01196432113647461,0.34002113342285156,0.10979200154542923,0.8746560215950012,0.9844480156898499
B-A,1,sender,bulk,zero,A,receiver,3,False,True,0,0.6484518051147461,,0.0008640289306640625,1.060863971710205,2.175914764404297,0,0,0.20599603652954102,0.064605712890625,0.03656435012817383,0.01141977310180664,0.3185858726501465,0.09619200229644775,0.8622720241546631,0.9584640264511108
B-A,1,sender,bulk,zero,A,receiver,4,False,True,0,0.6003537178039551,,0.0008234977722167969,1.1664639711380005,2.279315948486328,0,0,0.19431066513061523,0.10091018676757812,0.03700447082519531,0.01062154769897461,0.3428468704223633,0.13177600502967834,0.8018879890441895,0.9336640238761902
B-A,1,sender,bulk,zero,A,receiver,5,False,True,0,0.596498966217041,,0.0008988380432128906,1.0298880338668823,2.07124662399292,0,0,0.19347381591796875,0.06096458435058594,0.03521728515625,0.01040792465209961,0.3000636100769043,0.09059199690818787,0.7976319789886475,0.8882240056991577
B-A,1,sender,bulk,zero,A,receiver,6,False,True,0,0.5987954139709473,,0.0008349418640136719,1.0511679649353027,2.1039481163024902,0,0,0.20016193389892578,0.06075477600097656,0.034818172454833984,0.012333869934082031,0.30806875228881836,0.09062399715185165,0.8062719702720642,0.8968960046768188
B-A,1,sender,bulk,zero,A,receiver,7,False,True,0,0.6604132652282715,,0.0009799003601074219,1.0193599462509155,2.165709972381592,0,0,0.22069692611694336,0.061842918395996094,0.036765098571777344,0.010899066925048828,0.3302040100097656,0.09375999867916107,0.8886719942092896,0.9824320077896118
B-A,1,sender,bulk,zero,A,receiver,8,False,True,0,0.6469759941101074,,0.0008373260498046875,1.055840015411377,2.1489758491516113,0,0,0.19387292861938477,0.05797004699707031,0.034945011138916016,0.011311054229736328,0.2980990409851074,0.08748800307512283,0.8481919765472412,0.9356799721717834
B-A,1,sender,bulk,zero,A,receiver,9,False,True,0,0.649268627166748,,0.0008831024169921875,1.0298880338668823,2.1517834663391113,0,0,0.21909093856811523,0.06305932998657227,0.034267425537109375,0.011030197143554688,0.32744789123535156,0.09241600334644318,0.8757759928703308,0.9681919813156128
B-A,1,sender,bulk,zero,A,receiver,10,False,True,0,0.6385831832885742,,0.0009140968322753906,1.0263359546661377,2.1204910278320312,0,0,0.19044208526611328,0.058032989501953125,0.03451204299926758,0.010333061218261719,0.2933201789855957,0.08787199854850769,0.8372799754142761,0.9251520037651062
B-A,1,sender,bulk,delay2,B,sender,1,False,True,2,2.8337929248809814,0.9605050086975098,4.861677885055542,0.4591040015220642,9.147861957550049,201433088,8.449812889099121,0.038166046142578125,0.011464834213256836,0.007047891616821289,0.013519048690795898,0.07019782066345215,0.017023999243974686,2.881824016571045,2.898848056793213
B-A,1,sender,bulk,delay2,B,sender,2,False,True,2,2.820452928543091,1.001500129699707,4.8274760246276855,0.5069119930267334,9.192828893661499,201433088,8.440989971160889,0.03970813751220703,0.011656045913696289,0.0071718692779541016,0.013214111328125,0.07175016403198242,0.016896000131964684,2.869920015335083,2.8868160247802734
B-A,1,sender,bulk,delay2,B,sender,3,False,True,2,2.8321361541748047,0.9866769313812256,4.826221227645874,0.4017280042171478,9.079368114471436,201433088,8.44580888748169,0.0400691032409668,0.011934041976928711,0.007128000259399414,0.01641988754272461,0.07555103302001953,0.017343999817967415,2.881887912750244,2.8992319107055664
B-A,1,sender,bulk,delay2,B,sender,4,False,True,2,2.859240770339966,1.0224342346191406,4.780987977981567,0.39715200662612915,9.093226909637451,201433088,8.465773105621338,0.03964114189147949,0.011861801147460938,0.007585048675537109,0.013399124145507812,0.07248711585998535,0.01788800023496151,2.9087679386138916,2.9266560077667236
B-A,1,sender,bulk,delay2,B,sender,5,False,True,2,2.808946132659912,0.9069561958312988,4.951445817947388,0.6531199812889099,9.36203122138977,201433088,8.44259786605835,0.04002785682678223,0.01176309585571289,0.007050752639770508,0.013595342636108398,0.07243704795837402,0.01744000054895878,2.858815908432007,2.876255989074707
B-A,1,sender,bulk,delay2,B,sender,6,False,True,2,2.821681261062622,1.0054199695587158,4.822655916213989,0.4248639941215515,9.107358932495117,201433088,8.445024013519287,0.03763103485107422,0.011459827423095703,0.00711512565612793,0.013293743133544922,0.06949973106384277,0.017055999487638474,2.869823932647705,2.8868799209594727
B-A,1,sender,bulk,delay2,B,sender,7,False,True,2,2.8603579998016357,0.9786369800567627,4.8390302658081055,0.5377600193023682,9.24884295463562,201433088,8.480387926101685,0.040632009506225586,0.012160062789916992,0.006918191909790039,0.013531923294067383,0.0732421875,0.01744000054895878,2.911072015762329,2.9285120964050293
B-A,1,sender,bulk,delay2,B,sender,8,False,True,2,2.816899061203003,0.9791829586029053,4.851046085357666,0.39241600036621094,9.072577238082886,201433088,8.446326971054077,0.040246009826660156,0.011832952499389648,0.007264137268066406,0.012917757034301758,0.07226085662841797,0.017376000061631203,2.8667519092559814,2.8841280937194824
B-A,1,sender,bulk,delay2,B,sender,9,False,True,2,2.8261120319366455,0.9725987911224365,4.870440244674683,0.3940480053424835,9.094483852386475,201433088,8.447396993637085,0.04033398628234863,0.011892080307006836,0.007082939147949219,0.013581991195678711,0.0728909969329834,0.017696000635623932,2.8759679794311523,2.8936638832092285
B-A,1,sender,bulk,delay2,B,sender,10,False,True,2,2.8591649532318115,1.0208251476287842,4.779902219772339,0.403328001499176,9.096444129943848,201433088,8.46663498878479,0.04034900665283203,0.01197671890258789,0.01943516731262207,0.002593994140625,0.07435488700866699,0.01756799966096878,2.909600019454956,2.9271678924560547
B-A,1,sender,bulk,delay2,A,receiver,1,False,True,2,2.7551941871643066,,0.0008668899536132812,1.0686719417572021,4.267514228820801,0,0,0.1951007843017578,0.05785942077636719,0.03513050079345703,0.010052204132080078,0.2981429100036621,0.08713600039482117,2.9580159187316895,3.045151948928833
B-A,1,sender,bulk,delay2,A,receiver,2,False,True,2,2.763518810272217,,0.0009374618530273438,1.0368640422821045,4.274401664733887,0,0,0.20568323135375977,0.0606379508972168,0.03871345520019531,0.012837409973144531,0.3178720474243164,0.09296000003814697,2.976480007171631,3.0694398880004883
B-A,1,sender,bulk,delay2,A,receiver,3,False,True,2,2.7463841438293457,,0.0008912086486816406,1.048799991607666,4.264147758483887,0,0,0.2187509536743164,0.057782649993896484,0.03547334671020508,0.010276317596435547,0.3222832679748535,0.08851200342178345,2.9721920490264893,3.060703992843628
B-A,1,sender,bulk,delay2,A,receiver,4,False,True,2,2.7915291786193848,,0.0008420944213867188,1.0203839540481567,4.307347297668457,0,0,0.20389223098754883,0.08301401138305664,0.03867387771606445,0.013232231140136719,0.33881235122680664,0.11606399714946747,3.0027201175689697,3.118783950805664
B-A,1,sender,bulk,delay2,A,receiver,5,False,True,2,2.7451834678649902,,0.0008077621459960938,1.032256007194519,4.216515064239502,0,0,0.19283199310302734,0.058062076568603516,0.03566598892211914,0.010196208953857422,0.2967562675476074,0.08822400122880936,2.944927930831909,3.0331521034240723
B-A,1,sender,bulk,delay2,A,receiver,6,False,True,2,2.7653660774230957,,0.0008339881896972656,1.0659199953079224,4.308695316314697,0,0,0.20821046829223633,0.06042623519897461,0.037229061126708984,0.01380777359008789,0.3196735382080078,0.09100800007581711,2.9807679653167725,3.0717759132385254
B-A,1,sender,bulk,delay2,A,receiver,7,False,True,2,2.754490852355957,,0.0007715225219726562,1.0292479991912842,4.250095844268799,0,0,0.21432209014892578,0.057994842529296875,0.03485298156738281,0.010135650634765625,0.3173055648803711,0.08879999816417694,2.9756479263305664,3.064448118209839
B-A,1,sender,bulk,delay2,A,receiver,8,False,True,2,2.7132067680358887,,0.0008769035339355469,1.062175989151001,4.23332405090332,0,0,0.1954498291015625,0.06923770904541016,0.03644132614135742,0.010881900787353516,0.3120107650756836,0.1000640019774437,2.915616035461426,3.0156800746917725
B-A,1,sender,bulk,delay2,A,receiver,9,False,True,2,2.765770435333252,,0.0010523796081542969,1.0247679948806763,4.240120887756348,0,0,0.19587373733520508,0.05733489990234375,0.0367579460144043,0.011772632598876953,0.3017392158508301,0.08777599781751633,2.968575954437256,3.056351900100708
B-A,1,sender,bulk,delay2,A,receiver,10,False,True,2,2.768794059753418,,0.0008740425109863281,1.0414400100708008,4.300616264343262,0,0,0.2248845100402832,0.060882568359375,0.036490440368652344,0.011687755584716797,0.33394527435302734,0.09244800359010696,3.0008959770202637,3.09334397315979
B-A,1,sender,bulk,jitter,B,sender,1,False,True,2.3957101794265716,3.3050169944763184,1.058501958847046,4.281314849853516,0.38809600472450256,9.066211223602295,201433088,8.444525241851807,0.037544965744018555,0.01170802116394043,0.007103919982910156,0.013375997543334961,0.0697329044342041,0.01759999990463257,3.352128028869629,3.3697280883789062
B-A,1,sender,bulk,jitter,B,sender,2,False,True,7.203029265789611,8.116714000701904,1.1145901679992676,0.0021712779998779297,0.3840000033378601,9.647171020507812,201433088,8.464205980300903,0.037380218505859375,0.01150202751159668,0.007222890853881836,0.01391291618347168,0.07001805305480957,0.017632000148296356,8.164128303527832,8.18175983428955
B-A,1,sender,bulk,jitter,B,sender,3,False,True,4.436176117830095,5.282589912414551,0.9945709705352783,2.3731799125671387,0.3928639888763428,9.076308012008667,201433088,8.443104982376099,0.040128231048583984,0.012059926986694336,0.007272958755493164,0.013427972793579102,0.07288908958435059,0.01772800087928772,5.332736015319824,5.3504638671875
B-A,1,sender,bulk,jitter,B,sender,4,False,True,4.240116441279871,5.103831052780151,0.9635918140411377,2.577857255935669,0.39392000436782837,9.074200868606567,201433088,8.444637060165405,0.04003310203552246,0.01191401481628418,0.007025003433227539,0.013363122940063477,0.07233524322509766,0.017503999173641205,5.153791904449463,5.171296119689941
B-A,1,sender,bulk,jitter,B,sender,5,False,True,0.8222390575106155,1.608961820602417,0.970670223236084,6.083693742752075,0.39948800206184387,9.094551801681519,201433088,8.465179204940796,0.03869771957397461,0.011497259140014648,0.006787776947021484,0.013039112091064453,0.0700218677520752,0.01616000011563301,1.6575039625167847,1.6736639738082886
B-A,1,sender,bulk,jitter,B,sender,6,False,True,1.3315972625924726,2.1299641132354736,0.9788689613342285,5.532380819320679,0.646943986415863,9.329914093017578,201433088,8.462589979171753,0.059294939041137695,0.01778411865234375,0.017412900924682617,0.011689901351928711,0.10618185997009277,0.03219199925661087,2.22108793258667,2.2532799243927
B-A,1,sender,bulk,jitter,B,sender,7,False,True,1.5856361542226232,2.404445171356201,1.001868724822998,5.276232957839966,0.4301440119743347,9.145853042602539,201433088,8.470916032791138,0.03790998458862305,0.011675834655761719,0.0072820186614990234,0.013469219207763672,0.07033705711364746,0.017472000792622566,2.4530560970306396,2.4705278873443604
B-A,1,sender,bulk,jitter,B,sender,8,False,True,6.094678186674147,6.995924949645996,1.0540268421173096,0.6118860244750977,0.41152000427246094,9.10648488998413,201433088,8.44635820388794,0.041716814041137695,0.012283086776733398,0.007425069808959961,0.013608932495117188,0.07503390312194824,0.01817600056529045,7.047743797302246,7.065919876098633
B-A,1,sender,bulk,jitter,B,sender,9,False,True,5.097854751644424,5.948142051696777,0.9767789840698242,1.7146327495574951,0.49427199363708496,9.16669511795044,201433088,8.445356845855713,0.04063987731933594,0.01205897331237793,0.007511138916015625,0.013907909393310547,0.07411789894104004,0.018464000895619392,5.998720169067383,6.017183780670166
B-A,1,sender,bulk,jitter,B,sender,10,False,True,4.216921070466924,5.046687841415405,0.7527461051940918,2.8715221881866455,0.39820799231529236,9.102621793746948,201433088,8.466744899749756,0.040415048599243164,0.011957883834838867,0.0078122615814208984,0.007756948471069336,0.06794214248657227,0.01539199985563755,5.097152233123779,5.112544059753418
B-A,1,sender,bulk,jitter,A,receiver,1,False,True,2.3957101794265716,3.2021918296813965,,0.0011434555053710938,1.2153279781341553,4.932169437408447,0,0,0.21410894393920898,0.08576774597167969,0.03734159469604492,0.013425827026367188,0.3506441116333008,0.11772800236940384,3.425600051879883,3.543328046798706
B-A,1,sender,bulk,jitter,A,receiver,2,False,True,7.203029265789611,8.017085075378418,,0.000789642333984375,1.149888038635254,9.66224718093872,0,0,0.21019983291625977,0.0768437385559082,0.045174598693847656,0.010872364044189453,0.3430905342102051,0.11673600226640701,8.234911918640137,8.351648330688477
B-A,1,sender,bulk,jitter,A,receiver,3,False,True,4.436176117830095,5.222134590148926,,0.0008630752563476562,1.0280319452285767,6.729104042053223,0,0,0.21134328842163086,0.05928516387939453,0.037996768951416016,0.011602401733398438,0.32022762298583984,0.09164799749851227,5.441311836242676,5.532959938049316
B-A,1,sender,bulk,jitter,A,receiver,4,False,True,4.240116441279871,5.015670299530029,,0.0008983612060546875,1.0500799417495728,6.516390800476074,0,0,0.19691085815429688,0.05760622024536133,0.03639793395996094,0.01027822494506836,0.3011932373046875,0.08780799806118011,5.219711780548096,5.307519912719727
B-A,1,sender,bulk,jitter,A,receiver,5,False,True,0.8222390575106155,1.5538201332092285,,0.0010666847229003906,1.0165120363235474,3.0137791633605957,0,0,0.19350004196166992,0.057415008544921875,0.03448486328125,0.011563301086425781,0.2969632148742676,0.08630400151014328,1.754431962966919,1.8407360315322876
B-A,1,sender,bulk,jitter,A,receiver,6,False,True,1.3315972625924726,2.126086711883545,,0.0009150505065917969,1.0463999509811401,3.614691734313965,0,0,0.19336318969726562,0.056723594665527344,0.034978389739990234,0.0103912353515625,0.2954564094543457,0.0857279971241951,2.3280320167541504,2.41375994682312
B-A,1,sender,bulk,jitter,A,receiver,7,False,True,1.5856361542226232,2.351187229156494,,0.0009045600891113281,1.0256320238113403,3.8982410430908203,0,0,0.20430803298950195,0.05836629867553711,0.058609962463378906,0.012287139892578125,0.3335714340209961,0.11164800077676773,2.5625600814819336,2.674207925796509
B-A,1,sender,bulk,jitter,A,receiver,8,False,True,6.094678186674147,6.881792068481445,,0.0008382797241210938,1.147711992263794,8.554862022399902,0,0,0.23044586181640625,0.08983039855957031,0.037288665771484375,0.01195383071899414,0.3695187568664551,0.122079998254776,7.120287895202637,7.242368221282959
B-A,1,sender,bulk,jitter,A,receiver,9,False,True,5.097854751644424,5.880302429199219,,0.0008168220520019531,1.064352035522461,7.389337062835693,0,0,0.19350576400756836,0.058193206787109375,0.034913063049316406,0.011549949645996094,0.29816198348999023,0.08787199854850769,6.080480098724365,6.168352127075195
B-A,1,sender,bulk,jitter,A,receiver,10,False,True,4.216921070466924,4.8832783699035645,,0.0008630752563476562,1.5881919860839844,6.804436206817627,0,0,0.10854434967041016,0.05663347244262695,0.031829833984375,0.010252952575683594,0.2072606086730957,0.08160000294446945,4.999040126800537,5.080639839172363
B-A,1,sender,chunk,zero,B,sender,1,False,True,0,0.7701592445373535,0.9595839977264404,7.797067165374756,0.4533120095729828,10.010557174682617,201433088,9.320022106170654,0.03707313537597656,0.011771917343139648,0.006601810455322266,0.013665199279785156,0.06911206245422363,0.01696000061929226,0.8169280290603638,0.8338879942893982
B-A,1,sender,chunk,zero,B,sender,2,False,True,0,0.7271490097045898,0.8752679824829102,8.089685201644897,0.40137600898742676,10.123944997787476,201433088,9.459200143814087,0.03645777702331543,0.01148223876953125,0.006616115570068359,0.013590812683105469,0.06814694404602051,0.016607999801635742,0.7730559706687927,0.7896639704704285
B-A,1,sender,chunk,zero,B,sender,3,False,True,0,0.7818269729614258,0.8679888248443604,8.01486873626709,0.41894400119781494,10.118313789367676,201433088,9.456565141677856,0.03694868087768555,0.011471271514892578,0.006645917892456055,0.013640165328979492,0.06870603561401367,0.016736000776290894,0.8282560110092163,0.8449919819831848
B-A,1,sender,chunk,zero,B,sender,4,False,True,0,0.6343050003051758,0.8230910301208496,8.25929594039917,0.40534400939941406,10.154081106185913,201433088,9.507208824157715,0.03768801689147949,0.011354923248291016,0.008637189865112305,0.02267289161682129,0.0803530216217041,0.016863999888300896,0.6815360188484192,0.6984000205993652
B-A,1,sender,chunk,zero,B,sender,5,False,True,0,0.38091492652893066,0.5297160148620605,8.60283088684082,0.40137600898742676,9.948901891708374,201433088,9.310410261154175,0.03667497634887695,0.011545181274414062,0.006403923034667969,0.013869047164916992,0.06849312782287598,0.016575999557971954,0.427264004945755,0.44383999705314636
B-A,1,sender,chunk,zero,B,sender,6,False,True,0,0.8819580078125,1.0820131301879883,7.664821147918701,0.434688001871109,10.100237131118774,201433088,9.40613317489624,0.03712606430053711,0.011665105819702148,0.0066297054290771484,0.011838912963867188,0.0672597885131836,0.016607999801635742,0.9290879964828491,0.9456959962844849
B-A,1,sender,chunk,zero,B,sender,7,False,True,0,0.9013750553131104,1.6789698600769043,6.916842222213745,0.43353599309921265,9.963820934295654,201433088,9.29300594329834,0.03714728355407715,0.10243487358093262,0.027591943740844727,0.011567831039428711,0.1787419319152832,0.1297920048236847,0.9451199769973755,1.0749119520187378
B-A,1,sender,chunk,zero,B,sender,8,False,True,0,0.7652390003204346,0.8999538421630859,7.836919069290161,0.40198400616645813,9.934558153152466,201433088,9.291658163070679,0.036981821060180664,0.011583089828491211,0.0066759586334228516,0.013255119323730469,0.0684959888458252,0.016543999314308167,0.8119360208511353,0.8284800052642822
B-A,1,sender,chunk,zero,B,sender,9,False,True,0,0.681405782699585,0.88008713722229,8.016127109527588,0.4209280014038086,10.029125928878784,201433088,9.36126184463501,0.03759598731994629,0.011813163757324219,0.006764888763427734,0.013709068298339844,0.06988310813903809,0.017055999487638474,0.7291520237922668,0.7462080121040344
B-A,1,sender,chunk,zero,B,sender,10,False,True,0,0.7004122734069824,0.8674838542938232,7.937486886978149,0.4105600118637085,9.946346044540405,201433088,9.300993919372559,0.03760719299316406,0.012018918991088867,0.006735086441040039,0.013316869735717773,0.06967806816101074,0.016863999888300896,0.7480000257492065,0.7648640275001526
B-A,1,sender,chunk,zero,A,receiver,1,False,True,0,0.6250267028808594,,0.000850677490234375,1.1709439754486084,2.32326078414917,0,0,0.22750091552734375,0.08313465118408203,0.038518428802490234,0.011201858520507812,0.36035585403442383,0.11744000017642975,0.8601599931716919,0.9775999784469604
B-A,1,sender,chunk,zero,A,receiver,2,False,True,0,0.5984869003295898,,0.0008420944213867188,1.0316799879074097,2.0775461196899414,0,0,0.19428300857543945,0.05868673324584961,0.03596210479736328,0.010840415954589844,0.2997722625732422,0.08928000181913376,0.8005120158195496,0.8897920250892639
B-A,1,sender,chunk,zero,A,receiver,3,False,True,0,0.6348381042480469,,0.0008654594421386719,1.0126080513000488,2.1150760650634766,0,0,0.19292306900024414,0.05757904052734375,0.03537702560424805,0.010467529296875,0.29634666442871094,0.08681599795818329,0.8355200290679932,0.9223359823226929
B-A,1,sender,chunk,zero,A,receiver,4,False,True,0,0.5167078971862793,,0.0007562637329101562,1.083840012550354,2.0066237449645996,0,0,0.11074018478393555,0.1230463981628418,0.03969860076904297,0.017652034759521484,0.2911372184753418,0.1554879993200302,0.6347519755363464,0.7902399897575378
B-A,1,sender,chunk,zero,A,receiver,5,False,True,0,0.4508509635925293,,0.0003376007080078125,0.5888320207595825,1.2080707550048828,0,0,0.06541919708251953,0.019458770751953125,0.017302989959716797,0.00384521484375,0.10602617263793945,0.03347200155258179,0.5214719772338867,0.5549439787864685
B-A,1,sender,chunk,zero,A,receiver,6,False,True,0,0.5815892219543457,,0.011013031005859375,2.7555201053619385,4.136927127838135,0,0,0.28351688385009766,0.11885404586791992,0.08916807174682617,0.02490997314453125,0.516448974609375,0.19388799369335175,0.8762239813804626,1.0701119899749756
B-A,1,sender,chunk,zero,A,receiver,7,False,True,0,0.7932877540588379,,0.0016961097717285156,1.4126720428466797,3.3920679092407227,0,0,0.36721372604370117,0.1490011215209961,0.29368162155151367,0.021076679229736328,0.8309731483459473,0.41676801443099976,1.1720960140228271,1.5888639688491821
B-A,1,sender,chunk,zero,A,receiver,8,False,True,0,0.5944037437438965,,0.0008392333984375,1.077023983001709,2.161494731903076,0,0,0.20577526092529297,0.0633997917175293,0.034465789794921875,0.011081695556640625,0.31472253799438477,0.09254399687051773,0.8077759742736816,0.9003199934959412
B-A,1,sender,chunk,zero,A,receiver,9,False,True,0,0.5791230201721191,,0.0009493827819824219,1.1060479879379272,2.131546974182129,0,0,0.19211578369140625,0.057494163513183594,0.03571605682373047,0.010394096374511719,0.29572010040283203,0.08739200234413147,0.7787839770317078,0.8661760091781616
B-A,1,sender,chunk,zero,A,receiver,10,False,True,0,0.6098322868347168,,0.0009403228759765625,0.35100799798965454,1.4178543090820312,0,0,0.19616222381591797,0.05959129333496094,0.03487110137939453,0.011106014251708984,0.3017306327819824,0.08988799899816513,0.8128319978713989,0.9027199745178223
B-A,1,sender,chunk,delay2,B,sender,1,False,True,2,3.0242068767547607,1.0976791381835938,5.398924112319946,0.381056010723114,9.932651996612549,201433088,9.30677318572998,0.04089093208312988,0.01704096794128418,0.0075321197509765625,0.013429880142211914,0.07889389991760254,0.02304000034928322,3.0748798847198486,3.0979199409484863
B-A,1,sender,chunk,delay2,B,sender,2,False,True,2,2.8271138668060303,1.0169501304626465,5.714052200317383,0.37727999687194824,9.96587085723877,201433088,9.347884893417358,0.039689064025878906,0.012052059173583984,0.007166862487792969,0.013144969940185547,0.0720529556274414,0.01740800030529499,2.8766720294952393,2.8940799236297607
B-A,1,sender,chunk,delay2,B,sender,3,False,True,2,2.852154016494751,0.9843180179595947,5.802342891693115,0.37987199425697327,10.051301956176758,201433088,9.433765888214111,0.03979325294494629,0.011796712875366211,0.00710606575012207,0.01330113410949707,0.07199716567993164,0.017216000705957413,2.901855945587158,2.919071912765503
B-A,1,sender,chunk,delay2,B,sender,4,False,True,2,2.7425549030303955,0.7551698684692383,6.043872117996216,0.40534400939941406,9.982319831848145,201433088,9.35426115989685,0.03936624526977539,0.011904716491699219,0.006761312484741211,0.013650894165039062,0.07168316841125488,0.017311999574303627,2.7919681072235107,2.8092799186706543
B-A,1,sender,chunk,delay2,B,sender,5,False,True,2,2.8338868618011475,0.996941089630127,5.766777992248535,0.38707199692726135,10.017676830291748,201433088,9.401190996170044,0.03993821144104004,0.011853933334350586,0.006891012191772461,0.013353109359741211,0.0720362663269043,0.01696000061929226,2.88374400138855,2.9007039070129395
B-A,1,sender,chunk,delay2,B,sender,6,False,True,2,2.8016932010650635,0.9872946739196777,5.817526817321777,0.38947200775146484,10.026199102401733,201433088,9.39491891860962,0.03949379920959473,0.01204681396484375,0.00709223747253418,0.013463973999023438,0.0720968246459961,0.01740800030529499,2.851263999938965,2.8686718940734863
B-A,1,sender,chunk,delay2,B,sender,7,False,True,2,2.7387468814849854,0.7733471393585205,6.106495141983032,0.4291520118713379,10.08251690864563,201433088,9.399631977081299,0.03953099250793457,0.011831998825073242,0.006901979446411133,0.013094186782836914,0.07135915756225586,0.017152000218629837,2.7880001068115234,2.80515193939209
B-A,1,sender,chunk,delay2,B,sender,8,False,True,2,2.8068759441375732,0.7314610481262207,6.128902196884155,0.4068160057067871,10.106971979141235,201433088,9.461097002029419,0.040490150451660156,0.012004852294921875,0.007274150848388672,0.013495922088623047,0.07326507568359375,0.017823999747633934,2.8574399948120117,2.8752639293670654
B-A,1,sender,chunk,delay2,B,sender,9,False,True,2,2.796342134475708,0.7025339603424072,6.032175064086914,0.3986240029335022,9.960245132446289,201433088,9.319952011108398,0.04065728187561035,0.01216268539428711,0.007310390472412109,0.013518810272216797,0.07364916801452637,0.017983999103307724,2.8470399379730225,2.8650240898132324
B-A,1,sender,chunk,delay2,B,sender,10,False,True,2,2.8181538581848145,0.9853098392486572,5.792159080505371,0.39478400349617004,10.023481845855713,201433088,9.38912582397461,0.04049396514892578,0.011770963668823242,0.007105827331542969,0.013376235961914062,0.07274699211120605,0.017311999574303627,2.868511915206909,2.885823965072632
B-A,1,sender,chunk,delay2,A,receiver,1,False,True,2,2.821005344390869,,0.0009598731994628906,1.326751947402954,4.702295303344727,0,0,0.24050283432006836,0.10355186462402344,0.037232398986816406,0.013898849487304688,0.3951859474182129,0.1358720064163208,3.1544320583343506,3.290303945541382
B-A,1,sender,chunk,delay2,A,receiver,2,False,True,2,2.726937770843506,,0.0008749961853027344,1.189568042755127,4.429592132568359,0,0,0.21180009841918945,0.08603334426879883,0.03866291046142578,0.01388692855834961,0.35038328170776367,0.11878400295972824,2.9460160732269287,3.0648000240325928
B-A,1,sender,chunk,delay2,A,receiver,3,False,True,2,2.7598042488098145,,0.0008521080017089844,1.027392029762268,4.284132480621338,0,0,0.2062520980834961,0.06110572814941406,0.03707599639892578,0.010974884033203125,0.31540870666503906,0.09340800344944,2.974047899246216,3.067456007003784
B-A,1,sender,chunk,delay2,A,receiver,4,False,True,2,2.6130142211914062,,0.0006947517395019531,1.2162879705429077,4.18657922744751,0,0,0.1250009536743164,0.08383607864379883,0.032100677490234375,0.01202392578125,0.2529616355895996,0.10972800105810165,2.7451839447021484,2.854912042617798
B-A,1,sender,chunk,delay2,A,receiver,5,False,True,2,2.746375560760498,,0.0009379386901855469,1.042240023612976,4.279875755310059,0,0,0.2060375213623047,0.06312942504882812,0.03721284866333008,0.011126041412353516,0.3175058364868164,0.09513600170612335,2.960479974746704,3.0556159019470215
B-A,1,sender,chunk,delay2,A,receiver,6,False,True,2,2.7110700607299805,,0.0008845329284667969,1.0823040008544922,4.266693115234375,0,0,0.20668601989746094,0.06279706954956055,0.03679704666137695,0.0117950439453125,0.31807518005371094,0.09452799707651138,2.925312042236328,3.0198400020599365
B-A,1,sender,chunk,delay2,A,receiver,7,False,True,2,2.648829936981201,,0.0007648468017578125,1.1785919666290283,4.160335063934326,0,0,0.1227269172668457,0.05783987045288086,0.03271913528442383,0.01005411148071289,0.22334003448486328,0.08361600339412689,2.7790400981903076,2.8626561164855957
B-A,1,sender,chunk,delay2,A,receiver,8,False,True,2,2.727262020111084,,0.0007042884826660156,1.0828160047531128,4.10634708404541,0,0,0.10271167755126953,0.05265951156616211,0.032895565032958984,0.009077072143554688,0.1973438262939453,0.07891199737787247,2.8365120887756348,2.915424108505249
B-A,1,sender,chunk,delay2,A,receiver,9,False,True,2,2.7229137420654297,,0.0007190704345703125,1.0531519651412964,4.055039882659912,0,0,0.10045194625854492,0.04093503952026367,0.031291961669921875,0.007633686065673828,0.1803126335144043,0.06540799885988235,2.8292479515075684,2.89465594291687
B-A,1,sender,chunk,delay2,A,receiver,10,False,True,2,2.7600178718566895,,0.0009179115295410156,1.0589439868927002,4.272054672241211,0,0,0.20195913314819336,0.05956697463989258,0.03447437286376953,0.010650157928466797,0.30665063858032227,0.08892799913883209,2.969343900680542,3.058271884918213
B-A,1,sender,chunk,jitter,B,sender,1,False,True,1.7610915177657862,2.679410934448242,1.131762981414795,6.0746989250183105,0.40777599811553955,10.328504085540771,201433088,9.542227029800415,0.04085278511047363,0.0134429931640625,0.012659072875976562,0.002521038055419922,0.06947588920593262,0.02502400055527687,2.721440076828003,2.7464640140533447
B-A,1,sender,chunk,jitter,B,sender,2,False,True,5.784865279063607,6.673604965209961,1.018022060394287,1.8778877258300781,0.5178239941596985,10.120111227035522,201433088,9.373805046081543,0.04018688201904297,0.012061119079589844,0.007225990295410156,0.013383150100708008,0.07285714149475098,0.01788800023496151,6.723296165466309,6.741184234619141
B-A,1,sender,chunk,jitter,B,sender,3,False,True,6.606343030729371,7.405186891555786,0.9790053367614746,1.1407809257507324,0.46140798926353455,10.016971111297607,201433088,9.321798086166382,0.03969597816467285,0.011857748031616211,0.0068323612213134766,0.01346278190612793,0.07184886932373047,0.016736000776290894,7.455167770385742,7.4719038009643555
B-A,1,sender,chunk,jitter,B,sender,4,False,True,5.872852407613883,6.705365180969238,0.9532380104064941,1.903080940246582,0.7333120107650757,10.340281248092651,201433088,9.366757869720459,0.05787181854248047,0.01732611656188965,0.016967058181762695,0.011769771575927734,0.10393476486206055,0.03161599859595299,6.772160053253174,6.803775787353516
B-A,1,sender,chunk,jitter,B,sender,5,False,True,5.3351628789642005,6.157861948013306,0.9976730346679688,2.456921100616455,0.5476800203323364,10.197046041488647,201433088,9.377466917037964,0.042038917541503906,0.012372970581054688,0.007421970367431641,0.013714075088500977,0.07554793357849121,0.01865600049495697,6.210495948791504,6.229152202606201
B-A,1,sender,chunk,jitter,B,sender,6,False,True,3.0802124870144594,3.859821081161499,1.0852329730987549,4.56519079208374,0.40188801288604736,9.942843914031982,201433088,9.313216924667358,0.03978395462036133,0.011959075927734375,0.0071718692779541016,0.013437032699584961,0.07235193252563477,0.017311999574303627,3.909791946411133,3.9271039962768555
B-A,1,sender,chunk,jitter,B,sender,7,False,True,1.2608217841359082,2.0947601795196533,1.0329537391662598,6.417405843734741,0.6605759859085083,10.249235153198242,201433088,9.351464033126831,0.0400090217590332,0.011709213256835938,0.007027864456176758,0.01340794563293457,0.07215404510498047,0.01692800037562847,2.144767999649048,2.161695957183838
B-A,1,sender,chunk,jitter,B,sender,8,False,True,4.527099036774619,5.4287049770355225,0.9921197891235352,3.185152053833008,0.4036799967288971,10.04256796836853,201433088,9.400358200073242,0.04122185707092285,0.012096166610717773,0.0073778629302978516,0.01314401626586914,0.07383990287780762,0.017983999103307724,5.479680061340332,5.497663974761963
B-A,1,sender,chunk,jitter,B,sender,9,False,True,2.488322992482754,3.473912000656128,1.0282890796661377,5.096750020980835,0.397024005651474,10.02954387664795,201433088,9.389277219772339,0.0397038459777832,0.011842966079711914,0.007153034210205078,0.013637065887451172,0.07233691215515137,0.017664000391960144,3.523519992828369,3.5411839485168457
B-A,1,sender,chunk,jitter,B,sender,10,False,True,5.370533310217103,6.141873121261597,0.7671098709106445,2.611086845397949,0.40617600083351135,9.956916093826294,201433088,9.307528018951416,0.040537118911743164,0.012063980102539062,0.00707697868347168,0.013632059097290039,0.07331013679504395,0.01772800087928772,6.192543983459473,6.210271835327148
B-A,1,sender,chunk,jitter,A,receiver,1,False,True,1.7610915177657862,2.622008800506592,,0.0012407302856445312,1.1191999912261963,4.287582874298096,0,0,0.21134471893310547,0.08718204498291016,0.05686807632446289,0.013824939727783203,0.3692197799682617,0.13820800185203552,2.8423359394073486,2.980544090270996
B-A,1,sender,chunk,jitter,A,receiver,2,False,True,5.784865279063607,6.582568168640137,,0.0007653236389160156,1.1751999855041504,8.24891185760498,0,0,0.20125818252563477,0.08574819564819336,0.03559064865112305,0.011680126190185547,0.3342771530151367,0.11503999680280685,6.791647911071777,6.906688213348389
B-A,1,sender,chunk,jitter,A,receiver,3,False,True,6.606343030729371,7.32742166519165,,0.0008630752563476562,1.0155839920043945,8.804243564605713,0,0,0.21103763580322266,0.05914163589477539,0.035536766052246094,0.010815143585205078,0.3165311813354492,0.09036800265312195,7.544608116149902,7.634975910186768
B-A,1,sender,chunk,jitter,A,receiver,4,False,True,5.872852407613883,6.643562316894531,,0.0007987022399902344,1.0518079996109009,8.141788482666016,0,0,0.19594764709472656,0.05749225616455078,0.03492593765258789,0.010775566101074219,0.29914140701293945,0.08636800199747086,6.846271991729736,6.932640075683594
B-A,1,sender,chunk,jitter,A,receiver,5,False,True,5.3351628789642005,6.112635135650635,,0.0007772445678710938,0.9973120093345642,7.573064804077148,0,0,0.19362592697143555,0.05891132354736328,0.034819602966308594,0.030369281768798828,0.31772613525390625,0.08841600269079208,6.313568115234375,6.401984214782715
B-A,1,sender,chunk,jitter,A,receiver,6,False,True,3.0802124870144594,3.7986040115356445,,0.0008878707885742188,1.0590720176696777,5.305088996887207,0,0,0.1952071189880371,0.058390140533447266,0.03702116012573242,0.010318279266357422,0.3009366989135742,0.08963199704885483,4.00105619430542,4.090688228607178
B-A,1,sender,chunk,jitter,A,receiver,7,False,True,1.2608217841359082,2.029263973236084,,0.0007762908935546875,1.0608960390090942,3.636594772338867,0,0,0.26735782623291016,0.06484746932983398,0.04230070114135742,0.011546611785888672,0.38605260848999023,0.11334399878978729,2.2920639514923096,2.4054079055786133
B-A,1,sender,chunk,jitter,A,receiver,8,False,True,4.527099036774619,5.3060994148254395,,0.0010409355163574219,1.0416640043258667,6.8363213539123535,0,0,0.20909786224365234,0.0723276138305664,0.037656307220458984,0.011650562286376953,0.3307323455810547,0.10470400005578995,5.524159908294678,5.62886381149292
B-A,1,sender,chunk,jitter,A,receiver,9,False,True,2.488322992482754,3.2913217544555664,,0.0010099411010742188,1.1593600511550903,4.96500825881958,0,0,0.22895574569702148,0.08243179321289062,0.03834724426269531,0.011751174926757812,0.36148595809936523,0.11481600254774094,3.527679920196533,3.642496109008789
B-A,1,sender,chunk,jitter,A,receiver,10,False,True,5.370533310217103,6.052109718322754,,0.0008292198181152344,1.075808048248291,7.471498966217041,0,0,0.11348390579223633,0.06223154067993164,0.03145742416381836,0.01089334487915039,0.21806621551513672,0.08742400258779526,6.173855781555176,6.261280059814453
B-A,1,sender,window2,zero,B,sender,1,False,True,0,0.7008647918701172,0.8924281597137451,7.437950849533081,0.6661120057106018,9.734245777130127,201433088,8.850869178771973,0.05681300163269043,0.01762986183166504,0.0173799991607666,0.011690855026245117,0.10351371765136719,0.03215999901294708,0.7668160200119019,0.7989760041236877
B-A,1,sender,window2,zero,B,sender,2,False,True,0,0.7260608673095703,0.8661422729492188,7.481710910797119,0.6390399932861328,9.75658392906189,201433088,8.853193998336792,0.03799915313720703,0.011987924575805664,0.006947040557861328,0.013573884963989258,0.07050800323486328,0.01727999933063984,0.7741439938545227,0.7914239764213562
B-A,1,sender,window2,zero,B,sender,3,False,True,0,0.7476770877838135,0.8903698921203613,7.35988974571228,0.45628800988197327,9.485957145690918,201433088,8.802135944366455,0.03727102279663086,0.011552810668945312,0.006572246551513672,0.013204097747802734,0.06860017776489258,0.016383999958634377,0.7950080037117004,0.8113920092582703
B-A,1,sender,window2,zero,B,sender,4,False,True,0,0.737576961517334,0.8472661972045898,7.429823875427246,0.3960320055484772,9.445794820785522,201433088,8.805232048034668,0.03662610054016113,0.011822938919067383,0.0066301822662353516,0.013215780258178711,0.06829500198364258,0.016704000532627106,0.784063994884491,0.8007680177688599
B-A,1,sender,window2,zero,B,sender,5,False,True,0,0.739238977432251,0.8399910926818848,7.4809730052948,0.41676801443099976,9.537533044815063,201433088,8.830474853515625,0.03668212890625,0.011755943298339844,0.006788015365600586,0.013638019561767578,0.06886410713195801,0.01744000054895878,0.7853440046310425,0.8027840256690979
B-A,1,sender,window2,zero,B,sender,6,False,True,0,0.733565092086792,0.8894088268280029,7.387546062469482,0.39020800590515137,9.431181192398071,201433088,8.798288106918335,0.03718090057373047,0.011652231216430664,0.006880760192871094,0.013494014739990234,0.06920790672302246,0.01711999997496605,0.7809919714927673,0.7981119751930237
B-A,1,sender,window2,zero,B,sender,7,False,True,0,0.7959549427032471,0.874100923538208,7.381772041320801,0.6427199840545654,9.737813949584961,201433088,8.829654216766357,0.03674793243408203,0.011798858642578125,0.006612062454223633,0.013463020324707031,0.06862187385559082,0.01692800037562847,0.8427199721336365,0.8596479892730713
B-A,1,sender,window2,zero,B,sender,8,False,True,0,0.7573189735412598,1.028306007385254,7.228525876998901,0.3927359879016876,9.437610864639282,201433088,8.8192720413208,0.03707408905029297,0.01178884506225586,0.0064733028411865234,0.013379812240600586,0.06871604919433594,0.016383999958634377,0.8047040104866028,0.8210880160331726
B-A,1,sender,window2,zero,B,sender,9,False,True,0,0.7254419326782227,0.9006750583648682,7.467580080032349,0.39350399374961853,9.517489194869995,201433088,8.88848614692688,0.03735518455505371,0.01193094253540039,0.006632089614868164,0.013380050659179688,0.06929826736450195,0.016863999888300896,0.7724800109863281,0.7893440127372742
B-A,1,sender,window2,zero,B,sender,10,False,True,0,0.7214171886444092,0.8744628429412842,7.4253830909729,0.3964479863643646,9.451827049255371,201433088,8.826554775238037,0.03710317611694336,0.011831045150756836,0.006654024124145508,0.013534784317016602,0.0691230297088623,0.017055999487638474,0.7684800028800964,0.785535991191864
B-A,1,sender,window2,zero,A,receiver,1,False,True,0,0.5725159645080566,,0.0008254051208496094,1.028223991394043,2.076498031616211,0,0,0.2060718536376953,0.06150007247924805,0.038259029388427734,0.013491153717041016,0.3193221092224121,0.09401600062847137,0.7861760258674622,0.88019198179245
B-A,1,sender,window2,zero,A,receiver,2,False,True,0,0.6074490547180176,,0.0008702278137207031,1.0672320127487183,2.293415069580078,0,0,0.20485544204711914,0.057402610778808594,0.03625631332397461,0.010351181030273438,0.3088655471801758,0.08755200356245041,0.819104015827179,0.90665602684021
B-A,1,sender,window2,zero,A,receiver,3,False,True,0,0.607058048248291,,0.0009469985961914062,0.9987840056419373,2.0973424911499023,0,0,0.21365976333618164,0.05811500549316406,0.03405189514160156,0.011877059936523438,0.3177037239074707,0.08806400001049042,0.8275200128555298,0.9155840277671814
B-A,1,sender,window2,zero,A,receiver,4,False,True,0,0.6016359329223633,,0.0008568763732910156,1.0313600301742554,2.090850830078125,0,0,0.19115161895751953,0.05764961242675781,0.03371429443359375,0.010382652282714844,0.29289817810058594,0.08569599688053131,0.8000320196151733,0.8857280015945435
B-A,1,sender,window2,zero,A,receiver,5,False,True,0,0.5862321853637695,,0.0008068084716796875,0.9952960014343262,2.0386781692504883,0,0,0.19189214706420898,0.05722808837890625,0.033075809478759766,0.011544227600097656,0.29374027252197266,0.0854400023818016,0.7857279777526855,0.8711680173873901
B-A,1,sender,window2,zero,A,receiver,6,False,True,0,0.599207878112793,,0.0009517669677734375,1.050976037979126,2.1212148666381836,0,0,0.20348215103149414,0.060620784759521484,0.036959171295166016,0.011256217956542969,0.3123183250427246,0.09171199798583984,0.8106240034103394,0.9023360013961792
B-A,1,sender,window2,zero,A,receiver,7,False,True,0,0.6018252372741699,,0.0009250640869140625,1.0434880256652832,2.132132053375244,0,0,0.2024827003479004,0.062310218811035156,0.036253929138183594,0.019215106964111328,0.32026195526123047,0.0939520001411438,0.8294079899787903,0.9233599901199341
B-A,1,sender,window2,zero,A,receiver,8,False,True,0,0.6152949333190918,,0.0008015632629394531,1.1231039762496948,2.2446656227111816,0,0,0.2230234146118164,0.08253049850463867,0.03477334976196289,0.017774581909179688,0.35810184478759766,0.11343999952077866,0.8458880186080933,0.9593279957771301
B-A,1,sender,window2,zero,A,receiver,9,False,True,0,0.5972161293029785,,0.0008616447448730469,1.0512959957122803,2.124979019165039,0,0,0.22376298904418945,0.06069183349609375,0.0339350700378418,0.012331962585449219,0.3307218551635742,0.08934400230646133,0.8275520205497742,0.9168959856033325
B-A,1,sender,window2,zero,A,receiver,10,False,True,0,0.5936150550842285,,0.0008487701416015625,1.0061440467834473,2.0524044036865234,0,0,0.19158935546875,0.057817935943603516,0.0351409912109375,0.010382652282714844,0.29493093490600586,0.08713600039482117,0.8054400086402893,0.8925759792327881
B-A,1,sender,window2,delay2,B,sender,1,False,True,2,2.8756933212280273,1.0475938320159912,5.106706857681274,0.39792001247406006,9.461899995803833,201433088,8.81310224533081,0.03964972496032715,0.011748075485229492,0.006772041320800781,0.013353109359741211,0.07152295112609863,0.016704000532627106,2.9251201152801514,2.941823959350586
B-A,1,sender,window2,delay2,B,sender,2,False,True,2,2.859607219696045,1.0004398822784424,5.155419826507568,0.39478400349617004,9.441071033477783,201433088,8.812227964401245,0.039576053619384766,0.011801958084106445,0.007234811782836914,0.013535022735595703,0.07214784622192383,0.017632000148296356,2.9089601039886475,2.9265921115875244
B-A,1,sender,window2,delay2,B,sender,3,False,True,2,2.8466920852661133,0.9793550968170166,5.22991418838501,0.44041600823402405,9.544219255447388,201433088,8.845824241638184,0.039804935455322266,0.01163029670715332,0.006955623626708984,0.013819217681884766,0.07221007347106934,0.017503999173641205,2.8960320949554443,2.9135360717773438
B-A,1,sender,window2,delay2,B,sender,4,False,True,2,2.8404018878936768,0.9574980735778809,5.236831903457642,0.6566720008850098,9.737205982208252,201433088,8.80182409286499,0.04014778137207031,0.011751890182495117,0.006891965866088867,0.013364076614379883,0.07215571403503418,0.017152000218629837,2.8901760578155518,2.907327890396118
B-A,1,sender,window2,delay2,B,sender,5,False,True,2,2.8435559272766113,0.9767742156982422,5.186483860015869,0.3964160084724426,9.433831214904785,201433088,8.800266981124878,0.04063606262207031,0.011956930160522461,0.007153034210205078,0.013376951217651367,0.07312297821044922,0.017472000792622566,2.894399881362915,2.911871910095215
B-A,1,sender,window2,delay2,B,sender,6,False,True,2,2.812894105911255,0.9229309558868408,5.248594284057617,0.393312007188797,9.409121990203857,201433088,8.803459167480469,0.04025626182556152,0.012035846710205078,0.007194042205810547,0.013505935668945312,0.07299208641052246,0.017791999503970146,2.86297607421875,2.880768060684204
B-A,1,sender,window2,delay2,B,sender,7,False,True,2,2.8300652503967285,0.9710779190063477,5.219295978546143,0.39577600359916687,9.449212074279785,201433088,8.816206932067871,0.03966712951660156,0.011581897735595703,0.007336139678955078,0.013507843017578125,0.07209300994873047,0.01756799966096878,2.8795840740203857,2.8971519470214844
B-A,1,sender,window2,delay2,B,sender,8,False,True,2,2.8595540523529053,1.019439935684204,5.128910064697266,0.4137279987335205,9.4562668800354,201433088,8.806807041168213,0.04010295867919922,0.011924982070922852,0.0069620609283447266,0.013508081436157227,0.07249808311462402,0.017503999173641205,2.9094719886779785,2.926975965499878
B-A,1,sender,window2,delay2,B,sender,9,False,True,2,2.8596420288085938,1.0052731037139893,5.14360499382019,0.4025599956512451,9.444130182266235,201433088,8.80745792388916,0.04045295715332031,0.011765003204345703,0.007019996643066406,0.013468027114868164,0.07270598411560059,0.01744000054895878,2.9100799560546875,2.9275200366973877
B-A,1,sender,window2,delay2,B,sender,10,False,True,2,2.8431200981140137,0.9890561103820801,5.32438588142395,0.42502400279045105,9.61587119102478,201433088,8.94353175163269,0.03997087478637695,0.011992216110229492,0.006920814514160156,0.013189077377319336,0.07207298278808594,0.017311999574303627,2.89302396774292,2.9103360176086426
B-A,1,sender,window2,delay2,A,receiver,1,False,True,2,2.7668051719665527,,0.0008358955383300781,1.1980479955673218,4.497097015380859,0,0,0.21138334274291992,0.08988761901855469,0.05874204635620117,0.01335287094116211,0.3733658790588379,0.12268800288438797,2.9866559505462646,3.109344005584717
B-A,1,sender,window2,delay2,A,receiver,2,False,True,2,2.793200969696045,,0.0008611679077148438,1.2155519723892212,4.5115966796875,0,0,0.20584487915039062,0.09778642654418945,0.037654876708984375,0.011581897735595703,0.35286808013916016,0.13023999333381653,3.0063679218292236,3.1366078853607178
B-A,1,sender,window2,delay2,A,receiver,3,False,True,2,2.751133918762207,,0.0008378028869628906,1.0417280197143555,4.252866744995117,0,0,0.2098407745361328,0.060784339904785156,0.034607887268066406,0.011269092559814453,0.31650209426879883,0.0915519967675209,2.967072010040283,3.058624029159546
B-A,1,sender,window2,delay2,A,receiver,4,False,True,2,2.7612037658691406,,0.0008502006530761719,1.034208059310913,4.268470764160156,0,0,0.2018280029296875,0.06032705307006836,0.05315876007080078,0.01119232177734375,0.3265061378479004,0.10751999914646149,2.970400094985962,3.0779199600219727
B-A,1,sender,window2,delay2,A,receiver,5,False,True,2,2.7558932304382324,,0.0007300376892089844,1.043455958366394,4.255930423736572,0,0,0.20781373977661133,0.057125091552734375,0.036531925201416016,0.011134147644042969,0.3126049041748047,0.08860799670219421,2.971263885498047,3.0598719120025635
B-A,1,sender,window2,delay2,A,receiver,6,False,True,2,2.713989734649658,,0.0008082389831542969,1.0209599733352661,4.188732147216797,0,0,0.19172239303588867,0.07366704940795898,0.035500526428222656,0.010272979736328125,0.31116294860839844,0.10400000214576721,2.913503885269165,3.0175039768218994
B-A,1,sender,window2,delay2,A,receiver,7,False,True,2,2.740950584411621,,0.0007004737854003906,1.0540800094604492,4.2523064613342285,0,0,0.21074819564819336,0.057333946228027344,0.03439617156982422,0.010035037994384766,0.3125133514404297,0.08640000224113464,2.958400011062622,3.044800043106079
B-A,1,sender,window2,delay2,A,receiver,8,False,True,2,2.7851643562316895,,0.0007748603820800781,1.0986560583114624,4.362347602844238,0,0,0.20728826522827148,0.06588077545166016,0.03589200973510742,0.01161956787109375,0.3206806182861328,0.09750399738550186,2.999392032623291,3.096895933151245
B-A,1,sender,window2,delay2,A,receiver,9,False,True,2,2.7582168579101562,,0.0008225440979003906,1.2070399522781372,4.431057453155518,0,0,0.1892404556274414,0.08531475067138672,0.03530311584472656,0.010426998138427734,0.3202853202819824,0.11484800279140472,2.9549760818481445,3.069823980331421
B-A,1,sender,window2,delay2,A,receiver,10,False,True,2,2.7603836059570312,,0.0006680488586425781,1.053279995918274,4.278719902038574,0,0,0.20191621780395508,0.06219482421875,0.03559112548828125,0.011178016662597656,0.310880184173584,0.09321600198745728,2.9692800045013428,3.0624959468841553
B-A,1,sender,window2,jitter,B,sender,1,False,True,4.228590645953495,5.127378940582275,1.1202340126037598,2.7705209255218506,0.40966400504112244,9.458518028259277,201433088,8.808752059936523,0.0399930477142334,0.011991024017333984,0.0074269771575927734,0.013348102569580078,0.07275915145874023,0.018112000077962875,5.176864147186279,5.194975852966309
B-A,1,sender,window2,jitter,B,sender,2,False,True,7.029483559903578,7.851118087768555,1.111670970916748,0.2605867385864258,0.6537600159645081,9.922505855560303,201433088,9.007519960403442,0.1316237449645996,0.020060300827026367,0.027875900268554688,0.010449886322021484,0.19000983238220215,0.11964800208806992,7.915999889373779,8.035648345947266
B-A,1,sender,window2,jitter,B,sender,3,False,True,6.601931403190824,7.443135023117065,1.153723955154419,0.4457550048828125,0.40191999077796936,9.477394104003906,201433088,8.840018033981323,0.04031109809875488,0.09642195701599121,0.027752161026000977,0.011143922805786133,0.1756291389465332,0.12185599654912949,7.4924798011779785,7.614336013793945
B-A,1,sender,window2,jitter,B,sender,4,False,True,1.5543792841247912,2.3907761573791504,0.9912171363830566,5.702743053436279,0.41119998693466187,9.530537128448486,201433088,8.885714054107666,0.04058504104614258,0.015159845352172852,0.006849050521850586,0.014082908630371094,0.07667684555053711,0.021088000386953354,2.441567897796631,2.462656021118164
B-A,1,sender,window2,jitter,B,sender,5,False,True,5.56031293275936,6.384212970733643,0.9804708957672119,1.6875507831573486,0.4007039964199066,9.485707998275757,201433088,8.843884944915771,0.042849063873291016,0.012171030044555664,0.007085084915161133,0.013432025909423828,0.07553720474243164,0.01772800087928772,6.437024116516113,6.454751968383789
B-A,1,sender,window2,jitter,B,sender,6,False,True,4.6742617611560675,5.551294803619385,0.9757940769195557,2.4975593090057373,0.40012800693511963,9.457507848739624,201433088,8.823808908462524,0.03927326202392578,0.011709928512573242,0.006958723068237305,0.013457298278808594,0.07139921188354492,0.016896000131964684,5.601024150848389,5.617919921875
B-A,1,sender,window2,jitter,B,sender,7,False,True,3.341337678850681,4.176950216293335,1.0998427867889404,3.7485978603363037,0.40140798687934875,9.459803104400635,201433088,8.820652961730957,0.04163503646850586,0.011219978332519531,0.019115924835205078,0.10344505310058594,0.1754159927368164,0.028896000236272812,4.228511810302734,4.257408142089844
B-A,1,sender,window2,jitter,B,sender,8,False,True,2.7990142900524564,3.6538589000701904,1.0749320983886719,4.411662817001343,0.6631680130958557,9.84773302078247,201433088,8.907586097717285,0.05852103233337402,0.01761603355407715,0.016908884048461914,0.012045145034790039,0.10509109497070312,0.0318400003015995,3.7219200134277344,3.7537600994110107
B-A,1,sender,window2,jitter,B,sender,9,False,True,0.39305202825459506,1.1925959587097168,1.0037150382995605,6.85380220413208,0.4256640076637268,9.512967824935913,201433088,8.834771156311035,0.03687477111816406,0.012131214141845703,0.00665283203125,0.013275146484375,0.06893396377563477,0.017311999574303627,1.239359974861145,1.2566720247268677
B-A,1,sender,window2,jitter,B,sender,10,False,True,4.359564805014041,5.146582126617432,1.0805261135101318,2.8150880336761475,0.40460801124572754,9.477448225021362,201433088,8.830037832260132,0.03919219970703125,0.011879920959472656,0.006927967071533203,0.013516902923583984,0.0715169906616211,0.01724799908697605,5.195903778076172,5.213151931762695
B-A,1,sender,window2,jitter,A,receiver,1,False,True,4.228590645953495,5.01856803894043,,0.0008511543273925781,1.171839952468872,6.784626483917236,0,0,0.2901191711425781,0.09699201583862305,0.03759288787841797,0.013709068298339844,0.438413143157959,0.12982399761676788,5.317759990692139,5.44758415222168
B-A,1,sender,window2,jitter,A,receiver,2,False,True,7.029483559903578,7.910712242126465,,0.0008440017700195312,1.1898880004882812,9.581355094909668,0,0,0.19449090957641602,0.0724649429321289,0.05625581741333008,0.011283397674560547,0.33449506759643555,0.12291199713945389,8.112064361572266,8.234975814819336
B-A,1,sender,window2,jitter,A,receiver,3,False,True,6.601931403190824,7.499095916748047,,0.0008044242858886719,1.2377279996871948,9.22635555267334,0,0,0.22596311569213867,0.06344461441040039,0.03701210021972656,0.011229991912841797,0.3376498222351074,0.095551997423172,7.7325119972229,7.82806396484375
B-A,1,sender,window2,jitter,A,receiver,4,False,True,1.5543792841247912,2.3499908447265625,,0.0009202957153320312,1.052224040031433,3.853839874267578,0,0,0.20772123336791992,0.05690574645996094,0.03329801559448242,0.011220932006835938,0.3091459274291992,0.08470399677753448,2.564352035522461,2.6490559577941895
B-A,1,sender,window2,jitter,A,receiver,5,False,True,5.56031293275936,6.346786022186279,,0.0008697509765625,1.0176960229873657,7.797913074493408,0,0,0.18799114227294922,0.057589054107666016,0.03334474563598633,0.010186195373535156,0.2891111373901367,0.0857279971241951,6.542143821716309,6.627871990203857
B-A,1,sender,window2,jitter,A,receiver,6,False,True,4.6742617611560675,5.441654205322266,,0.000942230224609375,1.0583679676055908,6.953493118286133,0,0,0.19903326034545898,0.060504913330078125,0.032647132873535156,0.011846065521240234,0.3040313720703125,0.08841600269079208,5.647136211395264,5.735551834106445
B-A,1,sender,window2,jitter,A,receiver,7,False,True,3.341337678850681,4.227982044219971,,0.0008339881896972656,1.0397119522094727,5.733779430389404,0,0,0.21297550201416016,0.05943489074707031,0.03580331802368164,0.010670661926269531,0.31888437271118164,0.09027200192213058,4.447423934936523,4.53769588470459
B-A,1,sender,window2,jitter,A,receiver,8,False,True,2.7990142900524564,3.6053385734558105,,0.00080108642578125,1.0640959739685059,5.124955654144287,0,0,0.20244121551513672,0.05847358703613281,0.035635948181152344,0.011487007141113281,0.30803775787353516,0.08848000317811966,3.815648078918457,3.904128074645996
B-A,1,sender,window2,jitter,A,receiver,9,False,True,0.39305202825459506,1.1075315475463867,,0.0009570121765136719,1.126047968864441,2.725996494293213,0,0,0.1989912986755371,0.08092260360717773,0.03323698043823242,0.011129379272460938,0.3242802619934082,0.1096000000834465,1.3138240575790405,1.4234240055084229
B-A,1,sender,window2,jitter,A,receiver,10,False,True,4.359564805014041,5.088269233703613,,0.0009083747863769531,1.0496000051498413,6.597415924072266,0,0,0.21168136596679688,0.05730867385864258,0.0341191291809082,0.0110321044921875,0.31414127349853516,0.08627200126647949,5.306623935699463,5.3928961753845215
B-A,1,sender,priority,zero,B,sender,1,False,True,0,0.7570879459381104,0.9227538108825684,7.9015960693359375,0.39638400077819824,10.012316942214966,201433088,9.363910913467407,0.03636980056762695,0.011567115783691406,0.006512880325317383,0.014035224914550781,0.06848502159118652,0.01679999940097332,0.8064640164375305,0.8232640027999878
B-A,1,sender,priority,zero,B,sender,2,False,True,0,0.7482318878173828,0.8947181701660156,7.9404332637786865,0.5146239995956421,10.134061098098755,201433088,9.364736795425415,0.035774946212768555,0.01154780387878418,0.00661015510559082,0.01346898078918457,0.06740188598632812,0.01648000068962574,0.7967680096626282,0.8132479786872864
B-A,1,sender,priority,zero,B,sender,3,False,True,0,0.7244307994842529,0.8907561302185059,7.974261999130249,0.40220800042152405,10.026221990585327,201433088,9.379624128341675,0.036351919174194336,0.011664152145385742,0.006708860397338867,0.013231992721557617,0.06795692443847656,0.01651199907064438,0.7735360264778137,0.7900480031967163
B-A,1,sender,priority,zero,B,sender,4,False,True,0,0.7409870624542236,0.8538181781768799,7.975839138031006,0.633184015750885,10.247967004776001,201433088,9.349014043807983,0.036176204681396484,0.011684894561767578,0.00690913200378418,0.01325082778930664,0.06802105903625488,0.01679999940097332,0.7899199724197388,0.8067200183868408
B-A,1,sender,priority,zero,B,sender,5,False,True,0,0.749021053314209,0.9010829925537109,7.924208879470825,0.4212479889392853,10.030123233795166,201433088,9.370004892349243,0.03756880760192871,0.011981010437011719,0.007010936737060547,0.013502120971679688,0.07006287574768066,0.01756799966096878,0.7997440099716187,0.8173120021820068
B-A,1,sender,priority,zero,B,sender,6,False,True,0,0.7106871604919434,0.9574041366577148,7.999914169311523,0.651423990726471,10.363381147384644,201433088,9.424139022827148,0.05674600601196289,0.017312049865722656,0.01751399040222168,0.011331796646118164,0.10290384292602539,0.0318400003015995,0.7805119752883911,0.8123520016670227
B-A,1,sender,priority,zero,B,sender,7,False,True,0,0.6949737071990967,1.2426621913909912,7.617156028747559,0.41417598724365234,10.002967834472656,201433088,9.344323873519897,0.03775382041931152,0.012143135070800781,0.007047891616821289,0.013458251953125,0.0704030990600586,0.017343999817967415,0.7462080121040344,0.7635520100593567
B-A,1,sender,priority,zero,B,sender,8,False,True,0,0.8469178676605225,1.0908901691436768,7.610109806060791,0.4061119854450226,9.98483681678772,201433088,9.346246004104614,0.03672480583190918,0.0118560791015625,0.00656890869140625,0.013401031494140625,0.06855082511901855,0.01692800037562847,0.896511971950531,0.9134399890899658
B-A,1,sender,priority,zero,B,sender,9,False,True,0,0.6770949363708496,0.7209479808807373,8.355359077453613,0.41302400827407837,10.201066970825195,201433088,9.530086994171143,0.037232160568237305,0.01154017448425293,0.006531715393066406,0.013531208038330078,0.06883525848388672,0.016543999314308167,0.7272319793701172,0.7437760233879089
B-A,1,sender,priority,zero,B,sender,10,False,True,0,0.5711929798126221,0.7901921272277832,8.459865093231201,0.42659199237823486,10.282456874847412,201433088,9.602382898330688,0.03876137733459473,0.011225700378417969,0.0180361270904541,0.0023229122161865234,0.07034611701965332,0.027904000133275986,0.6146559715270996,0.6425600051879883
B-A,1,sender,priority,zero,A,receiver,1,False,True,0,0.6068706512451172,,0.0007004737854003906,1.0677119493484497,2.152982711791992,0,0,0.21405982971191406,0.059721946716308594,0.04326009750366211,0.012451171875,0.32949304580688477,0.09001599997282028,0.830016016960144,0.9200320243835449
B-A,1,sender,priority,zero,A,receiver,2,False,True,0,0.6176953315734863,,0.0009093284606933594,1.0287359952926636,2.1167349815368652,0,0,0.20528459548950195,0.06059980392456055,0.03670215606689453,0.011322975158691406,0.31390953063964844,0.09158399701118469,0.8319039940834045,0.9234880208969116
B-A,1,sender,priority,zero,A,receiver,3,False,True,0,0.6220488548278809,,0.0007853507995605469,1.056831955909729,2.114643096923828,0,0,0.18934011459350586,0.05720806121826172,0.03449058532714844,0.011119842529296875,0.2921586036682129,0.08694399893283844,0.8183040022850037,0.9052479863166809
B-A,1,sender,priority,zero,A,receiver,4,False,True,0,0.6017532348632812,,0.0007166862487792969,1.0001599788665771,2.0583977699279785,0,0,0.1912708282470703,0.05695009231567383,0.05241107940673828,0.01040792465209961,0.31103992462158203,0.08591999858617783,0.8006719946861267,0.8865919709205627
B-A,1,sender,priority,zero,A,receiver,5,False,True,0,0.6008667945861816,,0.0007958412170410156,1.013375997543335,2.142876148223877,0,0,0.19176006317138672,0.0567479133605957,0.03388404846191406,0.01178121566772461,0.2941732406616211,0.08588799834251404,0.8067839741706848,0.8926720023155212
B-A,1,sender,priority,zero,A,receiver,6,False,True,0,0.6240410804748535,,0.0008039474487304688,1.09443199634552,2.183192253112793,0,0,0.2033233642578125,0.060475826263427734,0.03520011901855469,0.011211872100830078,0.310211181640625,0.09001599997282028,0.8353599905967712,0.9253759980201721
B-A,1,sender,priority,zero,A,receiver,7,False,True,0,0.577573299407959,,0.0017137527465820312,2.3926079273223877,3.870788097381592,0,0,0.4307069778442383,0.09064197540283203,0.08242273330688477,0.01848745346069336,0.6222591400146484,0.1608320027589798,1.01145601272583,1.172287940979004
B-A,1,sender,priority,zero,A,receiver,8,False,True,0,0.5909719467163086,,0.0023941993713378906,1.2165119647979736,2.651366710662842,0,0,0.26607608795166016,0.09306478500366211,0.08700180053710938,0.018733978271484375,0.464876651763916,0.16649599373340607,0.8659200072288513,1.0324159860610962
B-A,1,sender,priority,zero,A,receiver,9,False,True,0,0.6394243240356445,,0.0007839202880859375,1.023743987083435,1.9755644798278809,0,0,0.10459756851196289,0.06180143356323242,0.030818462371826172,0.009815216064453125,0.2070326805114746,0.0862400010228157,0.7506880164146423,0.8369280099868774
B-A,1,sender,priority,zero,A,receiver,10,False,True,0,0.6307220458984375,,0.000774383544921875,1.0073280334472656,1.9427390098571777,0,0,0.10174751281738281,0.0607151985168457,0.030800819396972656,0.009756088256835938,0.2030196189880371,0.0851840004324913,0.7371839880943298,0.8223680257797241
B-A,1,sender,priority,delay2,B,sender,1,False,True,2,2.8466508388519287,1.0212311744689941,5.823650121688843,0.42895999550819397,10.155183792114258,201433088,9.484770059585571,0.03885293006896973,0.012612104415893555,0.007664918899536133,0.0022339820861816406,0.061363935470581055,0.018144000321626663,2.891616106033325,2.909759998321533
B-A,1,sender,priority,delay2,B,sender,2,False,True,2,2.9817309379577637,1.2583160400390625,5.304358005523682,0.3757759928703308,9.955471992492676,201433088,9.344326257705688,0.037960052490234375,0.011651039123535156,0.00680994987487793,0.014199972152709961,0.07062101364135742,0.017664000391960144,3.03385591506958,3.0515201091766357
B-A,1,sender,priority,delay2,B,sender,3,False,True,2,2.853126049041748,0.9979469776153564,5.8588948249816895,0.63919997215271,10.405851125717163,201433088,9.475841045379639,0.03850197792053223,0.017123937606811523,0.008008003234863281,0.002259969711303711,0.06589388847351074,0.016736000776290894,2.904223918914795,2.920959949493408
B-A,1,sender,priority,delay2,B,sender,4,False,True,2,2.804715156555176,1.0257399082183838,5.782658100128174,0.6910719871520996,10.348011016845703,201433088,9.387966871261597,0.03667593002319336,0.011513948440551758,0.006736040115356445,0.01357412338256836,0.06850004196166992,0.01664000004529953,2.8548800945281982,2.8715200424194336
B-A,1,sender,priority,delay2,B,sender,5,False,True,2,2.8156051635742188,1.0099058151245117,5.734649896621704,0.4380800127983093,10.031158924102783,201433088,9.359822750091553,0.04134011268615723,0.012649059295654297,0.007318973541259766,0.013180017471313477,0.07448816299438477,0.018400000408291817,2.896928071975708,2.915328025817871
B-A,1,sender,priority,delay2,B,sender,6,False,True,2,2.7545080184936523,0.9726417064666748,5.971825838088989,0.4095039963722229,10.141401052474976,201433088,9.39259672164917,0.038184165954589844,0.011697769165039062,0.007183074951171875,0.013493061065673828,0.07055807113647461,0.01756799966096878,2.8068161010742188,2.8243839740753174
B-A,1,sender,priority,delay2,B,sender,7,False,True,2,2.839078903198242,0.9213790893554688,5.884588003158569,0.39897599816322327,10.075003862380981,201433088,9.342900037765503,0.03748202323913574,0.011631965637207031,0.006774187088012695,0.013518810272216797,0.06940698623657227,0.017216000705957413,2.890336036682129,2.9075520038604736
B-A,1,sender,priority,delay2,B,sender,8,False,True,2,2.8533098697662354,0.9837620258331299,5.809205055236816,0.39721599221229553,10.073946952819824,201433088,9.451581954956055,0.04473090171813965,0.011635065078735352,0.00693511962890625,0.002180814743041992,0.06548190116882324,0.017184000462293625,2.9040000438690186,2.9211840629577637
B-A,1,sender,priority,delay2,B,sender,9,False,True,2,2.8225440979003906,0.996168851852417,5.818805694580078,0.5422400236129761,10.210172891616821,201433088,9.42143201828003,0.03838205337524414,0.011654138565063477,0.007104635238647461,0.013556241989135742,0.07069706916809082,0.017055999487638474,2.875200033187866,2.892256021499634
B-A,1,sender,priority,delay2,B,sender,10,False,True,2,2.781052350997925,0.9709289073944092,5.8245227336883545,0.47788798809051514,10.095917224884033,201433088,9.372430801391602,0.038533926010131836,0.011790990829467773,0.007039308547973633,0.013594865798950195,0.07095909118652344,0.01759999990463257,2.833343982696533,2.8509440422058105
B-A,1,sender,priority,delay2,A,receiver,1,False,True,2,2.7542972564697266,,0.000957489013671875,1.1953599452972412,4.452381134033203,0,0,0.2086348533630371,0.08906793594360352,0.03565216064453125,0.012440204620361328,0.3457951545715332,0.11971200257539749,2.972640037536621,3.0923519134521484
B-A,1,sender,priority,delay2,A,receiver,2,False,True,2,2.7668399810791016,,0.0016407966613769531,1.441856026649475,5.0748138427734375,0,0,0.32552337646484375,0.10860443115234375,0.08943033218383789,0.019573688507080078,0.5431318283081055,0.1852159947156906,3.1036479473114014,3.2888638973236084
B-A,1,sender,priority,delay2,A,receiver,3,False,True,2,2.761331558227539,,0.0009059906005859375,1.0737600326538086,4.341270446777344,0,0,0.2186298370361328,0.06689262390136719,0.05181264877319336,0.012085914611816406,0.34942102432250977,0.09728000313043594,2.9888319969177246,3.0861120223999023
B-A,1,sender,priority,delay2,A,receiver,4,False,True,2,2.7159981727600098,,0.00081634521484375,1.0890239477157593,4.288280010223389,0,0,0.2137432098388672,0.0635981559753418,0.03812980651855469,0.012001991271972656,0.32747316360473633,0.09603200107812881,2.9377601146698,3.033792018890381
B-A,1,sender,priority,delay2,A,receiver,5,False,True,2,2.779003143310547,,0.0010690689086914062,1.1515519618988037,4.430664539337158,0,0,0.20982885360717773,0.06854724884033203,0.03592491149902344,0.013451099395751953,0.32775211334228516,0.09923200309276581,2.997152090072632,3.096384048461914
B-A,1,sender,priority,delay2,A,receiver,6,False,True,2,2.681964874267578,,0.0008549690246582031,1.0458879470825195,4.186809062957764,0,0,0.20387697219848633,0.060033321380615234,0.03475141525268555,0.011022567749023438,0.30968427658081055,0.08937600255012512,2.893343925476074,2.982719898223877
B-A,1,sender,priority,delay2,A,receiver,7,False,True,2,2.7457737922668457,,0.0008630752563476562,1.0512640476226807,4.27345085144043,0,0,0.20697593688964844,0.06336545944213867,0.037541866302490234,0.01207590103149414,0.3199591636657715,0.09481599926948547,2.961440086364746,3.056256055831909
B-A,1,sender,priority,delay2,A,receiver,8,False,True,2,2.7460570335388184,,0.0008111000061035156,1.0586559772491455,4.282164573669434,0,0,0.2224140167236328,0.0612330436706543,0.034204959869384766,0.012107372283935547,0.3299593925476074,0.09097599983215332,2.9751999378204346,3.066175937652588
B-A,1,sender,priority,delay2,A,receiver,9,False,True,2,2.7761082649230957,,0.0007433891296386719,1.013759970664978,4.2613396644592285,0,0,0.20062494277954102,0.05949258804321289,0.03377723693847656,0.010788917541503906,0.3046836853027344,0.08777599781751633,2.983583927154541,3.0713601112365723
B-A,1,sender,priority,delay2,A,receiver,10,False,True,2,2.7054266929626465,,0.0007481575012207031,1.06496000289917,4.207183361053467,0,0,0.19051408767700195,0.05779600143432617,0.034062862396240234,0.011287689208984375,0.29366064071655273,0.08611200004816055,2.9033920764923096,2.989504098892212
B-A,1,sender,priority,jitter,B,sender,1,False,True,7.033544673967673,7.89277195930481,0.9315040111541748,0.9073178768157959,0.4007680118083954,10.163058042526245,201433088,9.523636102676392,0.03903007507324219,0.013748884201049805,0.006654024124145508,0.002519845962524414,0.061952829360961914,0.019071999937295914,7.938079833984375,7.957151889801025
B-A,1,sender,priority,jitter,B,sender,2,False,True,5.889187042866188,6.535566806793213,0.820167064666748,2.2261247634887695,0.37644800543785095,9.989331007003784,201433088,9.376811265945435,0.038687705993652344,0.011621236801147461,0.006891965866088867,0.013514995574951172,0.07071590423583984,0.01696000061929226,6.588352203369141,6.605311870574951
B-A,1,sender,priority,jitter,B,sender,3,False,True,3.397561876654861,4.050829887390137,0.8107860088348389,4.91988205909729,0.3765439987182617,10.188806056976318,201433088,9.571988105773926,0.03965902328491211,0.011118888854980469,0.019540071487426758,0.08703207969665527,0.1573500633239746,0.029664000496268272,4.104576110839844,4.13424015045166
B-A,1,sender,priority,jitter,B,sender,4,False,True,1.680546737284181,2.431370258331299,0.758570671081543,6.385488033294678,0.381056010723114,9.98698616027832,201433088,9.372665882110596,0.038884639739990234,0.011809349060058594,0.00692296028137207,0.013447999954223633,0.07106494903564453,0.017343999817967415,2.48419189453125,2.5015358924865723
B-A,1,sender,priority,jitter,B,sender,5,False,True,5.943794409252126,6.608765125274658,0.7061870098114014,2.301021099090576,0.3866559863090515,10.03347110748291,201433088,9.402729034423828,0.039259910583496094,0.011591911315917969,0.007068157196044922,0.013167858123779297,0.07108783721923828,0.016831999644637108,6.661983966827393,6.678815841674805
B-A,1,sender,priority,jitter,B,sender,6,False,True,0.20495925958310313,0.7827620506286621,0.6547622680664062,8.09010100364685,0.3914560079574585,9.952076196670532,201433088,9.319199800491333,0.03722810745239258,0.011430978775024414,0.006783008575439453,0.013437032699584961,0.0688791275024414,0.016575999557971954,0.8332480192184448,0.8498240113258362
B-A,1,sender,priority,jitter,B,sender,7,False,True,1.0650240242832867,1.9197371006011963,0.8222939968109131,6.93222713470459,0.40649598836898804,10.114334106445312,201433088,9.441366910934448,0.03911995887756348,0.011754035949707031,0.00739288330078125,0.013675212860107422,0.07194209098815918,0.017983999103307724,1.9730559587478638,1.9910399913787842
B-A,1,sender,priority,jitter,B,sender,8,False,True,3.0822038321197622,3.8802101612091064,0.7604429721832275,4.956943988800049,0.42611199617385864,10.058463096618652,201433088,9.394912242889404,0.03894472122192383,0.011915206909179688,0.007042884826660156,0.013667106628417969,0.07156991958618164,0.017664000391960144,3.933311939239502,3.9509758949279785
B-A,1,sender,priority,jitter,B,sender,9,False,True,0.43892965395755823,1.0287129878997803,0.7168478965759277,7.798616886138916,0.39747199416160583,9.972331047058105,201433088,9.358569860458374,0.03557109832763672,0.011664867401123047,0.0064089298248291016,0.013541936874389648,0.06718683242797852,0.016383999958634377,1.0775680541992188,1.093951940536499
B-A,1,sender,priority,jitter,B,sender,10,False,True,6.662830271298811,7.308506965637207,0.797680139541626,1.5115320682525635,0.4002879858016968,10.050870180130005,201433088,9.409060001373291,0.03895211219787598,0.011831045150756836,0.007070064544677734,0.013122081756591797,0.07097530364990234,0.017023999243974686,7.361695766448975,7.378719806671143
B-A,1,sender,priority,jitter,A,receiver,1,False,True,7.033544673967673,7.775808334350586,,0.000759124755859375,1.0476479530334473,9.279284000396729,0,0,0.18935155868530273,0.06859731674194336,0.03436994552612305,0.011479854583740234,0.3037986755371094,0.09759999811649323,7.972544193267822,8.070143699645996
B-A,1,sender,priority,jitter,A,receiver,2,False,True,5.889187042866188,6.54790735244751,,0.0007309913635253906,1.0305919647216797,7.9509663581848145,0,0,0.15163850784301758,0.05414915084838867,0.03116750717163086,0.00916147232055664,0.24611663818359375,0.0804160013794899,6.7027201652526855,6.783135890960693
B-A,1,sender,priority,jitter,A,receiver,3,False,True,3.397561876654861,4.145524978637695,,0.0007109642028808594,0.944159984588623,5.362308979034424,0,0,0.10274505615234375,0.03489112854003906,0.030606746673583984,0.007270336151123047,0.17551326751708984,0.05849599838256836,4.252223968505859,4.310719966888428
B-A,1,sender,priority,jitter,A,receiver,4,False,True,1.680546737284181,2.3986120223999023,,0.000743865966796875,1.0853760242462158,3.7904210090637207,0,0,0.10744237899780273,0.05224800109863281,0.029996871948242188,0.010230064392089844,0.19991731643676758,0.07577600330114365,2.512320041656494,2.5880959033966064
B-A,1,sender,priority,jitter,A,receiver,5,False,True,5.943794409252126,6.6005048751831055,,0.0008068084716796875,0.9542719721794128,7.828510284423828,0,0,0.0924234390258789,0.04517698287963867,0.0292205810546875,0.007686138153076172,0.17450714111328125,0.06806399673223495,6.697311878204346,6.765376091003418
B-A,1,sender,priority,jitter,A,receiver,6,False,True,0.20495925958310313,0.7691540718078613,,0.0006532669067382812,0.9869440197944641,2.0231456756591797,0,0,0.09340143203735352,0.0385594367980957,0.02983570098876953,0.0073604583740234375,0.1691570281982422,0.06252799928188324,0.8666239976882935,0.9291520118713379
B-A,1,sender,priority,jitter,A,receiver,7,False,True,1.0650240242832867,1.8117871284484863,,0.0009932518005371094,1.1433600187301636,3.3051838874816895,0,0,0.11482715606689453,0.07146883010864258,0.03277730941772461,0.01114511489868164,0.23021841049194336,0.0976639986038208,1.934880018234253,2.032543897628784
B-A,1,sender,priority,jitter,A,receiver,8,False,True,3.0822038321197622,3.840567111968994,,0.0010371208190917969,1.1176320314407349,5.287317752838135,0,0,0.10727930068969727,0.07360506057739258,0.029968738555908203,0.010848045349121094,0.22170114517211914,0.09763199836015701,3.9535999298095703,4.051231861114502
B-A,1,sender,priority,jitter,A,receiver,9,False,True,0.43892965395755823,1.0142173767089844,,0.0006847381591796875,0.9637759923934937,2.2739057540893555,0,0,0.12128305435180664,0.038858890533447266,0.03102874755859375,0.007657527923583984,0.19882822036743164,0.0647680014371872,1.1450879573822021,1.2098560333251953
B-A,1,sender,priority,jitter,A,receiver,10,False,True,6.662830271298811,7.309388637542725,,0.0007081031799316406,0.9658560156822205,8.542213439941406,0,0,0.09380388259887695,0.036916255950927734,0.033017635345458984,0.007468223571777344,0.17120599746704102,0.0631679967045784,7.40723180770874,7.470399856567383
B-A,1,receiver,bulk,zero,B,sender,1,False,True,0,0.4786059856414795,15.87241506576538,0.0009560585021972656,1.0854400396347046,17.57263207435608,0,0,0.18204712867736816,0.057753801345825195,0.034533023834228516,0.011287212371826172,0.28562116622924805,0.08486399799585342,0.6664639711380005,0.7513279914855957
B-A,1,receiver,bulk,zero,B,sender,2,False,True,0,0.42345690727233887,15.935385942459106,0.000997304916381836,1.0195519924163818,17.514694929122925,0,0,0.18162322044372559,0.0573728084564209,0.032234907150268555,0.010904073715209961,0.282135009765625,0.0838719978928566,0.6108480095863342,0.6947199702262878
B-A,1,receiver,bulk,zero,B,sender,3,False,True,0,0.4840128421783447,16.127692937850952,0.00768589973449707,1.08188796043396,17.8379168510437,0,0,0.17864513397216797,0.05731987953186035,0.033286094665527344,0.011285781860351562,0.2805368900299072,0.0846719965338707,0.6683200001716614,0.7529919743537903
B-A,1,receiver,bulk,zero,B,sender,4,False,True,0,0.13105392456054688,16.095085859298706,0.0012409687042236328,2.7608320713043213,19.22007393836975,0,0,0.21544694900512695,0.1344449520111084,0.08755612373352051,0.020802974700927734,0.4582509994506836,0.20643199980258942,0.35443198680877686,0.5608639717102051
B-A,1,receiver,bulk,zero,B,sender,5,False,True,0,0.18316173553466797,16.27031421661377,0.0012497901916503906,2.6524479389190674,19.340527772903442,0,0,0.21832704544067383,0.11566996574401855,0.08662080764770508,0.020421266555786133,0.4410390853881836,0.18678399920463562,0.41020798683166504,0.596992015838623
B-A,1,receiver,bulk,zero,B,sender,6,False,True,0,0.1913599967956543,16.227853775024414,0.0012192726135253906,2.685312032699585,19.33891987800598,0,0,0.21675419807434082,0.11622500419616699,0.08840799331665039,0.0207369327545166,0.4421241283416748,0.18857599794864655,0.41628798842430115,0.6048640012741089
B-A,1,receiver,bulk,zero,B,sender,7,False,True,0,0.2336750030517578,16.22081708908081,0.0013420581817626953,1.5713599920272827,18.251154899597168,0,0,0.3134498596191406,0.11594796180725098,0.1150970458984375,0.020720243453979492,0.5652151107788086,0.21532799303531647,0.5556480288505554,0.7709760069847107
B-A,1,receiver,bulk,zero,B,sender,8,False,True,0,0.4771759510040283,16.056711196899414,0.0008459091186523438,1.1304960250854492,17.80525302886963,0,0,0.18512201309204102,0.07808184623718262,0.03286409378051758,0.012150049209594727,0.30821800231933594,0.10572800040245056,0.6686080098152161,0.7743359804153442
B-A,1,receiver,bulk,zero,B,sender,9,False,True,0,0.29134297370910645,16.352501153945923,0.0010609626770019531,1.6704000234603882,18.484654188156128,0,0,0.09705185890197754,0.058950185775756836,0.031147003173828125,0.027968168258666992,0.2151172161102295,0.08236800134181976,0.39446398615837097,0.47683200240135193
B-A,1,receiver,bulk,zero,B,sender,10,False,True,0,0.2910473346710205,16.041395902633667,0.0009281635284423828,1.0358400344848633,17.505909204483032,0,0,0.18125295639038086,0.05882906913757324,0.0325620174407959,0.011206865310668945,0.28385090827941895,0.08556800335645676,0.4785279929637909,0.5640959739685059
B-A,1,receiver,bulk,zero,A,receiver,1,False,True,0,0.8998942375183105,,0.13018512725830078,0.3905920088291168,16.486741065979004,201433088,15.777289867401123,0.03835296630859375,0.01318216323852539,0.007054805755615234,14.949888229370117,15.008478164672852,0.0016319999704137444,15.89686393737793,15.8984956741333
B-A,1,receiver,bulk,zero,A,receiver,2,False,True,0,0.8503518104553223,,0.0015769004821777344,0.41436800360679626,16.371160984039307,201433088,15.77828598022461,0.038175106048583984,0.011345863342285156,0.0068149566650390625,15.001674175262451,15.05801010131836,0.0016319999704137444,15.88479995727539,15.886431694030762
B-A,1,receiver,bulk,zero,A,receiver,3,False,True,0,0.8918895721435547,,0.11487770080566406,0.3932799994945526,16.473730087280273,201433088,15.773606777191162,0.05846881866455078,0.018246173858642578,0.016905784606933594,14.91005802154541,15.003678798675537,0.0016639999812468886,15.892352104187012,15.89401626586914
B-A,1,receiver,bulk,zero,A,receiver,4,False,True,0,0.8865127563476562,,0.13914251327514648,0.39155200123786926,16.499416828155518,201433088,15.773356914520264,0.05919218063354492,0.01832866668701172,0.017174243927001953,14.912100791931152,15.006795883178711,0.0016639999812468886,15.889984130859375,15.891648292541504
B-A,1,receiver,bulk,zero,A,receiver,5,False,True,0,0.9575686454772949,,0.13574504852294922,0.4126400053501129,16.69847345352173,201433088,15.813549995422363,0.04151201248168945,0.012230873107910156,0.007022380828857422,15.075335502624512,15.136100769042969,0.0015999999595806003,16.084735870361328,16.086336135864258
B-A,1,receiver,bulk,zero,A,receiver,6,False,True,0,0.9198613166809082,,0.10705375671386719,0.39392000436782837,16.611401081085205,201433088,15.911678314208984,0.04029703140258789,0.011599063873291016,0.006450653076171875,15.087955951690674,15.146302700042725,0.0015999999595806003,16.061887741088867,16.063488006591797
B-A,1,receiver,bulk,zero,A,receiver,7,False,True,0,1.078794002532959,,0.13298416137695312,0.4059840142726898,16.70856475830078,201433088,15.818496704101562,0.04047346115112305,0.011864185333251953,0.006674766540527344,14.975214004516602,15.034226417541504,0.0015999999595806003,16.101280212402344,16.102880477905273
B-A,1,receiver,bulk,zero,A,receiver,8,False,True,0,1.0063953399658203,,0.11983013153076172,0.4020799994468689,16.669872283935547,201433088,15.802584171295166,0.040576934814453125,0.01194906234741211,0.007182121276855469,15.019927024841309,15.07963514328003,0.0015999999595806003,16.070079803466797,16.071680068969727
B-A,1,receiver,bulk,zero,A,receiver,9,False,True,0,0.6356430053710938,,0.11455154418945312,0.4079039990901947,16.712466716766357,201433088,15.820830345153809,0.04058408737182617,0.011939048767089844,0.006793022155761719,15.431553840637207,15.490869998931885,0.0015999999595806003,16.112064361572266,16.113664627075195
B-A,1,receiver,bulk,zero,A,receiver,10,False,True,0,0.7555999755859375,,0.11481666564941406,0.4047360122203827,16.5144624710083,201433088,15.781312465667725,0.05867624282836914,0.018442153930664062,0.10025262832641602,14.981122970581055,15.158493995666504,0.0015999999595806003,15.908448219299316,15.91004753112793
B-A,1,receiver,bulk,delay2,B,sender,1,False,True,2,2.714489221572876,13.80600094795227,0.000990152359008789,1.13264000415802,17.791033029556274,0,0,0.19630694389343262,0.07152771949768066,0.03401827812194824,0.011307954788208008,0.31316089630126953,0.10102400183677673,2.9174718856811523,3.018496036529541
B-A,1,receiver,bulk,delay2,B,sender,2,False,True,2,2.524770975112915,13.839964866638184,0.0009160041809082031,1.1359039545059204,17.637712001800537,0,0,0.1939411163330078,0.07173800468444824,0.033863067626953125,0.011118888854980469,0.31066107749938965,0.09974399954080582,2.725696086883545,2.825439929962158
B-A,1,receiver,bulk,delay2,B,sender,3,False,True,2,2.5075669288635254,14.05363392829895,0.000946044921875,1.3617600202560425,18.092228889465332,0,0,0.19386506080627441,0.058660030364990234,0.03389763832092285,0.013260364532470703,0.2996830940246582,0.08707199990749359,2.7075839042663574,2.7946560382843018
B-A,1,receiver,bulk,delay2,B,sender,4,False,True,2,2.572949171066284,13.954529047012329,0.0009129047393798828,1.0248960256576538,17.68770718574524,0,0,0.19370079040527344,0.059113264083862305,0.033186912536621094,0.010954856872558594,0.29695582389831543,0.08665599673986435,2.772736072540283,2.859391927719116
B-A,1,receiver,bulk,delay2,B,sender,5,False,True,2,2.567352056503296,14.04761791229248,0.0009789466857910156,1.0770879983901978,17.828325033187866,0,0,0.2042539119720459,0.05816912651062012,0.03479194641113281,0.011192083358764648,0.3084070682525635,0.08723200112581253,2.7779200077056885,2.865151882171631
B-A,1,receiver,bulk,delay2,B,sender,6,False,True,2,2.532180070877075,13.80175495147705,0.0008709430694580078,1.0942399501800537,17.849470853805542,0,0,0.22063302993774414,0.07198405265808105,0.03407406806945801,0.011372804641723633,0.33806395530700684,0.10012800246477127,2.759104013442993,2.859231948852539
B-A,1,receiver,bulk,delay2,B,sender,7,False,True,2,2.4889090061187744,14.08863115310669,0.0010039806365966797,1.0622400045394897,17.778040170669556,0,0,0.21030402183532715,0.05816388130187988,0.034844160079956055,0.010998010635375977,0.31431007385253906,0.08752000331878662,2.70633602142334,2.793855905532837
B-A,1,receiver,bulk,delay2,B,sender,8,False,True,2,2.4999899864196777,13.83687710762024,0.0008730888366699219,1.0248639583587646,17.49908995628357,0,0,0.2090909481048584,0.060478925704956055,0.037650108337402344,0.01164102554321289,0.3188610076904297,0.0907839983701706,2.7150399684906006,2.805824041366577
B-A,1,receiver,bulk,delay2,B,sender,9,False,True,2,2.550624132156372,13.821434020996094,0.0008339881896972656,1.080448031425476,17.596585988998413,0,0,0.19678902626037598,0.05704903602600098,0.034027814865112305,0.011117935180664062,0.2989838123321533,0.08499199897050858,2.7538559436798096,2.838848114013672
B-A,1,receiver,bulk,delay2,B,sender,10,False,True,2,2.563943862915039,13.982227087020874,0.000949859619140625,1.0257279872894287,17.70727276802063,0,0,0.2054300308227539,0.058506011962890625,0.03348398208618164,0.011269092559814453,0.3086891174316406,0.08636800199747086,2.7755520343780518,2.861920118331909
B-A,1,receiver,bulk,delay2,A,receiver,1,False,True,2,3.1881847381591797,,0.11849069595336914,0.39103999733924866,16.66774082183838,201433088,15.800457954406738,0.058406829833984375,0.018368244171142578,0.017168045043945312,12.80057954788208,12.894522666931152,0.0015999999595806003,16.07491111755371,16.07651138305664
B-A,1,receiver,bulk,delay2,A,receiver,2,False,True,2,3.031984806060791,,0.0816950798034668,0.3919360041618347,16.484277725219727,201433088,15.811014175415039,0.05950307846069336,0.018130779266357422,0.017388343811035156,12.813974857330322,12.908997058868408,0.0016319999704137444,15.93398380279541,15.935615539550781
B-A,1,receiver,bulk,delay2,A,receiver,3,False,True,2,2.9472599029541016,,0.0012559890747070312,0.4164479970932007,16.57699155807495,201433088,15.801741600036621,0.1467576026916504,0.01745462417602539,0.018941402435302734,12.968667030334473,13.151820659637451,0.0015999999595806003,16.07868766784668,16.08028793334961
B-A,1,receiver,bulk,delay2,A,receiver,4,False,True,2,3.108276844024658,,0.11039876937866211,0.400191992521286,16.65842628479004,201433088,15.80027151107788,0.057861328125,0.017993927001953125,0.017074108123779297,12.878453731536865,12.971383094787598,0.0015999999595806003,16.06982421875,16.07142448425293
B-A,1,receiver,bulk,delay2,A,receiver,5,False,True,2,3.0882468223571777,,0.002044677734375,0.4467200040817261,16.67171812057495,201433088,15.870564937591553,0.062392234802246094,0.01806163787841797,0.017106056213378906,12.965604305267334,13.063164234161377,0.0016319999704137444,16.139423370361328,16.141056060791016
B-A,1,receiver,bulk,delay2,A,receiver,6,False,True,2,3.047348976135254,,0.12923860549926758,0.4083839952945709,16.544715881347656,201433088,15.797382354736328,0.05948305130004883,0.018959999084472656,0.017023086547851562,12.785478115081787,12.88094425201416,0.0015999999595806003,15.921792030334473,15.923392295837402
B-A,1,receiver,bulk,delay2,A,receiver,7,False,True,2,2.9490790367126465,,0.0018401145935058594,0.43702399730682373,16.606690883636475,201433088,15.821194648742676,0.30008363723754883,0.026162147521972656,0.033560752868652344,12.789069175720215,13.148875713348389,0.0015999999595806003,16.09040069580078,16.091999053955078
B-A,1,receiver,bulk,delay2,A,receiver,8,False,True,2,2.9816908836364746,,0.1091146469116211,0.409824013710022,16.49032688140869,201433088,15.77072811126709,0.0591740608215332,0.01840686798095703,0.017254352569580078,12.82125473022461,12.91609001159668,0.0016319999704137444,15.890975952148438,15.892607688903809
B-A,1,receiver,bulk,delay2,A,receiver,9,False,True,2,3.0215024948120117,,0.0016460418701171875,0.4267520010471344,16.41355562210083,201433088,15.78280258178711,0.03878211975097656,0.01221466064453125,0.006880283355712891,12.831259727478027,12.889136791229248,0.0016319999704137444,15.903008460998535,15.904640197753906
B-A,1,receiver,bulk,delay2,A,receiver,10,False,True,2,3.026860237121582,,0.0020689964294433594,0.4256640076637268,16.580703258514404,201433088,15.773923397064209,0.07940959930419922,0.09364700317382812,0.029815196990966797,12.853272914886475,13.056144714355469,0.0015999999595806003,16.07593536376953,16.07753562927246
B-A,1,receiver,bulk,jitter,B,sender,1,False,True,0.39590503363083585,0.9437580108642578,15.55509901046753,0.0010020732879638672,1.0255999565124512,17.661125898361206,0,0,0.1823439598083496,0.05682802200317383,0.21207690238952637,0.0647130012512207,0.5159618854522705,0.08435200154781342,1.1317119598388672,1.2160639762878418
B-A,1,receiver,bulk,jitter,B,sender,2,False,True,6.332663043367383,6.927686929702759,9.684592008590698,0.0009191036224365234,1.032863974571228,17.780662059783936,0,0,0.1958310604095459,0.05722689628601074,0.03243899345397949,0.010999202728271484,0.2964961528778076,0.08521600067615509,7.129536151885986,7.214752197265625
B-A,1,receiver,bulk,jitter,B,sender,3,False,True,6.230041897570272,6.841372013092041,9.494010210037231,0.0009319782257080078,1.0544639825820923,17.526952028274536,0,0,0.2024250030517578,0.0581059455871582,0.03329586982727051,0.011178255081176758,0.3050050735473633,0.08662399649620056,7.049727916717529,7.136352062225342
B-A,1,receiver,bulk,jitter,B,sender,4,False,True,7.660782502304939,8.341007709503174,8.178701162338257,0.0010228157043457031,1.137503981590271,17.793981790542603,0,0,0.19661211967468262,0.07786679267883301,0.03502511978149414,0.010926008224487305,0.32043004035949707,0.10761599987745285,8.544511795043945,8.652128219604492
B-A,1,receiver,bulk,jitter,B,sender,5,False,True,1.3914859252081229,1.9816110134124756,14.490434885025024,0.0008597373962402344,1.0442240238189697,17.653191804885864,0,0,0.20037007331848145,0.05822610855102539,0.035073041915893555,0.011124849319458008,0.3047940731048584,0.08764799684286118,2.188416004180908,2.276063919067383
B-A,1,receiver,bulk,jitter,B,sender,6,False,True,2.9865514075511737,3.615446090698242,12.815406084060669,0.0009367465972900391,1.0287679433822632,17.603816986083984,0,0,0.1934032440185547,0.05842089653015137,0.03435993194580078,0.010855913162231445,0.2970399856567383,0.0873280018568039,3.814847946166992,3.9021759033203125
B-A,1,receiver,bulk,jitter,B,sender,7,False,True,6.735796520448316,7.416412830352783,9.187577247619629,0.0008800029754638672,1.0684800148010254,17.817578077316284,0,0,0.2013559341430664,0.05850100517272949,0.036520957946777344,0.010961055755615234,0.3073389530181885,0.08940800279378891,7.624927997589111,7.714335918426514
B-A,1,receiver,bulk,jitter,B,sender,8,False,True,0.9687156022456493,1.4569408893585205,14.973494052886963,0.0009610652923583984,1.1550079584121704,17.721034049987793,0,0,0.20508503913879395,0.08121395111083984,0.03432416915893555,0.011639833450317383,0.3322629928588867,0.11020799726247787,1.6692479848861694,1.7794560194015503
B-A,1,receiver,bulk,jitter,B,sender,9,False,True,4.841437443044474,5.4293928146362305,10.882513284683228,0.0009686946868896484,1.063647985458374,17.682580947875977,0,0,0.19593024253845215,0.05856895446777344,0.03306388854980469,0.011244058609008789,0.29880714416503906,0.08643200248479843,5.631487846374512,5.717919826507568
B-A,1,receiver,bulk,jitter,B,sender,10,False,True,0.25157254112451355,0.7422499656677246,15.716758966445923,0.0009729862213134766,1.0409599542617798,17.637826919555664,0,0,0.17755484580993652,0.059265851974487305,0.0314640998840332,0.010899066925048828,0.27918386459350586,0.08579199761152267,0.9249600172042847,1.0107519626617432
B-A,1,receiver,bulk,jitter,A,receiver,1,False,True,0.39590503363083585,1.6195616722106934,,0.0018320083618164062,0.4069119989871979,16.50745916366577,201433088,15.774008750915527,0.1438884735107422,0.01781749725341797,0.01927947998046875,14.230309009552002,14.41129446029663,0.0015999999595806003,16.028255462646484,16.029855728149414
B-A,1,receiver,bulk,jitter,A,receiver,2,False,True,6.332663043367383,7.372460842132568,,0.11918449401855469,0.3906880021095276,16.73959970474243,201433088,15.888864040374756,0.058953285217285156,0.018218994140625,0.01725006103515625,8.696392059326172,8.790814399719238,0.0015999999595806003,16.15385627746582,16.15545654296875
B-A,1,receiver,bulk,jitter,A,receiver,3,False,True,6.230041897570272,7.310702800750732,,0.10999107360839844,0.39136001467704773,16.471852779388428,201433088,15.775408267974854,0.058836936950683594,0.018286705017089844,0.017092227935791016,8.489076137542725,8.583292007446289,0.0016319999704137444,15.8920316696167,15.893664360046387
B-A,1,receiver,bulk,jitter,A,receiver,4,False,True,7.660782502304939,8.813647747039795,,0.08095788955688477,0.4057599902153015,16.628228664398193,201433088,15.77265453338623,0.06166362762451172,0.019619464874267578,0.018530845642089844,7.165340900421143,7.265154838562012,0.0015999999595806003,16.071903228759766,16.073503494262695
B-A,1,receiver,bulk,jitter,A,receiver,5,False,True,1.3914859252081229,2.429075241088867,,0.11001205444335938,0.39638400077819824,16.626154899597168,201433088,15.801695346832275,0.05433368682861328,0.014211177825927734,0.017373085021972656,13.540373802185059,13.626291751861572,0.0016639999812468886,16.047935485839844,16.04960060119629
B-A,1,receiver,bulk,jitter,A,receiver,6,False,True,2.9865514075511737,4.073822975158691,,0.12834835052490234,0.39763200283050537,16.586900234222412,201433088,15.779277801513672,0.059062957763671875,0.018219947814941406,0.017226219177246094,11.814549922943115,11.909059047698975,0.0015999999595806003,15.976160049438477,15.977760314941406
B-A,1,receiver,bulk,jitter,A,receiver,7,False,True,6.735796520448316,7.854250907897949,,0.09883832931518555,0.4331839978694916,16.734957695007324,201433088,15.870715141296387,0.05815410614013672,0.01835489273071289,0.01706075668334961,8.199045181274414,8.292614936828613,0.0016319999704137444,16.140960693359375,16.14259147644043
B-A,1,receiver,bulk,jitter,A,receiver,8,False,True,0.9687156022456493,1.9947247505187988,,0.01641988754272461,0.40723198652267456,16.543120861053467,201433088,15.803070545196533,0.03928422927856445,0.011967182159423828,0.007086753845214844,13.99634313583374,14.054681301116943,0.001567999948747456,16.038976669311523,16.040544509887695
B-A,1,receiver,bulk,jitter,A,receiver,9,False,True,4.841437443044474,5.88681173324585,,0.0016937255859375,0.4014720022678375,16.370667934417725,201433088,15.779341220855713,0.05403566360473633,0.017968177795410156,0.017084121704101562,9.929770946502686,10.018858909606934,0.0016639999812468886,15.895903587341309,15.897567749023438
B-A,1,receiver,bulk,jitter,A,receiver,10,False,True,0.25157254112451355,1.2039151191711426,,0.0017132759094238281,0.403903990983963,16.500131607055664,201433088,15.79837417602539,0.040373802185058594,0.011945247650146484,0.006744384765625,14.782598495483398,14.841661930084229,0.0015999999595806003,16.033695220947266,16.035295486450195
B-A,1,receiver,chunk,zero,B,sender,1,False,True,0,0.3746612071990967,1.1260058879852295,0.0009968280792236328,1.0552639961242676,2.7095611095428467,0,0,0.192291259765625,0.06115579605102539,0.03448295593261719,0.011468172073364258,0.29939818382263184,0.08991999924182892,0.5731520056724548,0.6630719900131226
B-A,1,receiver,chunk,zero,B,sender,2,False,True,0,0.3843350410461426,1.6707220077514648,0.0009751319885253906,1.0266560316085815,3.2321879863739014,0,0,0.19642329216003418,0.05971407890319824,0.03566384315490723,0.011615991592407227,0.3034172058105469,0.08895999938249588,0.5867840051651001,0.6757439970970154
B-A,1,receiver,chunk,zero,B,sender,3,False,True,0,0.2769811153411865,1.606104850769043,0.0008838176727294922,1.029312014579773,3.048678159713745,0,0,0.19371676445007324,0.06058907508850098,0.034446001052856445,0.012135028839111328,0.300886869430542,0.08972799777984619,0.478303998708725,0.5680320262908936
B-A,1,receiver,chunk,zero,B,sender,4,False,True,0,0.38355207443237305,0.8353509902954102,0.0009512901306152344,1.0631040334701538,2.417696237564087,0,0,0.1797771453857422,0.056101083755493164,0.03266286849975586,0.010777950286865234,0.27931904792785645,0.08348800241947174,0.5688319802284241,0.6523200273513794
B-A,1,receiver,chunk,zero,B,sender,5,False,True,0,0.3768577575683594,1.6644551753997803,0.0009291172027587891,1.0398080348968506,3.2178030014038086,0,0,0.17990684509277344,0.05672097206115723,0.032653093338012695,0.011137008666992188,0.28041791915893555,0.08329600095748901,0.5623999834060669,0.6456959843635559
B-A,1,receiver,chunk,zero,B,sender,6,False,True,0,0.37154483795166016,1.7028992176055908,0.0008909702301025391,1.0306880474090576,3.2411949634552,0,0,0.17801380157470703,0.058463096618652344,0.03224587440490723,0.010908126831054688,0.2796308994293213,0.0854400023818016,0.5548160076141357,0.6402559876441956
B-A,1,receiver,chunk,zero,B,sender,7,False,True,0,0.3568589687347412,1.7280571460723877,0.0009350776672363281,1.0471359491348267,3.2693839073181152,0,0,0.17862296104431152,0.05651092529296875,0.03355908393859863,0.010644674301147461,0.27933764457702637,0.08463999629020691,0.5411199927330017,0.625760018825531
B-A,1,receiver,chunk,zero,B,sender,8,False,True,0,0.3751869201660156,0.834968090057373,0.0009679794311523438,1.4915839433670044,2.8459911346435547,0,0,0.1781139373779297,0.056864023208618164,0.03234386444091797,0.011335134506225586,0.2786569595336914,0.08367999643087387,0.5586559772491455,0.6423360109329224
B-A,1,receiver,chunk,zero,B,sender,9,False,True,0,0.36883997917175293,0.8170080184936523,0.0009357929229736328,1.0652480125427246,2.388122081756592,0,0,0.17751288414001465,0.05681014060974121,0.031952857971191406,0.01128387451171875,0.277559757232666,0.08342400193214417,0.5518400073051453,0.635263979434967
B-A,1,receiver,chunk,zero,B,sender,10,False,True,0,0.34360718727111816,0.9871921539306641,0.0009069442749023438,1.0289280414581299,2.4957380294799805,0,0,0.17773199081420898,0.05663704872131348,0.03275799751281738,0.011745929718017578,0.2788729667663574,0.08352000266313553,0.5271679759025574,0.6106879711151123
B-A,1,receiver,chunk,zero,A,receiver,1,False,True,0,0.8611292839050293,,16.09528684616089,0.39510399103164673,17.719248294830322,201433088,16.964327812194824,0.03887224197387695,0.011850357055664062,0.006926536560058594,0.24170875549316406,0.29935789108276367,0.0016319999704137444,0.9958080053329468,0.997439980506897
B-A,1,receiver,chunk,zero,A,receiver,2,False,True,0,0.8621611595153809,,15.227315902709961,0.659168004989624,17.629920959472656,201433088,16.761372089385986,0.1518874168395996,0.01529693603515625,0.019289016723632812,0.6180009841918945,0.8044743537902832,0.0017600000137463212,1.5897279977798462,1.591488003730774
B-A,1,receiver,chunk,zero,A,receiver,3,False,True,0,0.9488058090209961,,15.221805572509766,0.38892799615859985,17.319368839263916,201433088,16.720495223999023,0.03881216049194336,0.01201772689819336,0.007039070129394531,0.6367058753967285,0.6945748329162598,0.0016959999920800328,1.5612159967422485,1.5629119873046875
B-A,1,receiver,chunk,zero,A,receiver,4,False,True,0,0.8308110237121582,,16.18774938583374,0.3873920142650604,17.52573013305664,201433088,16.919774532318115,0.03968334197998047,0.012022972106933594,0.006672859191894531,0.004442691802978516,0.06282186508178711,0.01744000054895878,0.8717120289802551,0.8891519904136658
B-A,1,receiver,chunk,zero,A,receiver,5,False,True,0,0.9444723129272461,,15.228521823883057,0.40041598677635193,17.3228440284729,201433088,16.708816051483154,0.042929649353027344,0.012894153594970703,0.007067680358886719,0.6215782165527344,0.6844696998596191,0.546239972114563,1.001952052116394,1.548192024230957
B-A,1,receiver,chunk,zero,A,receiver,6,False,True,0,0.8181939125061035,,15.248736381530762,0.39529600739479065,17.374122142791748,201433088,16.75793170928955,0.14070892333984375,0.012647151947021484,0.01127004623413086,0.6817221641540527,0.8463482856750488,0.001728000002913177,1.580415964126587,1.582144021987915
B-A,1,receiver,chunk,zero,A,receiver,7,False,True,0,0.8276991844177246,,15.225963592529297,0.46166399121284485,17.41111183166504,201433088,16.7265567779541,0.1494150161743164,0.014162063598632812,0.011305809020996094,0.6532340049743652,0.8281168937683105,0.0017600000137463212,1.5680639743804932,1.569823980331421
B-A,1,receiver,chunk,zero,A,receiver,8,False,True,0,0.8186659812927246,,16.120194911956787,0.42076799273490906,17.473472595214844,201433088,16.827720642089844,0.03985595703125,0.012043952941894531,0.00662994384765625,0.0023484230041503906,0.06087827682495117,0.017343999817967415,0.8595839738845825,0.8769279718399048
B-A,1,receiver,chunk,zero,A,receiver,9,False,True,0,0.8350119590759277,,16.133968353271484,0.4163520038127899,17.502175331115723,201433088,16.861446857452393,0.039807796478271484,0.011505126953125,0.006875038146972656,0.0025267601013183594,0.0607147216796875,0.01740800030529499,0.8754240274429321,0.8928319811820984
B-A,1,receiver,chunk,zero,A,receiver,10,False,True,0,0.8023371696472168,,15.950995922088623,0.38099199533462524,17.377657890319824,201433088,16.78719472885132,0.12280845642089844,0.017042160034179688,0.023008346557617188,0.02381753921508789,0.1866765022277832,0.13891200721263885,0.8415039777755737,0.9804159998893738
B-A,1,receiver,chunk,delay2,B,sender,1,False,True,2,2.5342531204223633,1.3041579723358154,0.0009407997131347656,1.059008002281189,5.036578178405762,0,0,0.3026442527770996,0.06196403503417969,0.03504800796508789,0.008875846862792969,0.40853214263916016,0.09171199798583984,2.843519926071167,2.935231924057007
B-A,1,receiver,chunk,delay2,B,sender,2,False,True,2,2.5418272018432617,1.6353347301483154,0.0009469985961914062,1.2944960594177246,5.616542100906372,0,0,0.19387507438659668,0.05754685401916504,0.034748077392578125,0.010985851287841797,0.29715585708618164,0.08668799698352814,2.7417919635772705,2.8284800052642822
B-A,1,receiver,chunk,delay2,B,sender,3,False,True,2,2.5184409618377686,1.5973351001739502,0.0008780956268310547,1.033344030380249,5.285283088684082,0,0,0.20775604248046875,0.061676979064941406,0.03645896911621094,0.012078046798706055,0.31797003746032715,0.09167999774217606,2.732383966445923,2.824064016342163
B-A,1,receiver,chunk,delay2,B,sender,4,False,True,2,2.2405788898468018,1.2239127159118652,0.0009310245513916016,1.1506880521774292,4.750910758972168,0,0,0.20721697807312012,0.08286690711975098,0.03538703918457031,0.012716054916381836,0.33818697929382324,0.11276800185441971,2.472543954849243,2.5853118896484375
B-A,1,receiver,chunk,delay2,B,sender,5,False,True,2,2.553544759750366,1.6124842166900635,0.0010020732879638672,1.0814720392227173,5.385788917541504,0,0,0.38262104988098145,0.08574986457824707,0.11208224296569824,0.011970996856689453,0.5924241542816162,0.3540160059928894,2.771967887878418,3.125983953475952
B-A,1,receiver,chunk,delay2,B,sender,6,False,True,2,2.454123020172119,1.719428300857544,0.0009510517120361328,1.341215968132019,5.660560369491577,0,0,0.2036271095275879,0.05972790718078613,0.0339200496673584,0.011713027954101562,0.308988094329834,0.08796799927949905,2.6638081073760986,2.7517759799957275
B-A,1,receiver,chunk,delay2,B,sender,7,False,True,2,2.406949996948242,1.0229699611663818,0.0009601116180419922,1.0564160346984863,4.623930931091309,0,0,0.1953132152557373,0.05840492248535156,0.03420281410217285,0.012355327606201172,0.3002762794494629,0.08745600283145905,2.6082239151000977,2.6956799030303955
B-A,1,receiver,chunk,delay2,B,sender,8,False,True,2,2.3474230766296387,1.629303216934204,0.0009129047393798828,1.0306559801101685,5.142870187759399,0,0,0.207550048828125,0.061470985412597656,0.03604412078857422,0.011343002319335938,0.3164081573486328,0.09238400310277939,2.562880039215088,2.655263900756836
B-A,1,receiver,chunk,delay2,B,sender,9,False,True,2,2.522221088409424,1.613739013671875,0.0009608268737792969,1.0461759567260742,5.318798065185547,0,0,0.2026231288909912,0.09712982177734375,0.05782437324523926,0.011491775512695312,0.36906909942626953,0.14761599898338318,2.7304959297180176,2.8781120777130127
B-A,1,receiver,chunk,delay2,B,sender,10,False,True,2,2.5706160068511963,1.5772249698638916,0.0009391307830810547,1.0827840566635132,5.3740479946136475,0,0,0.2062819004058838,0.05764508247375488,0.03511691093444824,0.011220932006835938,0.31026482582092285,0.08700799942016602,2.7826240062713623,2.8696320056915283
B-A,1,receiver,chunk,delay2,A,receiver,1,False,True,2,3.1218862533569336,,13.754323959350586,0.4694080054759979,17.71532917022705,201433088,16.89756965637207,0.0384521484375,0.011613845825195312,0.006692409515380859,0.24852371215820312,0.3052821159362793,0.001728000002913177,3.2623679637908936,3.2640960216522217
B-A,1,receiver,chunk,delay2,A,receiver,2,False,True,2,3.0454282760620117,,13.081395149230957,0.686303973197937,17.62041139602661,201433088,16.7004976272583,0.054715633392333984,0.017205238342285156,0.01718616485595703,0.6296486854553223,0.7187557220458984,0.0017600000137463212,3.697119951248169,3.6988799571990967
B-A,1,receiver,chunk,delay2,A,receiver,3,False,True,2,3.050854206085205,,13.125456809997559,0.3930560052394867,17.36852788925171,201433088,16.752944946289062,0.04093790054321289,0.01171112060546875,0.006850719451904297,0.6695833206176758,0.7290830612182617,0.001728000002913177,3.698784112930298,3.700511932373047
B-A,1,receiver,chunk,delay2,A,receiver,4,False,True,2,2.994080066680908,,13.841413021087646,0.3880639970302582,17.523324966430664,201433088,16.892349243164062,0.04157257080078125,0.014266014099121094,0.012288570404052734,0.002338409423828125,0.0704655647277832,0.025312000885605812,3.0366721153259277,3.061984062194824
B-A,1,receiver,chunk,delay2,A,receiver,5,False,True,2,3.335610866546631,,13.08251428604126,0.39001598954200745,17.295488357543945,201433088,16.695682525634766,0.03954124450683594,0.012545108795166016,0.007013797760009766,0.3628196716308594,0.4219198226928711,0.27929601073265076,3.39353609085083,3.6728320121765137
B-A,1,receiver,chunk,delay2,A,receiver,6,False,True,2,3.0358147621154785,,13.167327404022217,0.4090240001678467,17.38556718826294,201433088,16.759281635284424,0.05439043045043945,0.015119075775146484,0.01382589340209961,0.6253976821899414,0.708733081817627,0.001728000002913177,3.724128007888794,3.725856065750122
B-A,1,receiver,chunk,delay2,A,receiver,7,False,True,2,2.901793956756592,,13.792563438415527,0.40329599380493164,17.34904193878174,201433088,16.727231979370117,0.12212657928466797,0.023117542266845703,0.03610944747924805,0.011236190795898438,0.19258975982666016,0.14294399321079254,2.943039894104004,3.085983991622925
B-A,1,receiver,chunk,delay2,A,receiver,8,False,True,2,3.031430244445801,,13.176240921020508,0.4015359878540039,17.377971649169922,201433088,16.764995098114014,0.04476499557495117,0.013580799102783203,0.009052276611328125,0.6410250663757324,0.7084231376647949,0.6298559904098511,3.0910398960113525,3.720896005630493
B-A,1,receiver,chunk,delay2,A,receiver,9,False,True,2,3.069093704223633,,13.20482587814331,0.4116800129413605,17.369022846221924,201433088,16.737246990203857,0.04239225387573242,0.012290477752685547,0.007559299468994141,0.5656747817993164,0.6279168128967285,0.0016959999920800328,3.6760640144348145,3.677759885787964
B-A,1,receiver,chunk,delay2,A,receiver,10,False,True,2,3.051316261291504,,13.224615573883057,0.41174399852752686,17.40827226638794,201433088,16.78039789199829,0.03897285461425781,0.01209115982055664,0.006804943084716797,0.6075201034545898,0.6653890609741211,0.0016959999920800328,3.6967360973358154,3.698431968688965
B-A,1,receiver,chunk,jitter,B,sender,1,False,True,6.911778644774728,7.640900135040283,1.4960238933563232,0.0009799003601074219,1.0449600219726562,10.319171905517578,0,0,0.19622492790222168,0.05849719047546387,0.03383588790893555,0.011719942092895508,0.3002779483795166,0.08720000088214874,7.843167781829834,7.930367946624756
B-A,1,receiver,chunk,jitter,B,sender,2,False,True,4.941970811901618,5.542173147201538,1.0058720111846924,0.0009610652923583984,1.2000960111618042,7.883615016937256,0,0,0.19588899612426758,0.07971405982971191,0.033761024475097656,0.011891841888427734,0.3212559223175049,0.10825599730014801,5.6910719871521,5.799327850341797
B-A,1,receiver,chunk,jitter,B,sender,3,False,True,5.192823089499277,5.776433944702148,1.4764089584350586,0.0009698867797851562,1.0692800283432007,8.460142850875854,0,0,0.19698882102966309,0.05858922004699707,0.03388094902038574,0.011970043182373047,0.30142903327941895,0.0873280018568039,5.9791998863220215,6.066527843475342
B-A,1,receiver,chunk,jitter,B,sender,4,False,True,5.837859459122274,6.4111762046813965,1.4688658714294434,0.0010089874267578125,1.0785919427871704,9.102493047714233,0,0,0.20040082931518555,0.05792593955993652,0.03509712219238281,0.011020898818969727,0.3044447898864746,0.08716800063848495,6.618495941162109,6.705664157867432
B-A,1,receiver,chunk,jitter,B,sender,5,False,True,6.8477324766809655,7.4163689613342285,1.1332910060882568,0.000865936279296875,1.1985599994659424,9.892407894134521,0,0,0.1925191879272461,0.09815096855163574,0.036836862564086914,0.012746095657348633,0.3402531147003174,0.1292160004377365,7.615583896636963,7.744800090789795
B-A,1,receiver,chunk,jitter,B,sender,6,False,True,6.2502928788434,6.81778883934021,1.1414270401000977,0.000985860824584961,1.0545920133590698,9.150300741195679,0,0,0.19474387168884277,0.058981895446777344,0.0349421501159668,0.010843992233276367,0.2995119094848633,0.08806400001049042,7.018976211547852,7.107039928436279
B-A,1,receiver,chunk,jitter,B,sender,7,False,True,1.507822484059079,2.041692018508911,0.8748400211334229,0.0010159015655517578,1.0497599840164185,4.1023499965667725,0,0,0.19649577140808105,0.058393001556396484,0.03663206100463867,0.012634038925170898,0.3041548728942871,0.08848000317811966,2.2445120811462402,2.3329920768737793
B-A,1,receiver,chunk,jitter,B,sender,8,False,True,3.6385229582274645,4.223345041275024,1.07167387008667,0.0010058879852294922,1.0559040307998657,6.493346929550171,0,0,0.19393682479858398,0.058294057846069336,0.03435826301574707,0.012466907501220703,0.2990560531616211,0.08700799942016602,4.4238080978393555,4.5108160972595215
B-A,1,receiver,chunk,jitter,B,sender,9,False,True,7.716965075261746,8.289855003356934,1.198814868927002,0.0009148120880126953,1.1786240339279175,10.84608507156372,0,0,0.1955430507659912,0.07830190658569336,0.03476214408874512,0.011192798614501953,0.31979990005493164,0.10790400207042694,8.491583824157715,8.599488258361816
B-A,1,receiver,chunk,jitter,B,sender,10,False,True,0.4007956522979548,0.8805172443389893,1.314957857131958,0.0009019374847412109,1.036736011505127,3.3793089389801025,0,0,0.1802530288696289,0.18840718269348145,0.17614388465881348,0.014595985412597656,0.5594000816345215,0.32041600346565247,1.0667200088500977,1.3871359825134277
B-A,1,receiver,chunk,jitter,A,receiver,1,False,True,6.911778644774728,8.05586051940918,,8.445555686950684,0.6541119813919067,17.869301319122314,201433088,16.869019985198975,0.05498790740966797,0.013725757598876953,0.017323017120361328,0.5449652671813965,0.6310019493103027,0.0017600000137463212,8.6146240234375,8.61638355255127
B-A,1,receiver,chunk,jitter,A,receiver,2,False,True,4.941970811901618,6.012247562408447,,11.021481037139893,0.6224640011787415,17.896336555480957,201433088,16.928335189819336,0.055384159088134766,0.016675472259521484,0.0903925895690918,0.0045680999755859375,0.16702032089233398,0.03248000144958496,6.06822395324707,6.100704193115234
B-A,1,receiver,chunk,jitter,A,receiver,3,False,True,5.192823089499277,6.226757049560547,,10.308454036712646,0.6122879981994629,17.837841987609863,201433088,16.882229328155518,0.053536415100097656,0.01446533203125,0.017337322235107422,0.5291604995727539,0.614499568939209,0.4688960015773773,6.2972798347473145,6.766176223754883
B-A,1,receiver,chunk,jitter,A,receiver,4,False,True,5.837859459122274,6.9115519523620605,,9.702507972717285,0.39020800590515137,17.687668800354004,201433088,16.958293914794922,0.03863382339477539,0.011692047119140625,0.007077217102050781,0.560114860534668,0.6175179481506348,0.0017600000137463212,7.4424638748168945,7.444223880767822
B-A,1,receiver,chunk,jitter,A,receiver,5,False,True,6.8477324766809655,7.904979705810547,,9.025121212005615,0.7091839909553528,17.97173547744751,201433088,16.917140007019043,0.054018497467041016,0.017273426055908203,0.017661094665527344,0.1680450439453125,0.25699806213378906,0.001728000002913177,8.138879776000977,8.140607833862305
B-A,1,receiver,chunk,jitter,A,receiver,6,False,True,6.2502928788434,7.261509895324707,,9.634698867797852,0.6567040085792542,17.901386260986328,201433088,16.899291038513184,0.055620670318603516,0.014607429504394531,0.017251968383789062,0.1862926483154297,0.2737727165222168,0.001728000002913177,7.453248023986816,7.4549760818481445
B-A,1,receiver,chunk,jitter,A,receiver,7,False,True,1.507822484059079,2.509942054748535,,14.818493366241455,0.42028799653053284,17.8684983253479,201433088,17.076725006103516,0.039556026458740234,0.011973381042480469,0.008548259735107422,0.0030379295349121094,0.06311559677124023,0.008895999751985073,2.5617599487304688,2.5706560611724854
B-A,1,receiver,chunk,jitter,A,receiver,8,False,True,3.6385229582274645,4.663609027862549,,12.337721824645996,0.6482560038566589,17.930284023284912,201433088,16.94790029525757,0.053277015686035156,0.013790130615234375,0.017162799835205078,0.11929988861083984,0.20352983474731445,0.001728000002913177,4.788000106811523,4.789728164672852
B-A,1,receiver,chunk,jitter,A,receiver,9,False,True,7.716965075261746,8.75734281539917,,8.1978440284729,0.596992015838623,17.889541149139404,201433088,16.961900234222412,0.12373876571655273,0.0892491340637207,0.03314399719238281,0.021934032440185547,0.2680659294128418,0.20307199656963348,8.814432144165039,9.01750373840332
B-A,1,receiver,chunk,jitter,A,receiver,10,False,True,0.4007956522979548,1.620008945465088,,15.3905668258667,0.4174720048904419,17.722200870513916,201433088,16.956148147583008,0.03862428665161133,0.012628555297851562,0.0070400238037109375,0.16625118255615234,0.22454404830932617,0.09273599833250046,1.6785600185394287,1.7712960243225098
B-A,1,receiver,window2,zero,B,sender,1,False,True,0,0.39159297943115234,1.112523078918457,0.001004934310913086,1.0515199899673462,2.6919660568237305,0,0,0.1820662021636963,0.05656695365905762,0.03460693359375,0.011703968048095703,0.2849440574645996,0.084927998483181,0.5797119736671448,0.6646400094032288
B-A,1,receiver,window2,zero,B,sender,2,False,True,0,0.36545491218566895,1.1777853965759277,0.0009598731994628906,1.3551039695739746,3.0473392009735107,0,0,0.17828702926635742,0.057008981704711914,0.03279304504394531,0.011868000030517578,0.2799570560455322,0.08444800227880478,0.5491840243339539,0.6336320042610168
B-A,1,receiver,window2,zero,B,sender,3,False,True,0,0.3686378002166748,0.9654550552368164,0.0008976459503173828,1.0375679731369019,2.5080347061157227,0,0,0.1758122444152832,0.05656886100769043,0.03257298469543457,0.010637044906616211,0.2755911350250244,0.08313599973917007,0.5501760244369507,0.6333119869232178
B-A,1,receiver,window2,zero,B,sender,4,False,True,0,0.3671412467956543,0.9589338302612305,0.0009610652923583984,1.053920030593872,2.5160250663757324,0,0,0.17782306671142578,0.05683088302612305,0.03250718116760254,0.01147603988647461,0.278637170791626,0.08336000144481659,0.5509439706802368,0.6343039870262146
B-A,1,receiver,window2,zero,B,sender,5,False,True,0,0.36312294006347656,0.9613850116729736,0.0009770393371582031,1.053536057472229,2.513235092163086,0,0,0.17630219459533691,0.0577239990234375,0.0332949161529541,0.010491132736206055,0.27781224250793457,0.08508799970149994,0.5452799797058105,0.6303679943084717
B-A,1,receiver,window2,zero,B,sender,6,False,True,0,0.3761329650878906,0.9461479187011719,0.0009038448333740234,1.4477119445800781,2.9152677059173584,0,0,0.17806625366210938,0.05765986442565918,0.03233599662780762,0.011614084243774414,0.2796761989593506,0.08454400300979614,0.5596479773521423,0.6441919803619385
B-A,1,receiver,window2,zero,B,sender,7,False,True,0,0.36959314346313477,0.964775800704956,0.0010488033294677734,1.0687040090560913,2.5407159328460693,0,0,0.20908308029174805,0.06199193000793457,0.03351616859436035,0.011298656463623047,0.315889835357666,0.08940800279378891,0.5848320126533508,0.674239993095398
B-A,1,receiver,window2,zero,B,sender,8,False,True,0,0.35852622985839844,1.6359827518463135,0.0009508132934570312,1.1403520107269287,3.2795801162719727,0,0,0.17786407470703125,0.07865476608276367,0.03287625312805176,0.011993885040283203,0.3013889789581299,0.10569600015878677,0.5425599813461304,0.6482560038566589
B-A,1,receiver,window2,zero,B,sender,9,False,True,0,0.08646392822265625,1.6119110584259033,0.0010159015655517578,1.065440058708191,2.9245858192443848,0,0,0.11958169937133789,0.06266093254089355,0.030971288681030273,0.012558698654174805,0.22577261924743652,0.08560000360012054,0.21439999341964722,0.30000001192092896
B-A,1,receiver,window2,zero,B,sender,10,False,True,0,0.3909718990325928,1.6727371215820312,0.0009732246398925781,1.1517759561538696,3.359368085861206,0,0,0.17977190017700195,0.05728006362915039,0.03229498863220215,0.011230945587158203,0.2805778980255127,0.08383999764919281,0.5767040252685547,0.6605439782142639
B-A,1,receiver,window2,zero,A,receiver,1,False,True,0,0.8467087745666504,,15.411970138549805,0.40646401047706604,17.041107177734375,201433088,16.295820236206055,0.03916215896606445,0.011758804321289062,0.006942272186279297,0.254483699798584,0.3123469352722168,0.0016639999812468886,0.9915519952774048,0.9932159781455994
B-A,1,receiver,window2,zero,A,receiver,2,False,True,0,0.7767176628112793,,15.328060626983643,0.6702719926834106,17.1994309425354,201433088,16.196081161499023,0.050742149353027344,0.013830184936523438,0.01731109619140625,0.2672586441040039,0.34914207458496094,0.0016319999704137444,0.9794560074806213,0.9810879826545715
B-A,1,receiver,window2,zero,A,receiver,3,False,True,0,0.8328657150268555,,15.664710521697998,0.4113599956035614,17.133058071136475,201433088,16.365758895874023,0.03938579559326172,0.012035846710205078,0.00656890869140625,0.10495376586914062,0.16294431686401367,0.0016319999704137444,0.9852480292320251,0.9868800044059753
B-A,1,receiver,window2,zero,A,receiver,4,False,True,0,0.81689453125,,15.713866233825684,0.3980799913406372,17.166114330291748,201433088,16.417479991912842,0.039286136627197266,0.011939048767089844,0.006857872009277344,0.11776447296142578,0.17584753036499023,0.0016319999704137444,0.9818879961967468,0.983519971370697
B-A,1,receiver,window2,zero,A,receiver,5,False,True,0,0.8148660659790039,,15.708446979522705,0.4238080084323883,17.183809757232666,201433088,16.407992362976074,0.039220333099365234,0.011990070343017578,0.0067996978759765625,0.12045001983642578,0.17846012115478516,0.0016319999704137444,0.9835839867591858,0.9852160215377808
B-A,1,receiver,window2,zero,A,receiver,6,False,True,0,0.8361382484436035,,15.730329036712646,0.41040000319480896,17.190931797027588,201433088,16.432608127593994,0.03942584991455078,0.012113094329833984,0.006868839263916016,0.09665632247924805,0.15506410598754883,0.0016319999704137444,0.9813759922981262,0.9830080270767212
B-A,1,receiver,window2,zero,A,receiver,7,False,True,0,0.8663949966430664,,15.81765079498291,0.40931200981140137,17.286534786224365,201433088,16.521641731262207,0.03978109359741211,0.012183189392089844,0.006889820098876953,0.07365036010742188,0.13250446319580078,0.0016319999704137444,0.9866560101509094,0.9882879853248596
B-A,1,receiver,window2,zero,A,receiver,8,False,True,0,0.8295726776123047,,14.736416339874268,0.6119999885559082,17.048887729644775,201433088,16.227883338928223,0.14062166213989258,0.014365196228027344,0.01967906951904297,0.6227331161499023,0.7973990440368652,0.0015999999595806003,1.5509120225906372,1.5525120496749878
B-A,1,receiver,window2,zero,A,receiver,9,False,True,0,0.8302874565124512,,14.7427339553833,0.403872013092041,16.83986520767212,201433088,16.219730854034424,0.139404296875,0.012997150421142578,0.011559009552001953,0.6319236755371094,0.7958841323852539,0.0016319999704137444,1.5422719717025757,1.5439039468765259
B-A,1,receiver,window2,zero,A,receiver,10,False,True,0,0.8580961227416992,,14.73603630065918,0.4031679928302765,16.840871810913086,201433088,16.22528314590454,0.14015436172485352,0.01797771453857422,0.023550033569335938,0.5950651168823242,0.7767472267150879,0.0016319999704137444,1.5503679513931274,1.5520000457763672
B-A,1,receiver,window2,delay2,B,sender,1,False,True,2,2.4933040142059326,1.0129411220550537,0.001058816909790039,1.4600000381469727,5.120584964752197,0,0,0.21817302703857422,0.06040596961975098,0.03421282768249512,0.011722087860107422,0.32451391220092773,0.08860799670219421,2.7177600860595703,2.806368112564087
B-A,1,receiver,window2,delay2,B,sender,2,False,True,2,2.5110299587249756,3.447606086730957,0.0010249614715576172,1.5061440467834473,7.63280987739563,0,0,0.2119889259338379,0.061489105224609375,0.035984039306640625,0.012456893920898438,0.32191896438598633,0.09171199798583984,2.7295360565185547,2.8212480545043945
B-A,1,receiver,window2,delay2,B,sender,3,False,True,2,2.5380496978759766,3.4695441722869873,0.000978231430053711,1.059391975402832,7.2127838134765625,0,0,0.20911812782287598,0.061463117599487305,0.03609800338745117,0.012892961502075195,0.31957221031188965,0.09254399687051773,2.7542080879211426,2.8467519283294678
B-A,1,receiver,window2,delay2,B,sender,4,False,True,2,2.5143630504608154,3.4472389221191406,0.000946044921875,1.0368319749832153,7.133838891983032,0,0,0.19356107711791992,0.05736494064331055,0.034995079040527344,0.011088848114013672,0.2970099449157715,0.08665599673986435,2.714848041534424,2.801503896713257
B-A,1,receiver,window2,delay2,B,sender,5,False,True,2,2.526553153991699,0.9751367568969727,0.0008530616760253906,1.0238720178604126,4.661463022232056,0,0,0.19896697998046875,0.058012962341308594,0.0341799259185791,0.011315107345581055,0.3024749755859375,0.08640000224113464,2.7316160202026367,2.8180160522460938
B-A,1,receiver,window2,delay2,B,sender,6,False,True,2,2.4483940601348877,1.3430700302124023,0.0008790493011474609,1.0736960172653198,5.00964617729187,0,0,0.19081497192382812,0.05744528770446777,0.03316783905029297,0.011368036270141602,0.29279613494873047,0.08499199897050858,2.6452479362487793,2.7302401065826416
B-A,1,receiver,window2,delay2,B,sender,7,False,True,2,2.521820068359375,1.030663013458252,0.0009367465972900391,1.0510400533676147,4.748632907867432,0,0,0.1942460536956787,0.058023929595947266,0.03406882286071777,0.011141300201416016,0.29748010635375977,0.08604799956083298,2.7221760749816895,2.8082239627838135
B-A,1,receiver,window2,delay2,B,sender,8,False,True,2,2.5234251022338867,1.1503369808197021,0.0010190010070800781,1.09334397315979,4.9035608768463135,0,0,0.1941852569580078,0.05768990516662598,0.033599853515625,0.010664224624633789,0.2961392402648926,0.0851840004324913,2.7240641117095947,2.8092479705810547
B-A,1,receiver,window2,delay2,B,sender,9,False,True,2,2.5254220962524414,0.9685771465301514,0.001020193099975586,1.0357120037078857,4.673216104507446,0,0,0.19673991203308105,0.0568690299987793,0.032798051834106445,0.0109100341796875,0.2973170280456543,0.08463999629020691,2.728224039077759,2.812864065170288
B-A,1,receiver,window2,delay2,B,sender,10,False,True,2,2.529536724090576,1.1329541206359863,0.0009577274322509766,1.0753920078277588,4.8746747970581055,0,0,0.20235896110534668,0.0588991641998291,0.0333857536315918,0.010959148406982422,0.30560302734375,0.08691199868917465,2.738176107406616,2.8250880241394043
B-A,1,receiver,window2,delay2,A,receiver,1,False,True,2,2.984978199005127,,13.704097270965576,0.38441601395606995,17.263200283050537,201433088,16.536591053009033,0.039235591888427734,0.012138843536376953,0.006949901580810547,0.0773477554321289,0.13567209243774414,0.0016319999704137444,3.111327886581421,3.11296010017395
B-A,1,receiver,window2,delay2,A,receiver,2,False,True,2,3.0533294677734375,,10.735649108886719,0.38464000821113586,16.73746633529663,201433088,16.13891839981079,0.038313865661621094,0.011683940887451172,0.006926536560058594,2.4485116004943848,2.5054359436035156,0.0016319999704137444,5.541952133178711,5.543583869934082
B-A,1,receiver,window2,delay2,A,receiver,3,False,True,2,3.008728504180908,,10.716570854187012,0.6304640173912048,17.004693508148193,201433088,16.166430950164795,0.05544233322143555,0.014636993408203125,0.01727437973022461,2.491058826446533,2.5784125328063965,0.0016319999704137444,5.570240020751953,5.571872234344482
B-A,1,receiver,window2,delay2,A,receiver,4,False,True,2,3.0025129318237305,,10.731653690338135,0.40780800580978394,16.765090942382812,201433088,16.137412548065186,0.039922237396240234,0.012308120727539062,0.006897449493408203,2.503401279449463,2.5625290870666504,0.0016319999704137444,5.548480033874512,5.550111770629883
B-A,1,receiver,window2,delay2,A,receiver,5,False,True,2,3.037743091583252,,13.585639476776123,0.4598720073699951,17.28927230834961,201433088,16.420215129852295,0.04109811782836914,0.012987613677978516,0.007059574127197266,0.08333969116210938,0.1444849967956543,0.0015999999595806003,3.165600061416626,3.1672000885009766
B-A,1,receiver,window2,delay2,A,receiver,6,False,True,2,2.9194083213806152,,13.348913192749023,0.43404799699783325,17.229055881500244,201433088,16.490809440612793,0.03901481628417969,0.011978626251220703,0.006691932678222656,0.4057164192199707,0.46340179443359375,0.0016319999704137444,3.1140799522399902,3.1157119274139404
B-A,1,receiver,window2,delay2,A,receiver,7,False,True,2,3.0003137588500977,,13.648532390594482,0.4200640022754669,17.329264163970947,201433088,16.559687614440918,0.03886079788208008,0.012026309967041016,0.007035732269287109,0.13634920120239258,0.19427204132080078,0.0016319999704137444,3.108992099761963,3.110624074935913
B-A,1,receiver,window2,delay2,A,receiver,8,False,True,2,2.961149215698242,,13.322351932525635,0.7166079878807068,17.37706708908081,201433088,16.316848754882812,0.053577423095703125,0.013838768005371094,0.01717996597290039,0.21735000610351562,0.30194616317749023,0.0016319999704137444,3.1201601028442383,3.1217920780181885
B-A,1,receiver,window2,delay2,A,receiver,9,False,True,2,3.003444194793701,,13.87290906906128,0.40112000703811646,17.478116512298584,201433088,16.734578132629395,0.039587974548339844,0.012104034423828125,0.006693840026855469,0.08764219284057617,0.1460280418395996,0.0015999999595806003,3.1139519214630127,3.1155519485473633
B-A,1,receiver,window2,delay2,A,receiver,10,False,True,2,2.985198974609375,,13.376755237579346,0.6434879899024963,17.35856294631958,201433088,16.379312992095947,0.05393075942993164,0.013898372650146484,0.016889095306396484,0.16940021514892578,0.2541184425354004,0.0015999999595806003,3.1651840209960938,3.1667840480804443
B-A,1,receiver,window2,jitter,B,sender,1,False,True,3.3827791071891626,4.047475099563599,2.1553189754486084,0.0009429454803466797,1.19760000705719,7.537004232406616,0,0,0.19628310203552246,0.08381509780883789,0.03416585922241211,0.011403083801269531,0.325667142868042,0.1125119999051094,4.250879764556885,4.363391876220703
B-A,1,receiver,window2,jitter,B,sender,2,False,True,6.009587508965526,6.601837873458862,2.289297103881836,0.0008988380432128906,1.0739519596099854,10.10155987739563,0,0,0.1981968879699707,0.06027698516845703,0.03527522087097168,0.01145482063293457,0.305203914642334,0.08963199704885483,6.806623935699463,6.896255970001221
B-A,1,receiver,window2,jitter,B,sender,3,False,True,7.140864949708251,7.718983173370361,1.1854548454284668,0.0009362697601318359,1.1095999479293823,10.157641887664795,0,0,0.20280694961547852,0.06479001045227051,0.03565406799316406,0.011688947677612305,0.3149399757385254,0.0944959968328476,7.9614081382751465,8.055904388427734
B-A,1,receiver,window2,jitter,B,sender,4,False,True,1.1373745410123508,1.6851871013641357,1.0181939601898193,0.0009558200836181641,1.4302719831466675,4.278937101364136,0,0,0.19272089004516602,0.06520199775695801,0.03463387489318848,0.011291980743408203,0.3038487434387207,0.09436800330877304,1.885472059249878,1.9798400402069092
B-A,1,receiver,window2,jitter,B,sender,5,False,True,1.3572868305224821,2.048513889312744,1.681015968322754,0.0008800029754638672,1.0262720584869385,4.891269683837891,0,0,0.19475173950195312,0.057671308517456055,0.034414052963256836,0.011334896087646484,0.2981719970703125,0.08726400136947632,2.2490880489349365,2.3363521099090576
B-A,1,receiver,window2,jitter,B,sender,6,False,True,3.0461254306433467,3.716005802154541,2.3475821018218994,0.0009458065032958984,1.0595840215682983,7.26691198348999,0,0,0.19465398788452148,0.07087278366088867,0.03491330146789551,0.01124882698059082,0.3116888999938965,0.09987200051546097,3.9178879261016846,4.017759799957275
B-A,1,receiver,window2,jitter,B,sender,7,False,True,5.834956774194691,6.526862144470215,2.1591439247131348,0.000904083251953125,1.0484800338745117,9.871766090393066,0,0,0.1998140811920166,0.059372901916503906,0.033271074295043945,0.011046886444091797,0.30350494384765625,0.08720000088214874,6.733151912689209,6.820352077484131
B-A,1,receiver,window2,jitter,B,sender,8,False,True,3.8636798199874516,4.578070878982544,1.793323040008545,0.0009679794311523438,1.112928032875061,7.6218461990356445,0,0,0.1954972743988037,0.05844402313232422,0.03417396545410156,0.011323928833007812,0.2994391918182373,0.08755200356245041,4.779679775238037,4.867231845855713
B-A,1,receiver,window2,jitter,B,sender,9,False,True,3.9122186122441924,4.583858013153076,1.5428149700164795,0.0008411407470703125,1.1183680295944214,7.39069390296936,0,0,0.2013390064239502,0.08005404472351074,0.03384280204772949,0.011335134506225586,0.326570987701416,0.1080000028014183,4.7927680015563965,4.900767803192139
B-A,1,receiver,window2,jitter,B,sender,10,False,True,1.9844952786803596,2.6661651134490967,0.948051929473877,0.0010101795196533203,1.0530879497528076,4.803128004074097,0,0,0.19468307495117188,0.05841708183288574,0.03465080261230469,0.011026144027709961,0.29877710342407227,0.0870399996638298,2.867232084274292,2.9542720317840576
B-A,1,receiver,window2,jitter,A,receiver,1,False,True,3.3827791071891626,4.5406107902526855,,10.681549072265625,0.6658560037612915,17.192805767059326,201433088,16.2016863822937,0.057912349700927734,0.0182037353515625,0.017532825469970703,1.0433592796325684,1.1370081901550293,0.0015999999595806003,5.664192199707031,5.665791988372803
B-A,1,receiver,window2,jitter,A,receiver,2,False,True,6.009587508965526,7.052754878997803,,8.242162227630615,0.6181439757347107,17.405924797058105,201433088,16.430843830108643,0.05498218536376953,0.014315605163574219,0.017374515533447266,1.3358240127563477,1.4224963188171387,0.0016319999704137444,8.459136009216309,8.46076774597168
B-A,1,receiver,window2,jitter,A,receiver,3,False,True,7.140864949708251,8.273711681365967,,8.056012153625488,0.44233599305152893,17.099804878234863,201433088,16.253972053527832,0.060016632080078125,0.01878643035888672,0.017252445220947266,0.15589618682861328,0.2519516944885254,0.0016319999704137444,8.440511703491211,8.442144393920898
B-A,1,receiver,window2,jitter,A,receiver,4,False,True,1.1373745410123508,2.1637625694274902,,14.106004238128662,0.592415988445282,17.120922565460205,201433088,16.20011806488037,0.06014394760131836,0.018388748168945312,0.017130374908447266,0.07515192031860352,0.17081499099731445,0.0015999999595806003,2.2695999145507812,2.271199941635132
B-A,1,receiver,window2,jitter,A,receiver,5,False,True,1.3572868305224821,2.606998920440674,,13.439444541931152,0.6661120057106018,17.446409225463867,201433088,16.361603260040283,0.05914163589477539,0.01865386962890625,0.017589092254638672,0.5521783828735352,0.6475629806518555,0.0016319999704137444,3.1789119243621826,3.180543899536133
B-A,1,receiver,window2,jitter,A,receiver,6,False,True,3.0461254306433467,4.2155561447143555,,10.723818302154541,0.40803200006484985,16.819876194000244,201433088,16.19497299194336,0.0724191665649414,0.012606620788574219,0.007651329040527344,1.3116226196289062,1.4042997360229492,0.0016319999704137444,5.541247844696045,5.542880058288574
B-A,1,receiver,window2,jitter,A,receiver,7,False,True,5.834956774194691,6.998734951019287,,8.301506042480469,0.5447679758071899,17.104623794555664,201433088,16.33924961090088,0.04023170471191406,0.01255178451538086,0.007133960723876953,1.1382818222045898,1.1981992721557617,0.001567999948747456,8.180031776428223,8.181599617004395
B-A,1,receiver,window2,jitter,A,receiver,8,False,True,3.8636798199874516,5.004605293273926,,10.796418190002441,0.6165120005607605,17.385406970977783,201433088,16.345948696136475,0.05987405776977539,0.018319129943847656,0.01696300506591797,0.7894158363342285,0.8845720291137695,0.0016319999704137444,5.876224040985107,5.8778557777404785
B-A,1,receiver,window2,jitter,A,receiver,9,False,True,3.9122186122441924,5.090246677398682,,10.72942304611206,0.631488025188446,17.14544153213501,201433088,16.188756942749023,0.05922698974609375,0.018327713012695312,0.01730823516845703,0.5132980346679688,0.6081609725952148,0.0015999999595806003,5.6268157958984375,5.628416061401367
B-A,1,receiver,window2,jitter,A,receiver,10,False,True,1.9844952786803596,3.0972518920898438,,13.61890459060669,0.4923839867115021,17.404064178466797,201433088,16.485487461090088,0.06123685836791992,0.028809070587158203,0.01803874969482422,0.0038242340087890625,0.1119089126586914,0.04374400153756142,3.163680076599121,3.2074239253997803
B-A,1,receiver,priority,zero,B,sender,1,False,True,0,0.3563680648803711,1.0530390739440918,0.0009932518005371094,1.131392002105713,2.6835720539093018,0,0,0.17963814735412598,0.06486082077026367,0.03350019454956055,0.011719942092895508,0.2897191047668457,0.09219200164079666,0.5427200198173523,0.6349120140075684
B-A,1,receiver,priority,zero,B,sender,2,False,True,0,0.4037339687347412,1.5868260860443115,0.0008759498596191406,1.071903944015503,3.199402093887329,0,0,0.17773985862731934,0.05724501609802246,0.03251814842224121,0.011661767959594727,0.27916479110717773,0.08441600203514099,0.5870720148086548,0.6714879870414734
B-A,1,receiver,priority,zero,B,sender,3,False,True,0,0.48792481422424316,1.025461196899414,0.0009329319000244141,1.4154880046844482,3.0733978748321533,0,0,0.1806330680847168,0.06353211402893066,0.03208494186401367,0.012220144271850586,0.2884702682495117,0.08940800279378891,0.6744639873504639,0.7638720273971558
B-A,1,receiver,priority,zero,B,sender,4,False,True,0,0.37435317039489746,0.9745750427246094,0.0009620189666748047,1.1000319719314575,2.5921571254730225,0,0,0.17780613899230957,0.05735278129577637,0.032639265060424805,0.011097908020019531,0.2788960933685303,0.08432000130414963,0.5587520003318787,0.6430720090866089
B-A,1,receiver,priority,zero,B,sender,5,False,True,0,0.35446691513061523,1.025665044784546,0.0009438991546630859,1.047104001045227,2.5635228157043457,0,0,0.17732691764831543,0.056754112243652344,0.03220176696777344,0.011043071746826172,0.2773258686065674,0.08396799862384796,0.5380160212516785,0.6219840049743652
B-A,1,receiver,priority,zero,B,sender,6,False,True,0,0.36229801177978516,0.9808480739593506,0.0008971691131591797,1.0591039657592773,2.5365781784057617,0,0,0.1790940761566162,0.05697011947631836,0.032794952392578125,0.01204991340637207,0.28090906143188477,0.08448000252246857,0.5466240048408508,0.6311039924621582
B-A,1,receiver,priority,zero,B,sender,7,False,True,0,0.24602890014648438,0.9818711280822754,0.0009429454803466797,1.0457279682159424,2.4119949340820312,0,0,0.1922152042388916,0.06050372123718262,0.034937143325805664,0.018397808074951172,0.30605387687683105,0.08870399743318558,0.44569599628448486,0.5343999862670898
B-A,1,receiver,priority,zero,B,sender,8,False,True,0,0.3688020706176758,1.0381088256835938,0.0009639263153076172,1.2758079767227173,2.823434829711914,0,0,0.17839694023132324,0.056587934494018555,0.03336000442504883,0.01141500473022461,0.27975988388061523,0.08393599838018417,0.5533760190010071,0.6373119950294495
B-A,1,receiver,priority,zero,B,sender,9,False,True,0,0.36302709579467773,0.8520200252532959,0.0009367465972900391,1.03711998462677,2.387118101119995,0,0,0.1784038543701172,0.056986093521118164,0.03229713439941406,0.010603904724121094,0.2782909870147705,0.08383999764919281,0.5475199818611145,0.6313599944114685
B-A,1,receiver,priority,zero,B,sender,10,False,True,0,0.41181397438049316,1.5850701332092285,0.0008740425109863281,1.0284160375595093,3.1619930267333984,0,0,0.17957687377929688,0.05667400360107422,0.03240799903869629,0.011058807373046875,0.27971768379211426,0.08326400071382523,0.5971840023994446,0.6804479956626892
B-A,1,receiver,priority,zero,A,receiver,1,False,True,0,0.8376398086547852,,16.527013778686523,0.4872640073299408,18.284224033355713,201433088,17.43001699447632,0.04230213165283203,0.012387275695800781,0.0072536468505859375,0.18113422393798828,0.24307727813720703,0.001567999948747456,0.9991040229797363,1.0006719827651978
B-A,1,receiver,priority,zero,A,receiver,2,False,True,0,0.9363422393798828,,15.374582290649414,0.428384006023407,17.420693397521973,201433088,16.751417636871338,0.03755807876586914,0.01200103759765625,0.006720542907714844,0.561683177947998,0.6179628372192383,0.0017600000137463212,1.551103949546814,1.5528639554977417
B-A,1,receiver,priority,zero,A,receiver,3,False,True,0,0.920745849609375,,16.336814880371094,0.43081599473953247,17.965828895568848,201433088,17.119626998901367,0.03792524337768555,0.01203012466430664,0.006861686706542969,0.1442580223083496,0.20107507705688477,0.0016319999704137444,1.0450559854507446,1.0466879606246948
B-A,1,receiver,priority,zero,A,receiver,4,False,True,0,0.8002562522888184,,16.032320976257324,0.4603840112686157,17.577576160430908,201433088,16.739845752716064,0.13298320770263672,0.016829967498779297,0.01923084259033203,0.02399921417236328,0.19304323196411133,0.0016319999704137444,0.9889280200004578,0.990559995174408
B-A,1,receiver,priority,zero,A,receiver,5,False,True,0,0.8276920318603516,,16.143627166748047,0.4362240135669708,17.70709228515625,201433088,16.91807985305786,0.03799104690551758,0.011789321899414062,0.006548404693603516,0.17108440399169922,0.22741317749023438,0.0016319999704137444,0.9802560210227966,0.9818879961967468
B-A,1,receiver,priority,zero,A,receiver,6,False,True,0,0.822730541229248,,16.34139633178711,0.43798398971557617,17.851868629455566,201433088,17.049901008605957,0.038617610931396484,0.012156963348388672,0.006798744201660156,0.12691593170166016,0.18448925018310547,0.0016319999704137444,0.9941759705543518,0.9958080053329468
B-A,1,receiver,priority,zero,A,receiver,7,False,True,0,0.898524284362793,,16.308283805847168,0.4800640046596527,17.913063049316406,201433088,17.0354061126709,0.04242134094238281,0.013643264770507812,0.006842613220214844,0.09616804122924805,0.15907526016235352,0.001728000002913177,1.0455360412597656,1.0472639799118042
B-A,1,receiver,priority,zero,A,receiver,8,False,True,0,0.8184170722961426,,16.570891857147217,0.4399360120296478,18.142152309417725,201433088,17.35384702682495,0.038471221923828125,0.012029170989990234,0.0068988800048828125,0.1833205223083496,0.24071979522705078,0.0015999999595806003,0.9806399941444397,0.9822400212287903
B-A,1,receiver,priority,zero,A,receiver,9,False,True,0,0.7960729598999023,,16.08702802658081,0.7538560032844543,17.802474975585938,201433088,16.841607093811035,0.061244964599609375,0.014240741729736328,0.01692056655883789,0.003253459930419922,0.09565973281860352,0.028255999088287354,0.8621119856834412,0.8903679847717285
B-A,1,receiver,priority,zero,A,receiver,10,False,True,0,0.9245057106018066,,15.414172649383545,0.38870400190353394,17.410521030426025,201433088,16.814265251159668,0.03929281234741211,0.013005733489990234,0.007215023040771484,0.5628523826599121,0.6223659515380859,0.5577279925346375,0.9863359928131104,1.5440640449523926
B-A,1,receiver,priority,delay2,B,sender,1,False,True,2,2.5312209129333496,1.0494189262390137,0.0009748935699462891,1.2090239524841309,4.9331159591674805,0,0,0.19469904899597168,0.08503603935241699,0.033634185791015625,0.011070966720581055,0.32444024085998535,0.11302399635314941,2.732991933822632,2.8460159301757812
B-A,1,receiver,priority,delay2,B,sender,2,False,True,2,2.5557332038879395,1.2656958103179932,0.0009679794311523438,1.0764479637145996,5.034516096115112,0,0,0.1942901611328125,0.058997154235839844,0.03550291061401367,0.011976957321166992,0.300767183303833,0.08844800293445587,2.7560319900512695,2.844480037689209
B-A,1,receiver,priority,delay2,B,sender,3,False,True,2,2.6333060264587402,1.5174508094787598,0.0009629726409912109,1.054975986480713,5.364670753479004,0,0,0.198347806930542,0.059728145599365234,0.034945011138916016,0.011266946792602539,0.3042879104614258,0.0894400030374527,2.837183952331543,2.926624059677124
B-A,1,receiver,priority,delay2,B,sender,4,False,True,2,2.5333406925201416,1.5674149990081787,0.0009598731994628906,1.0802559852600098,5.3238067626953125,0,0,0.20197391510009766,0.059906005859375,0.03350019454956055,0.011286020278930664,0.30666613578796387,0.08787199854850769,2.741408109664917,2.829279899597168
B-A,1,receiver,priority,delay2,B,sender,5,False,True,2,2.57155704498291,1.5824072360992432,0.0010159015655517578,1.4424959421157837,5.7414751052856445,0,0,0.201369047164917,0.057965993881225586,0.03557896614074707,0.01220703125,0.30712103843688965,0.088128000497818,2.778559923171997,2.8666880130767822
B-A,1,receiver,priority,delay2,B,sender,6,False,True,2,2.521692991256714,0.865875244140625,0.0009250640869140625,1.096735954284668,4.6201512813568115,0,0,0.19424986839294434,0.06748700141906738,0.03370499610900879,0.011000871658325195,0.3064427375793457,0.09651199728250504,2.7216320037841797,2.8181440830230713
B-A,1,receiver,priority,delay2,B,sender,7,False,True,2,2.5095441341400146,1.5786471366882324,0.0010211467742919922,1.0597440004348755,5.2930309772491455,0,0,0.2075958251953125,0.06352710723876953,0.03658604621887207,0.013192892074584961,0.32090187072753906,0.09417600184679031,2.7235519886016846,2.817728042602539
B-A,1,receiver,priority,delay2,B,sender,8,False,True,2,2.558288097381592,1.5719311237335205,0.0009272098541259766,1.0448319911956787,5.310663938522339,0,0,0.1940758228302002,0.057366132736206055,0.035444021224975586,0.2846031188964844,0.5714890956878662,0.08633600175380707,2.758496046066284,2.844831943511963
B-A,1,receiver,priority,delay2,B,sender,9,False,True,2,2.5621912479400635,1.2939348220825195,0.0009331703186035156,1.0461440086364746,5.037192106246948,0,0,0.19331073760986328,0.05752110481262207,0.03412604331970215,0.011884927749633789,0.2968428134918213,0.08569599688053131,2.7618560791015625,2.8475520610809326
B-A,1,receiver,priority,delay2,B,sender,10,False,True,2,2.6555631160736084,1.1478407382965088,0.0009372234344482422,1.0579520463943481,4.996697187423706,0,0,0.19447112083435059,0.05818772315979004,0.03475832939147949,0.011835813522338867,0.299252986907959,0.08710400015115738,2.8563199043273926,2.9434239864349365
B-A,1,receiver,priority,delay2,A,receiver,1,False,True,2,3.017806053161621,,14.007477760314941,0.7446720004081726,18.04618263244629,201433088,16.959087371826172,0.06441020965576172,0.020787715911865234,0.017182350158691406,0.0037717819213867188,0.10615205764770508,0.022495999932289124,3.104543924331665,3.127039909362793
B-A,1,receiver,priority,delay2,A,receiver,2,False,True,2,3.022669792175293,,14.775987148284912,0.7379199862480164,18.97732925415039,201433088,17.824814319610596,0.05873298645019531,0.019350051879882812,0.017666339874267578,0.25402212142944336,0.34977149963378906,0.25910401344299316,3.1106879711151123,3.3697919845581055
B-A,1,receiver,priority,delay2,A,receiver,3,False,True,2,3.1048378944396973,,13.285350322723389,0.4136640131473541,17.450520992279053,201433088,16.818819999694824,0.03905439376831055,0.01277303695678711,0.006714820861816406,0.5310850143432617,0.5896272659301758,0.001728000002913177,3.6908481121063232,3.6925759315490723
B-A,1,receiver,priority,delay2,A,receiver,4,False,True,2,3.0451903343200684,,13.281288146972656,0.4023360013961792,17.42322301864624,201433088,16.811180591583252,0.038424015045166016,0.012549877166748047,0.006823539733886719,0.5796561241149902,0.637453556060791,0.0017600000137463212,3.6794559955596924,3.68121600151062
B-A,1,receiver,priority,delay2,A,receiver,5,False,True,2,3.0558061599731445,,13.29687213897705,0.4119360148906708,17.467098712921143,201433088,16.82939338684082,0.038290977478027344,0.012588024139404297,0.006984710693359375,0.587834358215332,0.645698070526123,0.0016959999920800328,3.6965761184692383,3.6982719898223877
B-A,1,receiver,priority,delay2,A,receiver,6,False,True,2,3.0058422088623047,,13.968842029571533,0.4208320081233978,17.513131618499756,201433088,16.867838382720947,0.037566184997558594,0.012531757354736328,0.006656169891357422,0.002562999725341797,0.05931711196899414,0.0180479995906353,3.0484800338745117,3.066528081893921
B-A,1,receiver,priority,delay2,A,receiver,7,False,True,2,3.038257598876953,,13.321418762207031,0.41673600673675537,17.471824645996094,201433088,16.838497161865234,0.03835010528564453,0.0128021240234375,0.007052898406982422,0.580233097076416,0.6384382247924805,0.5763840079307556,3.1000959873199463,3.6764800548553467
B-A,1,receiver,priority,delay2,A,receiver,8,False,True,2,3.333122730255127,,13.307596206665039,0.5470079779624939,17.60624361038208,201433088,16.836600303649902,0.0384516716003418,0.012154102325439453,0.006717681884765625,0.30442190170288086,0.36174535751342773,0.0017600000137463212,3.68937611579895,3.691135883331299
B-A,1,receiver,priority,delay2,A,receiver,9,False,True,2,3.0031228065490723,,13.992896556854248,0.7640960216522217,18.24879264831543,201433088,17.048978328704834,0.05722522735595703,0.01837921142578125,0.017577648162841797,0.3094162940979004,0.40259838104248047,0.0017600000137463212,3.4033920764923096,3.4051520824432373
B-A,1,receiver,priority,delay2,A,receiver,10,False,True,2,3.0852909088134766,,13.97610855102539,0.7825279831886292,18.155584812164307,201433088,16.94190216064453,0.0600581169128418,0.019549846649169922,0.017581462860107422,0.12779855728149414,0.22498798370361328,0.001728000002913177,3.3136959075927734,3.3154239654541016
B-A,1,receiver,priority,jitter,B,sender,1,False,True,5.124977337265423,5.809567928314209,1.3801591396331787,0.0009369850158691406,1.109536051750183,8.438266038894653,0,0,0.222548246383667,0.0724649429321289,0.033225059509277344,0.012184858322143555,0.3404231071472168,0.10019200295209885,6.038847923278809,6.139039993286133
B-A,1,receiver,priority,jitter,B,sender,2,False,True,4.426501411548018,5.050731182098389,1.1540007591247559,0.0008761882781982422,1.0833920240402222,7.4259350299835205,0,0,0.20758414268493652,0.05832505226135254,0.033284902572631836,0.011904001235961914,0.3110980987548828,0.08668799698352814,5.263872146606445,5.350560188293457
B-A,1,receiver,priority,jitter,B,sender,3,False,True,1.785351089887989,2.482485771179199,1.02543306350708,0.000990152359008789,1.1139520406723022,4.759256839752197,0,0,0.19432806968688965,0.07045292854309082,0.035069942474365234,0.010936975479125977,0.3107879161834717,0.10044799745082855,2.683743953704834,2.7841920852661133
B-A,1,receiver,priority,jitter,B,sender,4,False,True,4.326571833572839,4.808421850204468,1.2013373374938965,0.0007767677307128906,1.0743039846420288,7.143255949020386,0,0,0.11675596237182617,0.05794978141784668,0.03114628791809082,0.012408971786499023,0.2182610034942627,0.08214399963617325,4.93177604675293,5.013919830322266
B-A,1,receiver,priority,jitter,B,sender,5,False,True,2.758005218629017,3.3236451148986816,1.4865269660949707,0.0009350776672363281,1.0645760297775269,6.010929107666016,0,0,0.19495797157287598,0.057682037353515625,0.03350496292114258,0.011989116668701172,0.29813408851623535,0.08560000360012054,3.5248000621795654,3.6103999614715576
B-A,1,receiver,priority,jitter,B,sender,6,False,True,6.65713017060284,7.2553558349609375,1.5731570720672607,0.0009377002716064453,1.0903040170669556,10.055041790008545,0,0,0.19451212882995605,0.06544971466064453,0.034647226333618164,0.011505126953125,0.30611419677734375,0.09398400038480759,7.456672191619873,7.550655841827393
B-A,1,receiver,priority,jitter,B,sender,7,False,True,5.909696388195194,6.557219982147217,0.9024240970611572,0.0009360313415527344,1.061344027519226,8.663788795471191,0,0,0.19478487968444824,0.05778789520263672,0.03443002700805664,0.010577201843261719,0.2975800037384033,0.08720000088214874,6.758048057556152,6.845248222351074
B-A,1,receiver,priority,jitter,B,sender,8,False,True,5.0415817516975645,5.677582025527954,1.128906011581421,0.0009541511535644531,1.0298880338668823,7.972224950790405,0,0,0.20498991012573242,0.05974006652832031,0.036392927169799805,0.012061119079589844,0.3131840229034424,0.08988799899816513,5.889056205749512,5.978943824768066
B-A,1,receiver,priority,jitter,B,sender,9,False,True,1.0235428784789296,1.6517961025238037,0.9254889488220215,0.0009398460388183594,1.056928038597107,3.772202730178833,0,0,0.20672917366027832,0.06114673614501953,0.0356450080871582,0.011679887771606445,0.3152008056640625,0.09065599739551544,1.865440011024475,1.9560960531234741
B-A,1,receiver,priority,jitter,B,sender,10,False,True,6.530435563807581,7.1341657638549805,0.9778449535369873,0.0009579658508300781,1.0315840244293213,9.27987289428711,0,0,0.1953589916229248,0.05704307556152344,0.03404116630554199,0.011089801788330078,0.2975330352783203,0.08563199639320374,7.336512088775635,7.422143936157227
B-A,1,receiver,priority,jitter,A,receiver,1,False,True,5.124977337265423,6.333782196044922,,10.578753471374512,0.38278400897979736,17.759349822998047,201433088,16.985111713409424,0.03801918029785156,0.013362884521484375,0.00682830810546875,0.3467288017272949,0.4049391746520996,0.34137600660324097,6.394656181335449,6.736032009124756
B-A,1,receiver,priority,jitter,A,receiver,2,False,True,4.426501411548018,5.473275661468506,,11.269388675689697,0.6338880062103271,17.775909423828125,201433088,16.79819393157959,0.05813169479370117,0.018463611602783203,0.017418384552001953,0.19089794158935547,0.2849116325378418,0.0017600000137463212,5.762815952301025,5.764575958251953
B-A,1,receiver,priority,jitter,A,receiver,3,False,True,1.785351089887989,2.934753894805908,,14.041093349456787,0.6897919774055481,17.929218292236328,201433088,16.804730892181396,0.05807971954345703,0.018595218658447266,0.016982078552246094,0.08604288101196289,0.17969989776611328,0.0017600000137463212,3.117824077606201,3.119584083557129
B-A,1,receiver,priority,jitter,A,receiver,4,False,True,4.326571833572839,5.176551342010498,,11.269113063812256,0.4479680061340332,17.471129894256592,201433088,16.811435222625732,0.038134098052978516,0.012328147888183594,0.006782054901123047,0.46371889114379883,0.520963191986084,0.0016639999812468886,5.6976318359375,5.699295997619629
B-A,1,receiver,priority,jitter,A,receiver,5,False,True,2.758005218629017,3.778571605682373,,12.635665893554688,0.5032960176467896,17.57166051864624,201433088,16.84707736968994,0.04246664047241211,0.01566028594970703,0.00708770751953125,0.5309834480285645,0.5961980819702148,0.0016639999812468886,4.373248100280762,4.374911785125732
B-A,1,receiver,priority,jitter,A,receiver,6,False,True,6.65713017060284,7.772964000701904,,8.578017234802246,0.4405120015144348,17.481377601623535,201433088,16.816850185394287,0.03759002685546875,0.0121917724609375,0.007126808166503906,0.5763802528381348,0.6332888603210449,0.0016959999920800328,8.405088424682617,8.406784057617188
B-A,1,receiver,priority,jitter,A,receiver,7,False,True,5.909696388195194,7.037660121917725,,9.909068584442139,0.4285440146923065,17.494254112243652,201433088,16.849793910980225,0.03847980499267578,0.012154579162597656,0.006574153900146484,0.0021872520446777344,0.059395790100097656,0.017343999817967415,7.081183910369873,7.098527908325195
B-A,1,receiver,priority,jitter,A,receiver,8,False,True,5.0415817516975645,6.162528038024902,,10.606359958648682,0.4223040044307709,17.467848777770996,201433088,16.841224670410156,0.037752628326416016,0.012839794158935547,0.006919384002685547,0.16273880004882812,0.22025060653686523,0.1563519984483719,6.223167896270752,6.379519939422607
B-A,1,receiver,priority,jitter,A,receiver,9,False,True,1.0235428784789296,2.145608901977539,,14.746578216552734,0.4176639914512634,17.45767641067505,201433088,16.83091926574707,0.037969112396240234,0.012244701385498047,0.006823062896728516,0.03436088562011719,0.09139776229858398,0.001728000002913177,2.232991933822632,2.23471999168396
B-A,1,receiver,priority,jitter,A,receiver,10,False,True,6.530435563807581,7.625374794006348,,9.304862022399902,0.42105600237846375,17.51221990585327,201433088,16.87725591659546,0.0459747314453125,0.012210845947265625,0.006902217864990234,0.036293983459472656,0.10138177871704102,0.001728000002913177,7.722080230712891,7.7238078117370605
B-A,1,both,bulk,zero,B,sender,1,False,True,0,0.3944740295410156,15.995630979537964,0.0022432804107666016,0.3802559971809387,16.80215620994568,201433088,8.468367099761963,0.035466909408569336,0.011268138885498047,0.006478071212768555,0.013509988784790039,0.06672310829162598,0.015744000673294067,0.440064013004303,0.45580801367759705
B-A,1,both,bulk,zero,B,sender,2,False,True,0,0.5901556015014648,15.792086124420166,0.002317667007446289,0.3768320083618164,16.789883613586426,201433088,8.453139066696167,0.03794598579406738,0.011020183563232422,0.006417989730834961,0.014390945434570312,0.06977510452270508,0.015519999898970127,0.6381760239601135,0.6536960005760193
B-A,1,both,bulk,zero,B,sender,3,False,True,0,0.47538208961486816,15.897577047348022,0.0023031234741210938,0.38652798533439636,16.791202068328857,201433088,8.455522298812866,0.03764081001281738,0.013545036315917969,0.012293100357055664,0.011595010757446289,0.0750739574432373,0.024512000381946564,0.5199040174484253,0.5444160103797913
B-A,1,both,bulk,zero,B,sender,4,False,True,0,0.5706300735473633,15.925346851348877,0.002310037612915039,0.4016000032424927,16.931218147277832,201433088,8.461221933364868,0.03691291809082031,0.010970830917358398,0.017514944076538086,0.09295296669006348,0.15835165977478027,0.02735999971628189,0.616927981376648,0.6442880034446716
B-A,1,both,bulk,zero,B,sender,5,False,True,0,0.4799001216888428,15.895834922790527,0.002279996871948242,0.427264004945755,16.836719036102295,201433088,8.462841033935547,0.03761410713195801,0.013354063034057617,0.01196908950805664,0.0033648014068603516,0.06630206108093262,0.016736000776290894,0.5268160104751587,0.5435519814491272
B-A,1,both,bulk,zero,B,sender,6,False,True,0,0.5121438503265381,15.792663097381592,0.0022721290588378906,0.3790079951286316,16.71623706817627,201433088,8.465903043746948,0.03722214698791504,0.01082301139831543,0.009195804595947266,0.010936975479125977,0.06817793846130371,0.01603199914097786,0.5596160292625427,0.5756480097770691
B-A,1,both,bulk,zero,B,sender,7,False,True,0,0.5848948955535889,15.964448928833008,0.0023469924926757812,0.4103679955005646,16.99352502822876,201433088,8.478906154632568,0.03810000419616699,0.01120305061340332,0.006504058837890625,0.04586601257324219,0.10167312622070312,0.02630399912595749,0.6327360272407532,0.6590399742126465
B-A,1,both,bulk,zero,B,sender,8,False,True,0,0.5453908443450928,15.981861352920532,0.002290010452270508,0.42531201243400574,16.986456871032715,201433088,8.476529836654663,0.03713798522949219,0.01099085807800293,0.017646074295043945,0.012286901473999023,0.07806181907653809,0.025567999109625816,0.5931199789047241,0.6186879873275757
B-A,1,both,bulk,zero,B,sender,9,False,True,0,0.6875238418579102,15.80522084236145,0.0024628639221191406,0.4057599902153015,16.93321681022644,201433088,8.44344186782837,0.036643028259277344,0.0118560791015625,0.006495952606201172,0.01335000991821289,0.0683450698852539,0.01664000004529953,0.7340480089187622,0.7506880164146423
B-A,1,both,bulk,zero,B,sender,10,False,True,0,0.47478508949279785,15.984061002731323,0.003400087356567383,0.6727039813995361,17.176624059677124,201433088,8.467505931854248,0.047276973724365234,0.012992143630981445,0.018639802932739258,0.01141500473022461,0.09032392501831055,0.02816000021994114,0.5327360033988953,0.5608959794044495
B-A,1,both,bulk,zero,A,receiver,1,False,True,0,0.4693622589111328,,0.10461044311523438,0.38576000928878784,16.48854923248291,201433088,15.786343097686768,0.05957221984863281,0.042990684509277344,0.023240089416503906,15.324082851409912,15.449885845184326,0.0015999999595806003,15.90880012512207,15.910400390625
B-A,1,both,bulk,zero,A,receiver,2,False,True,0,0.6431136131286621,,0.11690616607666016,0.3903360068798065,16.48456621170044,201433088,15.778707504272461,0.05920600891113281,0.018167972564697266,0.01737213134765625,15.162430763244629,15.257176876068115,0.0016319999704137444,15.893695831298828,15.8953275680542
B-A,1,both,bulk,zero,A,receiver,3,False,True,0,0.5566868782043457,,0.1128530502319336,0.38732799887657166,16.46626329421997,201433088,15.768659114837646,0.038603782653808594,0.01211690902709961,0.006810188293457031,15.283771991729736,15.341302871704102,0.0015999999595806003,15.88815975189209,15.88976001739502
B-A,1,both,bulk,zero,A,receiver,4,False,True,0,0.837101936340332,,0.16227197647094727,0.39001598954200745,16.71793222427368,201433088,15.931948184967041,0.040429115295410156,0.011918067932128906,0.0069370269775390625,15.215893745422363,15.275177955627441,0.0016319999704137444,16.10915184020996,16.11078453063965
B-A,1,both,bulk,zero,A,receiver,5,False,True,0,0.5433173179626465,,0.13398981094360352,0.3997440040111542,16.518402099609375,201433088,15.774707317352295,0.05865001678466797,0.018553733825683594,0.017305374145507812,15.270023345947266,15.364532470703125,0.0016319999704137444,15.898591995239258,15.900223731994629
B-A,1,both,bulk,zero,A,receiver,6,False,True,0,0.6610026359558105,,0.09965372085571289,0.3933440148830414,16.45976161956787,201433088,15.77220344543457,0.03886699676513672,0.012308120727539062,0.007271766662597656,15.182957172393799,15.241404056549072,0.0015999999595806003,15.8919038772583,15.89350414276123
B-A,1,both,bulk,zero,A,receiver,7,False,True,0,0.7620997428894043,,0.11553955078125,0.40432000160217285,16.741683959960938,201433088,15.8733549118042,0.05854988098144531,0.018211841583251953,0.017628192901611328,15.291962623596191,15.3863525390625,0.0015999999595806003,16.141855239868164,16.143455505371094
B-A,1,both,bulk,zero,A,receiver,8,False,True,0,0.6308798789978027,,0.16274690628051758,0.4031359851360321,16.706297874450684,201433088,15.909545421600342,0.04139423370361328,0.012207508087158203,0.006785392761230469,15.392297744750977,15.452684879302979,0.0016319999704137444,16.08016014099121,16.0817928314209
B-A,1,both,bulk,zero,A,receiver,9,False,True,0,0.7208189964294434,,0.12316608428955078,0.4471679925918579,16.683507442474365,201433088,15.815052032470703,0.06236457824707031,0.017968177795410156,0.017464160919189453,15.22775936126709,15.32555627822876,0.0015999999595806003,16.040576934814453,16.04217529296875
B-A,1,both,bulk,zero,A,receiver,10,False,True,0,0.9424066543579102,,0.0953831672668457,0.423007994890213,16.664522647857666,201433088,15.815332889556885,0.041717529296875,0.01252889633178711,0.007044315338134766,15.10212516784668,15.163415908813477,0.0016319999704137444,16.094911575317383,16.09654426574707
B-A,1,both,bulk,delay2,B,sender,1,False,True,2,2.6825037002563477,13.722241163253784,0.0022411346435546875,0.41020798683166504,16.847601890563965,201433088,8.441818952560425,0.03812098503112793,0.011478900909423828,0.007133007049560547,0.013409137725830078,0.07014203071594238,0.017152000218629837,2.7301759719848633,2.747328042984009
B-A,1,both,bulk,delay2,B,sender,2,False,True,2,2.3644778728485107,14.118387937545776,0.0022139549255371094,0.396479994058609,16.913391828536987,201433088,8.445048809051514,0.039275169372558594,0.011667966842651367,0.007086992263793945,0.013901233673095703,0.07193136215209961,0.017535999417304993,2.4142720699310303,2.4318079948425293
B-A,1,both,bulk,delay2,B,sender,3,False,True,2,2.8442940711975098,13.623429775238037,0.0022230148315429688,0.39532798528671265,16.89583992958069,201433088,8.487008094787598,0.012844085693359375,0.0035219192504882812,0.005354166030883789,0.017385005950927734,0.03910517692565918,0.010975999757647514,2.8677120208740234,2.878688097000122
B-A,1,both,bulk,delay2,B,sender,4,False,True,2,2.4387428760528564,14.081379175186157,0.0022690296173095703,0.3962559998035431,16.94821810722351,201433088,8.445519924163818,0.03896617889404297,0.011359930038452148,0.006947994232177734,0.013520956039428711,0.07079505920410156,0.01696000061929226,2.4868481159210205,2.50380802154541
B-A,1,both,bulk,delay2,B,sender,5,False,True,2,2.4528069496154785,14.0277841091156,0.0022509098052978516,0.40585601329803467,16.91822385787964,201433088,8.465949058532715,0.04012012481689453,0.011667728424072266,0.0074062347412109375,0.013302803039550781,0.07249689102172852,0.01740800030529499,2.503232002258301,2.5206398963928223
B-A,1,both,bulk,delay2,B,sender,6,False,True,2,2.338529109954834,14.16129469871521,0.002351999282836914,0.3878079950809479,16.918719053268433,201433088,8.444256067276001,0.040708303451538086,0.011517763137817383,0.007336139678955078,0.013170003890991211,0.07273221015930176,0.017311999574303627,2.3893439769744873,2.40665602684021
B-A,1,both,bulk,delay2,B,sender,7,False,True,2,2.7170491218566895,13.830735921859741,0.002251863479614258,0.39190399646759033,16.97150182723999,201433088,8.490194082260132,0.03966999053955078,0.011501073837280273,0.007272005081176758,0.01321101188659668,0.07165408134460449,0.017055999487638474,2.76694393157959,2.7839999198913574
B-A,1,both,bulk,delay2,B,sender,8,False,True,2,2.412950038909912,14.119943857192993,0.0023088455200195312,0.4007999897003174,16.96576189994812,201433088,8.452875852584839,0.03704190254211426,0.011531829833984375,0.006492137908935547,0.013580083847045898,0.06864595413208008,0.016543999314308167,2.4601919651031494,2.476736068725586
B-A,1,both,bulk,delay2,B,sender,9,False,True,2,2.4704439640045166,14.075025796890259,0.002183198928833008,0.3924799859523773,16.969594955444336,201433088,8.46512508392334,0.039649009704589844,0.011607170104980469,0.006844997406005859,0.013721704483032227,0.0718228816986084,0.01740800030529499,2.519263982772827,2.5366721153259277
B-A,1,both,bulk,delay2,B,sender,10,False,True,2,2.33894419670105,14.197429180145264,0.0022249221801757812,0.3964479863643646,16.965630054473877,201433088,8.445005893707275,0.021991968154907227,0.011311769485473633,0.006394147872924805,0.013550996780395508,0.05324888229370117,0.015647999942302704,2.371295928955078,2.386944055557251
B-A,1,both,bulk,delay2,A,receiver,1,False,True,2,2.742391586303711,,0.10205316543579102,0.38489601016044617,16.499807834625244,201433088,15.806622982025146,0.06007575988769531,0.15106534957885742,0.03044414520263672,12.94912052154541,13.1907057762146,0.0015999999595806003,15.926527976989746,15.928128242492676
B-A,1,both,bulk,delay2,A,receiver,2,False,True,2,2.4933977127075195,,0.11522579193115234,0.3900800049304962,16.65256929397583,201433088,15.82874345779419,0.03850984573364258,0.012412071228027344,0.00675201416015625,13.532538890838623,13.59021282196045,0.0016319999704137444,16.080415725708008,16.082048416137695
B-A,1,both,bulk,delay2,A,receiver,3,False,True,2,2.9405665397644043,,0.11532878875732422,0.3924480080604553,16.66220235824585,201433088,15.808162212371826,0.14692354202270508,0.020170211791992188,0.031366825103759766,12.94676399230957,13.145224571228027,0.0015999999595806003,16.07961654663086,16.08121681213379
B-A,1,both,bulk,delay2,A,receiver,4,False,True,2,2.522465229034424,,0.13893413543701172,0.3959360122680664,16.67066192626953,201433088,15.80693006515503,0.03923177719116211,0.012124061584472656,0.006842136383056641,13.50062894821167,13.558826923370361,0.0016319999704137444,16.071775436401367,16.073408126831055
B-A,1,both,bulk,delay2,A,receiver,5,False,True,2,2.5471386909484863,,0.11585283279418945,0.404992014169693,16.643755435943604,201433088,15.805053234100342,0.0578007698059082,0.017973899841308594,0.021829605102539062,13.409149646759033,13.506753921508789,0.0016319999704137444,16.04649543762207,16.048128128051758
B-A,1,both,bulk,delay2,A,receiver,6,False,True,2,2.4979963302612305,,0.11915111541748047,0.4065600037574768,16.650010585784912,201433088,15.806419849395752,0.039772987365722656,0.012493610382080078,0.006718158721923828,13.504265785217285,13.563250541687012,0.0016319999704137444,16.042463302612305,16.044095993041992
B-A,1,both,bulk,delay2,A,receiver,7,False,True,2,2.782179832458496,,0.11696290969848633,0.40118399262428284,16.679779052734375,201433088,15.80021619796753,0.058820247650146484,0.018276691436767578,0.017357826232910156,13.211186408996582,13.305641174316406,0.0016319999704137444,16.080991744995117,16.082624435424805
B-A,1,both,bulk,delay2,A,receiver,8,False,True,2,2.4958715438842773,,0.11148548126220703,0.4032000005245209,16.680649280548096,201433088,15.803909301757812,0.058182716369628906,0.02213907241821289,0.01802539825439453,13.502442836761475,13.600790023803711,0.0016639999812468886,16.089439392089844,16.09110450744629
B-A,1,both,bulk,delay2,A,receiver,9,False,True,2,2.536080837249756,,0.11754608154296875,0.40643200278282166,16.67803382873535,201433088,15.803068161010742,0.06248617172241211,0.018234729766845703,0.017156600952148438,13.446446895599365,13.544324398040771,0.0016319999704137444,16.074079513549805,16.075712203979492
B-A,1,both,bulk,delay2,A,receiver,10,False,True,2,2.4535555839538574,,0.11619901657104492,0.41148799657821655,16.69437265396118,201433088,15.803804874420166,0.04095602035522461,0.012506961822509766,0.006789207458496094,13.589436054229736,13.649688243865967,0.0015999999595806003,16.09052848815918,16.09212875366211
B-A,1,both,bulk,jitter,B,sender,1,False,True,1.3540093838461509,2.1416189670562744,14.229018211364746,0.002239227294921875,0.39871999621391296,16.801687240600586,201433088,8.449079990386963,0.03779411315917969,0.011479854583740234,0.007294178009033203,0.013028144836425781,0.0695962905883789,0.016831999644637108,2.18937611579895,2.2062079906463623
B-A,1,both,bulk,jitter,B,sender,2,False,True,6.384396973795681,7.070499897003174,9.243197917938232,0.003108978271484375,0.6557440161705017,17.016157865524292,201433088,8.444969892501831,0.058261871337890625,0.01733088493347168,0.01795029640197754,0.01448202133178711,0.10802507400512695,0.023360000923275948,7.138751983642578,7.162112236022949
B-A,1,both,bulk,jitter,B,sender,3,False,True,6.535925337170527,7.182078123092651,9.182070970535278,0.0023050308227539062,0.39340800046920776,16.790553092956543,201433088,8.45040512084961,0.04306387901306152,0.011063098907470703,0.009026050567626953,0.011828184127807617,0.0749812126159668,0.01664000004529953,7.235743999481201,7.252384185791016
B-A,1,both,bulk,jitter,B,sender,4,False,True,5.474819814933159,5.821786165237427,10.381088018417358,0.0022988319396972656,0.43702399730682373,16.67206120491028,201433088,8.45693302154541,0.03948688507080078,0.011918067932128906,0.007409095764160156,0.013151884078979492,0.07196593284606934,0.01724799908697605,5.87116813659668,5.888415813446045
B-A,1,both,bulk,jitter,B,sender,5,False,True,4.674872469626737,5.118048906326294,11.39151906967163,0.0026111602783203125,0.40761598944664,16.948567867279053,201433088,8.47126579284668,0.04047989845275879,0.011862993240356445,0.007030010223388672,0.013705968856811523,0.07307887077331543,0.01772800087928772,5.168032169342041,5.185760021209717
B-A,1,both,bulk,jitter,B,sender,6,False,True,1.5829328025321727,2.1879611015319824,14.291370868682861,0.002275228500366211,0.3964160084724426,16.90803098678589,201433088,8.464040756225586,0.03461170196533203,0.011543989181518555,0.006700277328491211,0.013564109802246094,0.06642007827758789,0.016896000131964684,2.232896089553833,2.2497920989990234
B-A,1,both,bulk,jitter,B,sender,7,False,True,3.593298350416701,4.277698993682861,12.043948888778687,0.0022590160369873047,0.40620800852775574,16.761886835098267,201433088,8.489712238311768,0.039643049240112305,0.011820793151855469,0.0071871280670166016,0.013725042343139648,0.07237601280212402,0.01772800087928772,4.32809591293335,4.345823764801025
B-A,1,both,bulk,jitter,B,sender,8,False,True,3.1305182007302372,3.736213207244873,12.733567953109741,0.002290010452270508,0.3949120044708252,16.89677906036377,201433088,8.443867921829224,0.04036998748779297,0.011873960494995117,0.007212162017822266,0.013330936431884766,0.07278704643249512,0.01727999933063984,3.7866880893707275,3.8039679527282715
B-A,1,both,bulk,jitter,B,sender,9,False,True,4.811538994906908,5.317183017730713,11.19119906425476,0.0023021697998046875,0.4034239947795868,16.944626092910767,201433088,8.46382212638855,0.04017996788024902,0.011536121368408203,0.00713801383972168,0.013221025466918945,0.07207512855529785,0.017055999487638474,5.367392063140869,5.384448051452637
B-A,1,both,bulk,jitter,B,sender,10,False,True,1.7334967984253336,2.219188928604126,14.168935775756836,0.002440929412841797,0.40214401483535767,16.822502851486206,201433088,8.45807409286499,0.040001869201660156,0.011693000793457031,0.0072710514068603516,0.013746023178100586,0.07271194458007812,0.01772800087928772,2.269184112548828,2.286911964416504
B-A,1,both,bulk,jitter,A,receiver,1,False,True,1.3540093838461509,2.2039999961853027,,0.10855722427368164,0.42313599586486816,16.516557216644287,201433088,15.781413555145264,0.0581059455871582,0.018241405487060547,0.01698160171508789,13.610205173492432,13.703534126281738,0.0016319999704137444,15.89913558959961,15.900768280029297
B-A,1,both,bulk,jitter,A,receiver,2,False,True,6.384396973795681,7.211916923522949,,0.11258125305175781,0.40809598565101624,16.495069980621338,201433088,15.776829242706299,0.058730125427246094,0.01873493194580078,0.017559528350830078,8.593129634857178,8.688154220581055,0.0015999999595806003,15.892000198364258,15.893600463867188
B-A,1,both,bulk,jitter,A,receiver,3,False,True,6.535925337170527,7.269216537475586,,0.0025191307067871094,0.6454079747200012,16.63357639312744,201433088,15.7745943069458,0.058419227600097656,0.01873016357421875,0.01717519760131836,8.541341781616211,8.635666370391846,0.0015999999595806003,15.895135879516602,15.896736145019531
B-A,1,both,bulk,jitter,A,receiver,4,False,True,5.474819814933159,5.974520206451416,,0.12207221984863281,0.3983359932899475,16.48647117614746,201433088,15.771425247192383,0.040427207946777344,0.012828350067138672,0.007232666015625,9.862843990325928,9.923332214355469,0.0016319999704137444,15.888192176818848,15.889823913574219
B-A,1,both,bulk,jitter,A,receiver,5,False,True,4.674872469626737,5.1658244132995605,,0.001949310302734375,0.45161598920822144,16.594765663146973,201433088,15.813541889190674,0.054158687591552734,0.017902374267578125,0.017590045928955078,10.823761940002441,10.913413047790527,0.0016319999704137444,16.069311141967773,16.07094383239746
B-A,1,both,bulk,jitter,A,receiver,6,False,True,1.5829328025321727,2.303872585296631,,0.0020165443420410156,0.4545600116252899,16.60105562210083,201433088,15.804780006408691,0.15833282470703125,0.018817901611328125,0.019208908081054688,13.576152324676514,13.772511959075928,0.0016319999704137444,16.069568634033203,16.071199417114258
B-A,1,both,bulk,jitter,A,receiver,7,False,True,3.593298350416701,4.387181282043457,,0.0017647743225097656,0.4288960099220276,16.406304359436035,201433088,15.775392055511475,0.05894184112548828,0.018790721893310547,0.017261505126953125,11.423466205596924,11.518460273742676,0.0016319999704137444,15.897439956665039,15.89907169342041
B-A,1,both,bulk,jitter,A,receiver,8,False,True,3.1305182007302372,3.773751735687256,,0.10537433624267578,0.41308799386024475,16.664122104644775,201433088,15.803172588348389,0.05852317810058594,0.018695831298828125,0.01714324951171875,12.204640865325928,12.29900312423706,0.0015999999595806003,16.06528091430664,16.066879272460938
B-A,1,both,bulk,jitter,A,receiver,9,False,True,4.811538994906908,5.372456073760986,,0.0023398399353027344,0.4339520037174225,16.5499906539917,201433088,15.777626991271973,0.060759544372558594,0.018874168395996094,0.017319202423095703,10.569395065307617,10.666347980499268,0.0015999999595806003,16.030176162719727,16.031776428222656
B-A,1,both,bulk,jitter,A,receiver,10,False,True,1.7334967984253336,2.3497748374938965,,0.0017070770263671875,0.45369601249694824,16.60961151123047,201433088,15.822032928466797,0.05727100372314453,0.01835775375366211,0.018339157104492188,13.649617195129395,13.743585109710693,0.0015999999595806003,16.08451271057129,16.086111068725586
B-A,1,both,chunk,zero,B,sender,1,False,True,0,0.3507199287414551,1.0089850425720215,8.158631086349487,0.42636799812316895,9.975445032119751,201433088,9.31731104850769,0.03731489181518555,0.01161813735961914,0.0071849822998046875,0.013158798217773438,0.06927680969238281,0.016767999157309532,0.39849600195884705,0.4152640104293823
B-A,1,both,chunk,zero,B,sender,2,False,True,0,0.3045778274536133,0.8855412006378174,8.356170892715454,0.4294080138206482,10.010791063308716,201433088,9.354106187820435,0.039906978607177734,0.01385807991027832,0.006289005279541016,0.013388872146606445,0.07344293594360352,0.01756799966096878,0.3548159897327423,0.3723840117454529
B-A,1,both,chunk,zero,B,sender,3,False,True,0,0.2824878692626953,1.215022087097168,8.097333908081055,0.6872959733009338,10.327390909194946,201433088,9.373703002929688,0.056758880615234375,0.017321109771728516,0.01739978790283203,0.011765241622924805,0.10324501991271973,0.03200000151991844,0.34966400265693665,0.3816640079021454
B-A,1,both,chunk,zero,B,sender,4,False,True,0,0.35278797149658203,1.046755075454712,8.18393611907959,0.40400001406669617,10.020911931991577,201433088,9.398211002349854,0.03673982620239258,0.01167607307434082,0.006654977798461914,0.013527870178222656,0.06859874725341797,0.01651199907064438,0.4005120098590851,0.41702398657798767
B-A,1,both,chunk,zero,B,sender,5,False,True,0,0.35574793815612793,1.8164849281311035,7.3842620849609375,0.4200640022754669,10.011055946350098,201433088,9.367448091506958,0.03744173049926758,0.011611223220825195,0.006844997406005859,0.013370037078857422,0.06926798820495605,0.016543999314308167,0.40377599000930786,0.4203200042247772
B-A,1,both,chunk,zero,B,sender,6,False,True,0,0.313060998916626,0.8933887481689453,8.310619115829468,0.42985600233078003,9.97809100151062,201433088,9.329702854156494,0.1150360107421875,0.01644301414489746,0.02151799201965332,0.011990070343017578,0.16498708724975586,0.11151999980211258,0.3609920144081116,0.47251200675964355
B-A,1,both,chunk,zero,B,sender,7,False,True,0,0.36724090576171875,0.8851571083068848,8.260347127914429,0.43113601207733154,9.975295066833496,201433088,9.312072038650513,0.03668785095214844,0.011464118957519531,0.01057291030883789,0.012639999389648438,0.0713648796081543,0.01945599913597107,0.4131839871406555,0.4326399862766266
B-A,1,both,chunk,zero,B,sender,8,False,True,0,0.3061559200286865,0.8945331573486328,8.44193410873413,0.41283199191093445,10.086480140686035,201433088,9.443666934967041,0.03687787055969238,0.011581182479858398,0.006556987762451172,0.013248920440673828,0.06826496124267578,0.016224000602960587,0.3524479866027832,0.3686720132827759
B-A,1,both,chunk,zero,B,sender,9,False,True,0,0.34612083435058594,1.1202991008758545,8.08806300163269,0.4155519902706146,10.00796890258789,201433088,9.37496018409729,0.037158966064453125,0.01158905029296875,0.0070879459381103516,0.013141155242919922,0.06897711753845215,0.016672000288963318,0.3930880129337311,0.4097599983215332
B-A,1,both,chunk,zero,B,sender,10,False,True,0,0.2954251766204834,0.9060068130493164,8.382794857025146,0.44252800941467285,10.060257911682129,201433088,9.39303183555603,0.03698110580444336,0.011549949645996094,0.006805896759033203,0.013557910919189453,0.06889486312866211,0.016767999157309532,0.34224000573158264,0.3590080142021179
B-A,1,both,chunk,zero,A,receiver,1,False,True,0,0.41817235946655273,,16.28669023513794,0.42716801166534424,17.81746768951416,201433088,16.99800729751587,0.03907585144042969,0.012311935424804688,0.006747245788574219,0.5671787261962891,0.6253137588500977,0.0016319999704137444,1.0273280143737793,1.0289599895477295
B-A,1,both,chunk,zero,A,receiver,2,False,True,0,0.434053897857666,,15.972523212432861,0.6652160286903381,17.63713312149048,201433088,16.723572731018066,0.058426856994628906,0.018192768096923828,0.017093181610107422,0.3832569122314453,0.47696971893310547,0.0016319999704137444,0.837664008140564,0.8392959833145142
B-A,1,both,chunk,zero,A,receiver,3,False,True,0,0.454132080078125,,16.341726303100586,0.45110398530960083,17.996623992919922,201433088,17.152023792266846,0.03959512710571289,0.012234687805175781,0.0066623687744140625,0.6250696182250977,0.6835618019104004,0.0016319999704137444,1.0515199899673462,1.0531519651412964
B-A,1,both,chunk,zero,A,receiver,4,False,True,0,0.4458756446838379,,16.346312999725342,0.43062400817871094,17.901862621307373,201433088,17.078394412994385,0.03895759582519531,0.012319087982177734,0.007174015045166016,0.5667390823364258,0.6251897811889648,0.0016639999812468886,1.055999994277954,1.0576640367507935
B-A,1,both,chunk,zero,A,receiver,5,False,True,0,1.400911808013916,,15.286396026611328,0.4541440010070801,17.641354084014893,201433088,16.850613117218018,0.038532257080078125,0.012539863586425781,0.006513118743896484,0.4014759063720703,0.4590611457824707,0.001728000002913177,1.8376959562301636,1.8394240140914917
B-A,1,both,chunk,zero,A,receiver,6,False,True,0,0.5618457794189453,,15.911702156066895,0.4217599928379059,17.332942962646484,201433088,16.687164306640625,0.0403900146484375,0.012818336486816406,0.006781101226806641,0.3088340759277344,0.3688235282897949,0.0015999999595806003,0.8435519933700562,0.8451520204544067
B-A,1,both,chunk,zero,A,receiver,7,False,True,0,0.4288644790649414,,15.915786743164062,0.4142720103263855,17.313336849212646,201433088,16.685033321380615,0.04056215286254883,0.012797832489013672,0.006916999816894531,0.42636919021606445,0.4866461753845215,0.0016319999704137444,0.8279359936714172,0.8295680284500122
B-A,1,both,chunk,zero,A,receiver,8,False,True,0,0.4647049903869629,,15.910191059112549,0.41225600242614746,17.361379146575928,201433088,16.685555458068848,0.040132999420166016,0.012436866760253906,0.006887912750244141,0.3971123695373535,0.4565701484680176,0.0016319999704137444,0.8355519771575928,0.8371840119361877
B-A,1,both,chunk,zero,A,receiver,9,False,True,0,0.4366011619567871,,15.902055740356445,0.6515200138092041,17.805480003356934,201433088,16.699138164520264,0.04009866714477539,0.012359619140625,0.007018089294433594,0.6476874351501465,0.7071638107299805,0.0016319999704137444,1.0501439571380615,1.0517760515213013
B-A,1,both,chunk,zero,A,receiver,10,False,True,0,0.4509310722351074,,15.844613075256348,0.45926401019096375,17.30491304397583,201433088,16.62050199508667,0.040069580078125,0.012303352355957031,0.006716728210449219,0.4235672950744629,0.48265695571899414,0.0015999999595806003,0.8445760011672974,0.846176028251648
B-A,1,both,chunk,delay2,B,sender,1,False,True,2,2.4318408966064453,0.6593971252441406,6.457697153091431,0.42924800515174866,10.01401686668396,201433088,9.352671384811401,0.03879690170288086,0.01153111457824707,0.006927013397216797,0.013532876968383789,0.07078790664672852,0.01708799973130226,2.479935884475708,2.4970240592956543
B-A,1,both,chunk,delay2,B,sender,2,False,True,2,2.3602449893951416,1.2969970703125,5.935347080230713,0.4134719967842102,10.03966498374939,201433088,9.399097204208374,0.035989999771118164,0.011478900909423828,0.006498813629150391,0.01362919807434082,0.0675969123840332,0.016287999227643013,2.4069440364837646,2.423232078552246
B-A,1,both,chunk,delay2,B,sender,3,False,True,2,2.411473035812378,0.6558890342712402,6.4353251457214355,0.4010240137577057,9.93426513671875,201433088,9.315613985061646,0.04287004470825195,0.01109004020690918,0.006833076477050781,0.013669013977050781,0.0744621753692627,0.016736000776290894,2.463808059692383,2.480544090270996
B-A,1,both,chunk,delay2,B,sender,4,False,True,2,2.407341957092285,0.598984956741333,6.489354133605957,0.42876800894737244,9.955199003219604,201433088,9.303881883621216,0.038522958755493164,0.011400938034057617,0.006829977035522461,0.013726949691772461,0.0704808235168457,0.016896000131964684,2.455359935760498,2.4722559452056885
B-A,1,both,chunk,delay2,B,sender,5,False,True,2,2.4556288719177246,1.0141830444335938,6.032519102096558,0.4315840005874634,9.96596884727478,201433088,9.332581996917725,0.03850197792053223,0.09332013130187988,0.02657485008239746,0.011606216430664062,0.17000317573547363,0.11833599954843521,2.501983880996704,2.6203200817108154
B-A,1,both,chunk,delay2,B,sender,6,False,True,2,2.3876500129699707,0.5476741790771484,6.661226987838745,0.4143039882183075,10.04170823097229,201433088,9.406889915466309,0.03916811943054199,0.011517047882080078,0.007045745849609375,0.013422012329101562,0.07115292549133301,0.016767999157309532,2.436511993408203,2.453279972076416
B-A,1,both,chunk,delay2,B,sender,7,False,True,2,2.3268988132476807,0.6791560649871826,6.86064887046814,0.7157440185546875,10.62709903717041,201433088,9.636931896209717,0.057691097259521484,0.0168609619140625,0.09290194511413574,0.006005048751831055,0.17345905303955078,0.031936001032590866,2.3863680362701416,2.418303966522217
B-A,1,both,chunk,delay2,B,sender,8,False,True,2,2.4477460384368896,0.6083841323852539,6.5157670974731445,0.4357120096683502,10.03817105293274,201433088,9.387586116790771,0.0439610481262207,0.011671066284179688,0.007231950759887695,0.011044025421142578,0.07390809059143066,0.017664000391960144,2.501919984817505,2.5195839405059814
B-A,1,both,chunk,delay2,B,sender,9,False,True,2,2.4736218452453613,1.0028438568115234,6.151731014251709,0.42793598771095276,10.087973833084106,201433088,9.43291187286377,0.051428794860839844,0.012168169021606445,0.006937980651855469,0.010518074035644531,0.08105301856994629,0.01772800087928772,2.534656047821045,2.5523838996887207
B-A,1,both,chunk,delay2,B,sender,10,False,True,2,2.426440954208374,0.9565880298614502,6.171365976333618,0.43036800622940063,10.017059087753296,201433088,9.367163896560669,0.043792009353637695,0.011948108673095703,0.0070400238037109375,0.013467788696289062,0.0762479305267334,0.017343999817967415,2.4800000190734863,2.4973440170288086
B-A,1,both,chunk,delay2,A,receiver,1,False,True,2,2.512350559234619,,14.503540992736816,0.6527680158615112,17.98676633834839,201433088,16.917183876037598,0.05838155746459961,0.018570423126220703,0.01743030548095703,0.13624334335327148,0.23062562942504883,0.001728000002913177,2.668639898300171,2.670367956161499
B-A,1,both,chunk,delay2,A,receiver,2,False,True,2,2.510301113128662,,13.795398235321045,0.44441598653793335,17.67857551574707,201433088,16.87964105606079,0.20109033584594727,0.012848854064941406,0.011152267456054688,0.5853824615478516,0.8104739189147949,0.001728000002913177,3.3071680068969727,3.308896064758301
B-A,1,both,chunk,delay2,A,receiver,3,False,True,2,2.508103847503662,,14.470407962799072,0.5762240290641785,17.88357400894165,201433088,16.89172887802124,0.05176401138305664,0.014255046844482422,0.017467021942138672,0.1653428077697754,0.24882888793945312,0.0017600000137463212,2.6011199951171875,2.6028800010681152
B-A,1,both,chunk,delay2,A,receiver,4,False,True,2,2.47487211227417,,14.606336116790771,0.6416640281677246,18.001948833465576,201433088,16.92825174331665,0.059262752532958984,0.018707275390625,0.017390727996826172,0.09959697723388672,0.19495773315429688,0.0017600000137463212,2.593951940536499,2.5957119464874268
B-A,1,both,chunk,delay2,A,receiver,5,False,True,2,2.65695858001709,,13.686511993408203,0.4950079917907715,17.352746963500977,201433088,16.639790058135986,0.04105234146118164,0.013130664825439453,0.006679058074951172,0.38802289962768555,0.4488849639892578,0.0017600000137463212,2.941119909286499,2.9428799152374268
B-A,1,both,chunk,delay2,A,receiver,6,False,True,2,2.519820213317871,,14.66041612625122,0.49318400025367737,17.869009971618652,201433088,16.958716869354248,0.0586848258972168,0.028220176696777344,0.021430015563964844,0.0035872459411621094,0.1119222640991211,0.04150399938225746,2.588383913040161,2.6298880577087402
B-A,1,both,chunk,delay2,A,receiver,7,False,True,2,2.5878758430480957,,14.666482925415039,0.642687976360321,18.15933895111084,201433088,17.093976974487305,0.061914920806884766,0.01917886734008789,0.09295129776000977,0.006049633026123047,0.18009471893310547,0.03551999852061272,2.65500807762146,2.69052791595459
B-A,1,both,chunk,delay2,A,receiver,8,False,True,2,2.5446043014526367,,15.432902812957764,0.43670400977134705,18.650550842285156,201433088,17.80730390548706,0.03944110870361328,0.013300418853759766,0.007377147674560547,0.1067204475402832,0.1668391227722168,0.012128000147640705,2.603679895401001,2.6158080101013184
B-A,1,both,chunk,delay2,A,receiver,9,False,True,2,2.5549139976501465,,13.810134887695312,0.68476802110672,17.722195148468018,201433088,16.745491981506348,0.059487342834472656,0.022708415985107422,0.017784595489501953,0.37238454818725586,0.4723649024963379,0.0017600000137463212,2.9525439739227295,2.9543039798736572
B-A,1,both,chunk,delay2,A,receiver,10,False,True,2,2.5942254066467285,,13.821391105651855,0.44223999977111816,17.433327198028564,201433088,16.763245105743408,0.03957986831665039,0.012641429901123047,0.006814002990722656,0.3700752258300781,0.4291105270385742,0.0016959999920800328,2.9402239322662354,2.941920042037964
B-A,1,both,chunk,jitter,B,sender,1,False,True,2.5648073749463487,2.9741768836975098,0.5206959247589111,6.015474796295166,0.4039680063724518,9.945238828659058,201433088,9.318483114242554,0.03861093521118164,0.011409997940063477,0.007035970687866211,0.013496160507202148,0.07055306434631348,0.01696000061929226,3.0223679542541504,3.039328098297119
B-A,1,both,chunk,jitter,B,sender,2,False,True,2.495266710641392,2.9171979427337646,0.7083592414855957,6.010677099227905,0.688256025314331,10.368802070617676,201433088,9.434026718139648,0.060159921646118164,0.023469924926757812,0.018069982528686523,0.013656139373779297,0.1153559684753418,0.027904000133275986,2.9985599517822266,3.0264639854431152
B-A,1,both,chunk,jitter,B,sender,3,False,True,6.0078685893461286,6.478023052215576,1.212721824645996,1.816652774810791,0.4015679955482483,9.939898014068604,201433088,9.320319890975952,0.039772987365722656,0.014612197875976562,0.007156848907470703,0.013604164123535156,0.07514619827270508,0.02006400004029274,6.528319835662842,6.548384189605713
B-A,1,both,chunk,jitter,B,sender,4,False,True,7.054274326431447,7.5009849071502686,0.8812711238861084,1.1282439231872559,0.38950398564338684,9.930577993392944,201433088,9.33251690864563,0.12748193740844727,0.011747121810913086,0.011008739471435547,0.012340068817138672,0.16257786750793457,0.02070399932563305,7.637824058532715,7.658527851104736
B-A,1,both,chunk,jitter,B,sender,5,False,True,5.946476108827783,6.409456729888916,1.0878880023956299,2.2247419357299805,0.40908798575401306,10.164146900177002,201433088,9.53181505203247,0.03897404670715332,0.011345148086547852,0.0070858001708984375,0.013466119766235352,0.07087111473083496,0.01692800037562847,6.458847999572754,6.475776195526123
B-A,1,both,chunk,jitter,B,sender,6,False,True,6.046846034107309,6.542333126068115,0.8019070625305176,2.2512409687042236,0.47702398896217346,10.107551097869873,201433088,9.40747594833374,0.0394749641418457,0.01160883903503418,0.007048130035400391,0.01334691047668457,0.07147884368896484,0.016896000131964684,6.592480182647705,6.609375953674316
B-A,1,both,chunk,jitter,B,sender,7,False,True,7.933013804365256,8.337458848953247,0.7359271049499512,0.6609530448913574,0.45708799362182617,10.22587776184082,201433088,9.523196935653687,0.04141497611999512,0.014725923538208008,0.007231950759887695,0.0022039413452148438,0.06557679176330566,0.02070399932563305,8.37936019897461,8.400064468383789
B-A,1,both,chunk,jitter,B,sender,8,False,True,3.9931591529693975,4.403663158416748,1.0399839878082275,4.495172023773193,0.42505601048469543,10.39699411392212,201433088,9.748080015182495,0.043031930923461914,0.012176036834716797,0.006701946258544922,0.002479076385498047,0.06438899040222168,0.01759999990463257,4.447135925292969,4.464735984802246
B-A,1,both,chunk,jitter,B,sender,9,False,True,2.0242445572004515,2.470918893814087,0.4130892753601074,6.679347038269043,0.42368000745773315,10.017888069152832,201433088,9.365946054458618,0.039079904556274414,0.011449098587036133,0.007350921630859375,0.013562202453613281,0.0714421272277832,0.01740800030529499,2.519551992416382,2.5369598865509033
B-A,1,both,chunk,jitter,B,sender,10,False,True,5.333336761089503,5.6968910694122314,0.8693530559539795,3.2487218379974365,0.480320006608963,10.330039024353027,201433088,9.629754781723022,0.04123497009277344,0.011170148849487305,0.01823282241821289,0.07949614524841309,0.15013408660888672,0.02566399984061718,5.7475199699401855,5.773183822631836
B-A,1,both,chunk,jitter,A,receiver,1,False,True,2.5648073749463487,3.1394753456115723,,14.060082912445068,0.4079360067844391,17.750144004821777,201433088,16.941680431365967,0.03831911087036133,0.012035846710205078,0.006967067718505859,0.026346683502197266,0.08366870880126953,0.0017600000137463212,3.2023680210113525,3.2041280269622803
B-A,1,both,chunk,jitter,A,receiver,2,False,True,2.495266710641392,3.1202340126037598,,13.805163860321045,0.6800959706306458,17.90542507171631,201433088,16.795494079589844,0.05838966369628906,0.09560632705688477,0.04794168472290039,0.014704227447509766,0.21664190292358398,0.10739199817180634,3.1988160610198975,3.3062078952789307
B-A,1,both,chunk,jitter,A,receiver,3,False,True,6.0078685893461286,6.522607803344727,,9.646530628204346,0.6514880061149597,17.704083919525146,201433088,16.669437885284424,0.1432814598083496,0.01845264434814453,0.019362926483154297,0.6244721412658691,0.8055691719055176,0.0017600000137463212,7.246335983276367,7.248095989227295
B-A,1,both,chunk,jitter,A,receiver,4,False,True,7.054274326431447,7.687051296234131,,9.229779243469238,0.6381760239601135,17.992942333221436,201433088,16.935853481292725,0.05918455123901367,0.018285751342773438,0.01729583740234375,0.26213693618774414,0.356903076171875,0.0017600000137463212,8.041055679321289,8.042816162109375
B-A,1,both,chunk,jitter,A,receiver,5,False,True,5.946476108827783,6.498795032501221,,9.733660221099854,0.6934400200843811,17.663267612457275,201433088,16.707706451416016,0.05922651290893555,0.018626689910888672,0.01712942123413086,0.5538334846496582,0.6488161087036133,0.0017600000137463212,7.0767998695373535,7.078559875488281
B-A,1,both,chunk,jitter,A,receiver,6,False,True,6.046846034107309,6.6067070960998535,,10.410394191741943,0.8324800133705139,18.305108070373535,201433088,17.05321502685547,0.059674739837646484,0.018620014190673828,0.01753091812133789,0.27588510513305664,0.37171077728271484,0.0017600000137463212,6.901760101318359,6.903520107269287
B-A,1,both,chunk,jitter,A,receiver,7,False,True,7.933013804365256,8.47344970703125,,8.337916851043701,0.5392320156097412,17.724965572357178,201433088,16.726571083068848,0.06110668182373047,0.018500328063964844,0.017128944396972656,0.12546300888061523,0.2221989631652832,0.0017600000137463212,8.616959571838379,8.618720054626465
B-A,1,both,chunk,jitter,A,receiver,8,False,True,3.9931591529693975,4.542629718780518,,11.764505863189697,0.41071999073028564,17.360870838165283,201433088,16.722551345825195,0.0397491455078125,0.012453079223632812,0.006974697113037109,0.5109109878540039,0.5700879096984863,0.001728000002913177,5.033376216888428,5.035103797912598
B-A,1,both,chunk,jitter,A,receiver,9,False,True,2.0242445572004515,2.5636181831359863,,14.829765796661377,0.43036800622940063,17.96861505508423,201433088,17.140642166137695,0.04097604751586914,0.012768745422363281,0.0066432952880859375,0.002663135528564453,0.06305122375488281,0.01833599992096424,2.6066880226135254,2.6250240802764893
B-A,1,both,chunk,jitter,A,receiver,10,False,True,5.333336761089503,5.912259101867676,,11.019237041473389,0.6090239882469177,17.959288120269775,201433088,16.92174530029297,0.05975627899169922,0.019336223602294922,0.017199039459228516,0.23761558532714844,0.3339071273803711,0.16976000368595123,5.994336128234863,6.164095878601074
B-A,1,both,window2,zero,B,sender,1,False,True,0,0.2913219928741455,1.0810420513153076,7.641628742218018,0.4694400131702423,9.513917922973633,201433088,8.828908920288086,0.03712916374206543,0.011682987213134766,0.007035970687866211,0.013271093368530273,0.06911921501159668,0.016767999157309532,0.3378559947013855,0.3546240031719208
B-A,1,both,window2,zero,B,sender,2,False,True,0,0.27153491973876953,1.0424010753631592,7.758710145950317,0.6739839911460876,9.79428505897522,201433088,8.869332075119019,0.05684804916381836,0.017161846160888672,0.017625093460083008,0.011519908905029297,0.10315489768981934,0.031968001276254654,0.33798399567604065,0.369951993227005
B-A,1,both,window2,zero,B,sender,3,False,True,0,0.3833479881286621,0.875540018081665,7.824522018432617,0.44889599084854126,9.563024997711182,201433088,8.862588882446289,0.039520978927612305,0.012340784072875977,0.006623983383178711,0.013489246368408203,0.0719749927520752,0.017184000462293625,0.43427199125289917,0.4514560103416443
B-A,1,both,window2,zero,B,sender,4,False,True,0,0.37132692337036133,0.8133111000061035,7.89373779296875,0.419295996427536,9.535431146621704,201433088,8.884618997573853,0.03672599792480469,0.013778924942016602,0.006880044937133789,0.013394832611083984,0.07077980041503906,0.018079999834299088,0.41865599155426025,0.43673598766326904
B-A,1,both,window2,zero,B,sender,5,False,True,0,0.3028120994567871,0.9672098159790039,7.794836044311523,0.42735999822616577,9.527036905288696,201433088,8.862998962402344,0.03682303428649902,0.011476993560791016,0.006842851638793945,0.013531208038330078,0.06867408752441406,0.016863999888300896,0.3490560054779053,0.3659200072288513
B-A,1,both,window2,zero,B,sender,6,False,True,0,0.3362100124359131,0.8172290325164795,7.873551845550537,0.42819198966026306,9.488819122314453,201433088,8.836323976516724,0.03786897659301758,0.01155233383178711,0.00708770751953125,0.01351308822631836,0.0700221061706543,0.017376000061631203,0.38335999846458435,0.400736004114151
B-A,1,both,window2,zero,B,sender,7,False,True,0,0.30965232849121094,0.8327138423919678,7.9063568115234375,0.4159359931945801,9.502560138702393,201433088,8.849496126174927,0.036940813064575195,0.01154184341430664,0.006754159927368164,0.01363992691040039,0.06887674331665039,0.016672000288963318,0.35715198516845703,0.37382400035858154
B-A,1,both,window2,zero,B,sender,8,False,True,0,0.3398261070251465,0.8239388465881348,7.9154839515686035,0.43961599469184875,9.550326824188232,201433088,8.890375852584839,0.037799835205078125,0.011606216430664062,0.006557941436767578,0.013552188873291016,0.06951618194580078,0.01616000011563301,0.38867199420928955,0.40483200550079346
B-A,1,both,window2,zero,B,sender,9,False,True,0,0.3113422393798828,0.8010149002075195,7.9457080364227295,0.4410560131072998,9.533782958984375,201433088,8.862236022949219,0.03702592849731445,0.011012077331542969,0.017106056213378906,0.08900904655456543,0.15415310859680176,0.0272000003606081,0.3587520122528076,0.3859519958496094
B-A,1,both,window2,zero,B,sender,10,False,True,0,0.37255096435546875,0.7894890308380127,7.9044108390808105,0.4413760006427765,9.542443990707397,201433088,8.873808145523071,0.03763318061828613,0.011839866638183594,0.007146120071411133,0.013604879379272461,0.07022404670715332,0.01759999990463257,0.41967999935150146,0.43727999925613403
B-A,1,both,window2,zero,A,receiver,1,False,True,0,1.0589385032653809,,15.61114501953125,0.41887998580932617,17.211103439331055,201433088,16.37066078186035,0.03974199295043945,0.013134002685546875,0.00669097900390625,0.0018630027770996094,0.06142997741699219,0.018688000738620758,1.1012159585952759,1.1199040412902832
B-A,1,both,window2,zero,A,receiver,2,False,True,0,0.4617929458618164,,15.895273208618164,0.4156799912452698,17.41645097732544,201433088,16.60375738143921,0.0397491455078125,0.012355804443359375,0.006609439849853516,0.5247225761413574,0.5834369659423828,0.5113919973373413,0.5212799906730652,1.0326720476150513
B-A,1,both,window2,zero,A,receiver,3,False,True,0,0.4418759346008301,,15.412466049194336,0.7039039731025696,17.11643695831299,201433088,16.152772903442383,0.05880117416381836,0.018433094024658203,0.017484188079833984,0.304595947265625,0.39931440353393555,0.0015999999595806003,0.8407999873161316,0.8424000144004822
B-A,1,both,window2,zero,A,receiver,4,False,True,0,0.44837474822998047,,15.43195390701294,0.41228801012039185,16.82393789291382,201433088,16.19514513015747,0.03992462158203125,0.012915611267089844,0.0070362091064453125,0.33582162857055664,0.39569807052612305,0.0015999999595806003,0.841152012348175,0.8427519798278809
B-A,1,both,window2,zero,A,receiver,5,False,True,0,0.422574520111084,,15.419867515563965,0.6884160041809082,17.165459632873535,201433088,16.22096014022827,0.06091594696044922,0.01884317398071289,0.01742076873779297,0.425537109375,0.5227169990539551,0.0016319999704137444,0.9283519983291626,0.9299839735031128
B-A,1,both,window2,zero,A,receiver,6,False,True,0,0.4223480224609375,,15.457677841186523,0.40966400504112244,16.8530330657959,201433088,16.21494483947754,0.0388031005859375,0.012031078338623047,0.006737709045410156,0.3777942657470703,0.435366153717041,0.0016639999812468886,0.8537600040435791,0.8554239869117737
B-A,1,both,window2,zero,A,receiver,7,False,True,0,0.4506058692932129,,15.46385145187378,0.39587199687957764,16.8408203125,201433088,16.218045711517334,0.039234161376953125,0.01214599609375,0.006783008575439453,0.34232425689697266,0.40048742294311523,0.0016319999704137444,0.8482239842414856,0.8498560190200806
B-A,1,both,window2,zero,A,receiver,8,False,True,0,0.4148216247558594,,15.454280376434326,0.39289599657058716,16.82494068145752,201433088,16.212625980377197,0.039389610290527344,0.0120849609375,0.007060527801513672,0.37740468978881836,0.4359397888183594,0.0015999999595806003,0.8473600149154663,0.8489599823951721
B-A,1,both,window2,zero,A,receiver,9,False,True,0,0.5635924339294434,,15.487757205963135,0.4046719968318939,16.869495391845703,201433088,16.238242149353027,0.03944110870361328,0.012300968170166016,0.006982326507568359,0.22692346572875977,0.2856478691101074,0.0015999999595806003,0.8462719917297363,0.8478720188140869
B-A,1,both,window2,zero,A,receiver,10,False,True,0,0.4325718879699707,,15.46173095703125,0.39846399426460266,16.826766967773438,201433088,16.217018127441406,0.03967905044555664,0.01207876205444336,0.006675243377685547,0.3470306396484375,0.40546369552612305,0.0015999999595806003,0.8350399732589722,0.8366400003433228
B-A,1,both,window2,delay2,B,sender,1,False,True,2,2.4709930419921875,0.9980809688568115,5.673115015029907,0.6727359890937805,9.87786602973938,201433088,8.918203115463257,0.05987834930419922,0.029961824417114258,0.01795792579650879,0.011478900909423828,0.1192770004272461,0.04451199993491173,2.541088104248047,2.585599899291992
B-A,1,both,window2,delay2,B,sender,2,False,True,2,2.4800608158111572,1.1844849586486816,5.3425891399383545,0.39715200662612915,9.437435865402222,201433088,8.824563980102539,0.041378021240234375,0.034285783767700195,0.006645917892456055,0.013430356979370117,0.09574007987976074,0.017855999991297722,2.552799940109253,2.5706560611724854
B-A,1,both,window2,delay2,B,sender,3,False,True,2,2.390918731689453,1.1427359580993652,5.490273952484131,0.38867199420928955,9.445607900619507,201433088,8.81378698348999,0.04044914245605469,0.036908864974975586,0.015529155731201172,0.013071060180664062,0.10595822334289551,0.05353600159287453,2.4376320838928223,2.4911680221557617
B-A,1,both,window2,delay2,B,sender,4,False,True,2,2.396040916442871,1.126013994216919,5.557560920715332,0.41328001022338867,9.52594780921936,201433088,8.893285036087036,0.03893399238586426,0.011353015899658203,0.006918191909790039,0.013425827026367188,0.07063102722167969,0.01692800037562847,2.4440319538116455,2.4609599113464355
B-A,1,both,window2,delay2,B,sender,5,False,True,2,2.487941026687622,1.0762429237365723,5.479434967041016,0.4153279960155487,9.491889238357544,201433088,8.840112924575806,0.03931713104248047,0.011413097381591797,0.0070378780364990234,0.01350092887878418,0.07126903533935547,0.016896000131964684,2.5368640422821045,2.553760051727295
B-A,1,both,window2,delay2,B,sender,6,False,True,2,2.5299601554870605,0.8193888664245605,5.700150966644287,0.4313279986381531,9.51419997215271,201433088,8.864789962768555,0.039459943771362305,0.011370182037353516,0.007102012634277344,0.01346588134765625,0.07139801979064941,0.017055999487638474,2.5794880390167236,2.596544027328491
B-A,1,both,window2,delay2,B,sender,7,False,True,2,2.4142069816589355,1.0725769996643066,5.592844009399414,0.4431999921798706,9.555869102478027,201433088,8.89211392402649,0.03888106346130371,0.011450052261352539,0.0068569183349609375,0.013674020767211914,0.0708620548248291,0.016863999888300896,2.4633920192718506,2.4802560806274414
B-A,1,both,window2,delay2,B,sender,8,False,True,2,2.4059958457946777,0.8603472709655762,5.761414289474487,0.4180479943752289,9.479257106781006,201433088,8.840852975845337,0.040625810623168945,0.021747112274169922,0.012029886245727539,0.01117706298828125,0.08557987213134766,0.03267199918627739,2.4533119201660156,2.4859840869903564
B-A,1,both,window2,delay2,B,sender,9,False,True,2,2.40590500831604,1.0245249271392822,5.596841096878052,0.4607039988040924,9.518813133239746,201433088,8.82014012336731,0.0409548282623291,0.011590957641601562,0.0078089237213134766,0.08691930770874023,0.14727401733398438,0.017920000478625298,2.4575679302215576,2.4754879474639893
B-A,1,both,window2,delay2,B,sender,10,False,True,2,2.4794671535491943,0.8584070205688477,5.641775131225586,0.4236159920692444,9.436553239822388,201433088,8.800027132034302,0.039214134216308594,0.011260986328125,0.006876945495605469,0.01353311538696289,0.07088518142700195,0.016863999888300896,2.5280001163482666,2.5448639392852783
B-A,1,both,window2,delay2,A,receiver,1,False,True,2,2.6876707077026367,,13.294695854187012,0.6664000153541565,17.271975994110107,201433088,16.187064170837402,0.05892133712768555,0.01814889907836914,0.017184734344482422,0.3578972816467285,0.4521522521972656,0.0016319999704137444,3.074687957763672,3.076319932937622
B-A,1,both,window2,delay2,A,receiver,2,False,True,2,2.5454187393188477,,13.276987075805664,0.5348160266876221,17.19833278656006,201433088,16.26322603225708,0.059345245361328125,0.01877593994140625,0.021441936492919922,0.6682596206665039,0.7678227424621582,0.0016319999704137444,3.163872003555298,3.165503978729248
B-A,1,both,window2,delay2,A,receiver,3,False,True,2,2.5482139587402344,,13.278531551361084,0.6569280028343201,17.227569103240967,201433088,16.198938846588135,0.059574127197265625,0.01837301254272461,0.01695728302001953,0.539125919342041,0.6340303421020508,0.0016319999704137444,3.115583896636963,3.117216110229492
B-A,1,both,window2,delay2,A,receiver,4,False,True,2,2.5513758659362793,,13.464900970458984,0.6891199946403503,17.484533309936523,201433088,16.364624500274658,0.07362127304077148,0.018799304962158203,0.0177154541015625,0.5846147537231445,0.6947507858276367,0.0016319999704137444,3.1805760860443115,3.1822080612182617
B-A,1,both,window2,delay2,A,receiver,5,False,True,2,2.5543813705444336,,13.717923641204834,0.46054399013519287,17.43181610107422,201433088,16.554811477661133,0.04058074951171875,0.012015819549560547,0.006639003753662109,0.5806212425231934,0.6398568153381348,0.0016319999704137444,3.1864960193634033,3.1881279945373535
B-A,1,both,window2,delay2,A,receiver,6,False,True,2,2.606344223022461,,13.38184118270874,0.6716799736022949,17.184627056121826,201433088,16.193811893463135,0.05834674835205078,0.018138885498046875,0.01728200912475586,0.29994630813598633,0.39371395111083984,0.0016319999704137444,2.9830079078674316,2.984639883041382
B-A,1,both,window2,delay2,A,receiver,7,False,True,2,2.539651870727539,,13.478218078613281,0.6975359916687012,17.447256088256836,201433088,16.3306941986084,0.0630650520324707,0.018672943115234375,0.017230987548828125,0.5263333320617676,0.6253023147583008,0.0015999999595806003,3.147808074951172,3.1494081020355225
B-A,1,both,window2,delay2,A,receiver,8,False,True,2,2.5582275390625,,13.610944747924805,0.7268800139427185,17.310937881469727,201433088,16.33310890197754,0.05911684036254883,0.018596649169921875,0.017403125762939453,0.2337174415588379,0.32883405685424805,0.0015999999595806003,2.870879888534546,2.8724799156188965
B-A,1,both,window2,delay2,A,receiver,9,False,True,2,2.615333080291748,,13.634771823883057,0.7811520099639893,17.626183032989502,201433088,16.422850131988525,0.059716224670410156,0.01851940155029297,0.017338275909423828,0.416776180267334,0.5123500823974609,0.0015999999595806003,3.1146240234375,3.1162240505218506
B-A,1,both,window2,delay2,A,receiver,10,False,True,2,2.577442169189453,,13.42686939239502,0.436352014541626,16.90682077407837,201433088,16.230860710144043,0.038770198822021484,0.012182235717773438,0.006999492645263672,0.33833789825439453,0.3962898254394531,0.0015999999595806003,2.8920960426330566,2.8936960697174072
B-A,1,both,window2,jitter,B,sender,1,False,True,5.2961586088967065,5.748739004135132,2.910423994064331,0.3639812469482422,0.3962239921092987,9.450026035308838,201433088,8.83542776107788,0.03889179229736328,0.011294364929199219,0.006845712661743164,0.013798952102661133,0.0708308219909668,0.017023999243974686,5.797791957855225,5.814815998077393
B-A,1,both,window2,jitter,B,sender,2,False,True,0.6491542149057956,1.1010627746582031,1.0281620025634766,7.030007839202881,0.851423978805542,10.055290937423706,201433088,8.935470342636108,0.058100223541259766,0.01735687255859375,0.017283201217651367,0.012048959732055664,0.10478925704956055,0.031647998839616776,1.1695040464401245,1.201151967048645
B-A,1,both,window2,jitter,B,sender,3,False,True,6.5366159241561785,7.002206087112427,1.7994089126586914,0.21822714805603027,0.40825599431991577,9.461100101470947,201433088,8.834897994995117,0.0391077995300293,0.011500120162963867,0.011586904525756836,0.013855218887329102,0.0760500431060791,0.021503999829292297,7.051231861114502,7.072735786437988
B-A,1,both,window2,jitter,B,sender,4,False,True,0.19392448979470966,0.6683106422424316,0.6974983215332031,7.708345890045166,0.4497919976711273,9.556627750396729,201433088,8.87255072593689,0.03996610641479492,0.011632919311523438,0.0071451663970947266,0.013490915298461914,0.072235107421875,0.017472000792622566,0.7179840207099915,0.7354559898376465
B-A,1,both,window2,jitter,B,sender,5,False,True,1.554646995130323,1.9967191219329834,0.6357510089874268,6.621162176132202,0.43116798996925354,9.71855115890503,201433088,8.953476905822754,0.03876090049743652,0.011395931243896484,0.007003068923950195,0.01332402229309082,0.07048392295837402,0.016704000532627106,2.045919895172119,2.062623977661133
B-A,1,both,window2,jitter,B,sender,6,False,True,4.674791804135881,5.110696792602539,0.870384931564331,3.09158992767334,0.4282880127429962,9.534360885620117,201433088,8.862629890441895,0.04593300819396973,0.012940168380737305,0.007437944412231445,0.013278961181640625,0.0795900821685791,0.01881599985063076,5.166207790374756,5.185023784637451
B-A,1,both,window2,jitter,B,sender,7,False,True,0.7554942098202959,1.1810321807861328,0.7009458541870117,7.201007843017578,0.4169600009918213,9.533066034317017,201433088,8.894001960754395,0.039552927017211914,0.01147913932800293,0.007100105285644531,0.013277053833007812,0.07140922546386719,0.016896000131964684,1.2301440238952637,1.247040033340454
B-A,1,both,window2,jitter,B,sender,8,False,True,3.408394655466541,3.8209328651428223,2.0490353107452393,3.353179931640625,0.4434559941291809,9.699573040008545,201433088,9.030579328536987,0.12605690956115723,0.011744976043701172,0.010683059692382812,0.01270604133605957,0.16119098663330078,0.020927999168634415,3.9557759761810303,3.9767038822174072
B-A,1,both,window2,jitter,B,sender,9,False,True,1.5101771992777362,1.9427061080932617,0.5563299655914307,6.598073959350586,0.4274879992008209,9.55770230293274,201433088,8.900691986083984,0.03874611854553223,0.01126408576965332,0.007227897644042969,0.013517141342163086,0.0707552433013916,0.017055999487638474,1.9910720586776733,2.0081279277801514
B-A,1,both,window2,jitter,B,sender,10,False,True,4.954404993329441,5.4286510944366455,0.49118804931640625,3.259183883666992,0.43350398540496826,9.645233154296875,201433088,8.987693309783936,0.039277076721191406,0.011526107788085938,0.007076740264892578,0.01365518569946289,0.07153511047363281,0.017184000462293625,5.477344036102295,5.494527816772461
B-A,1,both,window2,jitter,A,receiver,1,False,True,5.2961586088967065,5.822661399841309,,8.300803184509277,0.6361920237541199,17.337345123291016,201433088,16.44456958770752,0.058985233306884766,0.018294811248779297,0.017154216766357422,2.2757177352905273,2.370151996612549,0.0016639999812468886,8.179167747497559,8.180831909179688
B-A,1,both,window2,jitter,A,receiver,2,False,True,0.6491542149057956,1.275146484375,,14.894299507141113,0.4397119879722595,17.23512840270996,201433088,16.412583351135254,0.039563655853271484,0.012200355529785156,0.007079124450683594,0.5009737014770508,0.559816837310791,0.0016319999704137444,1.7450239658355713,1.7466559410095215
B-A,1,both,window2,jitter,A,receiver,3,False,True,6.5366159241561785,7.081907749176025,,8.272540092468262,0.6630079746246338,17.466372966766357,201433088,16.381003856658936,0.14890098571777344,0.01839590072631836,0.01946401596069336,1.1789531707763672,1.3657140731811523,0.0016319999704137444,8.43404769897461,8.435680389404297
B-A,1,both,window2,jitter,A,receiver,4,False,True,0.19392448979470966,0.7747845649719238,,15.634254932403564,0.4866560101509094,17.235618591308594,201433088,16.52881145477295,0.040457725524902344,0.012589454650878906,0.008428096771240234,0.20613431930541992,0.2676095962524414,0.006688000168651342,0.8295040130615234,0.8361920118331909
B-A,1,both,window2,jitter,A,receiver,5,False,True,1.554646995130323,2.1551313400268555,,14.06935977935791,0.48076799511909485,16.967953205108643,201433088,16.255587100982666,0.04342079162597656,0.028411865234375,0.030010223388671875,0.08471822738647461,0.18656110763549805,0.05161599814891815,2.207007884979248,2.2586240768432617
B-A,1,both,window2,jitter,A,receiver,6,False,True,4.674791804135881,5.205403804779053,,10.69524097442627,0.44630399346351624,16.823304176330566,201433088,16.161937713623047,0.04001903533935547,0.013089179992675781,0.0069217681884765625,0.34833192825317383,0.40836191177368164,0.2673279941082001,5.264736175537109,5.532063961029053
B-A,1,both,window2,jitter,A,receiver,7,False,True,0.7554942098202959,1.32135009765625,,14.747865200042725,0.4190720021724701,16.840760231018066,201433088,16.212282180786133,0.04017496109008789,0.01287698745727539,0.0069141387939453125,0.2249612808227539,0.2849273681640625,0.0016319999704137444,1.5104000568389893,1.5120320320129395
B-A,1,both,window2,jitter,A,receiver,8,False,True,3.408394655466541,4.069771766662598,,10.678997039794922,0.4214079976081848,16.831347942352295,201433088,16.18257999420166,0.03967094421386719,0.012563228607177734,0.006775856018066406,1.4351067543029785,1.4941167831420898,0.0015999999595806003,5.548096179962158,5.54969596862793
B-A,1,both,window2,jitter,A,receiver,9,False,True,1.5101771992777362,2.087754249572754,,14.260973930358887,0.4212479889392853,16.95919895172119,201433088,16.32277011871338,0.07933664321899414,0.013550758361816406,0.03372526168823242,0.004260063171386719,0.1308727264404297,0.0029120000544935465,2.1887359619140625,2.191648006439209
B-A,1,both,window2,jitter,A,receiver,10,False,True,4.954404993329441,5.533387660980225,,10.96988582611084,0.42982399463653564,17.0504789352417,201433088,16.398945331573486,0.040647029876708984,0.012606620788574219,0.006524085998535156,0.0022759437561035156,0.062053680419921875,0.017823999747633934,5.576064109802246,5.593887805938721
B-A,1,both,priority,zero,B,sender,1,False,True,0,0.3088531494140625,0.7904419898986816,8.43380618095398,0.4060479998588562,9.969756126403809,201433088,9.327009916305542,0.03579306602478027,0.011311054229736328,0.00686192512512207,0.01354217529296875,0.06750822067260742,0.01648000068962574,0.35715198516845703,0.37363201379776
B-A,1,both,priority,zero,B,sender,2,False,True,0,0.30692315101623535,1.0960650444030762,8.292028903961182,0.40588799118995667,10.13198709487915,201433088,9.510327100753784,0.036324262619018555,0.01148080825805664,0.006579160690307617,0.013541936874389648,0.06792616844177246,0.016543999314308167,0.3558720052242279,0.3724159896373749
B-A,1,both,priority,zero,B,sender,3,False,True,0,0.33206701278686523,0.8278741836547852,8.386276960372925,0.4363200068473816,10.013000965118408,201433088,9.36206603050232,0.037767887115478516,0.011165142059326172,0.006482839584350586,0.013390064239501953,0.06880593299865723,0.015776000916957855,0.3829439878463745,0.39871999621391296
B-A,1,both,priority,zero,B,sender,4,False,True,0,0.3097958564758301,0.8070049285888672,8.453428983688354,0.41251200437545776,10.01331901550293,201433088,9.381090879440308,0.03649115562438965,0.01151895523071289,0.006683826446533203,0.013340950012207031,0.06803488731384277,0.016448000445961952,0.35868799686431885,0.37513598799705505
B-A,1,both,priority,zero,B,sender,5,False,True,0,0.32947778701782227,1.141442060470581,8.252447843551636,0.408160001039505,10.16179609298706,201433088,9.535496234893799,0.0364689826965332,0.01155400276184082,0.0072062015533447266,0.013599872589111328,0.06882905960083008,0.017472000792622566,0.378464013338089,0.3959360122680664
B-A,1,both,priority,zero,B,sender,6,False,True,0,0.30288004875183105,1.1355159282684326,8.11864686012268,0.4100799858570099,9.99757194519043,201433088,9.352129936218262,0.036051034927368164,0.011783599853515625,0.006640195846557617,0.013248920440673828,0.06772375106811523,0.016575999557971954,0.3518719971179962,0.3684479892253876
B-A,1,both,priority,zero,B,sender,7,False,True,0,0.3724501132965088,1.0900967121124268,8.034660816192627,0.4435519874095917,9.97502589225769,201433088,9.302509069442749,0.03736400604248047,0.011548995971679688,0.0069849491119384766,0.013516902923583984,0.06941485404968262,0.016767999157309532,0.4240959882736206,0.4408639967441559
B-A,1,both,priority,zero,B,sender,8,False,True,0,0.33582019805908203,1.081878900527954,8.09203314781189,0.4394559860229492,9.979692220687866,201433088,9.315912246704102,0.024539709091186523,0.011366128921508789,0.006558895111083984,0.013651132583618164,0.05611586570739746,0.015968000516295433,0.37139201164245605,0.38736000657081604
B-A,1,both,priority,zero,B,sender,9,False,True,0,0.32564496994018555,1.0644030570983887,8.27386999130249,0.41388800740242004,10.108320951461792,201433088,9.468370914459229,0.03602004051208496,0.011564970016479492,0.006837129592895508,0.01337885856628418,0.06780099868774414,0.01708799973130226,0.3740159869194031,0.3911040127277374
B-A,1,both,priority,zero,B,sender,10,False,True,0,0.27834010124206543,1.1509766578674316,8.376100063323975,0.6994240283966064,10.549360990524292,201433088,9.602874994277954,0.05657601356506348,0.01746678352355957,0.017391204833984375,0.01173090934753418,0.1031649112701416,0.03219199925661087,0.3503359854221344,0.38252800703048706
B-A,1,both,priority,zero,A,receiver,1,False,True,0,0.44917774200439453,,16.104652881622314,0.4336639940738678,17.433766841888428,201433088,16.778722763061523,0.037847042083740234,0.012140750885009766,0.007140159606933594,0.3265190124511719,0.38364696502685547,0.0016319999704137444,0.8277760148048401,0.8294079899787903
B-A,1,both,priority,zero,A,receiver,2,False,True,0,0.441617488861084,,16.53754997253418,0.40508800745010376,18.14562177658081,201433088,17.34514570236206,0.03936433792114258,0.012266159057617188,0.007035255432128906,0.6313896179199219,0.6900553703308105,0.0016319999704137444,1.0540159940719604,1.0556479692459106
B-A,1,both,priority,zero,A,receiver,3,False,True,0,0.3834352493286133,,16.06609010696411,0.4033919870853424,17.381582736968994,201433088,16.80604362487793,0.05148506164550781,0.018143653869628906,0.017212867736816406,0.37249326705932617,0.4593348503112793,0.0016319999704137444,0.8399999737739563,0.8416320085525513
B-A,1,both,priority,zero,A,receiver,4,False,True,0,0.4303288459777832,,16.16426944732666,0.5238080024719238,17.593379974365234,201433088,16.85151481628418,0.0392918586730957,0.012698173522949219,0.007140159606933594,0.3577089309692383,0.4168391227722168,0.0015999999595806003,0.8420479893684387,0.8436480164527893
B-A,1,both,priority,zero,A,receiver,5,False,True,0,0.4544992446899414,,16.090373039245605,0.4005439877510071,17.692588329315186,201433088,16.89608144760132,0.04218578338623047,0.012038707733154297,0.006763458251953125,0.6178789138793945,0.6788668632507324,0.0015999999595806003,1.0587519407272339,1.0603519678115845
B-A,1,both,priority,zero,A,receiver,6,False,True,0,0.3935203552246094,,16.97341299057007,0.4009920060634613,18.57260227203369,201433088,17.76767063140869,0.04033327102661133,0.012040138244628906,0.006698131561279297,0.6727948188781738,0.7318663597106934,0.0015999999595806003,1.0501760244369507,1.0517760515213013
B-A,1,both,priority,zero,A,receiver,7,False,True,0,0.43529224395751953,,16.967628479003906,0.3964479863643646,18.550358295440674,201433088,17.756571769714355,0.03856706619262695,0.012019634246826172,0.0067691802978515625,0.6256680488586426,0.6830239295959473,0.0016319999704137444,1.0445760488510132,1.0462080240249634
B-A,1,both,priority,zero,A,receiver,8,False,True,0,0.3701643943786621,,16.223130702972412,0.4837439954280853,17.89249038696289,201433088,17.037120819091797,0.13586139678955078,0.014209747314453125,0.011275768280029297,0.5776753425598145,0.7390222549438477,0.0015999999595806003,1.0295360088348389,1.0311360359191895
B-A,1,both,priority,zero,A,receiver,9,False,True,0,0.41587209701538086,,16.284474849700928,0.46166399121284485,17.896231174468994,201433088,17.081621646881104,0.0387883186340332,0.012507915496826172,0.006595611572265625,0.6065573692321777,0.6644492149353027,0.0016319999704137444,1.0001280307769775,1.0017600059509277
B-A,1,both,priority,zero,A,receiver,10,False,True,0,0.4555220603942871,,16.26767110824585,0.4208959937095642,17.88844394683838,201433088,17.071756839752197,0.03822183609008789,0.012004375457763672,0.006705760955810547,0.6193680763244629,0.676300048828125,0.0015999999595806003,1.0535039901733398,1.0551040172576904
B-A,1,both,priority,delay2,B,sender,1,False,True,2,2.334326982498169,0.5908710956573486,6.639146089553833,0.650111973285675,10.256816148757935,201433088,9.34266996383667,0.05696821212768555,0.01738595962524414,0.01720285415649414,0.011806011199951172,0.103363037109375,0.031808000057935715,2.4075520038604736,2.4393599033355713
B-A,1,both,priority,delay2,B,sender,2,False,True,2,2.432239055633545,0.4580569267272949,6.6674981117248535,0.39155200123786926,9.981084108352661,201433088,9.372811079025269,0.039092063903808594,0.011857032775878906,0.006747722625732422,0.01363825798034668,0.0713350772857666,0.017535999417304993,2.4851200580596924,2.5026559829711914
B-A,1,both,priority,delay2,B,sender,3,False,True,2,2.454698085784912,0.4627058506011963,6.743765830993652,0.666047990322113,10.369266986846924,201433088,9.45878791809082,0.039237260818481445,0.012144804000854492,0.0158998966217041,0.002559185028076172,0.06984114646911621,0.011168000288307667,2.5087039470672607,2.519871950149536
B-A,1,both,priority,delay2,B,sender,4,False,True,2,2.459160804748535,0.5229508876800537,6.707885980606079,0.39769598841667175,10.11850094795227,201433088,9.498707056045532,0.037966012954711914,0.011811017990112305,0.008006811141967773,0.010314226150512695,0.06809806823730469,0.009631999768316746,2.5119359493255615,2.5215680599212646
B-A,1,both,priority,delay2,B,sender,5,False,True,2,2.447233200073242,1.0773489475250244,6.169486999511719,0.4086399972438812,10.135921239852905,201433088,9.501159906387329,0.03735494613647461,0.011432170867919922,0.006943941116333008,0.01367497444152832,0.06940603256225586,0.017216000705957413,2.4980480670928955,2.5152640342712402
B-A,1,both,priority,delay2,B,sender,6,False,True,2,2.4105989933013916,0.8413000106811523,6.448111057281494,0.4407680034637451,10.174152851104736,201433088,9.511405944824219,0.037606000900268555,0.011204957962036133,0.006582975387573242,0.013781070709228516,0.06917500495910645,0.01651199907064438,2.4618239402770996,2.4783360958099365
B-A,1,both,priority,delay2,B,sender,7,False,True,2,2.4046552181243896,0.8685479164123535,6.253754138946533,0.4323520064353943,9.992337226867676,201433088,9.322235822677612,0.03746294975280762,0.011262893676757812,0.006735086441040039,0.013410091400146484,0.06887102127075195,0.016543999314308167,2.4567360877990723,2.4732799530029297
B-A,1,both,priority,delay2,B,sender,8,False,True,2,2.437089681625366,0.9319121837615967,6.149656057357788,0.4026559889316559,9.953307867050171,201433088,9.33133602142334,0.0379948616027832,0.011518001556396484,0.007133960723876953,0.013520002365112305,0.07016682624816895,0.017055999487638474,2.488800048828125,2.5058560371398926
B-A,1,both,priority,delay2,B,sender,9,False,True,2,2.4163520336151123,0.9250881671905518,6.309919118881226,0.6714879870414734,10.36935305595398,201433088,9.450135946273804,0.05811905860900879,0.017420053482055664,0.01738905906677246,0.011545658111572266,0.10447382926940918,0.03155200183391571,2.490463972091675,2.5220160484313965
B-A,1,both,priority,delay2,B,sender,10,False,True,2,2.476746082305908,0.8825340270996094,6.487665891647339,0.4503679871559143,10.33094596862793,201433088,9.626296043395996,0.12138986587524414,0.018340110778808594,0.02215886116027832,0.0025081634521484375,0.1643970012664795,0.1072319969534874,2.5358400344848633,2.6430718898773193
B-A,1,both,priority,delay2,A,receiver,1,False,True,2,2.53120756149292,,14.880021095275879,0.42208001017570496,18.016109943389893,201433088,17.182442665100098,0.03836536407470703,0.012201786041259766,0.006886482238769531,0.05715370178222656,0.11460733413696289,0.001728000002913177,2.633824110031128,2.635551929473877
B-A,1,both,priority,delay2,A,receiver,2,False,True,2,2.5766987800598145,,15.068774223327637,0.4530560076236725,18.223589420318604,201433088,17.37051773071289,0.039834022521972656,0.012726783752441406,0.0066242218017578125,0.002716064453125,0.061901092529296875,0.01836800016462803,2.6227200031280518,2.6410880088806152
B-A,1,both,priority,delay2,A,receiver,3,False,True,2,2.5453667640686035,,15.192646980285645,0.41974401473999023,18.304941177368164,201433088,17.50138568878174,0.03828716278076172,0.01282501220703125,0.006920814514160156,0.028298377990722656,0.08633136749267578,0.014112000353634357,2.6072640419006348,2.6213760375976562
B-A,1,both,priority,delay2,A,receiver,4,False,True,2,2.5114755630493164,,14.672109603881836,0.6610559821128845,18.078916549682617,201433088,17.072991847991943,0.11237430572509766,0.016136646270751953,0.025371074676513672,0.00335693359375,0.15723896026611328,0.10320000350475311,2.566272020339966,2.6694719791412354
B-A,1,both,priority,delay2,A,receiver,5,False,True,2,2.5619397163391113,,14.052736282348633,0.44150400161743164,17.727250576019287,201433088,16.900114059448242,0.03840446472167969,0.012994766235351562,0.006882190704345703,0.5534238815307617,0.6117053031921387,0.5478079915046692,2.62444806098938,3.1722559928894043
B-A,1,both,priority,delay2,A,receiver,6,False,True,2,2.524838924407959,,13.978517055511475,0.456928014755249,17.462563037872314,201433088,16.81943702697754,0.05223989486694336,0.01921701431274414,0.017618179321289062,0.3465452194213867,0.4356203079223633,0.001728000002913177,2.9636480808258057,2.9653759002685547
B-A,1,both,priority,delay2,A,receiver,7,False,True,2,2.506887912750244,,14.032504081726074,0.445279985666275,17.48147678375244,201433088,16.814995288848877,0.038886070251464844,0.012803077697753906,0.006674289703369141,0.3756446838378906,0.4340081214904785,0.0016959999920800328,2.9408318996429443,2.942528009414673
B-A,1,both,priority,delay2,A,receiver,8,False,True,2,2.5963950157165527,,14.14124870300293,0.4307520091533661,17.61879301071167,201433088,16.929032802581787,0.039099693298339844,0.012608528137207031,0.006923675537109375,0.3311018943786621,0.38973379135131836,0.001728000002913177,2.980992078781128,2.982719898223877
B-A,1,both,priority,delay2,A,receiver,9,False,True,2,2.623170852661133,,14.055119514465332,0.4246079921722412,17.56981897354126,201433088,16.82454776763916,0.03927803039550781,0.013112068176269531,0.006871223449707031,0.34973764419555664,0.408998966217041,0.001728000002913177,3.032480001449585,3.034208059310913
B-A,1,both,priority,delay2,A,receiver,10,False,True,2,2.6215438842773438,,14.037450790405273,0.4307200014591217,17.471489906311035,201433088,16.828084468841553,0.043048858642578125,0.01271820068359375,0.006830692291259766,0.25849199295043945,0.3210897445678711,0.001728000002913177,2.9386560916900635,2.9403839111328125
B-A,1,both,priority,jitter,B,sender,1,False,True,7.4511846607808545,7.878022909164429,1.1454298496246338,0.7538778781890869,0.669920027256012,10.493451833724976,201433088,9.575570106506348,0.05829191207885742,0.017731904983520508,0.017478227615356445,0.004038810729980469,0.09754085540771484,0.026815999299287796,7.949056148529053,7.975872039794922
B-A,1,both,priority,jitter,B,sender,2,False,True,0.16104003211328433,0.5846657752990723,0.8511371612548828,8.214926958084106,0.4262079894542694,10.112159729003906,201433088,9.468492269515991,0.03941488265991211,0.011490106582641602,0.018952131271362305,0.08789682388305664,0.15775394439697266,0.026815999299287796,0.637440025806427,0.6642559766769409
B-A,1,both,priority,jitter,B,sender,3,False,True,4.256082060613433,4.7049431800842285,1.0458729267120361,3.853165864944458,0.42879998683929443,10.065914154052734,201433088,9.412622213363647,0.03897809982299805,0.011984825134277344,0.006820201873779297,0.017868757247924805,0.07565188407897949,0.017472000792622566,4.757440090179443,4.774911880493164
B-A,1,both,priority,jitter,B,sender,4,False,True,6.756202335421224,7.2033350467681885,0.6520519256591797,1.8777439594268799,0.435808002948761,10.20213508605957,201433088,9.505475282669067,0.04549908638000488,0.01288604736328125,0.006929874420166016,0.0025980472564697266,0.06791305541992188,0.018688000738620758,7.254303932189941,7.272992134094238
B-A,1,both,priority,jitter,B,sender,5,False,True,0.31577177618797414,0.7322630882263184,0.4811360836029053,8.335164070129395,0.5260159969329834,10.106125116348267,201433088,9.344728231430054,0.03660702705383301,0.01190495491027832,0.006824970245361328,0.013298988342285156,0.06863594055175781,0.017023999243974686,0.7813119888305664,0.7983360290527344
B-A,1,both,priority,jitter,B,sender,6,False,True,4.680254973703843,5.160921096801758,0.6158809661865234,3.983705997467041,0.46031999588012695,10.254884958267212,201433088,9.573300123214722,0.04119420051574707,0.011981964111328125,0.006702899932861328,0.0023200511932373047,0.06219911575317383,0.01756799966096878,5.207007884979248,5.224575996398926
B-A,1,both,priority,jitter,B,sender,7,False,True,5.276110542596347,5.7004828453063965,0.9986381530761719,2.9420390129089355,0.4355520009994507,10.111433982849121,201433088,9.417123079299927,0.03869295120239258,0.011718034744262695,0.007224082946777344,0.013779878616333008,0.07141494750976562,0.018592000007629395,5.751967906951904,5.770559787750244
B-A,1,both,priority,jitter,B,sender,8,False,True,7.852819842625249,8.322331190109253,0.957848072052002,0.21318793296813965,0.4477759897708893,9.976600170135498,201433088,9.292603969573975,0.04439902305603027,0.012413978576660156,0.0071849822998046875,0.013597965240478516,0.07759594917297363,0.018303999677300453,8.380319595336914,8.398624420166016
B-A,1,both,priority,jitter,B,sender,9,False,True,6.0328818692572135,6.465851068496704,0.9759209156036377,2.09346604347229,0.430431991815567,9.99975299835205,201433088,9.344557046890259,0.03884315490722656,0.011898994445800781,0.006643772125244141,0.013561010360717773,0.07094693183898926,0.016992000862956047,6.51855993270874,6.535552024841309
B-A,1,both,priority,jitter,B,sender,10,False,True,0.4074498120840877,0.860321044921875,1.027350902557373,7.646307945251465,0.4594559967517853,10.024471998214722,201433088,9.341810941696167,0.03591609001159668,0.011336088180541992,0.0066928863525390625,0.013369083404541016,0.06731414794921875,0.0161920003592968,0.9088640213012695,0.925055980682373
B-A,1,both,priority,jitter,A,receiver,1,False,True,7.4511846607808545,8.051883220672607,,8.506033897399902,0.43033599853515625,17.6740779876709,201433088,16.831954956054688,0.05733776092529297,0.018142223358154297,0.017528057098388672,0.5126409530639648,0.6056489944458008,0.0017600000137463212,8.660415649414062,8.662176132202148
B-A,1,both,priority,jitter,A,receiver,2,False,True,0.16104003211328433,0.8013405799865723,,15.999701976776123,0.41440001130104065,17.75819158554077,201433088,16.95025873184204,0.03934764862060547,0.0129241943359375,0.006948947906494141,0.24524259567260742,0.30446338653564453,0.0016319999704137444,1.0314879417419434,1.033120036125183
B-A,1,both,priority,jitter,A,receiver,3,False,True,4.256082060613433,4.773728370666504,,11.870118618011475,0.6614720225334167,18.014777183532715,201433088,17.007718563079834,0.050065040588378906,0.014113903045654297,0.01708221435546875,0.5509638786315918,0.6322250366210938,0.0017600000137463212,5.407839775085449,5.409599781036377
B-A,1,both,priority,jitter,A,receiver,4,False,True,6.756202335421224,7.265336990356445,,9.809494972229004,0.6113920211791992,17.91275691986084,201433088,16.9659161567688,0.05215311050415039,0.016753196716308594,0.017197608947753906,0.05708742141723633,0.14319133758544922,0.0017920000245794654,7.408512115478516,7.410304069519043
B-A,1,both,priority,jitter,A,receiver,5,False,True,0.31577177618797414,0.8100323677062988,,16.13332176208496,0.49296000599861145,17.600994110107422,201433088,16.819660186767578,0.04158830642700195,0.012866497039794922,0.007056236267089844,0.041570186614990234,0.10308122634887695,0.0015999999595806003,0.9088640213012695,0.9104639887809753
B-A,1,both,priority,jitter,A,receiver,6,False,True,4.680254973703843,5.2284159660339355,,11.898464679718018,0.6820480227470398,18.041388988494873,201433088,16.925129890441895,0.05809497833251953,0.018544673919677734,0.017156124114990234,0.0531916618347168,0.1469874382019043,0.0017920000245794654,5.378848075866699,5.380640029907227
B-A,1,both,priority,jitter,A,receiver,7,False,True,5.276110542596347,5.834306240081787,,10.553406238555908,0.707423985004425,17.756377696990967,201433088,16.789599418640137,0.06245279312133789,0.0189208984375,0.017722129821777344,0.47443103790283203,0.5735268592834473,0.0017920000245794654,6.412288188934326,6.4140801429748535
B-A,1,both,priority,jitter,A,receiver,8,False,True,7.852819842625249,8.397186756134033,,8.595059871673584,0.6826879978179932,18.264895915985107,201433088,17.16452646255493,0.05892181396484375,0.018741130828857422,0.017045974731445312,0.4052309989929199,0.4999399185180664,0.0017600000137463212,8.90220832824707,8.90396785736084
B-A,1,both,priority,jitter,A,receiver,9,False,True,6.0328818692572135,6.5930280685424805,,9.917914867401123,0.4367679953575134,17.505493640899658,201433088,16.84025764465332,0.03937816619873047,0.012900352478027344,0.006634235382080078,0.43825721740722656,0.49716997146606445,0.001728000002913177,7.0867838859558105,7.088511943817139
B-A,1,both,priority,jitter,A,receiver,10,False,True,0.4074498120840877,0.9575300216674805,,15.437695026397705,0.4224959909915924,17.487345218658447,201433088,16.838820457458496,0.039046287536621094,0.012639045715332031,0.007003307342529297,0.5519075393676758,0.6105961799621582,0.0016639999812468886,1.565951943397522,1.5676159858703613
B-A,128,none,bulk,zero,B,sender,1,False,True,0,0.14566683769226074,2.1133062839508057,0.00022220611572265625,0.46406400203704834,2.7569990158081055,0,0,0.03609299659729004,0.011483192443847656,0.007458925247192383,0.012859821319580078,0.06789493560791016,0.028416000306606293,0.18294399976730347,0.21135999262332916
B-A,128,none,bulk,zero,B,sender,2,False,True,0,0.13828086853027344,2.1136062145233154,0.00019478797912597656,0.4493120014667511,2.7312331199645996,0,0,0.03626823425292969,0.011138916015625,0.0065958499908447266,0.013837099075317383,0.0678400993347168,0.02831999957561493,0.17478400468826294,0.20310400426387787
B-A,128,none,bulk,zero,B,sender,3,False,True,0,0.14617204666137695,2.045750141143799,0.00015306472778320312,0.4465920031070709,2.6554501056671143,0,0,0.034760236740112305,0.011057853698730469,0.006206035614013672,0.014581918716430664,0.06660604476928711,0.02860799990594387,0.1809920072555542,0.20960000157356262
B-A,128,none,bulk,zero,B,sender,4,False,True,0,0.10768413543701172,2.0252890586853027,0.00012087821960449219,0.43136000633239746,2.5820658206939697,0,0,0.017063140869140625,0.008968830108642578,0.005636930465698242,0.014838218688964844,0.04650712013244629,0.026016000658273697,0.12531200051307678,0.15132799744606018
B-A,128,none,bulk,zero,B,sender,5,False,True,0,0.0996091365814209,2.0200929641723633,0.00013899803161621094,0.43113601207733154,2.566272258758545,0,0,0.016904830932617188,0.006696939468383789,0.006032228469848633,0.01491689682006836,0.04455089569091797,0.024159999564290047,0.11715199798345566,0.14131200313568115
B-A,128,none,bulk,zero,B,sender,6,False,True,0,0.10067319869995117,2.01631498336792,0.00010991096496582031,0.42816001176834106,2.560920000076294,0,0,0.016429901123046875,0.006590127944946289,0.006569862365722656,0.014374971389770508,0.04396486282348633,0.024159999564290047,0.11750400066375732,0.14166399836540222
B-A,128,none,bulk,zero,B,sender,7,False,True,0,0.10495996475219727,2.014604091644287,0.00011992454528808594,0.42899200320243835,2.563060998916626,0,0,0.015930891036987305,0.0063059329986572266,0.0056819915771484375,0.015521049499511719,0.04343986511230469,0.02412799932062626,0.12124799937009811,0.14537599682807922
B-A,128,none,bulk,zero,B,sender,8,False,True,0,0.10022497177124023,2.098181962966919,0.00011491775512695312,0.4285759925842285,2.6409947872161865,0,0,0.015318155288696289,0.006132841110229492,0.0053980350494384766,0.01576089859008789,0.04260993003845215,0.023840000852942467,0.11475200206041336,0.13859200477600098
B-A,128,none,bulk,zero,B,sender,9,False,True,0,0.13282990455627441,2.065742015838623,0.00013208389282226562,0.4423680007457733,2.658665895462036,0,0,0.0171811580657959,0.0068476200103759766,0.005800008773803711,0.01518106460571289,0.04500985145568848,0.0244159996509552,0.1504639983177185,0.1748799979686737
B-A,128,none,bulk,zero,B,sender,10,False,True,0,0.12641596794128418,2.0790770053863525,0.0001537799835205078,0.5378239750862122,2.760215997695923,0,0,0.01994800567626953,0.010308265686035156,0.006865024566650391,0.01390385627746582,0.0510251522064209,0.027615999802947044,0.14688000082969666,0.17449599504470825
B-A,128,none,bulk,zero,A,receiver,1,False,True,0,2.0337886810302734,,0.00014638900756835938,0.5625280141830444,2.6928768157958984,0,0,0.021914005279541016,0.007508754730224609,0.007480621337890625,0.03595161437988281,0.07285499572753906,0.04758400097489357,2.0569920539855957,2.1045761108398438
B-A,128,none,bulk,zero,A,receiver,2,False,True,0,2.026871681213379,,0.0001621246337890625,0.4434239864349365,2.5625977516174316,0,0,0.019327640533447266,0.0074920654296875,0.00611114501953125,0.03703880310058594,0.06996965408325195,0.04575999826192856,2.048448085784912,2.094208002090454
B-A,128,none,bulk,zero,A,receiver,3,False,True,0,2.0289902687072754,,0.00012683868408203125,0.43935999274253845,2.559831142425537,0,0,0.01881551742553711,0.006800174713134766,0.006378173828125,0.03703498840332031,0.06902885437011719,0.04588799923658371,2.04966402053833,2.0955519676208496
B-A,128,none,bulk,zero,A,receiver,4,False,True,0,1.9491019248962402,,0.00014448165893554688,0.43964800238609314,2.4831957817077637,0,0,0.020445823669433594,0.007163524627685547,0.006293773651123047,0.037116050720214844,0.07101917266845703,0.0459199994802475,1.9719040393829346,2.0178239345550537
B-A,128,none,bulk,zero,A,receiver,5,False,True,0,1.9452528953552246,,0.00015687942504882812,0.43615999817848206,2.471160888671875,0,0,0.018540382385253906,0.006511688232421875,0.006194114685058594,0.03722095489501953,0.0684671401977539,0.04553600028157234,1.9658559560775757,2.011392116546631
B-A,128,none,bulk,zero,A,receiver,6,False,True,0,1.9438714981079102,,0.00014829635620117188,0.4349440038204193,2.4681625366210938,0,0,0.018391132354736328,0.006417751312255859,0.005673408508300781,0.03774070739746094,0.0682229995727539,0.04540799930691719,1.9641599655151367,2.009567975997925
B-A,128,none,bulk,zero,A,receiver,7,False,True,0,1.9405498504638672,,0.0001277923583984375,0.44044798612594604,2.473565101623535,0,0,0.020702838897705078,0.006465911865234375,0.005895137786865234,0.0375819206237793,0.07064580917358398,0.04646399989724159,1.962399959564209,2.008863925933838
B-A,128,none,bulk,zero,A,receiver,8,False,True,0,1.945693016052246,,0.0003509521484375,0.6881920099258423,2.8209261894226074,0,0,0.06649589538574219,0.01868724822998047,0.017539024353027344,0.024136066436767578,0.12685823440551758,0.05663999915122986,2.013439893722534,2.070080041885376
B-A,128,none,bulk,zero,A,receiver,9,False,True,0,1.9543075561523438,,0.0003457069396972656,0.6576640009880066,2.763711452484131,0,0,0.04394674301147461,0.013484477996826172,0.01670360565185547,0.02644491195678711,0.10057973861694336,0.05244800075888634,2.0006721019744873,2.0531198978424072
B-A,128,none,bulk,zero,A,receiver,10,False,True,0,1.9676003456115723,,0.00033092498779296875,0.6380159854888916,2.756925582885742,0,0,0.044615745544433594,0.013267040252685547,0.01639842987060547,0.026550769805908203,0.10083198547363281,0.05212799832224846,2.0143680572509766,2.066495895385742
B-A,128,sender,bulk,zero,B,sender,1,False,True,0,0.709075927734375,2.474863052368164,5.457726955413818,0.5033280253410339,9.179128170013428,201433088,8.446118116378784,0.03739023208618164,0.011972665786743164,0.006770133972167969,0.028842926025390625,0.0849759578704834,0.03200000151991844,0.7568960189819336,0.7888960242271423
B-A,128,sender,bulk,zero,B,sender,2,False,True,0,0.6755650043487549,2.476609230041504,5.496760129928589,0.48956799507141113,9.172482252120972,201433088,8.44572925567627,0.03672504425048828,0.011754035949707031,0.006446123123168945,0.029281139373779297,0.08420634269714355,0.03203200176358223,0.722815990447998,0.7548480033874512
B-A,128,sender,bulk,zero,B,sender,3,False,True,0,0.6836087703704834,2.4555392265319824,5.4893152713775635,0.777567982673645,9.447795867919922,201433088,8.469067096710205,0.03658485412597656,0.011794090270996094,0.006450176239013672,0.028860807418823242,0.08368992805480957,0.03167999908328056,0.730783998966217,0.7624639868736267
B-A,128,sender,bulk,zero,B,sender,4,False,True,0,0.707766056060791,2.4638938903808594,5.4748640060424805,0.5261440277099609,9.206240177154541,201433088,8.447257995605469,0.03690695762634277,0.011788129806518555,0.0067577362060546875,0.029595136642456055,0.08504796028137207,0.03283200040459633,0.7548480033874512,0.7876799702644348
B-A,128,sender,bulk,zero,B,sender,5,False,True,0,0.7624919414520264,2.4881770610809326,5.407366991043091,0.4942399859428406,9.186229705810547,201433088,8.456071853637695,0.037291765213012695,0.011866092681884766,0.006796836853027344,0.02906322479248047,0.08501791954040527,0.0318400003015995,0.8107200264930725,0.8425599932670593
B-A,128,sender,bulk,zero,B,sender,6,False,True,0,0.672562837600708,2.492478132247925,5.511329889297485,0.4986560046672821,9.208953857421875,201433088,8.46930980682373,0.036910057067871094,0.01175689697265625,0.006732940673828125,0.029088973999023438,0.0844888687133789,0.032255999743938446,0.719648003578186,0.7519040107727051
B-A,128,sender,bulk,zero,B,sender,7,False,True,0,0.7102541923522949,2.479421854019165,5.479295969009399,0.49744001030921936,9.200571060180664,201433088,8.47189712524414,0.03680992126464844,0.01182699203491211,0.006463050842285156,0.0287320613861084,0.0838320255279541,0.031488001346588135,0.7576959729194641,0.7891839742660522
B-A,128,sender,bulk,zero,B,sender,8,False,True,0,0.7254621982574463,2.45607590675354,5.497316122055054,0.49686399102211,9.209420204162598,201433088,8.47028112411499,0.0369870662689209,0.011854887008666992,0.006531238555908203,0.02968883514404297,0.08506202697753906,0.032575998455286026,0.7731840014457703,0.8057600259780884
B-A,128,sender,bulk,zero,B,sender,9,False,True,0,0.7577300071716309,2.4933760166168213,5.404493093490601,0.4954560101032257,9.185390949249268,201433088,8.447821855545044,0.03708481788635254,0.011794090270996094,0.006618022918701172,0.029020071029663086,0.08451700210571289,0.03174399957060814,0.8053439855575562,0.8370879888534546
B-A,128,sender,bulk,zero,B,sender,10,False,True,0,0.7071549892425537,2.469475030899048,5.420275926589966,0.7767360210418701,9.409507989883423,201433088,8.450084924697876,0.056405067443847656,0.017316818237304688,0.017217159271240234,0.017887115478515625,0.1088261604309082,0.03747199848294258,0.7730240225791931,0.8104959726333618
B-A,128,sender,bulk,zero,A,receiver,1,False,True,0,2.2459588050842285,,0.0008893013000488281,1.2238399982452393,3.9077467918395996,0,0,0.19633913040161133,0.05901193618774414,0.032805442810058594,0.010493755340576172,0.29865026473999023,0.09379199892282486,2.4502720832824707,2.5440640449523926
B-A,128,sender,bulk,zero,A,receiver,2,False,True,0,2.2361044883728027,,0.0007681846618652344,1.1988799571990967,3.8866324424743652,0,0,0.18675994873046875,0.0676417350769043,0.03564262390136719,0.010587215423583984,0.3006315231323242,0.10159999877214432,2.430720090866089,2.532320022583008
B-A,128,sender,bulk,zero,A,receiver,3,False,True,0,2.2416772842407227,,0.000743865966796875,1.189247965812683,3.86617374420166,0,0,0.1926288604736328,0.05911827087402344,0.03313159942626953,0.01074981689453125,0.29562854766845703,0.09372799843549728,2.443039894104004,2.5367679595947266
B-A,128,sender,bulk,zero,A,receiver,4,False,True,0,2.2447900772094727,,0.0007662773132324219,1.190943956375122,3.8652586936950684,0,0,0.18970108032226562,0.05879640579223633,0.03243446350097656,0.010454177856445312,0.29138612747192383,0.09337600320577621,2.4422719478607178,2.5356481075286865
B-A,128,sender,bulk,zero,A,receiver,5,False,True,0,2.2459259033203125,,0.0007576942443847656,1.1912959814071655,3.884552001953125,0,0,0.20334243774414062,0.059337615966796875,0.03324460983276367,0.01088571548461914,0.3068103790283203,0.09331200271844864,2.4573121070861816,2.550623893737793
B-A,128,sender,bulk,zero,A,receiver,6,False,True,0,2.2505974769592285,,0.0006628036499023438,1.2756160497665405,3.968043327331543,0,0,0.18090486526489258,0.06200599670410156,0.04075002670288086,0.010969161987304688,0.2946300506591797,0.09683199971914291,2.4393599033355713,2.536191940307617
B-A,128,sender,bulk,zero,A,receiver,7,False,True,0,2.2418718338012695,,0.0008029937744140625,1.188223958015442,3.877917766571045,0,0,0.18210315704345703,0.05948829650878906,0.033687591552734375,0.011212348937988281,0.28649139404296875,0.09427200257778168,2.431135892868042,2.5254080295562744
B-A,128,sender,bulk,zero,A,receiver,8,False,True,0,2.234057903289795,,0.000659942626953125,1.192255973815918,3.858315944671631,0,0,0.1821131706237793,0.06604528427124023,0.0338592529296875,0.010790348052978516,0.29280805587768555,0.10096000134944916,2.4311039447784424,2.5320639610290527
B-A,128,sender,bulk,zero,A,receiver,9,False,True,0,2.235225200653076,,0.0006189346313476562,1.2080960273742676,3.896963596343994,0,0,0.19760894775390625,0.06440973281860352,0.0335693359375,0.018321990966796875,0.31391000747680664,0.0992640033364296,2.4403839111328125,2.5396480560302734
B-A,128,sender,bulk,zero,A,receiver,10,False,True,0,2.2809157371520996,,0.0008020401000976562,1.2900480031967163,3.9988226890563965,0,0,0.18720245361328125,0.06101274490356445,0.03249502182006836,0.010851860046386719,0.2915620803833008,0.09567999839782715,2.476576089859009,2.572256088256836
B-A,128,sender,bulk,delay2,B,sender,1,False,True,2,2.731613874435425,2.464601993560791,3.4706408977508545,0.49833598732948303,9.199113130569458,201433088,8.460421085357666,0.037744998931884766,0.011665821075439453,0.007222175598144531,0.028326988220214844,0.0849599838256836,0.03171199932694435,2.7795519828796387,2.8112640380859375
B-A,128,sender,bulk,delay2,B,sender,2,False,True,2,2.769780158996582,2.5133988857269287,3.389582872390747,0.48585599660873413,9.193783044815063,201433088,8.46901822090149,0.03923201560974121,0.012044906616210938,0.007117033004760742,0.02811288833618164,0.08650684356689453,0.03187200054526329,2.819551944732666,2.851423978805542
B-A,128,sender,bulk,delay2,B,sender,3,False,True,2,2.835313081741333,2.5151469707489014,3.2880172729492188,0.4848319888114929,9.157564878463745,201433088,8.449702024459839,0.03973531723022461,0.011724710464477539,0.007055044174194336,0.029201269149780273,0.08771634101867676,0.03244800120592117,2.8854079246520996,2.917855978012085
B-A,128,sender,bulk,delay2,B,sender,4,False,True,2,2.798978090286255,2.452800989151001,3.397552967071533,0.48281601071357727,9.166006803512573,201433088,8.447375059127808,0.0395660400390625,0.011924982070922852,0.0072100162506103516,0.02796483039855957,0.08666586875915527,0.03152000159025192,2.8489279747009277,2.88044810295105
B-A,128,sender,bulk,delay2,B,sender,5,False,True,2,2.7293899059295654,2.4785420894622803,3.4523820877075195,0.48022401332855225,9.177656173706055,201433088,8.447490930557251,0.03763270378112793,0.011506080627441406,0.007224082946777344,0.02895498275756836,0.08531785011291504,0.03254399821162224,2.777184009552002,2.809727907180786
B-A,128,sender,bulk,delay2,B,sender,6,False,True,2,2.7704110145568848,2.4693241119384766,3.4453232288360596,0.488319993019104,9.207860231399536,201433088,8.493969917297363,0.040136098861694336,0.012099981307983398,0.007361173629760742,0.028291940689086914,0.08788919448852539,0.032287999987602234,2.8209280967712402,2.8532159328460693
B-A,128,sender,bulk,delay2,B,sender,7,False,True,2,2.8306338787078857,2.465963125228882,3.3710439205169678,0.48240000009536743,9.18372893333435,201433088,8.45871615409851,0.03760385513305664,0.011606931686401367,0.0074732303619384766,0.02695775032043457,0.08364176750183105,0.03049599938094616,2.878848075866699,2.909343957901001
B-A,128,sender,bulk,delay2,B,sender,8,False,True,2,2.762974977493286,2.470690965652466,3.4210798740386963,0.4862079918384552,9.175311088562012,201433088,8.462027788162231,0.04013514518737793,0.011885881423950195,0.007021903991699219,0.02826714515686035,0.0873100757598877,0.03190400078892708,2.8132801055908203,2.845184087753296
B-A,128,sender,bulk,delay2,B,sender,9,False,True,2,2.794203996658325,2.482854127883911,3.3655242919921875,0.48870399594306946,9.165755987167358,201433088,8.451905250549316,0.040109872817993164,0.01204991340637207,0.007356166839599609,0.028017044067382812,0.08753299713134766,0.03222399950027466,2.8446080684661865,2.8768320083618164
B-A,128,sender,bulk,delay2,B,sender,10,False,True,2,2.847399950027466,2.4720070362091064,3.332987070083618,0.4849280118942261,9.171767711639404,201433088,8.447050094604492,0.040250301361083984,0.011699914932250977,0.006908893585205078,0.02878713607788086,0.0876462459564209,0.031968001276254654,2.8978559970855713,2.929824113845825
B-A,128,sender,bulk,delay2,A,receiver,1,False,True,2,4.322178363800049,,0.0008816719055175781,1.3186240196228027,6.061477184295654,0,0,0.18059062957763672,0.06365728378295898,0.030889034271240234,0.01080942153930664,0.2859463691711426,0.09715200215578079,4.5095038414001465,4.606656074523926
B-A,128,sender,bulk,delay2,A,receiver,2,False,True,2,4.317111492156982,,0.0009436607360839844,1.3962880373001099,6.187345027923584,0,0,0.22031068801879883,0.06411933898925781,0.033548831939697266,0.012618064880371094,0.330596923828125,0.09747199714183807,4.54636812210083,4.6438398361206055
B-A,128,sender,bulk,delay2,A,receiver,3,False,True,2,4.347062110900879,,0.0008139610290527344,1.2121599912643433,6.034955978393555,0,0,0.21620893478393555,0.06201887130737305,0.034207820892333984,0.012054443359375,0.3244900703430176,0.09654399752616882,4.571968078613281,4.668511867523193
B-A,128,sender,bulk,delay2,A,receiver,4,False,True,2,4.328813076019287,,0.0007939338684082031,1.1939200162887573,5.946784973144531,0,0,0.1816730499267578,0.059671878814697266,0.03272867202758789,0.010714054107666016,0.284787654876709,0.09363199770450592,4.5167999267578125,4.610432147979736
B-A,128,sender,bulk,delay2,A,receiver,5,False,True,2,4.411448955535889,,0.000766754150390625,1.2129919528961182,6.064133167266846,0,0,0.18580913543701172,0.0605316162109375,0.032244205474853516,0.011991024017333984,0.2905759811401367,0.09491200000047684,4.603871822357178,4.698783874511719
B-A,128,sender,bulk,delay2,A,receiver,6,False,True,2,4.3729376792907715,,0.0008573532104492188,1.2966079711914062,6.10340690612793,0,0,0.1874842643737793,0.0620732307434082,0.032868385314941406,0.01137542724609375,0.29380130767822266,0.09571199864149094,4.567647933959961,4.663360118865967
B-A,128,sender,bulk,delay2,A,receiver,7,False,True,2,4.3383097648620605,,0.0007452964782714844,1.3552320003509521,6.128325939178467,0,0,0.18174457550048828,0.06151723861694336,0.034123897552490234,0.012300968170166016,0.2896866798400879,0.09651199728250504,4.528384208679199,4.624896049499512
B-A,128,sender,bulk,delay2,A,receiver,8,False,True,2,4.365726470947266,,0.0008411407470703125,1.24508798122406,6.048445701599121,0,0,0.19371414184570312,0.0614013671875,0.031826019287109375,0.011303901672363281,0.2982454299926758,0.0944959968328476,4.566271781921387,4.660768032073975
B-A,128,sender,bulk,delay2,A,receiver,9,False,True,2,4.312483787536621,,0.0009150505065917969,1.2689599990844727,6.033275604248047,0,0,0.18312597274780273,0.06735897064208984,0.04967832565307617,0.011424064636230469,0.3115873336791992,0.10156799852848053,4.502816200256348,4.604383945465088
B-A,128,sender,bulk,delay2,A,receiver,10,False,True,2,4.348352909088135,,0.000827789306640625,1.3229440450668335,6.101371765136719,0,0,0.18348407745361328,0.06436300277709961,0.03318595886230469,0.011843204498291016,0.2928762435913086,0.09865599870681763,4.540031909942627,4.638688087463379
B-A,128,sender,bulk,jitter,B,sender,1,False,True,6.203506848350279,7.0625319480896,2.523437976837158,0.0022499561309814453,0.49644801020622253,10.11500597000122,201433088,8.456701040267944,0.0399777889251709,0.011787176132202148,0.007091999053955078,0.028776884078979492,0.08763384819030762,0.031968001276254654,7.113088130950928,7.145055770874023
B-A,128,sender,bulk,jitter,B,sender,2,False,True,2.9251232845707564,3.7321979999542236,2.458645820617676,2.4206080436706543,0.4902400076389313,9.118499994277954,201433088,8.445888042449951,0.035325050354003906,0.011507987976074219,0.006442070007324219,0.029954910278320312,0.08323001861572266,0.0323840007185936,3.7780160903930664,3.8104000091552734
B-A,128,sender,bulk,jitter,B,sender,3,False,True,1.174070877535808,1.922325849533081,2.482875108718872,4.275707006454468,0.4902079999446869,9.20499300956726,201433088,8.480584144592285,0.03963804244995117,0.011779069900512695,0.00732111930847168,0.028236865997314453,0.08697509765625,0.03200000151991844,1.9724160432815552,2.004415988922119
B-A,128,sender,bulk,jitter,B,sender,4,False,True,0.1437955035790388,0.9791169166564941,2.4615819454193115,5.232318162918091,0.4886080026626587,9.195641994476318,201433088,8.46960735321045,0.03615117073059082,0.011518716812133789,0.006818294525146484,0.029476642608642578,0.08396482467651367,0.03203200176358223,1.0257279872894287,1.0577600002288818
B-A,128,sender,bulk,jitter,B,sender,5,False,True,0.6676305193654706,1.5123488903045654,2.616948127746582,4.531064033508301,0.4883840084075928,9.182749032974243,201433088,8.446774005889893,0.03989386558532715,0.011761188507080078,0.007460832595825195,0.02840113639831543,0.08751702308654785,0.03200000151991844,1.5627199411392212,1.5947200059890747
B-A,128,sender,bulk,jitter,B,sender,6,False,True,0.99269036895266,1.7336030006408691,2.4185659885406494,4.458735942840576,0.7745280265808105,9.426581144332886,201433088,8.450476169586182,0.03616595268249512,0.011533975601196289,0.0065460205078125,0.029062747955322266,0.08330869674682617,0.03167999908328056,1.7804479598999023,1.812127947807312
B-A,128,sender,bulk,jitter,B,sender,7,False,True,4.263186263736543,5.210342884063721,3.0344481468200684,0.4356391429901123,0.543936014175415,9.259923934936523,201433088,8.45563793182373,0.042433977127075195,0.01322793960571289,0.007407188415527344,0.02796792984008789,0.09103703498840332,0.033055998384952545,5.26416015625,5.297215938568115
B-A,128,sender,bulk,jitter,B,sender,8,False,True,2.9108678943670094,3.538461923599243,2.418839931488037,2.6994071006774902,0.5044800043106079,9.195339918136597,201433088,8.458339214324951,0.03969216346740723,0.011986970901489258,0.007360935211181641,0.0281369686126709,0.08717703819274902,0.03232000023126602,3.588223934173584,3.620543956756592
B-A,128,sender,bulk,jitter,B,sender,9,False,True,6.457192678187277,7.0566651821136475,2.377393960952759,0.0034339427947998047,0.7954239845275879,10.268020153045654,201433088,8.452522277832031,0.05864405632019043,0.017554044723510742,0.017356157302856445,0.017541885375976562,0.11109614372253418,0.037151999771595,7.125664234161377,7.162816047668457
B-A,128,sender,bulk,jitter,B,sender,10,False,True,7.555384762607687,8.374553918838501,2.487949848175049,0.002348184585571289,0.5256320238113403,11.420362949371338,201433088,8.467642068862915,0.040641069412231445,0.012414932250976562,0.006935834884643555,0.028982162475585938,0.0889739990234375,0.03292800113558769,8.425984382629395,8.458911895751953
B-A,128,sender,bulk,jitter,A,receiver,1,False,True,6.203506848350279,8.577363967895508,,0.0007529258728027344,1.295680046081543,10.338788032531738,0,0,0.1988811492919922,0.06602191925048828,0.04582405090332031,0.011673927307128906,0.3224010467529297,0.10534399747848511,8.785632133483887,8.890975952148438
B-A,128,sender,bulk,jitter,A,receiver,2,False,True,2.9251232845707564,5.25281286239624,,0.0007109642028808594,1.5058560371398926,7.228977680206299,0,0,0.2140798568725586,0.06725740432739258,0.03411054611206055,0.010986328125,0.3264341354370117,0.09974399954080582,5.476191997528076,5.5759358406066895
B-A,128,sender,bulk,jitter,A,receiver,3,False,True,1.174070877535808,3.518004894256592,,0.0007066726684570312,1.2813760042190552,5.242647171020508,0,0,0.18249893188476562,0.0728921890258789,0.03402853012084961,0.011449337005615234,0.3008689880371094,0.10672000050544739,3.7076480388641357,3.8143680095672607
B-A,128,sender,bulk,jitter,A,receiver,4,False,True,0.1437955035790388,2.460400104522705,,0.0009150505065917969,1.3075200319290161,4.199311256408691,0,0,0.18007802963256836,0.05886077880859375,0.03285932540893555,0.01110696792602539,0.28290510177612305,0.09340800344944,2.648159980773926,2.741568088531494
B-A,128,sender,bulk,jitter,A,receiver,5,False,True,0.6676305193654706,3.178068161010742,,0.0008873939514160156,1.2893439531326294,4.9024553298950195,0,0,0.18825531005859375,0.06455087661743164,0.03317975997924805,0.010940074920654297,0.29692602157592773,0.10028800368309021,3.372767925262451,3.4730560779571533
B-A,128,sender,bulk,jitter,A,receiver,6,False,True,0.99269036895266,3.2942347526550293,,0.0009331703186035156,1.1976319551467896,4.912486553192139,0,0,0.18116092681884766,0.05682659149169922,0.03279256820678711,0.01154184341430664,0.2823219299316406,0.09094399958848953,3.4821760654449463,3.5731201171875
B-A,128,sender,bulk,jitter,A,receiver,7,False,True,4.263186263736543,6.882576942443848,,0.011426448822021484,1.4466559886932373,9.464043140411377,0,0,0.3511362075805664,0.09366226196289062,0.09042692184448242,0.021126747131347656,0.5563521385192871,0.16995200514793396,7.245279788970947,7.415232181549072
B-A,128,sender,bulk,jitter,A,receiver,8,False,True,2.9108678943670094,5.2455949783325195,,0.0006580352783203125,1.165120005607605,6.7901611328125,0,0,0.16066265106201172,0.04883003234863281,0.02979898452758789,0.010481834411621094,0.24977350234985352,0.08399999886751175,5.410496234893799,5.494495868682861
B-A,128,sender,bulk,jitter,A,receiver,9,False,True,6.457192678187277,8.843805313110352,,0.0007991790771484375,1.5356800556182861,10.707362174987793,0,0,0.11903715133666992,0.042057037353515625,0.029143810272216797,0.017666339874267578,0.20790433883666992,0.08521600067615509,8.96729564666748,9.052512168884277
B-A,128,sender,bulk,jitter,A,receiver,10,False,True,7.555384762607687,9.945961952209473,,0.0008587837219238281,1.2615360021591187,11.651275157928467,0,0,0.19811010360717773,0.058220863342285156,0.03521728515625,0.01110982894897461,0.3026580810546875,0.09190399944782257,10.159903526306152,10.251808166503906
B-A,128,sender,chunk,zero,B,sender,1,False,True,0,0.6538751125335693,2.3846518993377686,6.4783148765563965,0.5024960041046143,10.052004098892212,201433088,9.317202091217041,0.0368809700012207,0.011366844177246094,0.006989955902099609,0.02876424789428711,0.08400201797485352,0.03155200183391571,0.7007039785385132,0.7322559952735901
B-A,128,sender,chunk,zero,B,sender,2,False,True,0,0.8415062427520752,2.5630998611450195,6.116820812225342,0.48841598629951477,10.041398048400879,201433088,9.32075810432434,0.036718130111694336,0.011303901672363281,0.0065460205078125,0.028489112854003906,0.08305716514587402,0.0307839997112751,0.8885120153427124,0.9192960262298584
B-A,128,sender,chunk,zero,B,sender,3,False,True,0,0.6840310096740723,2.4625589847564697,6.382828950881958,0.7592639923095703,10.32644510269165,201433088,9.325931072235107,0.05634617805480957,0.01679205894470215,0.017140865325927734,0.017997026443481445,0.1082761287689209,0.03683200106024742,0.7515519857406616,0.7883840203285217
B-A,128,sender,chunk,zero,B,sender,4,False,True,0,0.5582211017608643,2.338809013366699,6.763179063796997,0.7731840014457703,10.486204147338867,201433088,9.499341011047363,0.038728952407836914,0.01066899299621582,0.006824970245361328,0.015841960906982422,0.07206487655639648,0.029600000008940697,0.5990719795227051,0.6286720037460327
B-A,128,sender,chunk,zero,B,sender,5,False,True,0,0.7426908016204834,2.4580490589141846,6.324455738067627,0.5700160264968872,10.126487016677856,201433088,9.320765972137451,0.036650896072387695,0.011197090148925781,0.0065500736236572266,0.02962779998779297,0.08402585983276367,0.03142400085926056,0.7898240089416504,0.8212479948997498
B-A,128,sender,chunk,zero,B,sender,6,False,True,0,0.34845995903015137,2.162909984588623,7.062975168228149,0.5089600086212158,10.114820957183838,201433088,9.344713926315308,0.020497798919677734,0.005410194396972656,0.006212949752807617,0.03344011306762695,0.06556105613708496,0.029440000653266907,0.37907201051712036,0.4085119962692261
B-A,128,sender,chunk,zero,B,sender,7,False,True,0,0.45843505859375,2.1998720169067383,6.867053031921387,0.5320320129394531,10.089195013046265,201433088,9.318727016448975,0.03656816482543945,0.011182785034179688,0.006693124771118164,0.029204845428466797,0.0836489200592041,0.03235200047492981,0.5045440196990967,0.5368959903717041
B-A,128,sender,chunk,zero,B,sender,8,False,True,0,0.5478639602661133,2.486997127532959,6.751551866531372,0.5043200254440308,10.322289943695068,201433088,9.584262132644653,0.03685712814331055,0.013173818588256836,0.006865978240966797,0.02304816246032715,0.07994508743286133,0.031039999797940254,0.5862399935722351,0.6172800064086914
B-A,128,sender,chunk,zero,B,sender,9,False,True,0,0.4622969627380371,2.312809944152832,6.78745698928833,0.5056959986686707,10.100076913833618,201433088,9.377425909042358,0.03752303123474121,0.011075973510742188,0.006468057632446289,0.021091938018798828,0.07615900039672852,0.02611199952661991,0.5102720260620117,0.5363839864730835
B-A,128,sender,chunk,zero,B,sender,10,False,True,0,0.5449049472808838,2.3478028774261475,6.8134002685546875,0.5013440251350403,10.239060878753662,201433088,9.494472026824951,0.037782907485961914,0.010628938674926758,0.009875059127807617,0.011889934539794922,0.07017683982849121,0.02844800055027008,0.5848960280418396,0.6133440136909485
B-A,128,sender,chunk,zero,A,receiver,1,False,True,0,2.285851001739502,,0.000762939453125,1.285248041152954,3.924920082092285,0,0,0.12493562698364258,0.06463623046875,0.03165102005004883,0.013544559478759766,0.23476743698120117,0.11177600175142288,2.4105279445648193,2.522304058074951
B-A,128,sender,chunk,zero,A,receiver,2,False,True,0,2.242748737335205,,0.0008635520935058594,1.2125120162963867,3.891596794128418,0,0,0.19087505340576172,0.060550689697265625,0.032732486724853516,0.01086568832397461,0.29502391815185547,0.09440000355243683,2.441663980484009,2.5360639095306396
B-A,128,sender,chunk,zero,A,receiver,3,False,True,0,2.2539544105529785,,0.0006513595581054688,1.2534719705581665,3.9326653480529785,0,0,0.18053150177001953,0.058965206146240234,0.032865047454833984,0.011728286743164062,0.2840900421142578,0.09347199648618698,2.441983938217163,2.5354559421539307
B-A,128,sender,chunk,zero,A,receiver,4,False,True,0,2.1978111267089844,,0.0006146430969238281,1.271008014678955,3.8077335357666016,0,0,0.11153554916381836,0.06723403930664062,0.029804706573486328,0.014786720275878906,0.22336101531982422,0.10684800148010254,2.316704034805298,2.4235520362854004
B-A,128,sender,chunk,zero,A,receiver,5,False,True,0,2.257361888885498,,0.0008401870727539062,1.214751958847046,3.8994855880737305,0,0,0.17935609817504883,0.05947542190551758,0.031914710998535156,0.011132240295410156,0.2818784713745117,0.09427200257778168,2.444767951965332,2.5390400886535645
B-A,128,sender,chunk,zero,A,receiver,6,False,True,0,2.077019691467285,,0.00018072128295898438,0.6456000208854675,2.8718886375427246,0,0,0.03893852233886719,0.040463924407958984,0.008077621459960938,0.03055715560913086,0.11803722381591797,0.07411199808120728,2.120896100997925,2.1950080394744873
B-A,128,sender,chunk,zero,A,receiver,7,False,True,0,2.165949821472168,,0.00017452239990234375,0.7140160202980042,3.040679931640625,0,0,0.03775644302368164,0.047417640686035156,0.008519649505615234,0.029386043548583984,0.12307977676391602,0.08006399869918823,2.209183931350708,2.289247989654541
B-A,128,sender,chunk,zero,A,receiver,8,False,True,0,2.359438896179199,,0.0007038116455078125,1.201024055480957,3.8703689575195312,0,0,0.10904693603515625,0.04690980911254883,0.030254840850830078,0.016126632690429688,0.20233821868896484,0.0896959975361824,2.4810879230499268,2.570784091949463
B-A,128,sender,chunk,zero,A,receiver,9,False,True,0,2.1929445266723633,,0.0006957054138183594,1.1113280057907104,3.6052145957946777,0,0,0.10348176956176758,0.045229434967041016,0.036789894104003906,0.011598587036132812,0.1970996856689453,0.08937600255012512,2.3016960620880127,2.3910720348358154
B-A,128,sender,chunk,zero,A,receiver,10,False,True,0,2.204705238342285,,0.0006690025329589844,1.1443840265274048,3.6676583290100098,0,0,0.113800048828125,0.05097484588623047,0.03774118423461914,0.010313034057617188,0.2128291130065918,0.09151999652385712,2.3232319355010986,2.4147520065307617
B-A,128,sender,chunk,delay2,B,sender,1,False,True,2,2.7364399433135986,2.5088019371032715,4.3457348346710205,0.5037440061569214,10.125602006912231,201433088,9.391448020935059,0.03938579559326172,0.01183009147644043,0.007195949554443359,0.028300046920776367,0.08671188354492188,0.031968001276254654,2.7860798835754395,2.8180480003356934
B-A,128,sender,chunk,delay2,B,sender,2,False,True,2,2.848128080368042,2.5439610481262207,4.264729976654053,0.48947200179100037,10.182067155838013,201433088,9.438097953796387,0.039672136306762695,0.013086795806884766,0.007949113845825195,0.09224295616149902,0.15295100212097168,0.026944000273942947,2.892064094543457,2.9190080165863037
B-A,128,sender,chunk,delay2,B,sender,3,False,True,2,2.8414480686187744,2.5326731204986572,4.19037389755249,0.47196799516677856,10.068166017532349,201433088,9.353286981582642,0.03994011878967285,0.011581897735595703,0.006955146789550781,0.029312849044799805,0.08779001235961914,0.03248000144958496,2.891551971435547,2.924031972885132
B-A,128,sender,chunk,delay2,B,sender,4,False,True,2,2.763270139694214,2.565356969833374,4.209317207336426,0.4742400050163269,10.04592514038086,201433088,9.326426029205322,0.03946995735168457,0.011548995971679688,0.006751060485839844,0.02931499481201172,0.08708500862121582,0.03203200176358223,2.8137600421905518,2.845792055130005
B-A,128,sender,chunk,delay2,B,sender,5,False,True,2,2.824550151824951,2.4361157417297363,4.344923973083496,0.7345920205116272,10.383333921432495,201433088,9.430880784988403,0.04023599624633789,0.011870145797729492,0.006912946701049805,0.02890300750732422,0.0879220962524414,0.03232000023126602,2.8751680850982666,2.9074881076812744
B-A,128,sender,chunk,delay2,B,sender,6,False,True,2,3.0283429622650146,2.4963438510894775,4.006113052368164,0.5424000024795532,10.104905843734741,201433088,9.327054977416992,0.0403752326965332,0.011777877807617188,0.007534027099609375,0.02831292152404785,0.08800005912780762,0.032255999743938446,3.079103946685791,3.1113600730895996
B-A,128,sender,chunk,delay2,B,sender,7,False,True,2,2.954385995864868,2.8159778118133545,3.829436779022217,0.4996800124645233,10.131077766418457,201433088,9.390794038772583,0.04015207290649414,0.011631965637207031,0.0068318843841552734,0.0282289981842041,0.08684492111206055,0.031231999397277832,3.005120038986206,3.0363519191741943
B-A,128,sender,chunk,delay2,B,sender,8,False,True,2,3.133068799972534,2.532172203063965,3.919132947921753,0.5006080269813538,10.122783899307251,201433088,9.370577096939087,0.03953909873962402,0.01156306266784668,0.006855010986328125,0.029254913330078125,0.08721208572387695,0.03209599852561951,3.182976007461548,3.2150719165802
B-A,128,sender,chunk,delay2,B,sender,9,False,True,2,2.7782840728759766,2.445068120956421,4.3462889194488525,0.7618560194969177,10.37552523612976,201433088,9.411795139312744,0.04026603698730469,0.01178288459777832,0.006989240646362305,0.02809882164001465,0.08713698387145996,0.031199999153614044,2.829375982284546,2.8605759143829346
B-A,128,sender,chunk,delay2,B,sender,10,False,True,2,3.2101199626922607,3.5650272369384766,2.7711057662963867,0.8252480030059814,10.414751052856445,201433088,9.378100872039795,0.04055619239807129,0.012048959732055664,0.007069826126098633,0.09662103652954102,0.1562960147857666,0.027103999629616737,3.260767936706543,3.287872076034546
B-A,128,sender,chunk,delay2,A,receiver,1,False,True,2,4.360541343688965,,0.0006923675537109375,1.363327980041504,6.186202049255371,0,0,0.20749425888061523,0.06364583969116211,0.03354930877685547,0.012523174285888672,0.3172125816345215,0.09676799923181534,4.5766401290893555,4.673408031463623
B-A,128,sender,chunk,delay2,A,receiver,2,False,True,2,4.4293928146362305,,0.0009942054748535156,1.4178240299224854,6.288843154907227,0,0,0.1849508285522461,0.0688934326171875,0.03587770462036133,0.011970043182373047,0.30169200897216797,0.10307200253009796,4.6244797706604,4.7275519371032715
B-A,128,sender,chunk,delay2,A,receiver,3,False,True,2,4.387871742248535,,0.000965118408203125,1.375648021697998,6.25237512588501,0,0,0.2179245948791504,0.06774044036865234,0.03490257263183594,0.012288570404052734,0.3328561782836914,0.10124800354242325,4.614048004150391,4.715295791625977
B-A,128,sender,chunk,delay2,A,receiver,4,False,True,2,4.342170238494873,,0.0009336471557617188,1.3530880212783813,6.145684242248535,0,0,0.18735599517822266,0.061849117279052734,0.040183067321777344,0.011723995208740234,0.30111217498779297,0.09644799679517746,4.537280082702637,4.63372802734375
B-A,128,sender,chunk,delay2,A,receiver,5,False,True,2,4.446567058563232,,0.0008568763732910156,1.342560052871704,6.219571113586426,0,0,0.18375730514526367,0.06392860412597656,0.03272438049316406,0.012022018432617188,0.2924323081970215,0.09702400118112564,4.63804817199707,4.735072135925293
B-A,128,sender,chunk,delay2,A,receiver,6,False,True,2,4.3800740242004395,,0.0006780624389648438,1.3843519687652588,6.213247776031494,0,0,0.19348621368408203,0.07159185409545898,0.0327000617980957,0.013219833374023438,0.31099796295166016,0.10527999699115753,4.717343807220459,4.822624206542969
B-A,128,sender,chunk,delay2,A,receiver,7,False,True,2,4.390941143035889,,0.0018281936645507812,2.851072072982788,8.083301067352295,0,0,0.34622859954833984,0.0957632064819336,0.09168720245361328,0.020547866821289062,0.5542268753051758,0.17139199376106262,4.742208003997803,4.913599967956543
B-A,128,sender,chunk,delay2,A,receiver,8,False,True,2,4.374266147613525,,0.0008831024169921875,1.3067200183868408,6.135743141174316,0,0,0.18747186660766602,0.07190799713134766,0.04322052001953125,0.01220560073852539,0.3148059844970703,0.1096000000834465,4.598688125610352,4.708288192749023
B-A,128,sender,chunk,delay2,A,receiver,9,False,True,2,4.349089622497559,,0.0007390975952148438,1.2479039430618286,6.039707183837891,0,0,0.18381261825561523,0.06655120849609375,0.03192615509033203,0.011694908142089844,0.29398488998413086,0.10105600208044052,4.540768146514893,4.641823768615723
B-A,128,sender,chunk,delay2,A,receiver,10,False,True,2,5.108932971954346,,0.0007538795471191406,1.650048017501831,7.723902225494385,0,0,0.49232053756713867,0.1085672378540039,0.07542991638183594,0.02570199966430664,0.7020196914672852,0.17315199971199036,5.6111040115356445,5.7842559814453125
B-A,128,sender,chunk,jitter,B,sender,1,False,True,0.3713982494625201,1.018611192703247,2.289731025695801,6.201775074005127,0.4678080081939697,10.007618188858032,201433088,9.356693267822266,0.03969216346740723,0.012008905410766602,0.007194995880126953,0.02818894386291504,0.08708500862121582,0.03209599852561951,1.0683200359344482,1.1004159450531006
B-A,128,sender,chunk,jitter,B,sender,2,False,True,3.2597728498243894,3.8539698123931885,2.3862831592559814,3.2537639141082764,0.4687039852142334,9.994343996047974,201433088,9.316613912582397,0.0394129753112793,0.011808156967163086,0.0069239139556884766,0.028193950653076172,0.08633899688720703,0.03155200183391571,3.903359889984131,3.9349119663238525
B-A,128,sender,chunk,jitter,B,sender,3,False,True,0.3952717673132069,1.1886942386627197,2.515594005584717,6.041607141494751,0.4926399886608124,10.274533033370972,201433088,9.530094146728516,0.03635883331298828,0.011518239974975586,0.006635904312133789,0.028871774673461914,0.08338475227355957,0.03161599859595299,1.235103964805603,1.2667200565338135
B-A,128,sender,chunk,jitter,B,sender,4,False,True,5.896852771965226,6.7242889404296875,2.4512579441070557,0.4180889129638672,0.47648000717163086,10.101570844650269,201433088,9.392245054244995,0.03967785835266113,0.01182103157043457,0.006836891174316406,0.028326988220214844,0.08666276931762695,0.03177599981427193,6.774208068847656,6.805984020233154
B-A,128,sender,chunk,jitter,B,sender,5,False,True,7.0863562187107085,7.7551820278167725,2.5490620136260986,0.0022928714752197266,0.5706239938735962,10.907235145568848,201433088,9.443171977996826,0.04268908500671387,0.011627197265625,0.006948709487915039,0.028721094131469727,0.08998608589172363,0.031936001032590866,7.808063983917236,7.840000152587891
B-A,128,sender,chunk,jitter,B,sender,6,False,True,6.862872098263819,7.681633949279785,2.491236925125122,0.002343893051147461,0.4758400022983551,10.680353879928589,201433088,9.337120771408081,0.03979969024658203,0.011911153793334961,0.007089853286743164,0.027814149856567383,0.08661484718322754,0.031168000772595406,7.731872081756592,7.763040065765381
B-A,128,sender,chunk,jitter,B,sender,7,False,True,7.62378522106694,8.392828226089478,2.387279748916626,0.002312898635864258,0.4792320132255554,11.29075813293457,201433088,9.315171003341675,0.04018688201904297,0.012120962142944336,0.00700831413269043,0.02892899513244629,0.08824515342712402,0.032575998455286026,8.44320011138916,8.475775718688965
B-A,128,sender,chunk,jitter,B,sender,8,False,True,6.859876245124442,7.4758141040802,2.5923540592193604,0.0023512840270996094,0.485152006149292,10.585045099258423,201433088,9.324119091033936,0.13067388534545898,0.017089128494262695,0.022869110107421875,0.01201486587524414,0.1826469898223877,0.13388800621032715,7.519519805908203,7.653408050537109
B-A,128,sender,chunk,jitter,B,sender,9,False,True,3.8446215630738516,4.4742372035980225,2.5074498653411865,2.5388100147247314,0.48051199316978455,10.03249716758728,201433088,9.331122875213623,0.0403292179107666,0.011977910995483398,0.007291078567504883,0.028515100479125977,0.08811330795288086,0.03244800120592117,4.524735927581787,4.557184219360352
B-A,128,sender,chunk,jitter,B,sender,10,False,True,3.956421859779656,4.7609028816223145,2.573188066482544,2.4249966144561768,0.4838719964027405,10.274401903152466,201433088,9.581101179122925,0.04168510437011719,0.011329889297485352,0.016050100326538086,0.08317184448242188,0.1522369384765625,0.029823999851942062,4.804351806640625,4.834176063537598
B-A,128,sender,chunk,jitter,A,receiver,1,False,True,0.3713982494625201,2.724459648132324,,0.000476837158203125,0.9622079730033875,3.9967355728149414,0,0,0.12890052795410156,0.039340972900390625,0.022745132446289062,0.017149925231933594,0.20813655853271484,0.07529599964618683,2.859391927719116,2.934688091278076
B-A,128,sender,chunk,jitter,A,receiver,2,False,True,3.2597728498243894,5.597015380859375,,0.00066375732421875,1.0277119874954224,6.975717544555664,0,0,0.14072179794311523,0.04646492004394531,0.024987220764160156,0.014324188232421875,0.22649812698364258,0.08188799768686295,5.741888046264648,5.823775768280029
B-A,128,sender,chunk,jitter,A,receiver,3,False,True,0.3952717673132069,2.714517593383789,,0.0008068084716796875,1.2660160064697266,4.4695258140563965,0,0,0.21026372909545898,0.07074403762817383,0.03957176208496094,0.02224445343017578,0.34282398223876953,0.10527999699115753,2.9324159622192383,3.03769588470459
B-A,128,sender,chunk,jitter,A,receiver,4,False,True,5.896852771965226,8.255998134613037,,0.0007691383361816406,1.2032320499420166,9.89262866973877,0,0,0.18326950073242188,0.05925703048706055,0.03984689712524414,0.010493278503417969,0.29286670684814453,0.09344000369310379,8.44758415222168,8.541024208068848
B-A,128,sender,chunk,jitter,A,receiver,5,False,True,7.0863562187107085,9.468337059020996,,0.000759124755859375,1.2097599506378174,11.153082847595215,0,0,0.20041322708129883,0.062175750732421875,0.033661842346191406,0.011699199676513672,0.3079500198364258,0.09641599655151367,9.674880027770996,9.771295547485352
B-A,128,sender,chunk,jitter,A,receiver,6,False,True,6.862872098263819,9.22046184539795,,0.0007061958312988281,1.3163520097732544,10.987273693084717,0,0,0.18172216415405273,0.08385467529296875,0.03310728073120117,0.011910438537597656,0.3105945587158203,0.1151999980211258,9.408576011657715,9.523776054382324
B-A,128,sender,chunk,jitter,A,receiver,7,False,True,7.62378522106694,9.968708992004395,,0.0007238388061523438,1.133504033088684,11.4531569480896,0,0,0.1423964500427246,0.0520625114440918,0.024067401885986328,0.014362812042236328,0.23288917541503906,0.08675199747085571,10.11945629119873,10.206208229064941
B-A,128,sender,chunk,jitter,A,receiver,8,False,True,6.859876245124442,9.321680545806885,,0.0007662773132324219,1.2478400468826294,11.023608207702637,0,0,0.18712902069091797,0.06470060348510742,0.04869699478149414,0.013080596923828125,0.31360721588134766,0.10764800012111664,9.52233600616455,9.629983901977539
B-A,128,sender,chunk,jitter,A,receiver,9,False,True,3.8446215630738516,6.179980754852295,,0.0007901191711425781,1.3355200290679932,7.984531879425049,0,0,0.20515823364257812,0.06595373153686523,0.04017496109008789,0.013112068176269531,0.3243989944458008,0.10047999769449234,6.390111923217773,6.490592002868652
B-A,128,sender,chunk,jitter,A,receiver,10,False,True,3.956421859779656,6.490208625793457,,0.0007410049438476562,1.3572800159454346,8.295732498168945,0,0,0.19481277465820312,0.07126379013061523,0.033007144927978516,0.011428356170654297,0.31051206588745117,0.10566399991512299,6.693151950836182,6.798816204071045
B-A,128,sender,window2,zero,B,sender,1,False,True,0,0.6471679210662842,2.460522174835205,5.982141971588135,0.5015360116958618,9.623253107070923,201433088,8.876801013946533,0.036820173263549805,0.011412858963012695,0.007174968719482422,0.028234004974365234,0.08364200592041016,0.03126399964094162,0.6942399740219116,0.7255039811134338
B-A,128,sender,window2,zero,B,sender,2,False,True,0,0.6955828666687012,2.572561264038086,5.771234035491943,0.4882560074329376,9.559621095657349,201433088,8.840233087539673,0.03643989562988281,0.011285066604614258,0.006758928298950195,0.028872013092041016,0.08335590362548828,0.03145600110292435,0.7422720193862915,0.7737280130386353
B-A,128,sender,window2,zero,B,sender,3,False,True,0,0.6439099311828613,2.4788622856140137,5.864706993103027,0.7695040106773376,9.795325994491577,201433088,8.855113983154297,0.05601191520690918,0.016859054565429688,0.017038822174072266,0.018207073211669922,0.10811686515808105,0.03683200106024742,0.7097920179367065,0.7466239929199219
B-A,128,sender,window2,zero,B,sender,4,False,True,0,0.6910481452941895,2.456753969192505,6.069604158401489,0.517087996006012,9.770381927490234,201433088,9.009788990020752,0.03755307197570801,0.01123499870300293,0.0070378780364990234,0.028724193572998047,0.08455014228820801,0.031231999397277832,0.7392640113830566,0.7704960107803345
B-A,128,sender,window2,zero,B,sender,5,False,True,0,0.647669792175293,2.487666130065918,6.013426065444946,0.4818879961967468,9.66338586807251,201433088,8.939532995223999,0.03663992881774902,0.01096200942993164,0.00654292106628418,0.029343843460083008,0.08348870277404785,0.031168000772595406,0.694815993309021,0.7259839773178101
B-A,128,sender,window2,zero,B,sender,6,False,True,0,0.7375080585479736,2.426558017730713,5.88726806640625,0.6356800198554993,9.730700254440308,201433088,8.882347106933594,0.03637290000915527,0.011116981506347656,0.006608009338378906,0.02894115447998047,0.0830390453338623,0.03161599859595299,0.7839360237121582,0.8155519962310791
B-A,128,sender,window2,zero,B,sender,7,False,True,0,0.7555019855499268,2.4665870666503906,5.7965099811553955,0.4803839921951294,9.530961036682129,201433088,8.817669868469238,0.03693103790283203,0.011197805404663086,0.007166147232055664,0.028337955474853516,0.0836329460144043,0.03110400028526783,0.8030400276184082,0.8341439962387085
B-A,128,sender,window2,zero,B,sender,8,False,True,0,0.6675679683685303,2.5663089752197266,5.795088291168213,0.47891199588775635,9.539441108703613,201433088,8.823101997375488,0.03662514686584473,0.011300802230834961,0.006761074066162109,0.02930307388305664,0.08399009704589844,0.03187200054526329,0.7146559953689575,0.7465280294418335
B-A,128,sender,window2,zero,B,sender,9,False,True,0,0.6913840770721436,2.515289068222046,5.795480966567993,0.7678719758987427,9.814435005187988,201433088,8.834902048110962,0.037508249282836914,0.011264801025390625,0.006927013397216797,0.0288698673248291,0.08456993103027344,0.03139200061559677,0.7394239902496338,0.7708160281181335
B-A,128,sender,window2,zero,B,sender,10,False,True,0,0.7200679779052734,2.4933931827545166,5.832300901412964,0.5189440250396729,9.596657037734985,201433088,8.845721960067749,0.03715991973876953,0.011334896087646484,0.0065610408782958984,0.029699087142944336,0.08475494384765625,0.03171199932694435,0.7679679989814758,0.7996799945831299
B-A,128,sender,window2,zero,A,receiver,1,False,True,0,2.2713708877563477,,0.0007996559143066406,1.239840030670166,3.9392919540405273,0,0,0.18378210067749023,0.06063270568847656,0.03345155715942383,0.012132644653320312,0.28999900817871094,0.0947519987821579,2.4647679328918457,2.5595200061798096
B-A,128,sender,window2,zero,A,receiver,2,False,True,0,2.245232105255127,,0.0007300376892089844,1.36080002784729,4.062432765960693,0,0,0.19994688034057617,0.06415843963623047,0.032831668853759766,0.011627197265625,0.3085641860961914,0.09827200323343277,2.453536033630371,2.5518081188201904
B-A,128,sender,window2,zero,A,receiver,3,False,True,0,2.258139133453369,,0.0007486343383789062,1.2791039943695068,3.9787840843200684,0,0,0.18713855743408203,0.06804704666137695,0.0336461067199707,0.01222991943359375,0.30106163024902344,0.10025600343942642,2.4554240703582764,2.5556800365448
B-A,128,sender,window2,zero,A,receiver,4,False,True,0,2.232327938079834,,0.0008940696716308594,1.331455945968628,4.00525426864624,0,0,0.1865229606628418,0.061360836029052734,0.03229188919067383,0.011439323425292969,0.29161500930786133,0.0963520035147667,2.4265921115875244,2.5229439735412598
B-A,128,sender,window2,zero,A,receiver,5,False,True,0,2.2433180809020996,,0.0007929801940917969,1.2846720218658447,3.9767065048217773,0,0,0.19906902313232422,0.06732845306396484,0.032857418060302734,0.011844158172607422,0.3110990524291992,0.10156799852848053,2.4506239891052246,2.552191972732544
B-A,128,sender,window2,zero,A,receiver,6,False,True,0,2.2668819427490234,,0.0007276535034179688,1.2231999635696411,3.9162797927856445,0,0,0.1869368553161621,0.05889415740966797,0.03168678283691406,0.010755538940429688,0.28827333450317383,0.09958399832248688,2.4554240703582764,2.5550079345703125
B-A,128,sender,window2,zero,A,receiver,7,False,True,0,2.230177402496338,,0.0008869171142578125,1.1950080394744873,3.865126132965088,0,0,0.18376874923706055,0.07264089584350586,0.03288412094116211,0.011101245880126953,0.30039501190185547,0.10681600123643875,2.4216959476470947,2.5285120010375977
B-A,128,sender,window2,zero,A,receiver,8,False,True,0,2.2475767135620117,,0.0008182525634765625,1.289631962776184,3.993973731994629,0,0,0.20157432556152344,0.0627126693725586,0.03190040588378906,0.010969161987304688,0.3071565628051758,0.0966079980134964,2.4576640129089355,2.554271936416626
B-A,128,sender,window2,zero,A,receiver,9,False,True,0,2.24882173538208,,0.0007739067077636719,1.2016960382461548,3.9557409286499023,0,0,0.25337982177734375,0.06009387969970703,0.039649009704589844,0.011581897735595703,0.36470460891723633,0.12160000205039978,2.4849600791931152,2.606559991836548
B-A,128,sender,window2,zero,A,receiver,10,False,True,0,2.248884677886963,,0.000980377197265625,1.2221120595932007,3.9125919342041016,0,0,0.1836538314819336,0.06458234786987305,0.041539669036865234,0.011640071868896484,0.30141592025756836,0.10070399940013885,2.4407999515533447,2.54150390625
B-A,128,sender,window2,delay2,B,sender,1,False,True,2,2.6142210960388184,2.460782051086426,3.938232660293579,0.5086079835891724,9.554675102233887,201433088,8.817524909973145,0.03987884521484375,0.012228250503540039,0.007002115249633789,0.028523683547973633,0.08763289451599121,0.03235200047492981,2.6642239093780518,2.6965761184692383
B-A,128,sender,window2,delay2,B,sender,2,False,True,2,2.739000082015991,2.449054002761841,3.8311848640441895,0.4992640018463135,9.549901008605957,201433088,8.817399740219116,0.039121150970458984,0.08644795417785645,0.027113914489746094,0.01118016242980957,0.1638631820678711,0.10995200276374817,2.787584066390991,2.897536039352417
B-A,128,sender,window2,delay2,B,sender,3,False,True,2,2.644224166870117,2.364593982696533,4.003111124038696,0.48627200722694397,9.530210971832275,201433088,8.812448024749756,0.0401148796081543,0.012051105499267578,0.007157802581787109,0.028591156005859375,0.08791494369506836,0.03209599852561951,2.6948161125183105,2.726912021636963
B-A,128,sender,window2,delay2,B,sender,4,False,True,2,2.5803232192993164,2.4098458290100098,4.020042896270752,0.48256000876426697,9.524507999420166,201433088,8.832739114761353,0.04009222984313965,0.012112855911254883,0.00722503662109375,0.028345108032226562,0.08777523040771484,0.03215999901294708,2.6308159828186035,2.662976026535034
B-A,128,sender,window2,delay2,B,sender,5,False,True,2,2.617365837097168,2.2870001792907715,4.07037615776062,0.7699519991874695,9.788541078567505,201433088,8.813436269760132,0.04003405570983887,0.012039899826049805,0.007015228271484375,0.028556108474731445,0.08764529228210449,0.03219199925661087,2.6676480770111084,2.6998400688171387
B-A,128,sender,window2,delay2,B,sender,6,False,True,2,2.777696132659912,2.493917942047119,3.76523494720459,0.8429440259933472,9.92329216003418,201433088,8.848905086517334,0.07114124298095703,0.01414179801940918,0.009356260299682617,0.030490875244140625,0.12513017654418945,0.03977600112557411,2.854720115661621,2.894495964050293
B-A,128,sender,window2,delay2,B,sender,7,False,True,2,2.7243411540985107,2.5542290210723877,3.719604969024658,0.5524160265922546,9.582509994506836,201433088,8.806976079940796,0.13104605674743652,0.012737035751342773,0.011432886123657227,0.0240170955657959,0.17923307418823242,0.03347200155258179,2.8648319244384766,2.898303985595703
B-A,128,sender,window2,delay2,B,sender,8,False,True,2,2.785170078277588,2.634519100189209,3.644340991973877,0.5037440061569214,9.599476099014282,201433088,8.870962858200073,0.13446784019470215,0.012391090393066406,0.011265754699707031,0.0240170955657959,0.18214178085327148,0.032575998455286026,2.9296319484710693,2.9622080326080322
B-A,128,sender,window2,delay2,B,sender,9,False,True,2,2.8182740211486816,2.4714291095733643,3.733518123626709,0.5023360252380371,9.557361841201782,201433088,8.818840265274048,0.03994417190551758,0.012109994888305664,0.007009983062744141,0.02863907814025879,0.08770322799682617,0.03248000144958496,2.868351936340332,2.900831937789917
B-A,128,sender,window2,delay2,B,sender,10,False,True,2,2.8202219009399414,2.474487066268921,3.7534570693969727,0.5056639909744263,9.590497732162476,201433088,8.83638310432434,0.0396418571472168,0.011765003204345703,0.007038116455078125,0.028536081314086914,0.08698105812072754,0.03190400078892708,2.870527982711792,2.9024319648742676
B-A,128,sender,window2,delay2,A,receiver,1,False,True,2,4.3240203857421875,,0.0008215904235839844,1.1401280164718628,5.783175468444824,0,0,0.11765003204345703,0.04517698287963867,0.03741884231567383,0.009981632232666016,0.21022748947143555,0.08835200220346451,4.447103977203369,4.53545618057251
B-A,128,sender,window2,delay2,A,receiver,2,False,True,2,4.47095251083374,,0.0007562637329101562,1.2040959596633911,6.011968612670898,0,0,0.11475038528442383,0.059047698974609375,0.030657291412353516,0.020396709442138672,0.2248520851135254,0.10236799716949463,4.592031955718994,4.694399833679199
B-A,128,sender,window2,delay2,A,receiver,3,False,True,2,4.3070878982543945,,0.0007982254028320312,1.2109119892120361,5.8546528816223145,0,0,0.10599470138549805,0.07804489135742188,0.03097820281982422,0.0162353515625,0.23125314712524414,0.11875200271606445,4.420383930206299,4.539135932922363
B-A,128,sender,window2,delay2,A,receiver,4,False,True,2,4.318089008331299,,0.0006389617919921875,1.1841599941253662,5.845634460449219,0,0,0.13634014129638672,0.051197052001953125,0.03005361557006836,0.015709877014160156,0.23330068588256836,0.09324800223112106,4.459551811218262,4.552800178527832
B-A,128,sender,window2,delay2,A,receiver,5,False,True,2,4.31598424911499,,0.0006608963012695312,1.0634880065917969,5.662248134613037,0,0,0.09900999069213867,0.04134798049926758,0.030354976654052734,0.017441749572753906,0.1881546974182129,0.08505599945783615,4.419519901275635,4.504576206207275
B-A,128,sender,window2,delay2,A,receiver,6,False,True,2,4.410563945770264,,0.0008420944213867188,1.240224003791809,6.095439434051514,0,0,0.19373798370361328,0.06545495986938477,0.03204011917114258,0.011345863342285156,0.3025789260864258,0.09836799651384354,4.612192153930664,4.710559844970703
B-A,128,sender,window2,delay2,A,receiver,7,False,True,2,4.441280364990234,,0.0008249282836914062,1.2003519535064697,6.0815348625183105,0,0,0.18246793746948242,0.06016397476196289,0.032036781311035156,0.011395931243896484,0.28606462478637695,0.09401600062847137,4.63046407699585,4.724480152130127
B-A,128,sender,window2,delay2,A,receiver,8,False,True,2,4.451175689697266,,0.0008587837219238281,1.284608006477356,6.216402530670166,0,0,0.21176433563232422,0.0738215446472168,0.034227848052978516,0.012427330017089844,0.3322410583496094,0.10739199817180634,4.670559883117676,4.777952194213867
B-A,128,sender,window2,delay2,A,receiver,9,False,True,2,4.435356616973877,,0.0009989738464355469,1.3146560192108154,6.187791347503662,0,0,0.19088220596313477,0.06274080276489258,0.03435564041137695,0.011615276336669922,0.2995939254760742,0.09670399874448776,4.633152008056641,4.729856014251709
B-A,128,sender,window2,delay2,A,receiver,10,False,True,2,4.338278770446777,,0.0007443428039550781,1.2764480113983154,6.05331563949585,0,0,0.18985700607299805,0.06133317947387695,0.03455495834350586,0.01096963882446289,0.29671478271484375,0.09504000097513199,4.535103797912598,4.630144119262695
B-A,128,sender,window2,jitter,B,sender,1,False,True,3.0019712522158724,4.093254089355469,2.5739357471466064,2.341110944747925,0.5019519925117493,9.541626930236816,201433088,8.833434820175171,0.03963804244995117,0.011823892593383789,0.007138967514038086,0.024670124053955078,0.08327102661132812,0.03136000037193298,4.143360137939453,4.17471981048584
B-A,128,sender,window2,jitter,B,sender,2,False,True,5.3955970676614005,6.168553113937378,2.4910168647766113,0.34331607818603516,0.48927998542785645,9.523823022842407,201433088,8.808634042739868,0.03927803039550781,0.011419057846069336,0.00712895393371582,0.028653860092163086,0.08647990226745605,0.031647998839616776,6.2188801765441895,6.250527858734131
B-A,128,sender,window2,jitter,B,sender,3,False,True,6.90335559049342,7.651855945587158,2.452671766281128,0.0023827552795410156,0.5708799958229065,10.707000017166138,201433088,8.802542924880981,0.03976011276245117,0.011935949325561523,0.006956815719604492,0.029024124145507812,0.087677001953125,0.03251200169324875,7.702047824859619,7.734560012817383
B-A,128,sender,window2,jitter,B,sender,4,False,True,3.3044316718194144,4.069942951202393,2.4763879776000977,2.517284631729126,0.5078719854354858,9.604258060455322,201433088,8.844510793685913,0.03934311866760254,0.01162099838256836,0.007315158843994141,0.028705835342407227,0.08698511123657227,0.03206399828195572,4.119775772094727,4.1518402099609375
B-A,128,sender,window2,jitter,B,sender,5,False,True,6.306499501340811,7.1613969802856445,2.4752261638641357,0.0022170543670654297,0.4800960123538971,10.149522066116333,201433088,8.803296089172363,0.04022789001464844,0.011775970458984375,0.006987810134887695,0.028841257095336914,0.08783292770385742,0.032287999987602234,7.212416172027588,7.244703769683838
B-A,128,sender,window2,jitter,B,sender,6,False,True,5.263511594351685,6.000992774963379,2.563246011734009,0.594231128692627,0.4880959987640381,9.679494857788086,201433088,8.964316844940186,0.04066205024719238,0.013835906982421875,0.0070650577545166016,0.02038097381591797,0.08194398880004883,0.03276799991726875,6.043488025665283,6.076255798339844
B-A,128,sender,window2,jitter,B,sender,7,False,True,3.0778651716419647,3.6723878383636475,2.3956573009490967,3.022830009460449,0.4837439954280853,9.606105089187622,201433088,8.896333932876587,0.015510797500610352,0.0037450790405273438,0.0053560733795166016,0.03648805618286133,0.061100006103515625,0.030047999694943428,3.698591947555542,3.728640079498291
B-A,128,sender,window2,jitter,B,sender,8,False,True,5.000681319867422,5.755875825881958,2.4624462127685547,0.7857711315155029,0.4883840084075928,9.524137020111084,201433088,8.815342903137207,0.03976607322692871,0.011811971664428711,0.0070798397064208984,0.028902053833007812,0.08755993843078613,0.032255999743938446,5.806335926055908,5.838592052459717
B-A,128,sender,window2,jitter,B,sender,9,False,True,2.841260577560954,3.597917079925537,2.501093864440918,2.9436991214752197,0.49167999625205994,9.56601595878601,201433088,8.850945234298706,0.04005765914916992,0.011898279190063477,0.007385969161987305,0.028620004653930664,0.08796191215515137,0.032416000962257385,3.6488640308380127,3.6812798976898193
B-A,128,sender,window2,jitter,B,sender,10,False,True,0.329238225990494,1.0789337158203125,2.479849338531494,5.485183000564575,0.4848639965057373,9.560683012008667,201433088,8.84975004196167,0.036418914794921875,0.01171731948852539,0.006874799728393555,0.028601884841918945,0.08361291885375977,0.03171199932694435,1.125823974609375,1.1575360298156738
B-A,128,sender,window2,jitter,A,receiver,1,False,True,3.0019712522158724,5.35772180557251,,0.0008511543273925781,1.5480320453643799,7.421156883239746,0,0,0.2048473358154297,0.11740684509277344,0.033121585845947266,0.015631675720214844,0.37100744247436523,0.14630399644374847,5.574272155761719,5.72057580947876
B-A,128,sender,window2,jitter,A,receiver,2,False,True,5.3955970676614005,7.8171892166137695,,0.0007290840148925781,1.3659520149230957,9.634703159332275,0,0,0.19062376022338867,0.07512092590332031,0.03273200988769531,0.013957977294921875,0.31243467330932617,0.11382400244474411,8.01302433013916,8.126848220825195
B-A,128,sender,window2,jitter,A,receiver,3,False,True,6.90335559049342,9.272730350494385,,0.000820159912109375,1.3920320272445679,11.094255924224854,0,0,0.1764669418334961,0.059198856353759766,0.0320281982421875,0.011648178100585938,0.2793421745300293,0.09375999867916107,9.458080291748047,9.551839828491211
B-A,128,sender,window2,jitter,A,receiver,4,False,True,3.3044316718194144,5.651092529296875,,0.000705718994140625,1.1933120489120483,7.293433666229248,0,0,0.2016439437866211,0.05678081512451172,0.03296709060668945,0.011221885681152344,0.3026137351989746,0.0915519967675209,5.860288143157959,5.951839923858643
B-A,128,sender,window2,jitter,A,receiver,5,False,True,6.306499501340811,8.674306392669678,,0.000766754150390625,1.1900800466537476,10.296663284301758,0,0,0.18071317672729492,0.06356573104858398,0.0368351936340332,0.011281967163085938,0.29239606857299805,0.09868799895048141,8.862015724182129,8.96070384979248
B-A,128,sender,window2,jitter,A,receiver,6,False,True,5.263511594351685,7.6324052810668945,,0.0008940696716308594,1.201151967048645,9.35839319229126,0,0,0.18091440200805664,0.0563507080078125,0.07504034042358398,0.05511474609375,0.3674201965332031,0.09318400174379349,7.820896148681641,7.9140801429748535
B-A,128,sender,window2,jitter,A,receiver,7,False,True,3.0778651716419647,5.324242115020752,,0.0005888938903808594,1.1829440593719482,6.891808032989502,0,0,0.16322803497314453,0.05140495300292969,0.02650594711303711,0.019874095916748047,0.2610130310058594,0.09436800330877304,5.493279933929443,5.587647914886475
B-A,128,sender,window2,jitter,A,receiver,8,False,True,5.000681319867422,7.346848964691162,,0.0007710456848144531,1.277184009552002,9.056902885437012,0,0,0.18567323684692383,0.05718708038330078,0.0413060188293457,0.011827945709228516,0.29599428176879883,0.09171199798583984,7.540224075317383,7.631936073303223
B-A,128,sender,window2,jitter,A,receiver,9,False,True,2.841260577560954,5.2027587890625,,0.0008792877197265625,1.2028160095214844,6.846057891845703,0,0,0.19839048385620117,0.05671215057373047,0.03278017044067383,0.012105941772460938,0.2999887466430664,0.09136000275611877,5.408415794372559,5.4997758865356445
B-A,128,sender,window2,jitter,A,receiver,10,False,True,0.329238225990494,2.729027271270752,,0.0007119178771972656,1.2691839933395386,4.42785120010376,0,0,0.18926286697387695,0.058478355407714844,0.03310394287109375,0.01121377944946289,0.29205894470214844,0.09247999638319016,2.92524790763855,3.017728090286255
B-A,128,sender,priority,zero,B,sender,1,False,True,0,0.7623608112335205,2.4594202041625977,6.398403882980347,0.5063679814338684,10.15805196762085,201433088,9.423444986343384,0.036283016204833984,0.011007070541381836,0.007210969924926758,0.029041051864624023,0.0835421085357666,0.0315839983522892,0.8122559785842896,0.8438400030136108
B-A,128,sender,priority,zero,B,sender,2,False,True,0,0.7801909446716309,2.477847099304199,6.278419017791748,0.49692800641059875,10.070651054382324,201433088,9.326707124710083,0.035652875900268555,0.010972261428833008,0.006748676300048828,0.028855323791503906,0.0822291374206543,0.031328000128269196,0.8292480111122131,0.8605759739875793
B-A,128,sender,priority,zero,B,sender,3,False,True,0,0.7102658748626709,2.5271100997924805,6.298235654830933,0.47417598962783813,10.042534828186035,201433088,9.327399015426636,0.03621220588684082,0.011221885681152344,0.0067119598388671875,0.028383970260620117,0.08253002166748047,0.030559999868273735,0.76009601354599,0.7906559705734253
B-A,128,sender,priority,zero,B,sender,4,False,True,0,0.747575044631958,2.4698710441589355,6.29973292350769,0.7511360049247742,10.306880950927734,201433088,9.364404916763306,0.05725884437561035,0.016920089721679688,0.01734304428100586,0.017606019973754883,0.10912799835205078,0.03673600032925606,0.8224959969520569,0.8592320084571838
B-A,128,sender,priority,zero,B,sender,5,False,True,0,0.6972880363464355,2.5654361248016357,6.396389722824097,0.7678400278091431,10.464904069900513,201433088,9.50380277633667,0.1348707675933838,0.019339323043823242,0.027635812759399414,0.007653951644897461,0.1894998550415039,0.10729599744081497,0.7782080173492432,0.8855040073394775
B-A,128,sender,priority,zero,B,sender,6,False,True,0,0.6902899742126465,2.472830057144165,6.581639289855957,0.5293440222740173,10.30961799621582,201433088,9.514546871185303,0.03821587562561035,0.011757135391235352,0.0064771175384521484,0.02912592887878418,0.08557605743408203,0.0318400003015995,0.743232011795044,0.7750719785690308
B-A,128,sender,priority,zero,B,sender,7,False,True,0,0.7209796905517578,2.472590208053589,6.341720104217529,0.49807998538017273,10.06491994857788,201433088,9.334053754806519,0.03603816032409668,0.011259794235229492,0.006793022155761719,0.029021024703979492,0.08311200141906738,0.03155200183391571,0.7706559896469116,0.8022080063819885
B-A,128,sender,priority,zero,B,sender,8,False,True,0,0.6405220031738281,2.4774110317230225,6.568627119064331,0.495712012052536,10.217000961303711,201433088,9.47303295135498,0.03615880012512207,0.011309146881103516,0.006671905517578125,0.028549909591674805,0.08268976211547852,0.030880000442266464,0.6901760101318359,0.7210559844970703
B-A,128,sender,priority,zero,B,sender,9,False,True,0,0.7275118827819824,2.467625856399536,6.367762088775635,0.49801599979400635,10.092495918273926,201433088,9.358055830001831,0.03628396987915039,0.011000871658325195,0.0064449310302734375,0.03411507606506348,0.0878448486328125,0.034432001411914825,0.7788800001144409,0.8133119940757751
B-A,128,sender,priority,zero,B,sender,10,False,True,0,0.7260160446166992,2.457582712173462,6.328141927719116,0.4957759976387024,10.039164066314697,201433088,9.317389011383057,0.03630685806274414,0.011065006256103516,0.0065920352935791016,0.02885913848876953,0.08282303810119629,0.03094400092959404,0.7762560248374939,0.807200014591217
B-A,128,sender,priority,zero,A,receiver,1,False,True,0,2.239130973815918,,0.0009021759033203125,1.2493120431900024,3.9212450981140137,0,0,0.1823430061340332,0.059728145599365234,0.03333902359008789,0.010931015014648438,0.28634119033813477,0.09408000111579895,2.428960084915161,2.5230400562286377
B-A,128,sender,priority,zero,A,receiver,2,False,True,0,2.243351459503174,,0.0007920265197753906,1.34060800075531,4.021800994873047,0,0,0.187957763671875,0.06426811218261719,0.03246498107910156,0.012578010559082031,0.2972688674926758,0.09795200079679489,2.440608024597168,2.538559913635254
B-A,128,sender,priority,zero,A,receiver,3,False,True,0,2.2416863441467285,,0.0008420944213867188,1.3137919902801514,4.044556140899658,0,0,0.1799321174621582,0.06505298614501953,0.05174684524536133,0.049465179443359375,0.34619712829589844,0.09964799880981445,2.429919958114624,2.5295679569244385
B-A,128,sender,priority,zero,A,receiver,4,False,True,0,2.2582030296325684,,0.0009088516235351562,1.3092479705810547,4.000234603881836,0,0,0.18198490142822266,0.06195688247680664,0.032781124114990234,0.01129007339477539,0.2880129814147949,0.09590400010347366,2.448607921600342,2.5445120334625244
B-A,128,sender,priority,zero,A,receiver,5,False,True,0,2.359760284423828,,0.0008072853088378906,1.2050559520721436,4.001528263092041,0,0,0.19316530227661133,0.059661865234375,0.03424358367919922,0.011520862579345703,0.29859161376953125,0.0939520001411438,2.5614399909973145,2.6553919315338135
B-A,128,sender,priority,zero,A,receiver,6,False,True,0,2.2404465675354004,,0.0008797645568847656,1.3023680448532104,3.9781417846679688,0,0,0.18806695938110352,0.06375789642333984,0.032973289489746094,0.011939048767089844,0.2967371940612793,0.09715200215578079,2.4368319511413574,2.5339839458465576
B-A,128,sender,priority,zero,A,receiver,7,False,True,0,2.2465591430664062,,0.0006442070007324219,1.2315839529037476,3.915945053100586,0,0,0.1906895637512207,0.06317329406738281,0.033164024353027344,0.01141500473022461,0.29844188690185547,0.09827200323343277,2.4460480213165283,2.5443201065063477
B-A,128,sender,priority,zero,A,receiver,8,False,True,0,2.225435733795166,,0.0006771087646484375,1.3376319408416748,4.004716873168945,0,0,0.19505882263183594,0.0637516975402832,0.032029151916503906,0.010970115661621094,0.30180978775024414,0.09731200337409973,2.4274239540100098,2.524735927581787
B-A,128,sender,priority,zero,A,receiver,9,False,True,0,2.24996280670166,,0.000885009765625,1.2166719436645508,3.8982443809509277,0,0,0.1803603172302246,0.0596308708190918,0.03677225112915039,0.011281967163085938,0.28804540634155273,0.09481599926948547,2.438175916671753,2.532991886138916
B-A,128,sender,priority,zero,A,receiver,10,False,True,0,2.2326388359069824,,0.0009379386901855469,1.3059200048446655,3.9673991203308105,0,0,0.18175697326660156,0.06206369400024414,0.03382253646850586,0.011461734771728516,0.2891049385070801,0.09596800059080124,2.420959949493408,2.51692795753479
B-A,128,sender,priority,delay2,B,sender,1,False,True,2,2.579076051712036,2.95145583152771,4.018620252609253,0.8055999875068665,10.3988938331604,201433088,9.369460105895996,0.0384371280670166,0.011941909790039062,0.006949901580810547,0.028925180435180664,0.08625411987304688,0.03215999901294708,2.632319927215576,2.664479970932007
B-A,128,sender,priority,delay2,B,sender,2,False,True,2,2.7940218448638916,2.4714653491973877,4.253610134124756,0.5140159726142883,10.066297054290771,201433088,9.318797826766968,0.038472890853881836,0.011767148971557617,0.006691932678222656,0.029284954071044922,0.08621692657470703,0.03222399950027466,2.847264051437378,2.879487991333008
B-A,128,sender,priority,delay2,B,sender,3,False,True,2,2.8302369117736816,2.4992098808288574,4.358564853668213,0.4917120039463043,10.21237301826477,201433088,9.486114025115967,0.03857612609863281,0.011657953262329102,0.006902933120727539,0.02936720848083496,0.08650422096252441,0.0323840007185936,2.88374400138855,2.916127920150757
B-A,128,sender,priority,delay2,B,sender,4,False,True,2,2.7803001403808594,2.4601430892944336,4.440647125244141,0.48921599984169006,10.202154159545898,201433088,9.48617696762085,0.03914308547973633,0.011713027954101562,0.007025003433227539,0.02889704704284668,0.08677816390991211,0.03203200176358223,2.834144115447998,2.866175889968872
B-A,128,sender,priority,delay2,B,sender,5,False,True,2,2.7932381629943848,2.4512829780578613,4.428413152694702,0.7775999903678894,10.494408130645752,201433088,9.517623901367188,0.03875994682312012,0.011729955673217773,0.0069119930267333984,0.029654979705810547,0.08705687522888184,0.03299200162291527,2.846560001373291,2.879551887512207
B-A,128,sender,priority,delay2,B,sender,6,False,True,2,2.8044090270996094,2.5549259185791016,4.190568923950195,0.5135679841041565,10.095118045806885,201433088,9.35469102859497,0.03876614570617676,0.011771917343139648,0.007013797760009766,0.028580188751220703,0.08613204956054688,0.031968001276254654,2.857919931411743,2.889888048171997
B-A,128,sender,priority,delay2,B,sender,7,False,True,2,2.7099549770355225,2.544379234313965,4.586187839508057,0.48921599984169006,10.361354112625122,201433088,9.652997255325317,0.042197227478027344,0.011121749877929688,0.0067272186279296875,0.01593184471130371,0.07597804069519043,0.029920000582933426,2.758143901824951,2.7880640029907227
B-A,128,sender,priority,delay2,B,sender,8,False,True,2,2.6007578372955322,2.3446691036224365,4.56728196144104,0.4893760085105896,10.033977031707764,201433088,9.310893058776855,0.03849005699157715,0.011690139770507812,0.006602764129638672,0.030332088470458984,0.08711504936218262,0.03311999887228012,2.654047966003418,2.6871678829193115
B-A,128,sender,priority,delay2,B,sender,9,False,True,2,2.7794089317321777,2.3534460067749023,4.421792984008789,0.4885759949684143,10.074951171875,201433088,9.344623327255249,0.038384199142456055,0.011583805084228516,0.007027149200439453,0.029175996780395508,0.08617115020751953,0.03222399950027466,2.8326399326324463,2.8648641109466553
B-A,128,sender,priority,delay2,B,sender,10,False,True,2,2.511759042739868,2.5223631858825684,4.614556789398193,0.4915519952774048,10.171967029571533,201433088,9.461356163024902,0.0389249324798584,0.011491775512695312,0.007189273834228516,0.02855682373046875,0.08616280555725098,0.03177599981427193,2.565311908721924,2.597088098526001
B-A,128,sender,priority,delay2,A,receiver,1,False,True,2,4.393524169921875,,0.0010228157043457031,1.3470079898834229,6.681534290313721,0,0,0.32780981063842773,0.11840629577636719,0.2167205810546875,0.018584728240966797,0.6815214157104492,0.29609599709510803,4.726272106170654,5.02236795425415
B-A,128,sender,priority,delay2,A,receiver,2,False,True,2,4.307382106781006,,0.0007033348083496094,1.2956160306930542,6.0473761558532715,0,0,0.18867826461791992,0.06438255310058594,0.03260517120361328,0.011332035064697266,0.2969980239868164,0.0974079966545105,4.504608154296875,4.602015972137451
B-A,128,sender,priority,delay2,A,receiver,3,False,True,2,4.364212512969971,,0.000843048095703125,1.3315520286560059,6.1508588790893555,0,0,0.19345569610595703,0.06365633010864258,0.04111003875732422,0.011726856231689453,0.3099489212036133,0.09980800002813339,4.565120220184326,4.664927959442139
B-A,128,sender,priority,delay2,A,receiver,4,False,True,2,4.333341121673584,,0.0009751319885253906,1.295423984527588,6.05838680267334,0,0,0.17859697341918945,0.06631183624267578,0.03282308578491211,0.011934280395507812,0.28966617584228516,0.10134399682283401,4.5194878578186035,4.6208319664001465
B-A,128,sender,priority,delay2,A,receiver,5,False,True,2,4.3517842292785645,,0.000827789306640625,0.47116801142692566,5.248863220214844,0,0,0.18191003799438477,0.059432029724121094,0.03362417221069336,0.010490894317626953,0.28545713424682617,0.09391999989748001,4.541312217712402,4.635231971740723
B-A,128,sender,priority,delay2,A,receiver,6,False,True,2,4.350234031677246,,0.0007143020629882812,1.220031976699829,5.994487762451172,0,0,0.1811990737915039,0.0590214729309082,0.03293418884277344,0.011069774627685547,0.2842245101928711,0.09350399672985077,4.538784027099609,4.632287979125977
B-A,128,sender,priority,delay2,A,receiver,7,False,True,2,4.43507194519043,,0.0008168220520019531,1.2037440538406372,6.0739970207214355,0,0,0.1857762336730957,0.06589412689208984,0.032742977142333984,0.011223793029785156,0.2956371307373047,0.09484799951314926,4.627583980560303,4.7224321365356445
B-A,128,sender,priority,delay2,A,receiver,8,False,True,2,4.276130199432373,,0.0007200241088867188,1.1475520133972168,5.722455024719238,0,0,0.10297584533691406,0.045651912689208984,0.028591156005859375,0.018590450286865234,0.19580936431884766,0.08921600133180618,4.385727882385254,4.474944114685059
B-A,128,sender,priority,delay2,A,receiver,9,False,True,2,4.414306163787842,,0.007421970367431641,1.1988799571990967,5.944836616516113,0,0,0.10955095291137695,0.062323570251464844,0.031966209411621094,0.010931015014648438,0.21477174758911133,0.09753599762916565,4.530367851257324,4.627903938293457
B-A,128,sender,priority,delay2,A,receiver,10,False,True,2,4.315751552581787,,0.0010371208190917969,1.2039680480957031,5.9483819007873535,0,0,0.18012380599975586,0.06532955169677734,0.03290414810180664,0.010395050048828125,0.28875255584716797,0.09964799880981445,4.4958720207214355,4.59552001953125
B-A,128,sender,priority,jitter,B,sender,1,False,True,2.998350418559273,3.849714994430542,2.5117690563201904,3.2057301998138428,0.627295970916748,10.226927042007446,201433088,9.344516277313232,0.038504838943481445,0.011954069137573242,0.00719904899597168,0.028496980667114258,0.08615493774414062,0.0323840007185936,3.902463912963867,3.9348480701446533
B-A,128,sender,priority,jitter,B,sender,2,False,True,2.5907355840809014,3.4567651748657227,2.4868791103363037,3.647919178009033,0.47971200942993164,10.106972932815552,201433088,9.381412982940674,0.03887510299682617,0.012057065963745117,0.007062196731567383,0.02783489227294922,0.08582925796508789,0.031328000128269196,3.5102078914642334,3.5415360927581787
B-A,128,sender,priority,jitter,B,sender,3,False,True,1.4203204627506878,2.2597250938415527,2.5610339641571045,4.836191177368164,0.47200000286102295,10.160377025604248,201433088,9.45498514175415,0.03941488265991211,0.011188030242919922,0.0174407958984375,0.10889410972595215,0.17693781852722168,0.03171199932694435,2.3137600421905518,2.3454720973968506
B-A,128,sender,priority,jitter,B,sender,4,False,True,7.669632271710284,8.504853963851929,2.4779529571533203,0.0022428035736083984,0.47542399168014526,11.490226030349731,201433088,9.328739881515503,0.03832697868347168,0.011894941329956055,0.007050037384033203,0.028584003448486328,0.08585596084594727,0.031808000057935715,8.558048248291016,8.589856147766113
B-A,128,sender,priority,jitter,B,sender,5,False,True,2.1661217840409384,2.788731098175049,2.3937439918518066,4.3503570556640625,0.5543360114097595,10.118618249893188,201433088,9.336953163146973,0.03859210014343262,0.011770963668823242,0.00674891471862793,0.02889108657836914,0.08600306510925293,0.03200000151991844,2.8417599201202393,2.8737599849700928
B-A,128,sender,priority,jitter,B,sender,6,False,True,2.287366583038077,3.0678701400756836,2.4201440811157227,4.0902698040008545,0.4763199985027313,10.085914134979248,201433088,9.371787786483765,0.03870034217834473,0.011744022369384766,0.007028818130493164,0.02855682373046875,0.0860300064086914,0.03203200176358223,3.1208319664001465,3.1528639793395996
B-A,128,sender,priority,jitter,B,sender,7,False,True,5.702674328023639,6.582945108413696,2.4496469497680664,0.5310230255126953,0.47884801030158997,10.073881149291992,201433088,9.346840858459473,0.03894400596618652,0.011731147766113281,0.0067577362060546875,0.028828144073486328,0.08626103401184082,0.03209599852561951,6.636096000671387,6.668191909790039
B-A,128,sender,priority,jitter,B,sender,8,False,True,4.02291902590555,4.650964975357056,2.482541084289551,2.3823299407958984,0.4806079864501953,10.028111219406128,201433088,9.316359043121338,0.038984060287475586,0.012001991271972656,0.006957054138183594,0.028636932373046875,0.08658003807067871,0.03209599852561951,4.704736232757568,4.736832141876221
B-A,128,sender,priority,jitter,B,sender,9,False,True,0.7800267677465289,1.5818419456481934,2.4437668323516846,5.56635308265686,0.7711679935455322,10.406912803649902,201433088,9.427886724472046,0.03914618492126465,0.011998891830444336,0.006983041763305664,0.027821063995361328,0.08594918251037598,0.031231999397277832,1.6356799602508545,1.6669119596481323
B-A,128,sender,priority,jitter,B,sender,10,False,True,7.734136082232311,8.57729697227478,2.509568929672241,0.002696990966796875,0.6211839914321899,11.743102073669434,201433088,9.407971143722534,0.03977227210998535,0.011848926544189453,0.007382869720458984,0.028310060501098633,0.08731412887573242,0.03190400078892708,8.632255554199219,8.664159774780273
B-A,128,sender,priority,jitter,A,receiver,1,False,True,2.998350418559273,5.369822025299072,,0.0007710456848144531,1.4222079515457153,7.2696661949157715,0,0,0.1884922981262207,0.08727169036865234,0.03539133071899414,0.01218271255493164,0.32333803176879883,0.1225920021533966,5.566751956939697,5.6893439292907715
B-A,128,sender,priority,jitter,A,receiver,2,False,True,2.5907355840809014,4.959003448486328,,0.0007715225219726562,1.220960021018982,6.63601016998291,0,0,0.18930959701538086,0.06811237335205078,0.03628826141357422,0.012279033660888672,0.30598926544189453,0.10143999755382538,5.157792091369629,5.259232044219971
B-A,128,sender,priority,jitter,A,receiver,3,False,True,1.4203204627506878,3.884216785430908,,0.0009393692016601562,1.2995200157165527,5.617884159088135,0,0,0.18565750122070312,0.05116081237792969,0.034612178802490234,0.013023853302001953,0.284454345703125,0.08463999629020691,4.077727794647217,4.162367820739746
B-A,128,sender,priority,jitter,A,receiver,4,False,True,7.669632271710284,10.047360897064209,,0.0007462501525878906,1.2729599475860596,11.748971939086914,0,0,0.181304931640625,0.06193208694458008,0.03191423416137695,0.012007713317871094,0.2871589660644531,0.0952640026807785,10.237504005432129,10.332768440246582
B-A,128,sender,priority,jitter,A,receiver,5,False,True,2.1661217840409384,4.4932780265808105,,0.0007662773132324219,1.192639946937561,6.029261112213135,0,0,0.1321396827697754,0.06340837478637695,0.02788257598876953,0.013445377349853516,0.2368760108947754,0.09644799679517746,4.6312642097473145,4.727712154388428
B-A,128,sender,priority,jitter,A,receiver,6,False,True,2.287366583038077,4.637902736663818,,0.000659942626953125,1.1741759777069092,6.204288482666016,0,0,0.16706275939941406,0.05065488815307617,0.031638145446777344,0.009860038757324219,0.2592158317565918,0.0857279971241951,4.811520099639893,4.897247791290283
B-A,128,sender,priority,jitter,A,receiver,7,False,True,5.702674328023639,8.066400051116943,,0.0006809234619140625,1.200543999671936,9.69977617263794,0,0,0.18190336227416992,0.057951927185058594,0.03369903564453125,0.010863780975341797,0.28441810607910156,0.09219200164079666,8.27017593383789,8.362367630004883
B-A,128,sender,priority,jitter,A,receiver,8,False,True,4.02291902590555,6.351778030395508,,0.0008907318115234375,1.2836159467697144,8.070534229278564,0,0,0.1918468475341797,0.0607151985168457,0.03215742111206055,0.01134347915649414,0.2960629463195801,0.09446399658918381,6.549344062805176,6.643807888031006
B-A,128,sender,priority,jitter,A,receiver,9,False,True,0.7800267677465289,3.153839111328125,,0.0008602142333984375,1.1938560009002686,4.785125255584717,0,0,0.18674421310424805,0.05735969543457031,0.04289388656616211,0.011779308319091797,0.29877710342407227,0.09452799707651138,3.348896026611328,3.4434239864349365
B-A,128,sender,priority,jitter,A,receiver,10,False,True,7.734136082232311,10.113844394683838,,0.0008254051208496094,1.2917439937591553,11.866400241851807,0,0,0.20503711700439453,0.06178998947143555,0.03351306915283203,0.012603759765625,0.3129439353942871,0.09603200107812881,10.328096389770508,10.424127578735352
B-A,128,receiver,bulk,zero,B,sender,1,False,True,0,0.10354304313659668,16.01494598388672,0.0009059906005859375,1.1953279972076416,17.45535111427307,0,0,0.18250203132629395,0.05642127990722656,0.032591819763183594,0.010801076889038086,0.2823162078857422,0.08336000144481659,0.49747198820114136,0.5808320045471191
B-A,128,receiver,bulk,zero,B,sender,2,False,True,0,0.4812612533569336,15.995417833328247,0.0010051727294921875,1.200160026550293,17.821805953979492,0,0,0.18946409225463867,0.056488037109375,0.033592939376831055,0.011718988418579102,0.29126405715942383,0.08511999994516373,0.6767680048942566,0.7618880271911621
B-A,128,receiver,bulk,zero,B,sender,3,False,True,0,0.39937901496887207,15.866875171661377,0.0009291172027587891,1.1765120029449463,17.587941884994507,0,0,0.17772793769836426,0.054312944412231445,0.03249192237854004,0.010982036590576172,0.2755148410797119,0.08224000036716461,0.5839040279388428,0.6661440134048462
B-A,128,receiver,bulk,zero,B,sender,4,False,True,0,0.34125328063964844,16.245343923568726,0.0009419918060302734,1.1963839530944824,17.92558526992798,0,0,0.09782195091247559,0.05435895919799805,0.033718109130859375,0.010603189468383789,0.1965022087097168,0.08198399841785431,0.44550400972366333,0.5274879932403564
B-A,128,receiver,bulk,zero,B,sender,5,False,True,0,0.4809579849243164,15.783943891525269,0.0009412765502929688,1.2110079526901245,17.612093210220337,0,0,0.18105792999267578,0.054412841796875,0.03415226936340332,0.011077880859375,0.2807009220123291,0.0820159986615181,0.6687359809875488,0.7507519721984863
B-A,128,receiver,bulk,zero,B,sender,6,False,True,0,0.30777907371520996,16.15912699699402,0.0009951591491699219,1.1837120056152344,17.79822611808777,0,0,0.18045473098754883,0.0559999942779541,0.033644914627075195,0.010975360870361328,0.28107500076293945,0.08393599838018417,0.4946559965610504,0.5785920023918152
B-A,128,receiver,bulk,zero,B,sender,7,False,True,0,0.3620316982269287,16.178457975387573,0.0009529590606689453,1.2226239442825317,17.900494813919067,0,0,0.18207097053527832,0.05555462837219238,0.03435921669006348,0.011254072189331055,0.28323888778686523,0.0843840017914772,0.549888014793396,0.6342719793319702
B-A,128,receiver,bulk,zero,B,sender,8,False,True,0,0.3578059673309326,16.01060914993286,0.0009138584136962891,1.5909119844436646,18.103644132614136,0,0,0.18178105354309082,0.054553985595703125,0.03310990333557129,0.011700153350830078,0.2811450958251953,0.08336000144481659,0.5453760027885437,0.6287360191345215
B-A,128,receiver,bulk,zero,B,sender,9,False,True,0,0.3237929344177246,16.04793691635132,0.0009510517120361328,1.3201600313186646,17.837626934051514,0,0,0.17597413063049316,0.0687110424041748,0.032012939453125,0.011457204818725586,0.28815531730651855,0.09513600170612335,0.5060480237007141,0.6011840105056763
B-A,128,receiver,bulk,zero,B,sender,10,False,True,0,0.3640480041503906,16.18048596382141,0.0009758472442626953,1.3301759958267212,18.012566804885864,0,0,0.17662310600280762,0.07121109962463379,0.03404593467712402,0.010893106460571289,0.2927732467651367,0.09920000284910202,0.547104001045227,0.6463040113449097
B-A,128,receiver,bulk,zero,A,receiver,1,False,True,0,2.606639862060547,,0.0013909339904785156,0.5273600220680237,16.53404664993286,201433088,15.79430103302002,0.06232118606567383,0.018143177032470703,0.017320632934570312,13.254218578338623,13.352003574371338,0.042080000042915344,15.913151741027832,15.955231666564941
B-A,128,receiver,bulk,zero,A,receiver,2,False,True,0,2.651423931121826,,0.0013899803161621094,0.4958080053329468,16.677943229675293,201433088,15.828962802886963,0.037555694580078125,0.012144088745117188,0.006745338439941406,13.437631607055664,13.4940767288208,0.041600000113248825,16.10153579711914,16.14313507080078
B-A,128,receiver,bulk,zero,A,receiver,3,False,True,0,2.683833599090576,,0.0015878677368164062,0.5234559774398804,16.54147481918335,201433088,15.797031879425049,0.06130504608154297,0.017783164978027344,0.017409801483154297,13.182022094726562,13.278520107269287,0.04182400181889534,15.918208122253418,15.96003246307373
B-A,128,receiver,bulk,zero,A,receiver,4,False,True,0,2.3912172317504883,,0.0013947486877441406,0.49062401056289673,16.666304111480713,201433088,15.825328826904297,0.03785562515258789,0.01182699203491211,0.00629425048828125,13.691871166229248,13.74784803390503,0.041760001331567764,16.09587287902832,16.137632369995117
B-A,128,receiver,bulk,zero,A,receiver,5,False,True,0,2.6577844619750977,,0.0015292167663574219,0.4943999946117401,16.508543491363525,201433088,15.790574073791504,0.06221151351928711,0.018084049224853516,0.01707601547241211,13.201423645019531,13.298795223236084,0.042208001017570496,15.911968231201172,15.95417594909668
B-A,128,receiver,bulk,zero,A,receiver,6,False,True,0,2.4996190071105957,,0.0015172958374023438,0.49775999784469604,16.70402717590332,201433088,15.844544887542725,0.037738800048828125,0.012144088745117188,0.0066051483154296875,13.613318920135498,13.669806957244873,0.041728001087903976,16.12508773803711,16.16681671142578
B-A,128,receiver,bulk,zero,A,receiver,7,False,True,0,2.5658931732177734,,0.0014433860778808594,0.5155199766159058,16.698575019836426,201433088,15.822237968444824,0.03770875930786133,0.012372016906738281,0.0067272186279296875,13.523706912994385,13.580514907836914,0.041760001331567764,16.101856231689453,16.14361572265625
B-A,128,receiver,bulk,zero,A,receiver,8,False,True,0,2.574604034423828,,0.0015845298767089844,0.5060799717903137,16.658517837524414,201433088,15.817538738250732,0.03671836853027344,0.011831283569335938,0.006766796112060547,13.486599922180176,13.541916370391846,0.041728001087903976,16.071712493896484,16.113439559936523
B-A,128,receiver,bulk,zero,A,receiver,9,False,True,0,2.561326503753662,,0.00186920166015625,0.5418239831924438,16.59696865081787,201433088,15.76905632019043,0.06287717819213867,0.018651962280273438,0.017897605895996094,13.33459186553955,13.434018611907959,0.041760001331567764,15.948512077331543,15.99027156829834
B-A,128,receiver,bulk,zero,A,receiver,10,False,True,0,2.572500705718994,,0.0017886161804199219,0.5072640180587769,16.703537940979004,201433088,15.812178134918213,0.06385278701782227,0.018564224243164062,0.017441272735595703,13.463604927062988,13.56346321105957,0.042208001017570496,16.08950424194336,16.131711959838867
B-A,128,receiver,bulk,delay2,B,sender,1,False,True,2,2.546382188796997,13.896244764328003,0.0009407997131347656,1.1793279647827148,17.755900144577026,0,0,0.1921689510345459,0.05809903144836426,0.0359649658203125,0.01076197624206543,0.2969949245452881,0.08799999952316284,2.744863986968994,2.8328640460968018
B-A,128,receiver,bulk,delay2,B,sender,2,False,True,2,2.4701528549194336,13.784619092941284,0.0009489059448242188,1.2673280239105225,17.66763401031494,0,0,0.19820189476013184,0.0640261173248291,0.03263497352600098,0.011700868606567383,0.3065638542175293,0.09065599739551544,2.6756160259246826,2.7662720680236816
B-A,128,receiver,bulk,delay2,B,sender,3,False,True,2,2.6206722259521484,13.866536140441895,0.0009500980377197266,1.2135679721832275,17.84297800064087,0,0,0.1974782943725586,0.05814766883850098,0.0354461669921875,0.011018991470336914,0.302091121673584,0.08755200356245041,2.8248960971832275,2.912447929382324
B-A,128,receiver,bulk,delay2,B,sender,4,False,True,2,2.5701000690460205,13.954546928405762,0.0009438991546630859,1.2026879787445068,17.863353967666626,0,0,0.2012331485748291,0.06086397171020508,0.03363180160522461,0.011504173278808594,0.3072330951690674,0.0891840010881424,2.7774078845977783,2.8665919303894043
B-A,128,receiver,bulk,delay2,B,sender,5,False,True,2,2.5356760025024414,13.843346118927002,0.0008788108825683594,1.1821119785308838,17.698542833328247,0,0,0.19507408142089844,0.05796074867248535,0.03333425521850586,0.011137962341308594,0.29750704765319824,0.08636800199747086,2.7371840476989746,2.823551893234253
B-A,128,receiver,bulk,delay2,B,sender,6,False,True,2,2.4311928749084473,14.031277179718018,0.0009477138519287109,1.202463984489441,17.80156183242798,0,0,0.1943039894104004,0.057795047760009766,0.03348278999328613,0.011174201965332031,0.2967560291290283,0.08646400272846222,2.632256031036377,2.718719959259033
B-A,128,receiver,bulk,delay2,B,sender,7,False,True,2,2.439228057861328,13.937919855117798,0.0009369850158691406,1.187168002128601,17.708997011184692,0,0,0.19653916358947754,0.058155059814453125,0.03585696220397949,0.011049032211303711,0.30160021781921387,0.08780799806118011,2.6420159339904785,2.7298240661621094
B-A,128,receiver,bulk,delay2,B,sender,8,False,True,2,2.456868886947632,13.98769998550415,0.0008780956268310547,1.177888035774231,17.759734869003296,0,0,0.19327187538146973,0.05788397789001465,0.03420400619506836,0.011344194412231445,0.2967040538787842,0.08681599795818329,2.657183885574341,2.74399995803833
B-A,128,receiver,bulk,delay2,B,sender,9,False,True,2,2.3285109996795654,13.99732494354248,0.0010941028594970703,1.2354880571365356,17.656780004501343,0,0,0.11430001258850098,0.056980133056640625,0.031479835510253906,0.010653018951416016,0.21341300010681152,0.08377599716186523,2.4499199390411377,2.533695936203003
B-A,128,receiver,bulk,delay2,B,sender,10,False,True,2,2.53210711479187,13.703143835067749,0.0008368492126464844,1.17740797996521,17.549678802490234,0,0,0.19565105438232422,0.058545827865600586,0.03379201889038086,0.010827064514160156,0.2988159656524658,0.08777599781751633,2.733952045440674,2.821727991104126
B-A,128,receiver,bulk,delay2,A,receiver,1,False,True,2,4.734411239624023,,0.0013890266418457031,0.5071359872817993,16.66349172592163,201433088,15.815507411956787,0.03712749481201172,0.012038230895996094,0.006480216979980469,11.329658031463623,11.385303974151611,0.041280001401901245,16.07561683654785,16.11689567565918
B-A,128,receiver,bulk,delay2,A,receiver,2,False,True,2,4.6988139152526855,,0.0015797615051269531,0.5223360061645508,16.546247005462646,201433088,15.799063682556152,0.06404733657836914,0.018396854400634766,0.01727008819580078,11.167384147644043,11.267098426818848,0.0414079986512661,15.91868782043457,15.96009635925293
B-A,128,receiver,bulk,delay2,A,receiver,3,False,True,2,4.793442726135254,,0.0016655921936035156,0.5002239942550659,16.709071159362793,201433088,15.78065013885498,0.059772491455078125,0.018461227416992188,0.01755523681640625,11.25886869430542,11.354657649993896,0.041760001331567764,16.103391647338867,16.145151138305664
B-A,128,receiver,bulk,delay2,A,receiver,4,False,True,2,4.764298915863037,,0.0015234947204589844,0.5505599975585938,16.781535148620605,201433088,15.80426025390625,0.03941154479980469,0.013051033020019531,0.0069522857666015625,11.36872911453247,11.428143978118896,0.041471999138593674,16.149280548095703,16.190752029418945
B-A,128,receiver,bulk,delay2,A,receiver,5,False,True,2,4.734894275665283,,0.0015587806701660156,0.5489599704742432,16.55869722366333,201433088,15.789120197296143,0.06219482421875,0.018503189086914062,0.01762533187866211,11.119211673736572,11.217535018920898,0.041471999138593674,15.907584190368652,15.949055671691895
B-A,128,receiver,bulk,delay2,A,receiver,6,False,True,2,4.621932029724121,,0.0013637542724609375,0.5016000270843506,16.685832977294922,201433088,15.82691764831543,0.03642988204956055,0.011829853057861328,0.006901741027832031,11.47163438796997,11.526795864105225,0.053119998425245285,16.093952178955078,16.147071838378906
B-A,128,receiver,bulk,delay2,A,receiver,7,False,True,2,4.675994396209717,,0.0014743804931640625,0.5041599869728088,16.6599440574646,201433088,15.832045078277588,0.037192344665527344,0.011822700500488281,0.0066013336181640625,11.387938976287842,11.443555355072021,0.04156799986958504,16.076095581054688,16.117664337158203
B-A,128,receiver,bulk,delay2,A,receiver,8,False,True,2,4.72428035736084,,0.0017466545104980469,0.5403199791908264,16.664035320281982,201433088,15.773863315582275,0.06360101699829102,0.018366336822509766,0.01749897003173828,11.240542888641357,11.340009212493896,0.0414079986512661,16.01785659790039,16.059263229370117
B-A,128,receiver,bulk,delay2,A,receiver,9,False,True,2,4.435418605804443,,0.0013332366943359375,0.49433600902557373,16.666025161743164,201433088,15.817816734313965,0.037676334381103516,0.012244701385498047,0.006748199462890625,11.642439365386963,11.699108600616455,0.041471999138593674,16.090656280517578,16.13212776184082
B-A,128,receiver,bulk,delay2,A,receiver,10,False,True,2,4.771139144897461,,0.0014905929565429688,0.5244479775428772,16.54055404663086,201433088,15.788665294647217,0.05593299865722656,0.018157958984375,0.017339706420898438,11.095458507537842,11.186889171600342,0.0414079986512661,15.910592079162598,15.95199966430664
B-A,128,receiver,bulk,jitter,B,sender,1,False,True,2.5340927211485855,3.136492967605591,13.270977973937988,0.0009207725524902344,1.5255999565124512,18.10106110572815,0,0,0.20046567916870117,0.06256604194641113,0.03465104103088379,0.011461973190307617,0.3091447353363037,0.09123200178146362,3.343008041381836,3.4342401027679443
B-A,128,receiver,bulk,jitter,B,sender,2,False,True,5.222379001172409,5.828212022781372,10.47812008857727,0.0009438991546630859,1.1814080476760864,17.623738288879395,0,0,0.20264196395874023,0.0595548152923584,0.034420013427734375,0.012566089630126953,0.30918288230895996,0.08828800171613693,6.0378241539001465,6.12611198425293
B-A,128,receiver,bulk,jitter,B,sender,3,False,True,4.326084879984424,4.991981744766235,11.463438272476196,0.00098419189453125,1.1867200136184692,17.77815079689026,0,0,0.4784820079803467,0.08550906181335449,0.11113977432250977,0.01147913932800293,0.6866099834442139,0.45184001326560974,5.208960056304932,5.660799980163574
B-A,128,receiver,bulk,jitter,B,sender,4,False,True,0.7541135393378937,1.3322041034698486,15.236146926879883,0.0009241104125976562,1.221119999885559,17.932456016540527,0,0,0.177933931350708,0.05742812156677246,0.03293800354003906,0.011839866638183594,0.2801399230957031,0.08495999872684479,1.5161279439926147,1.601088047027588
B-A,128,receiver,bulk,jitter,B,sender,5,False,True,6.043149268795994,6.6352739334106445,9.795485973358154,0.000949859619140625,1.1743680238723755,17.741611003875732,0,0,0.19877195358276367,0.05745100975036621,0.033464908599853516,0.01233220100402832,0.3020200729370117,0.08569599688053131,6.841472148895264,6.927167892456055
B-A,128,receiver,bulk,jitter,B,sender,6,False,True,3.410269492568421,3.938138008117676,12.34373688697815,0.0009930133819580078,1.1803840398788452,17.597415924072266,0,0,0.19264006614685059,0.057186126708984375,0.03397560119628906,0.010886192321777344,0.29468798637390137,0.08550400286912918,4.137472152709961,4.222976207733154
B-A,128,receiver,bulk,jitter,B,sender,7,False,True,7.309609473224523,7.9362170696258545,8.416481971740723,0.0009412765502929688,1.1824640035629272,17.795680046081543,0,0,0.19838285446166992,0.05842113494873047,0.035774946212768555,0.012295961380004883,0.30487489700317383,0.08777599781751633,8.141568183898926,8.229344367980957
B-A,128,receiver,bulk,jitter,B,sender,8,False,True,6.863383166306405,7.489201068878174,8.816640853881836,0.0009570121765136719,1.1738560199737549,17.616064071655273,0,0,0.21271729469299316,0.05831575393676758,0.03479623794555664,0.012193918228149414,0.3180232048034668,0.08726400136947632,7.70911979675293,7.796383857727051
B-A,128,receiver,bulk,jitter,B,sender,9,False,True,6.068365934773473,6.682697057723999,9.59394907951355,0.0009107589721679688,1.2007999420166016,17.614230155944824,0,0,0.2108142375946045,0.06002378463745117,0.0349278450012207,0.012240171432495117,0.3180060386657715,0.08947200328111649,6.901088237762451,6.990560054779053
B-A,128,receiver,bulk,jitter,B,sender,10,False,True,7.586095623262511,8.202497959136963,8.050733089447021,0.0009160041809082031,1.2034879922866821,17.59288501739502,0,0,0.19526886940002441,0.05890083312988281,0.03388619422912598,0.011925935745239258,0.29998183250427246,0.0872960016131401,8.404191970825195,8.491488456726074
B-A,128,receiver,bulk,jitter,A,receiver,1,False,True,2.5340927211485855,5.373263359069824,,0.0015311241149902344,0.5919359922409058,16.75525712966919,201433088,15.780491828918457,0.06245136260986328,0.01767873764038086,0.017431259155273438,10.633028030395508,10.730589389801025,0.041728001087903976,16.05855941772461,16.10028839111328
B-A,128,receiver,bulk,jitter,A,receiver,2,False,True,5.222379001172409,8.092963218688965,,0.00177001953125,0.5025920271873474,16.574148178100586,201433088,15.839910984039307,0.06037187576293945,0.036098480224609375,0.038945674896240234,7.777400016784668,7.912816047668457,0.041728001087903976,15.958271980285645,16.0
B-A,128,receiver,bulk,jitter,A,receiver,3,False,True,4.326084879984424,7.572923183441162,,0.0017881393432617188,0.5352320075035095,16.726445198059082,201433088,15.816939353942871,0.060268402099609375,0.017901897430419922,0.01770782470703125,8.461474895477295,8.557353019714355,0.04156799986958504,16.08438491821289,16.125951766967773
B-A,128,receiver,bulk,jitter,A,receiver,4,False,True,0.7541135393378937,3.4976553916931152,,0.0017027854919433594,0.5284479856491089,16.714170455932617,201433088,15.815505504608154,0.057600975036621094,0.01747894287109375,0.017393112182617188,12.536356925964355,12.628829956054688,0.04169600084424019,16.08016014099121,16.121856689453125
B-A,128,receiver,bulk,jitter,A,receiver,5,False,True,6.043149268795994,8.82505989074707,,0.0012826919555664062,0.4904640018939972,16.64230489730835,201433088,15.811945915222168,0.030475139617919922,0.00904083251953125,0.007050037384033203,7.248647689819336,7.29521369934082,0.042208001017570496,16.075647354125977,16.117855072021484
B-A,128,receiver,bulk,jitter,A,receiver,6,False,True,3.410269492568421,6.18197774887085,,0.0017042160034179688,0.5188480019569397,16.598084926605225,201433088,15.773381233215332,0.06271076202392578,0.017576217651367188,0.017400264739990234,9.739697933197021,9.837385177612305,0.042080000042915344,15.972000122070312,16.014080047607422
B-A,128,receiver,bulk,jitter,A,receiver,7,False,True,7.309609473224523,10.152029514312744,,0.0018162727355957031,0.5012800097465515,16.546042442321777,201433088,15.788503646850586,0.06539678573608398,0.017516613006591797,0.017831802368164062,5.724337100982666,5.825082302093506,0.042208001017570496,15.931903839111328,15.974111557006836
B-A,128,receiver,bulk,jitter,A,receiver,8,False,True,6.863383166306405,9.720737934112549,,0.0016636848449707031,0.5050879716873169,16.560117721557617,201433088,15.786219120025635,0.05834817886352539,0.017625808715820312,0.01751995086669922,6.171424388885498,6.264918327331543,0.042208001017570496,15.940832138061523,15.983039855957031
B-A,128,receiver,bulk,jitter,A,receiver,9,False,True,6.068365934773473,8.886356830596924,,0.001491546630859375,0.49875199794769287,16.505351543426514,201433088,15.806745529174805,0.03706216812133789,0.011615753173828125,0.006993293762207031,7.02975606918335,7.085427284240723,0.0414079986512661,15.92636775970459,15.96777629852295
B-A,128,receiver,bulk,jitter,A,receiver,10,False,True,7.586095623262511,10.405868530273438,,0.0013408660888671875,0.49798399209976196,16.49237298965454,201433088,15.792440414428711,0.03517341613769531,0.01132059097290039,0.006633281707763672,5.499459266662598,5.552586555480957,0.04188799858093262,15.915552139282227,15.957440376281738
B-A,128,receiver,chunk,zero,B,sender,1,False,True,0,0.4108240604400635,3.2538979053497314,0.0009241104125976562,1.1912000179290771,5.004041910171509,0,0,0.17992329597473145,0.05642867088317871,0.03434038162231445,0.0116119384765625,0.2823042869567871,0.08428800106048584,0.5969280004501343,0.6812160015106201
B-A,128,receiver,chunk,zero,B,sender,2,False,True,0,0.4021871089935303,2.626692771911621,0.0009229183197021484,1.2240959405899048,4.39788293838501,0,0,0.17860198020935059,0.0572810173034668,0.03246808052062988,0.010931015014648438,0.2792820930480957,0.08380799740552902,0.5868160128593445,0.6706240177154541
B-A,128,receiver,chunk,zero,B,sender,3,False,True,0,0.39650988578796387,3.264273166656494,0.0009729862213134766,1.2993600368499756,5.094070911407471,0,0,0.17864489555358887,0.07083320617675781,0.03206896781921387,0.018322229385375977,0.2998692989349365,0.09779199957847595,0.5814399719238281,0.6792320013046265
B-A,128,receiver,chunk,zero,B,sender,4,False,True,0,0.3864097595214844,3.3712873458862305,0.0009448528289794922,1.2044800519943237,5.098927021026611,0,0,0.1787731647491455,0.05488395690917969,0.03238701820373535,0.011177778244018555,0.2772219181060791,0.08182399719953537,0.5709440112113953,0.6527680158615112
B-A,128,receiver,chunk,zero,B,sender,5,False,True,0,0.40971899032592773,2.5821950435638428,0.0009510517120361328,1.181056022644043,4.308651924133301,0,0,0.17754387855529785,0.0556790828704834,0.033273935317993164,0.010689020156860352,0.27718591690063477,0.08316799998283386,0.5930879712104797,0.676256000995636
B-A,128,receiver,chunk,zero,B,sender,6,False,True,0,0.48015403747558594,3.3699700832366943,0.0009441375732421875,1.1800960302352905,5.164867877960205,0,0,0.17643213272094727,0.05526375770568848,0.033428192138671875,0.010832786560058594,0.2759568691253662,0.08284799754619598,0.6622080206871033,0.7450559735298157
B-A,128,receiver,chunk,zero,B,sender,7,False,True,0,0.3991541862487793,2.900282859802246,0.0009419918060302734,1.1826560497283936,4.617740154266357,0,0,0.17649197578430176,0.05524802207946777,0.03185296058654785,0.011013984680175781,0.27460694313049316,0.0835840031504631,0.5820159912109375,0.6656000018119812
B-A,128,receiver,chunk,zero,B,sender,8,False,True,0,0.42957425117492676,2.908721923828125,0.0009720325469970703,1.1875200271606445,4.667884111404419,0,0,0.17951297760009766,0.05511307716369629,0.03427886962890625,0.01085805892944336,0.27976298332214355,0.08265600353479385,0.6154239773750305,0.6980800032615662
B-A,128,receiver,chunk,zero,B,sender,9,False,True,0,0.47437214851379395,3.089491844177246,0.0009291172027587891,1.2097599506378174,4.914421081542969,0,0,0.2103099822998047,0.32061100006103516,0.15227985382080078,0.013080358505249023,0.6962811946868896,0.4545919895172119,0.6903679966926575,1.1449600458145142
B-A,128,receiver,chunk,zero,B,sender,10,False,True,0,0.37700915336608887,2.9224319458007812,0.0009472370147705078,1.2385280132293701,4.677027225494385,0,0,0.17932701110839844,0.07614612579345703,0.03373384475708008,0.012098073959350586,0.30130505561828613,0.10409600287675858,0.5626879930496216,0.6667839884757996
B-A,128,receiver,chunk,zero,A,receiver,1,False,True,0,2.59171199798584,,13.734830856323242,0.8893439769744873,18.028103828430176,201433088,16.791101932525635,0.06572723388671875,0.018105030059814453,0.017445087432861328,0.5716538429260254,0.6729311943054199,0.04198399931192398,3.219935894012451,3.2619199752807617
B-A,128,receiver,chunk,zero,A,receiver,2,False,True,0,2.569131851196289,,15.735549926757812,0.5300480127334595,19.024144649505615,201433088,18.145495414733887,0.0376739501953125,0.011945247650146484,0.006660938262939453,0.09408378601074219,0.15036392211914062,0.04163200035691261,2.6763839721679688,2.7180159091949463
B-A,128,receiver,chunk,zero,A,receiver,3,False,True,0,2.5920848846435547,,13.732386112213135,0.7838720083236694,17.928882598876953,201433088,16.77298879623413,0.053476810455322266,0.014590263366699219,0.017463207244873047,0.5959639549255371,0.6814942359924316,0.04188799858093262,3.2342400550842285,3.276128053665161
B-A,128,receiver,chunk,zero,A,receiver,4,False,True,0,2.555624008178711,,13.814945220947266,0.8704320192337036,18.19878625869751,201433088,17.002479553222656,0.08080434799194336,0.030980587005615234,0.034433841705322266,0.6664905548095703,0.8127093315124512,0.7118399739265442,2.6377599239349365,3.349600076675415
B-A,128,receiver,chunk,zero,A,receiver,5,False,True,0,2.5591630935668945,,15.137168407440186,0.5042240023612976,18.359917163848877,201433088,17.516575813293457,0.0390167236328125,0.012522220611572266,0.006632804870605469,0.06100749969482422,0.11917924880981445,0.04150399938225746,2.6347200870513916,2.6762239933013916
B-A,128,receiver,chunk,zero,A,receiver,6,False,True,0,2.6318068504333496,,13.831891059875488,0.8208960294723511,18.239176750183105,201433088,17.045090198516846,0.1067800521850586,0.016548633575439453,0.02081441879272461,0.6616878509521484,0.8058309555053711,0.7208960056304932,2.7150719165802,3.4359679222106934
B-A,128,receiver,chunk,zero,A,receiver,7,False,True,0,2.5520615577697754,,13.907071590423584,0.5139520168304443,17.445351123809814,201433088,16.803171634674072,0.03738117218017578,0.01203775405883789,0.006960391998291016,0.3568434715270996,0.4132227897644043,0.0414079986512661,2.921760082244873,2.963167905807495
B-A,128,receiver,chunk,zero,A,receiver,8,False,True,0,2.586477756500244,,13.875916957855225,0.4891200065612793,17.4337477684021,201433088,16.798725128173828,0.03780031204223633,0.012201786041259766,0.006821632385253906,0.36429929733276367,0.42112302780151367,0.04131200164556503,2.9636800289154053,3.0049920082092285
B-A,128,receiver,chunk,zero,A,receiver,9,False,True,0,3.061373710632324,,13.806516647338867,0.5037440061569214,17.57364273071289,201433088,16.931143283843994,0.10771894454956055,0.013507366180419922,0.025002479553222656,0.017649173736572266,0.1638779640197754,0.055615998804569244,3.1672959327697754,3.222912073135376
B-A,128,receiver,chunk,zero,A,receiver,10,False,True,0,2.5814313888549805,,14.02187442779541,0.499424010515213,17.576585292816162,201433088,16.92471170425415,0.03753995895385742,0.012151241302490234,0.0067501068115234375,0.37940359115600586,0.43584489822387695,0.04124800115823746,2.974623918533325,3.015872001647949
B-A,128,receiver,chunk,delay2,B,sender,1,False,True,2,2.4321300983428955,2.8557419776916504,0.0007889270782470703,1.2362879514694214,6.612523078918457,0,0,0.1811542510986328,0.05787181854248047,0.032553911209106445,0.011198043823242188,0.2827780246734619,0.08470399677753448,2.6195199489593506,2.704224109649658
B-A,128,receiver,chunk,delay2,B,sender,2,False,True,2,2.5416219234466553,2.796236991882324,0.000926971435546875,1.2069120407104492,6.680494070053101,0,0,0.17861390113830566,0.05719184875488281,0.03284025192260742,0.010957002639770508,0.2796030044555664,0.08419200032949448,2.7267839908599854,2.810976028442383
B-A,128,receiver,chunk,delay2,B,sender,3,False,True,2,2.557814836502075,2.7907700538635254,0.0009639263153076172,1.1984319686889648,6.683145046234131,0,0,0.2877769470214844,0.09335899353027344,0.03793597221374512,0.01038217544555664,0.42945408821105957,0.14099200069904327,2.835616111755371,2.9766080379486084
B-A,128,receiver,chunk,delay2,B,sender,4,False,True,2,2.62153697013855,2.8689608573913574,0.0009400844573974609,1.1872320175170898,6.813591003417969,0,0,0.193925142288208,0.05779290199279785,0.036154985427856445,0.011141061782836914,0.2990140914916992,0.08790399879217148,2.821536064147949,2.909440040588379
B-A,128,receiver,chunk,delay2,B,sender,5,False,True,2,2.5248749256134033,2.6588540077209473,0.0009160041809082031,1.1876800060272217,6.5063910484313965,0,0,0.19489407539367676,0.05793499946594238,0.035430908203125,0.010843276977539062,0.2991032600402832,0.08774399757385254,2.7261440753936768,2.8138880729675293
B-A,128,receiver,chunk,delay2,B,sender,6,False,True,2,2.513261079788208,2.6964519023895264,0.0009648799896240234,1.1964800357818604,6.548904895782471,0,0,0.19500494003295898,0.05830121040344238,0.03619503974914551,0.011255025863647461,0.30075621604919434,0.08822400122880936,2.7150719165802,2.8032960891723633
B-A,128,receiver,chunk,delay2,B,sender,7,False,True,2,2.5078060626983643,3.132004976272583,0.001004934310913086,1.1771199703216553,6.952985048294067,0,0,0.2019209861755371,0.06044721603393555,0.034320831298828125,0.012171030044555664,0.30886006355285645,0.08915200084447861,2.7158079147338867,2.804960012435913
B-A,128,receiver,chunk,delay2,B,sender,8,False,True,2,2.5109357833862305,3.238805055618286,0.0009789466857910156,1.1771199703216553,7.069807767868042,0,0,0.19502615928649902,0.058132171630859375,0.03463101387023926,0.010626792907714844,0.2984161376953125,0.08748800307512283,2.7124478816986084,2.799936056137085
B-A,128,receiver,chunk,delay2,B,sender,9,False,True,2,2.615805149078369,2.785066843032837,0.0009520053863525391,1.1857919692993164,6.723150014877319,0,0,0.19475197792053223,0.05799293518066406,0.03361320495605469,0.010840892791748047,0.297199010848999,0.08636800199747086,2.817631959915161,2.9040000438690186
B-A,128,receiver,chunk,delay2,B,sender,10,False,True,2,2.54011607170105,2.8507769107818604,0.0009281635284423828,1.196287989616394,6.74071192741394,0,0,0.20230889320373535,0.07534623146057129,0.03596997261047363,0.011475086212158203,0.3251001834869385,0.10524799674749374,2.748512029647827,2.853760004043579
B-A,128,receiver,chunk,delay2,A,receiver,1,False,True,2,4.662674903869629,,11.871081829071045,0.826528012752533,17.87655019760132,201433088,16.876326084136963,0.06089305877685547,0.01921844482421875,0.01788806915283203,0.35268497467041016,0.4506845474243164,0.042208001017570496,5.069727897644043,5.111936092376709
B-A,128,receiver,chunk,delay2,A,receiver,2,False,True,2,4.7278571128845215,,11.797171592712402,0.5385599732398987,17.430153846740723,201433088,16.764174938201904,0.03745889663696289,0.012465953826904297,0.006928920745849609,0.2720222473144531,0.3288760185241699,0.041600000113248825,5.013823986053467,5.055424213409424
B-A,128,receiver,chunk,delay2,A,receiver,3,False,True,2,4.875892639160156,,11.798914909362793,0.49033600091934204,17.366175174713135,201433088,16.735153198242188,0.037247657775878906,0.011913299560546875,0.0071048736572265625,0.10534286499023438,0.16160869598388672,0.04131200164556503,4.993631839752197,5.0349440574646
B-A,128,receiver,chunk,delay2,A,receiver,4,False,True,2,4.805733680725098,,11.777929782867432,0.5065919756889343,17.492772579193115,201433088,16.801771640777588,0.037055015563964844,0.012041568756103516,0.0066738128662109375,0.3096895217895508,0.3654599189758301,0.041600000113248825,5.127327919006348,5.168928146362305
B-A,128,receiver,chunk,delay2,A,receiver,5,False,True,2,4.741570949554443,,12.367216110229492,0.7537599802017212,18.08070468902588,201433088,17.035229206085205,0.05363941192626953,0.01481771469116211,0.017434120178222656,0.05352592468261719,0.13941717147827148,0.042208001017570496,4.838496208190918,4.880703926086426
B-A,128,receiver,chunk,delay2,A,receiver,6,False,True,2,4.741426944732666,,12.396170616149902,0.7740799784660339,18.161653995513916,201433088,17.103222370147705,0.05274200439453125,0.01447439193725586,0.017267704010009766,0.10320806503295898,0.18769216537475586,0.042208001017570496,4.883967876434326,4.926176071166992
B-A,128,receiver,chunk,delay2,A,receiver,7,False,True,2,4.771460056304932,,11.70358657836914,0.6064959764480591,17.734760761260986,201433088,16.783729553222656,0.05798768997192383,0.01574420928955078,0.017540931701660156,0.49457502365112305,0.5858478546142578,0.04224000126123428,5.312831878662109,5.355072021484375
B-A,128,receiver,chunk,delay2,A,receiver,8,False,True,2,4.757211208343506,,11.706018924713135,0.60835200548172,17.832816123962402,201433088,16.949055671691895,0.06802797317504883,0.014571189880371094,0.01800823211669922,0.5985393524169922,0.6991467475891113,0.04214400053024292,5.411168098449707,5.453311920166016
B-A,128,receiver,chunk,delay2,A,receiver,9,False,True,2,4.811956882476807,,12.40989065170288,0.8028799891471863,18.364916801452637,201433088,17.219040870666504,0.06314516067504883,0.018540382385253906,0.017446041107177734,0.17729663848876953,0.27642822265625,0.04214400053024292,5.044095993041992,5.086239814758301
B-A,128,receiver,chunk,delay2,A,receiver,10,False,True,2,4.783854961395264,,11.713873863220215,0.5157759785652161,17.385986804962158,201433088,16.69814395904541,0.03699779510498047,0.012084007263183594,0.00644683837890625,0.2788820266723633,0.3344106674194336,0.041760001331567764,5.07539176940918,5.117152214050293
B-A,128,receiver,chunk,jitter,B,sender,1,False,True,7.152050519510666,7.73930811882019,2.846230983734131,0.0009119510650634766,1.183519959449768,11.90616512298584,0,0,0.19943714141845703,0.06814098358154297,0.03474998474121094,0.011028766632080078,0.313356876373291,0.09782399982213974,7.945216178894043,8.04304027557373
B-A,128,receiver,chunk,jitter,B,sender,2,False,True,1.0845506341535724,1.6173431873321533,3.110358953475952,0.000926971435546875,1.23471999168396,6.1065123081207275,0,0,0.48963093757629395,0.09957194328308105,0.11203813552856445,0.012011051177978516,0.713252067565918,0.476608008146286,1.835487961769104,2.312096118927002
B-A,128,receiver,chunk,jitter,B,sender,3,False,True,3.1067720022985217,3.6972429752349854,3.317282199859619,0.0009438991546630859,1.2707200050354004,8.424442052841187,0,0,0.4531369209289551,0.09647011756896973,0.11906909942626953,0.01188802719116211,0.6805641651153564,0.45468801259994507,3.9051198959350586,4.359807968139648
B-A,128,receiver,chunk,jitter,B,sender,4,False,True,1.841354930115397,2.439517021179199,2.863245964050293,0.000926971435546875,1.8362879753112793,7.277029991149902,0,0,0.19180607795715332,0.06418919563293457,0.0342707633972168,0.010931253433227539,0.3011972904205322,0.09318400174379349,2.6379199028015137,2.7311038970947266
B-A,128,receiver,chunk,jitter,B,sender,5,False,True,4.850417785749867,5.35719895362854,2.909512758255005,0.0009438991546630859,1.2149759531021118,9.624072790145874,0,0,0.19998383522033691,0.058712005615234375,0.034835100173950195,0.011894941329956055,0.30542588233947754,0.0872960016131401,5.564095973968506,5.651391983032227
B-A,128,receiver,chunk,jitter,B,sender,6,False,True,5.547569961709336,6.128940105438232,2.6256630420684814,0.0009667873382568359,1.2784639596939087,10.172519207000732,0,0,0.19445490837097168,0.06939506530761719,0.03506183624267578,0.010955095291137695,0.30986690521240234,0.09955199807882309,6.330272197723389,6.429823875427246
B-A,128,receiver,chunk,jitter,B,sender,7,False,True,5.09907945249268,5.699548006057739,3.0806589126586914,0.0008909702301025391,1.1898560523986816,10.108350038528442,0,0,0.20157408714294434,0.05800199508666992,0.03417205810546875,0.012871980667114258,0.30662012100219727,0.08681599795818329,5.907968044281006,5.994783878326416
B-A,128,receiver,chunk,jitter,B,sender,8,False,True,5.59463255884629,6.1843421459198,2.6450607776641846,0.0009431838989257812,1.2017920017242432,10.169332027435303,0,0,0.20183491706848145,0.057991981506347656,0.034310102462768555,0.010815858840942383,0.30495285987854004,0.08691199868917465,6.393216133117676,6.480127811431885
B-A,128,receiver,chunk,jitter,B,sender,9,False,True,3.3761313885428477,3.8807339668273926,2.8143179416656494,0.0009119510650634766,1.3394240140914917,8.198637008666992,0,0,0.19412016868591309,0.0737009048461914,0.051136016845703125,0.011497020721435547,0.33045411109924316,0.11974400281906128,4.081759929656982,4.201504230499268
B-A,128,receiver,chunk,jitter,B,sender,10,False,True,6.609753668546425,7.196245908737183,3.1280369758605957,0.0009148120880126953,1.1941440105438232,11.911848068237305,0,0,0.19618892669677734,0.05999112129211426,0.03359794616699219,0.011130094528198242,0.30090808868408203,0.08902399986982346,7.398848056793213,7.487872123718262
B-A,128,receiver,chunk,jitter,A,receiver,1,False,True,7.152050519510666,10.015475273132324,,6.859348773956299,0.7907519936561584,18.002246856689453,201433088,16.911767959594727,0.05453777313232422,0.01570606231689453,0.017490863800048828,0.14981889724731445,0.23755359649658203,0.04198399931192398,10.210783958435059,10.252767562866211
B-A,128,receiver,chunk,jitter,A,receiver,2,False,True,1.0845506341535724,4.274849891662598,,12.385318279266357,0.5278400182723999,17.412553310394287,201433088,16.71756601333618,0.04628181457519531,0.011694908142089844,0.006722927093505859,0.1212611198425293,0.1859607696533203,0.041471999138593674,4.416863918304443,4.458335876464844
B-A,128,receiver,chunk,jitter,A,receiver,3,False,True,3.1067720022985217,6.309891700744629,,10.41793155670166,0.4902400076389313,17.696508407592773,201433088,16.91475534439087,0.036531925201416016,0.011739730834960938,0.006616115570068359,0.38730430603027344,0.44219207763671875,0.04156799986958504,6.709184169769287,6.750751972198486
B-A,128,receiver,chunk,jitter,A,receiver,4,False,True,1.841354930115397,4.647559642791748,,12.445466041564941,0.917792022228241,18.428664684295654,201433088,17.201164722442627,0.055031776428222656,0.01529836654663086,0.01756000518798828,0.2612628936767578,0.3491530418395996,0.042047999799251556,4.952032089233398,4.994080066680908
B-A,128,receiver,chunk,jitter,A,receiver,5,False,True,4.850417785749867,7.60319709777832,,9.857017040252686,0.7492480278015137,18.668333053588867,201433088,17.575951099395752,0.057641029357910156,0.019482135772705078,0.017339706420898438,0.3022141456604004,0.39667701721191406,0.04182400181889534,7.938975811004639,7.980800151824951
B-A,128,receiver,chunk,jitter,A,receiver,6,False,True,5.547569961709336,8.360679626464844,,8.446872234344482,0.5279679894447327,17.506221771240234,201433088,16.80109405517578,0.038399696350097656,0.012047290802001953,0.006826877593994141,0.06476306915283203,0.12203693389892578,0.04131200164556503,8.439071655273438,8.48038387298584
B-A,128,receiver,chunk,jitter,A,receiver,7,False,True,5.09907945249268,7.918324947357178,,8.439739227294922,0.49852800369262695,17.48610019683838,201433088,16.826109886169434,0.03829765319824219,0.012417316436767578,0.006529808044433594,0.5229463577270508,0.5801911354064941,0.041471999138593674,8.455679893493652,8.497152328491211
B-A,128,receiver,chunk,jitter,A,receiver,8,False,True,5.59463255884629,8.41101598739624,,8.381890773773193,0.49641600251197815,17.485748291015625,201433088,16.82916259765625,0.056258201599121094,0.013431072235107422,0.01848745346069336,0.04220104217529297,0.13037776947021484,0.07135999947786331,8.451135635375977,8.522496223449707
B-A,128,receiver,chunk,jitter,A,receiver,9,False,True,3.3761313885428477,6.190793037414551,,10.44044542312622,0.5231040120124817,17.4848690032959,201433088,16.803429126739502,0.03758955001831055,0.012280464172363281,0.006808280944824219,0.2379007339477539,0.29457902908325195,0.0414079986512661,6.441184043884277,6.4825921058654785
B-A,128,receiver,chunk,jitter,A,receiver,10,False,True,6.609753668546425,9.412714958190918,,6.838922500610352,0.5081920027732849,17.4470157623291,201433088,16.7181715965271,0.038064002990722656,0.012254714965820312,0.006865501403808594,0.4686756134033203,0.5258598327636719,0.04153599962592125,9.891936302185059,9.9334716796875
B-A,128,receiver,window2,zero,B,sender,1,False,True,0,0.3745460510253906,3.1119821071624756,0.0009431838989257812,1.5767040252685547,5.20602011680603,0,0,0.18454599380493164,0.05500483512878418,0.03334212303161621,0.011265039443969727,0.28415799140930176,0.08246400207281113,0.5646719932556152,0.6471359729766846
B-A,128,receiver,window2,zero,B,sender,2,False,True,0,0.37932682037353516,3.0957210063934326,0.0009548664093017578,1.1910079717636108,4.801858901977539,0,0,0.1773979663848877,0.054853200912475586,0.03386402130126953,0.011562824249267578,0.2776780128479004,0.08224000036716461,0.5631359815597534,0.6453760266304016
B-A,128,receiver,window2,zero,B,sender,3,False,True,0,0.3626101016998291,3.165673017501831,0.00096893310546875,1.191872000694275,4.862637996673584,0,0,0.17680597305297852,0.054994821548461914,0.03272294998168945,0.011054039001464844,0.2755777835845947,0.08236800134181976,0.5454400181770325,0.6278079748153687
B-A,128,receiver,window2,zero,B,sender,4,False,True,0,0.3626668453216553,3.1282660961151123,0.0009698867797851562,1.202720046043396,4.840290784835815,0,0,0.19412708282470703,0.12247967720031738,0.08228707313537598,0.019234180450439453,0.41812801361083984,0.1947840005159378,0.5627840161323547,0.7575680017471313
B-A,128,receiver,window2,zero,B,sender,5,False,True,0,0.3676578998565674,3.0915372371673584,0.0009429454803466797,1.229375958442688,4.817803144454956,0,0,0.1767101287841797,0.05490398406982422,0.032671213150024414,0.011191844940185547,0.27547717094421387,0.08169600367546082,0.49983999133110046,0.5815359950065613
B-A,128,receiver,window2,zero,B,sender,6,False,True,0,0.3538188934326172,3.1214871406555176,0.0010249614715576172,1.2524800300598145,4.871321201324463,0,0,0.1766500473022461,0.0554959774017334,0.03266501426696777,0.011331796646118164,0.27614283561706543,0.08390399813652039,0.5545920133590698,0.6384959816932678
B-A,128,receiver,window2,zero,B,sender,7,False,True,0,0.40022921562194824,3.1499860286712646,0.0009360313415527344,1.2151999473571777,4.900292158126831,0,0,0.17705893516540527,0.054444074630737305,0.032460927963256836,0.011074066162109375,0.2750380039215088,0.08217599987983704,0.5838720202445984,0.666047990322113
B-A,128,receiver,window2,zero,B,sender,8,False,True,0,0.38912391662597656,3.060866117477417,0.0009582042694091797,1.227679967880249,4.983999967575073,0,0,0.17768502235412598,0.055116891860961914,0.032904863357543945,0.010883092880249023,0.27658987045288086,0.08367999643087387,0.5729280114173889,0.656607985496521
B-A,128,receiver,window2,zero,B,sender,9,False,True,0,0.37192797660827637,3.1110711097717285,0.0009398460388183594,1.1907520294189453,4.8089070320129395,0,0,0.17575502395629883,0.055010080337524414,0.03212714195251465,0.010987997055053711,0.2738802433013916,0.08204799890518188,0.5537919998168945,0.6358399987220764
B-A,128,receiver,window2,zero,B,sender,10,False,True,0,0.3762340545654297,3.118591070175171,0.0009138584136962891,1.1887359619140625,4.840651035308838,0,0,0.1792011260986328,0.055294036865234375,0.03533482551574707,0.010982036590576172,0.28081202507019043,0.08432000130414963,0.5611199736595154,0.6454399824142456
B-A,128,receiver,window2,zero,A,receiver,1,False,True,0,2.600770950317383,,13.550291538238525,0.525056004524231,17.356755256652832,201433088,16.432491779327393,0.0364227294921875,0.011172771453857422,0.006519317626953125,0.5691089630126953,0.6232237815856934,0.04156799986958504,3.175935983657837,3.2175040245056152
B-A,128,receiver,window2,zero,A,receiver,2,False,True,0,2.5672502517700195,,13.80500602722168,0.5361599922180176,17.57741355895996,201433088,16.75636100769043,0.037618160247802734,0.011260032653808594,0.0065670013427734375,0.5740900039672852,0.6295351982116699,0.04163200035691261,3.1463680267333984,3.187999963760376
B-A,128,receiver,window2,zero,A,receiver,3,False,True,0,2.557474136352539,,13.29690408706665,0.8447039723396301,17.45023202896118,201433088,16.311481475830078,0.05504894256591797,0.013699054718017578,0.01750326156616211,0.5371170043945312,0.6233682632446289,0.041760001331567764,3.1365439891815186,3.1783039569854736
B-A,128,receiver,window2,zero,A,receiver,4,False,True,0,2.737978935241699,,13.283456802368164,0.7272639870643616,17.285982608795166,201433088,16.254345893859863,0.05524396896362305,0.014018058776855469,0.0173797607421875,0.35111427307128906,0.4377560615539551,0.042047999799251556,3.10697603225708,3.14902400970459
B-A,128,receiver,window2,zero,A,receiver,5,False,True,0,2.5689520835876465,,13.553215503692627,0.5020800232887268,17.296791076660156,201433088,16.440485954284668,0.0487518310546875,0.011539459228515625,0.006857872009277344,0.545651912689209,0.6128010749816895,0.04153599962592125,3.137279987335205,3.178816080093384
B-A,128,receiver,window2,zero,A,receiver,6,False,True,0,2.566100597381592,,13.29958438873291,0.7384960055351257,17.316357612609863,201433088,16.278807163238525,0.05243206024169922,0.013879776000976562,0.017644882202148438,0.5065517425537109,0.5905084609985352,0.04201599955558777,3.1112000942230225,3.1532158851623535
B-A,128,receiver,window2,zero,A,receiver,7,False,True,0,2.5765981674194336,,13.449850082397461,0.8156160116195679,17.581357955932617,201433088,16.458088874816895,0.05470895767211914,0.016994953155517578,0.01750946044921875,0.5254392623901367,0.6146526336669922,0.041919998824596405,3.140223979949951,3.1821439266204834
B-A,128,receiver,window2,zero,A,receiver,8,False,True,0,2.563566207885742,,13.359971046447754,0.6454079747200012,17.034185886383057,201433088,16.20500135421753,0.03980064392089844,0.012349128723144531,0.007269859313964844,0.34464597702026367,0.4040656089782715,0.04137599840760231,2.924351930618286,2.9657280445098877
B-A,128,receiver,window2,zero,A,receiver,9,False,True,0,2.5561766624450684,,13.293667316436768,0.7570880055427551,17.30557632446289,201433088,16.23641538619995,0.10824441909790039,0.01458883285522461,0.018068313598632812,0.42899274826049805,0.5698943138122559,0.042208001017570496,3.0729920864105225,3.1152000427246094
B-A,128,receiver,window2,zero,A,receiver,10,False,True,0,2.573179244995117,,13.287972927093506,0.7662720084190369,17.322128295898438,201433088,16.25855779647827,0.05564403533935547,0.014257431030273438,0.017089366912841797,0.5085964202880859,0.5955872535705566,0.04214400053024292,3.0992960929870605,3.141439914703369
B-A,128,receiver,window2,delay2,B,sender,1,False,True,2,2.383531093597412,3.59366512298584,0.0009429454803466797,1.1827839612960815,7.297115325927734,0,0,0.5249826908111572,0.061489105224609375,0.057433128356933594,0.012590885162353516,0.6564958095550537,0.10943999886512756,2.92905592918396,3.0384960174560547
B-A,128,receiver,window2,delay2,B,sender,2,False,True,2,2.519615888595581,3.669962167739868,0.0009579658508300781,1.192352056503296,7.517621994018555,0,0,0.2096869945526123,0.06207108497619629,0.038461923599243164,0.011954069137573242,0.322174072265625,0.09481599926948547,2.7360639572143555,2.8308799266815186
B-A,128,receiver,window2,delay2,B,sender,3,False,True,2,2.448606252670288,3.6016969680786133,0.0008523464202880859,1.4438079595565796,7.639400959014893,0,0,0.20140314102172852,0.05946087837219238,0.03435802459716797,0.01070713996887207,0.30592918395996094,0.08867199718952179,2.6567039489746094,2.7453761100769043
B-A,128,receiver,window2,delay2,B,sender,4,False,True,2,2.528106927871704,3.9085330963134766,0.0009851455688476562,1.2719999551773071,7.853632926940918,0,0,0.19564604759216309,0.06464695930480957,0.03474783897399902,0.010682106018066406,0.3057229518890381,0.09292799979448318,2.730463981628418,2.823391914367676
B-A,128,receiver,window2,delay2,B,sender,5,False,True,2,2.517035961151123,3.7762749195098877,0.0010089874267578125,1.1847039461135864,7.620463848114014,0,0,0.19524502754211426,0.05811905860900879,0.03397083282470703,0.010767936706542969,0.29810285568237305,0.08656000345945358,2.719167947769165,2.805727958679199
B-A,128,receiver,window2,delay2,B,sender,6,False,True,2,2.4349100589752197,3.770427942276001,0.0008521080017089844,1.1799360513687134,7.509339094161987,0,0,0.1912980079650879,0.05771684646606445,0.033451080322265625,0.011929035186767578,0.29439496994018555,0.0854400023818016,2.6325440406799316,2.7179839611053467
B-A,128,receiver,window2,delay2,B,sender,7,False,True,2,2.4363529682159424,3.443058967590332,0.000949859619140625,1.2050559520721436,7.221919059753418,0,0,0.19281482696533203,0.057385921478271484,0.03430294990539551,0.010844230651855469,0.2953479290008545,0.08614400029182434,2.635711908340454,2.721856117248535
B-A,128,receiver,window2,delay2,B,sender,8,False,True,2,2.5125250816345215,3.345461845397949,0.0009377002716064453,1.1853760480880737,7.179208040237427,0,0,0.19304728507995605,0.05749177932739258,0.035156965255737305,0.010807991027832031,0.29650402069091797,0.08681599795818329,2.7117440700531006,2.7985599040985107
B-A,128,receiver,window2,delay2,B,sender,9,False,True,2,2.6127209663391113,3.399397850036621,0.0009448528289794922,1.187008023262024,7.3354408740997314,0,0,0.19625067710876465,0.05809807777404785,0.03444099426269531,0.010781049728393555,0.29957079887390137,0.0875839963555336,2.8153278827667236,2.902911901473999
B-A,128,receiver,window2,delay2,B,sender,10,False,True,2,2.623852014541626,3.3149499893188477,0.0009629726409912109,1.1809600591659546,7.255868911743164,0,0,0.4515807628631592,0.08524203300476074,0.11179304122924805,0.011976003646850586,0.6605918407440186,0.43222400546073914,2.8320960998535156,3.264319896697998
B-A,128,receiver,window2,delay2,A,receiver,1,False,True,2,5.071796417236328,,10.685696601867676,0.5121920108795166,17.001010417938232,201433088,16.196896076202393,0.04843473434448242,0.01250314712524414,0.008118629455566406,0.6173672676086426,0.6864237785339355,0.04163200035691261,5.7099199295043945,5.751552104949951
B-A,128,receiver,window2,delay2,A,receiver,2,False,True,2,4.778355121612549,,10.67980432510376,0.7197759747505188,17.358154773712158,201433088,16.339908599853516,0.058628082275390625,0.014648914337158203,0.017396926879882812,1.0194716453552246,1.1101455688476562,0.04211200028657913,5.8436479568481445,5.8857598304748535
B-A,128,receiver,window2,delay2,A,receiver,3,False,True,2,4.740082740783691,,10.720263481140137,0.7483839988708496,17.406018257141113,201433088,16.27670383453369,0.05322265625,0.016216278076171875,0.017604827880859375,0.9938178062438965,1.0808615684509277,0.04214400053024292,5.777760028839111,5.81990385055542
B-A,128,receiver,window2,delay2,A,receiver,4,False,True,2,4.772949695587158,,10.685702800750732,0.7158079743385315,17.628994464874268,201433088,16.616631507873535,0.07253360748291016,0.02223491668701172,0.021275043487548828,1.2764673233032227,1.3925108909606934,0.042208001017570496,6.119743824005127,6.161952018737793
B-A,128,receiver,window2,delay2,A,receiver,5,False,True,2,4.745394229888916,,10.679193496704102,0.7394880056381226,17.486947059631348,201433088,16.45055103302002,0.06774616241455078,0.016910076141357422,0.018313884735107422,1.1562867164611816,1.2592568397521973,0.05027199909090996,5.951839923858643,6.002111911773682
B-A,128,receiver,window2,delay2,A,receiver,6,False,True,2,4.654229164123535,,10.732146263122559,0.7597439885139465,17.473236560821533,201433088,16.403730869293213,0.05272626876831055,0.014487266540527344,0.017405033111572266,1.1542716026306152,1.2388901710510254,0.04182400181889534,5.8506879806518555,5.89251184463501
B-A,128,receiver,window2,delay2,A,receiver,7,False,True,2,4.650338172912598,,10.74854850769043,0.51283198595047,16.89836359024048,201433088,16.218505382537842,0.037993431091308594,0.012540817260742188,0.006939888000488281,0.8902812004089355,0.9477553367614746,0.041728001087903976,5.553919792175293,5.595647811889648
B-A,128,receiver,window2,delay2,A,receiver,8,False,True,2,4.731931686401367,,10.71118688583374,0.4830720126628876,16.824206352233887,201433088,16.182379722595215,0.03814125061035156,0.012731552124023438,0.006548404693603516,0.8030490875244141,0.8604702949523926,0.04102399945259094,5.545504093170166,5.5865278244018555
B-A,128,receiver,window2,delay2,A,receiver,9,False,True,2,4.777410984039307,,10.720565795898438,0.5926719903945923,17.033225536346436,201433088,16.268481254577637,0.042595863342285156,0.01458740234375,0.0071430206298828125,0.8392596244812012,0.9035859107971191,0.04179200157523155,5.638944149017334,5.680736064910889
B-A,128,receiver,window2,delay2,A,receiver,10,False,True,2,5.1716084480285645,,10.76384687423706,0.5487679839134216,16.963646411895752,201433088,16.248035430908203,0.03945779800415039,0.01262521743774414,0.006886005401611328,0.3841075897216797,0.44307661056518555,0.041471999138593674,5.570655822753906,5.612127780914307
B-A,128,receiver,window2,jitter,B,sender,1,False,True,2.3978023181528085,2.921741008758545,3.234344959259033,0.0009121894836425781,1.2343039512634277,7.536679983139038,0,0,0.19478797912597656,0.06537103652954102,0.03307485580444336,0.011343955993652344,0.3045778274536133,0.09328000247478485,3.1239678859710693,3.21724796295166
B-A,128,receiver,window2,jitter,B,sender,2,False,True,5.488456286506064,6.360898971557617,3.083688735961914,0.0009839534759521484,1.5451200008392334,11.13690996170044,0,0,0.1978590488433838,0.05941414833068848,0.03411078453063965,0.011528253555297852,0.30291223526000977,0.08886399865150452,6.565311908721924,6.654176235198975
B-A,128,receiver,window2,jitter,B,sender,3,False,True,7.996928421607372,8.580354928970337,2.9631290435791016,0.0009791851043701172,1.182528018951416,12.862110137939453,0,0,0.19811105728149414,0.058403968811035156,0.03467106819152832,0.010895967483520508,0.3020820617675781,0.08675199747085571,8.785504341125488,8.8722562789917
B-A,128,receiver,window2,jitter,B,sender,4,False,True,4.965206046046069,5.530542850494385,3.0389671325683594,0.000946044921875,1.3016959428787231,10.009970903396606,0,0,0.19697189331054688,0.07097721099853516,0.03399181365966797,0.010653257369995117,0.3125941753387451,0.09967999905347824,5.734752178192139,5.834432125091553
B-A,128,receiver,window2,jitter,B,sender,5,False,True,1.7490364240876284,2.322016954421997,3.9640378952026367,0.0009310245513916016,1.4750080108642578,7.909322023391724,0,0,0.19425201416015625,0.05841517448425293,0.033502817153930664,0.011085033416748047,0.2972550392150879,0.08671999722719193,2.5228159427642822,2.6095359325408936
B-A,128,receiver,window2,jitter,B,sender,6,False,True,0.6847827645338711,1.1809370517730713,4.930050849914551,0.0009341239929199219,1.1912319660186768,7.441170930862427,0,0,0.1747140884399414,0.05692100524902344,0.032279014587402344,0.010430097579956055,0.27434420585632324,0.0838719978928566,1.361664056777954,1.4455360174179077
B-A,128,receiver,window2,jitter,B,sender,7,False,True,6.99098701913628,7.564973831176758,2.61919903755188,0.0008890628814697266,1.3011200428009033,11.630595207214355,0,0,0.20197010040283203,0.07430100440979004,0.03413081169128418,0.013597965240478516,0.32399988174438477,0.10358399897813797,7.7740797996521,7.877664089202881
B-A,128,receiver,window2,jitter,B,sender,8,False,True,4.620743421352539,5.18439507484436,3.702111005783081,0.0009419918060302734,1.1912319660186768,10.214317083358765,0,0,0.19588494300842285,0.057929277420043945,0.03410768508911133,0.010824203491210938,0.29874610900878906,0.08620800077915192,5.3864641189575195,5.472671985626221
B-A,128,receiver,window2,jitter,B,sender,9,False,True,2.679300472873228,3.1820621490478516,3.047286033630371,0.0008487701416015625,1.8564159870147705,8.222484111785889,0,0,0.1926729679107666,0.05697512626647949,0.03283405303955078,0.011673688888549805,0.2941558361053467,0.08403199911117554,3.3823680877685547,3.466399908065796
B-A,128,receiver,window2,jitter,B,sender,10,False,True,0.07404841084165792,0.5666890144348145,2.6590161323547363,0.0009560585021972656,1.215391993522644,4.5847039222717285,0,0,0.17534899711608887,0.060553789138793945,0.031725168228149414,0.011185169219970703,0.27881312370300293,0.08636800199747086,0.7475519776344299,0.8339200019836426
B-A,128,receiver,window2,jitter,A,receiver,1,False,True,2.3978023181528085,5.185558319091797,,10.741536140441895,0.851967990398407,17.54264783859253,201433088,16.280882835388184,0.05637311935424805,0.014525890350341797,0.017500877380371094,0.5836410522460938,0.6720409393310547,0.04217600077390671,5.81382417678833,5.855999946594238
B-A,128,receiver,window2,jitter,A,receiver,2,False,True,5.488456286506064,8.592239379882812,,7.378900051116943,0.49801599979400635,17.11119556427002,201433088,16.256993770599365,0.03615140914916992,0.06672430038452148,0.029146194458007812,0.44567155838012695,0.5776934623718262,0.04201599955558777,9.119999885559082,9.162015914916992
B-A,128,receiver,window2,jitter,A,receiver,3,False,True,7.996928421607372,10.822161674499512,,5.328299045562744,0.4939520061016083,17.132364749908447,201433088,16.350396633148193,0.03567075729370117,0.01122903823852539,0.006679058074951172,0.3733391761779785,0.42691802978515625,0.04198399931192398,11.201567649841309,11.243552207946777
B-A,128,receiver,window2,jitter,A,receiver,4,False,True,4.965206046046069,7.795257091522217,,7.97513484954834,0.637503981590271,16.97868824005127,201433088,16.164020538330078,0.054296016693115234,0.018335819244384766,0.017414093017578125,0.3823833465576172,0.4724292755126953,0.042688000947237015,8.199872016906738,8.242560386657715
B-A,128,receiver,window2,jitter,A,receiver,5,False,True,1.7490364240876284,4.533411026000977,,10.784845352172852,0.4979200065135956,17.32030200958252,201433088,16.531908988952637,0.037265777587890625,0.011638164520263672,0.006637096405029297,1.4118785858154297,1.4674196243286133,0.041728001087903976,5.95743989944458,5.9991679191589355
B-A,128,receiver,window2,jitter,A,receiver,6,False,True,0.6847827645338711,3.361081600189209,,10.759819507598877,0.5106559991836548,17.132606029510498,201433088,16.332402229309082,0.03664827346801758,0.011513710021972656,0.006822109222412109,2.409450054168701,2.4644341468811035,0.04169600084424019,5.782144069671631,5.823840141296387
B-A,128,receiver,window2,jitter,A,receiver,7,False,True,6.99098701913628,9.811927795410156,,6.801229953765869,0.5182399749755859,17.266784191131592,201433088,16.457273960113525,0.035295963287353516,0.011282920837402344,0.01737689971923828,0.03605985641479492,0.10001564025878906,0.04169600084424019,9.863103866577148,9.904800415039062
B-A,128,receiver,window2,jitter,A,receiver,8,False,True,4.620743421352539,7.417459011077881,,8.238800048828125,0.500544011592865,17.405534744262695,201433088,16.61968183517456,0.03668212890625,0.011677742004394531,0.006705284118652344,1.1571979522705078,1.2122631072998047,0.042080000042915344,8.585184097290039,8.627264022827148
B-A,128,receiver,window2,jitter,A,receiver,9,False,True,2.679300472873228,5.40397310256958,,10.743122100830078,0.7980800271034241,17.549831867218018,201433088,16.433316230773926,0.05801582336425781,0.017240047454833984,0.01719379425048828,0.4463949203491211,0.5388445854187012,0.04198399931192398,5.891424179077148,5.933407783508301
B-A,128,receiver,window2,jitter,A,receiver,10,False,True,0.07404841084165792,2.7704548835754395,,13.46901798248291,0.5080000162124634,16.982404232025146,201433088,16.313403129577637,0.03737497329711914,0.011921405792236328,0.007054805755615234,0.11460638046264648,0.1709575653076172,0.04179200157523155,2.895103931427002,2.9368960857391357
B-A,128,receiver,priority,zero,B,sender,1,False,True,0,0.32283902168273926,2.7266781330108643,0.0009291172027587891,1.8899519443511963,5.090185880661011,0,0,0.19115519523620605,0.05857276916503906,0.0343630313873291,0.01209712028503418,0.2961881160736084,0.0865280032157898,0.5194240212440491,0.6059520244598389
B-A,128,receiver,priority,zero,B,sender,2,False,True,0,0.3785839080810547,2.630906343460083,0.0009059906005859375,1.2010879516601562,4.400835990905762,0,0,0.17853403091430664,0.05538582801818848,0.03316903114318848,0.011079072952270508,0.2781679630279541,0.08291199803352356,0.5639680027961731,0.6468799710273743
B-A,128,receiver,priority,zero,B,sender,3,False,True,0,0.36318302154541016,2.521209239959717,0.0009560585021972656,1.6555839776992798,4.67577600479126,0,0,0.1790609359741211,0.056233882904052734,0.031915903091430664,0.011060237884521484,0.278270959854126,0.08473599702119827,0.5480319857597351,0.6327679753303528
B-A,128,receiver,priority,zero,B,sender,4,False,True,0,0.3523271083831787,3.003270149230957,0.0009632110595703125,1.562432050704956,5.063241004943848,0,0,0.17696309089660645,0.05479884147644043,0.0329439640045166,0.011142969131469727,0.2758488655090332,0.08169600367546082,0.5351359844207764,0.6168320178985596
B-A,128,receiver,priority,zero,B,sender,5,False,True,0,0.35982608795166016,2.921113967895508,0.000978231430053711,1.2028800249099731,4.627363204956055,0,0,0.19087600708007812,0.05834388732910156,0.035247087478637695,0.012105941772460938,0.2965729236602783,0.08713600039482117,0.5574399828910828,0.6445760130882263
B-A,128,receiver,priority,zero,B,sender,6,False,True,0,0.3807969093322754,2.906928062438965,0.0008840560913085938,1.179967999458313,4.6051130294799805,0,0,0.1772310733795166,0.0550689697265625,0.03287792205810547,0.011047124862670898,0.27622509002685547,0.08297599852085114,0.5640640258789062,0.6470400094985962
B-A,128,receiver,priority,zero,B,sender,7,False,True,0,0.3822033405303955,2.899495840072632,0.0009169578552246094,1.1799999475479126,4.597925186157227,0,0,0.3413422107696533,0.10504794120788574,0.11819601058959961,0.011955022811889648,0.5765411853790283,0.36633598804473877,0.5715839862823486,0.9379199743270874
B-A,128,receiver,priority,zero,B,sender,8,False,True,0,0.38191699981689453,2.928572177886963,0.0009551048278808594,1.1917120218276978,4.639251232147217,0,0,0.1781468391418457,0.05480504035949707,0.033854007720947266,0.011297941207885742,0.2781038284301758,0.08275199681520462,0.5660799741744995,0.6488320231437683
B-A,128,receiver,priority,zero,B,sender,9,False,True,0,0.382659912109375,2.8929970264434814,0.0009908676147460938,1.1941759586334229,4.607048034667969,0,0,0.17879509925842285,0.055114030838012695,0.035017967224121094,0.011123895645141602,0.28005099296569824,0.08352000266313553,0.5678079724311829,0.6513280272483826
B-A,128,receiver,priority,zero,B,sender,10,False,True,0,0.41530895233154297,2.9058849811553955,0.0009510517120361328,1.1856000423431396,4.643754959106445,0,0,0.17719411849975586,0.05505871772766113,0.03236818313598633,0.011155843734741211,0.27577686309814453,0.0817599967122078,0.598143994808197,0.6799039840698242
B-A,128,receiver,priority,zero,A,receiver,1,False,True,0,2.6591081619262695,,14.553751945495605,0.7820479869842529,18.200385093688965,201433088,17.103664875030518,0.0755000114440918,0.01492452621459961,0.020132064819335938,0.021995067596435547,0.1325516700744629,0.07001599669456482,2.726464033126831,2.7964799404144287
B-A,128,receiver,priority,zero,A,receiver,2,False,True,0,2.5602989196777344,,15.16096019744873,0.5116159915924072,18.436684608459473,201433088,17.596556663513184,0.017844676971435547,0.0035490989685058594,0.005616188049316406,0.14083147048950195,0.16784143447875977,0.041600000113248825,2.687295913696289,2.728895902633667
B-A,128,receiver,priority,zero,A,receiver,3,False,True,0,2.562892436981201,,14.801627159118652,0.5120639801025391,18.042869091033936,201433088,17.178070068359375,0.03812122344970703,0.011993885040283203,0.006716251373291016,0.0495147705078125,0.10634613037109375,0.05104000121355057,2.6064000129699707,2.657439947128296
B-A,128,receiver,priority,zero,A,receiver,4,False,True,0,2.5672478675842285,,13.949217319488525,0.7857599854469299,17.888033866882324,201433088,16.92955732345581,0.05324840545654297,0.01601886749267578,0.017466068267822266,0.435452938079834,0.522186279296875,0.041919998824596405,3.0503039360046387,3.092223882675171
B-A,128,receiver,priority,zero,A,receiver,5,False,True,0,2.596050262451172,,13.985805034637451,0.49939200282096863,17.540163040161133,201433088,16.877552032470703,0.037137508392333984,0.012135505676269531,0.007064342498779297,0.36290693283081055,0.41924428939819336,0.041280001401901245,2.9752960205078125,3.016576051712036
B-A,128,receiver,priority,zero,A,receiver,6,False,True,0,2.5668225288391113,,13.961518287658691,0.5032640099525452,17.526808738708496,201433088,16.85421323776245,0.03864717483520508,0.012234687805175781,0.007152080535888672,0.38655614852905273,0.44459009170532227,0.04131200164556503,2.971008062362671,3.012320041656494
B-A,128,receiver,priority,zero,A,receiver,7,False,True,0,2.896036148071289,,13.950719833374023,0.5419520139694214,17.530587196350098,201433088,16.82358169555664,0.03684663772583008,0.012257099151611328,0.007030487060546875,0.04524660110473633,0.10138082504272461,0.04134399816393852,2.957632064819336,2.998975992202759
B-A,128,receiver,priority,zero,A,receiver,8,False,True,0,2.5723366737365723,,13.951942920684814,0.5278080105781555,17.553327560424805,201433088,16.8591947555542,0.03672027587890625,0.012421131134033203,0.006622791290283203,0.3996238708496094,0.45538806915283203,0.04134399816393852,2.9879040718078613,3.029247999191284
B-A,128,receiver,priority,zero,A,receiver,9,False,True,0,2.568995952606201,,13.97091817855835,0.5261759757995605,17.545668125152588,201433088,16.85709238052368,0.03667879104614258,0.012350082397460938,0.006479740142822266,0.38399314880371094,0.4395017623901367,0.04118400067090988,2.9687678813934326,3.0099520683288574
B-A,128,receiver,priority,zero,A,receiver,10,False,True,0,2.5862107276916504,,13.934086799621582,0.529695987701416,17.526962757110596,201433088,16.835391998291016,0.03712606430053711,0.012523174285888672,0.0069446563720703125,0.38010406494140625,0.43669795989990234,0.04105599969625473,2.982975959777832,3.0240321159362793
B-A,128,receiver,priority,delay2,B,sender,1,False,True,2,2.4908080101013184,2.6996419429779053,0.0010731220245361328,1.2210880517959595,6.548953056335449,0,0,0.20282602310180664,0.06018495559692383,0.03296923637390137,0.011229753494262695,0.30720996856689453,0.08764799684286118,2.7000958919525146,2.7877440452575684
B-A,128,receiver,priority,delay2,B,sender,2,False,True,2,2.5506200790405273,3.990035057067871,0.0009510517120361328,1.3070720434188843,7.993664264678955,0,0,0.1949141025543213,0.07252001762390137,0.033574819564819336,0.011122941970825195,0.3121318817138672,0.10140799731016159,2.7517120838165283,2.8531200885772705
B-A,128,receiver,priority,delay2,B,sender,3,False,True,2,2.4949190616607666,2.8925278186798096,0.0009489059448242188,1.232192039489746,6.757007122039795,0,0,0.19648504257202148,0.05832195281982422,0.035314083099365234,0.011846065521240234,0.30196714401245117,0.08819200098514557,2.697376012802124,2.7855679988861084
B-A,128,receiver,priority,delay2,B,sender,4,False,True,2,2.5502097606658936,2.88158917427063,0.0008702278137207031,1.1886719465255737,6.757697820663452,0,0,0.19551706314086914,0.05874490737915039,0.034683942794799805,0.01075601577758789,0.2997019290924072,0.08767999708652496,2.751487970352173,2.839168071746826
B-A,128,receiver,priority,delay2,B,sender,5,False,True,2,2.625515937805176,2.9862329959869385,0.0009160041809082031,1.2054400444030762,6.953563928604126,0,0,0.19765305519104004,0.07804393768310547,0.036767005920410156,0.011656999588012695,0.32412099838256836,0.10915199667215347,2.8292160034179688,2.938368082046509
B-A,128,receiver,priority,delay2,B,sender,6,False,True,2,2.629969835281372,2.772063970565796,0.0009441375732421875,1.1830400228500366,6.721662998199463,0,0,0.19228386878967285,0.058500051498413086,0.033831119537353516,0.011464118957519531,0.296079158782959,0.08700799942016602,2.8281919956207275,2.9151999950408936
B-A,128,receiver,priority,delay2,B,sender,7,False,True,2,2.5491530895233154,2.844650983810425,0.0009398460388183594,1.1829760074615479,6.712625980377197,0,0,0.2044670581817627,0.0611567497253418,0.03532600402832031,0.011258125305175781,0.3122079372406006,0.0910400003194809,2.7598400115966797,2.8508799076080322
B-A,128,receiver,priority,delay2,B,sender,8,False,True,2,2.3400280475616455,2.882704734802246,0.0009400844573974609,1.2524479627609253,6.6116297245025635,0,0,0.20547080039978027,0.0615391731262207,0.035614013671875,0.011693000793457031,0.314316987991333,0.091839998960495,2.5543360710144043,2.6461760997772217
B-A,128,receiver,priority,delay2,B,sender,9,False,True,2,2.618043899536133,2.786661148071289,0.000988006591796875,1.3108160495758057,6.852770090103149,0,0,0.1942911148071289,0.0726618766784668,0.035264015197753906,0.012172937393188477,0.3143899440765381,0.10255999863147736,2.819488048553467,2.9220480918884277
B-A,128,receiver,priority,delay2,B,sender,10,False,True,2,2.516381025314331,2.8379459381103516,0.0009539127349853516,1.2294080257415771,6.721253871917725,0,0,0.20747709274291992,0.06161618232727051,0.03551769256591797,0.012285232543945312,0.3168962001800537,0.09033600240945816,2.7305281162261963,2.820863962173462
B-A,128,receiver,priority,delay2,A,receiver,1,False,True,2,4.719860076904297,,12.471322059631348,0.5342079997062683,17.922131061553955,201433088,17.08396816253662,0.03638505935668945,0.012514114379882812,0.006680965423583984,0.0987710952758789,0.15435123443603516,0.041760001331567764,4.833248138427734,4.8750081062316895
B-A,128,receiver,priority,delay2,A,receiver,2,False,True,2,6.139615058898926,,11.147490501403809,0.5060480237007141,17.955299854278564,201433088,17.084779262542725,0.04547452926635742,0.013647079467773438,0.006646633148193359,0.03683614730834961,0.10260438919067383,0.05411199852824211,6.190688133239746,6.244800090789795
B-A,128,receiver,priority,delay2,A,receiver,3,False,True,2,4.7463860511779785,,12.671667098999023,0.545087993144989,18.399298191070557,201433088,17.51718282699585,0.04896974563598633,0.014041900634765625,0.01782512664794922,0.2951221466064453,0.3759589195251465,0.04255999997258186,5.082272052764893,5.1248321533203125
B-A,128,receiver,priority,delay2,A,receiver,4,False,True,2,4.765664100646973,,11.928324699401855,0.7969279885292053,17.91304302215576,201433088,16.91722869873047,0.059575557708740234,0.0184173583984375,0.017706871032714844,0.25394725799560547,0.34964704513549805,0.04211200028657913,5.0794878005981445,5.121600151062012
B-A,128,receiver,priority,delay2,A,receiver,5,False,True,2,4.828280448913574,,11.863384246826172,0.5072640180587769,17.563345432281494,201433088,16.848368167877197,0.037072181701660156,0.01236724853515625,0.006828784942626953,0.2690696716308594,0.32533788681030273,0.04153599962592125,5.11407995223999,5.15561580657959
B-A,128,receiver,priority,delay2,A,receiver,6,False,True,2,4.817197799682617,,11.86155891418457,0.5309119820594788,17.518258094787598,201433088,16.82205581665039,0.037394046783447266,0.012244224548339844,0.006752967834472656,0.21101045608520508,0.26740169525146484,0.04153599962592125,5.044703960418701,5.086239814758301
B-A,128,receiver,priority,delay2,A,receiver,7,False,True,2,4.75568151473999,,11.869280815124512,0.5182080268859863,17.503742218017578,201433088,16.820114135742188,0.0366358757019043,0.012442588806152344,0.006648063659667969,0.26530885696411133,0.32103538513183594,0.041120000183582306,5.036767959594727,5.077888011932373
B-A,128,receiver,priority,delay2,A,receiver,8,False,True,2,4.727931022644043,,11.876956939697266,0.5209280252456665,17.51660966873169,201433088,16.830151081085205,0.036989688873291016,0.012434959411621094,0.006888866424560547,0.2946586608886719,0.35097217559814453,0.04156799986958504,5.038559913635254,5.080128192901611
B-A,128,receiver,priority,delay2,A,receiver,9,False,True,2,4.802945137023926,,11.88084602355957,0.5319679975509644,17.52733039855957,201433088,16.839367866516113,0.03747701644897461,0.012183189392089844,0.006939888000488281,0.21620607376098633,0.27280616760253906,0.04156799986958504,5.035391807556152,5.07696008682251
B-A,128,receiver,priority,delay2,A,receiver,10,False,True,2,4.729775905609131,,11.873724937438965,0.5329599976539612,17.483520984649658,201433088,16.829512119293213,0.03714323043823242,0.01234579086303711,0.006742000579833984,0.25308704376220703,0.30931806564331055,0.041600000113248825,4.998879909515381,5.040480136871338
B-A,128,receiver,priority,jitter,B,sender,1,False,True,3.809004878758646,4.473734140396118,3.033073902130127,0.0009210109710693359,1.3644160032272339,9.05521011352539,0,0,0.19670915603637695,0.07410097122192383,0.03312802314758301,0.010781049728393555,0.31471920013427734,0.1013759970664978,4.677887916564941,4.779263973236084
B-A,128,receiver,priority,jitter,B,sender,2,False,True,0.36562293914328503,0.9549880027770996,2.59791898727417,0.0009357929229736328,1.3624320030212402,5.057515859603882,0,0,0.18105721473693848,0.07146382331848145,0.034890174865722656,0.012164831161499023,0.2995760440826416,0.10051199793815613,1.1427520513534546,1.2432639598846436
B-A,128,receiver,priority,jitter,B,sender,3,False,True,2.2552543237442775,2.768064022064209,3.0975918769836426,0.0009341239929199219,1.208575963973999,7.219658136367798,0,0,0.1755361557006836,0.05841398239135742,0.03217482566833496,0.011007070541381836,0.2771320343017578,0.08617600053548813,2.9503040313720703,3.036479949951172
B-A,128,receiver,priority,jitter,B,sender,4,False,True,4.7766451258424665,5.354456901550293,3.1429460048675537,0.0009970664978027344,1.8185280561447144,10.45985221862793,0,0,0.19474196434020996,0.06144595146179199,0.03513598442077637,0.010874032974243164,0.3021979331970215,0.09100800007581711,5.556096076965332,5.647103786468506
B-A,128,receiver,priority,jitter,B,sender,5,False,True,2.5354385507187542,3.135099172592163,3.1552000045776367,0.0009272098541259766,1.2515840530395508,7.679310083389282,0,0,0.1957721710205078,0.059072017669677734,0.0326998233795166,0.011102914810180664,0.2986469268798828,0.08668799698352814,3.3377599716186523,3.424448013305664
B-A,128,receiver,priority,jitter,B,sender,6,False,True,6.659977420043291,7.244584321975708,2.9689698219299316,0.0009930133819580078,1.1929279565811157,11.543727159500122,0,0,0.22333097457885742,0.058913230895996094,0.03402090072631836,0.011265993118286133,0.327531099319458,0.08777599781751633,7.474112033843994,7.561888217926025
B-A,128,receiver,priority,jitter,B,sender,7,False,True,1.7582169399736722,2.331279993057251,2.6494009494781494,0.0009291172027587891,1.3279999494552612,6.454437017440796,0,0,0.19245409965515137,0.07377815246582031,0.03246569633483887,0.01124119758605957,0.3099391460418701,0.10182400047779083,2.531071901321411,2.6328959465026855
B-A,128,receiver,priority,jitter,B,sender,8,False,True,5.971046730501456,6.554353952407837,2.649686098098755,0.0009329319000244141,1.2033920288085938,10.543269157409668,0,0,0.19465899467468262,0.058888912200927734,0.035456180572509766,0.011137962341308594,0.3001420497894287,0.08915200084447861,6.755328178405762,6.844480037689209
B-A,128,receiver,priority,jitter,B,sender,9,False,True,3.8234270460350146,4.409068822860718,2.6473820209503174,0.0009262561798095703,1.2023680210113525,8.402982950210571,0,0,0.19549107551574707,0.061119794845581055,0.03546905517578125,0.011393070220947266,0.30347299575805664,0.09081599861383438,4.611392021179199,4.702208042144775
B-A,128,receiver,priority,jitter,B,sender,10,False,True,0.2451297602177691,0.843437910079956,2.6076500415802,0.0010190010070800781,1.3143999576568604,4.903174161911011,0,0,0.17458105087280273,0.07120323181152344,0.031929731369018555,0.01085519790649414,0.28856921195983887,0.09763199836015701,1.0241600275039673,1.121791958808899
B-A,128,receiver,priority,jitter,A,receiver,1,False,True,3.809004878758646,6.7089128494262695,,10.547868251800537,0.7715200185775757,18.495388984680176,201433088,17.331314086914062,0.059101104736328125,0.017694950103759766,0.017612934112548828,0.2884998321533203,0.38290882110595703,0.04201599955558777,7.052383899688721,7.094399929046631
B-A,128,receiver,priority,jitter,A,receiver,2,False,True,0.36562293914328503,3.1568098068237305,,14.925885200500488,0.48576000332832336,18.723783016204834,201433088,17.9082670211792,0.041846275329589844,0.003833770751953125,0.008988380432128906,0.047972679138183594,0.10264110565185547,0.0719040036201477,3.1772799491882324,3.2491838932037354
B-A,128,receiver,priority,jitter,A,receiver,3,False,True,2.2552543237442775,4.952084064483643,,11.788569927215576,0.7530879974365234,18.18187713623047,201433088,17.12746238708496,0.0554041862487793,0.014154434204101562,0.01912832260131836,0.528897762298584,0.6175847053527832,0.04198399931192398,5.532032012939453,5.574016094207764
B-A,128,receiver,priority,jitter,A,receiver,4,False,True,4.7766451258424665,7.583467960357666,,9.132081508636475,0.5711359977722168,17.979509353637695,201433088,17.108707904815674,0.052584171295166016,0.014146804809570312,0.017790794372558594,0.5408625602722168,0.6253843307495117,0.04185599833726883,8.168383598327637,8.210240364074707
B-A,128,receiver,priority,jitter,A,receiver,5,False,True,2.5354385507187542,5.364753723144531,,11.246994495391846,0.4963519871234894,17.792239665985107,201433088,16.997570037841797,0.037381649017333984,0.011927127838134766,0.006617069244384766,0.5876340866088867,0.6435599327087402,0.04182400181889534,5.967807769775391,6.009632110595703
B-A,128,receiver,priority,jitter,A,receiver,6,False,True,6.659977420043291,9.48818302154541,,7.006895065307617,0.497408002614975,17.49864673614502,201433088,16.78704023361206,0.03767871856689453,0.012084007263183594,0.007047176361083984,0.38051462173461914,0.43732452392578125,0.041439998894929886,9.882911682128906,9.924351692199707
B-A,128,receiver,priority,jitter,A,receiver,7,False,True,1.7582169399736722,4.573334693908691,,12.52704668045044,0.7759039998054504,18.067604541778564,201433088,16.98307228088379,0.055457115173339844,0.02558755874633789,0.03247547149658203,0.01020193099975586,0.12372207641601562,0.06492800265550613,4.634016036987305,4.698944091796875
B-A,128,receiver,priority,jitter,A,receiver,8,False,True,5.971046730501456,8.786396980285645,,8.350507736206055,0.7791360020637512,18.138361930847168,201433088,16.931851863861084,0.0648188591003418,0.015289306640625,0.017952442169189453,0.024403095245361328,0.12246370315551758,0.05452800169587135,8.858847618103027,8.913375854492188
B-A,128,receiver,priority,jitter,A,receiver,9,False,True,3.8234270460350146,6.6347856521606445,,10.642281532287598,0.8224319815635681,18.30660581588745,201433088,17.09497308731079,0.06186389923095703,0.017472267150878906,0.017296314239501953,0.025589942932128906,0.1222224235534668,0.056832000613212585,6.705344200134277,6.762176036834717
B-A,128,receiver,priority,jitter,A,receiver,10,False,True,0.2451297602177691,3.0097603797912598,,13.920292377471924,0.791487991809845,17.909707069396973,201433088,16.868483066558838,0.06103372573852539,0.017373085021972656,0.017968177795410156,0.024149417877197266,0.12052440643310547,0.04726399853825569,3.0874879360198975,3.134752035140991
B-A,128,both,bulk,zero,B,sender,1,False,True,0,0.4280979633331299,15.774688959121704,0.002254009246826172,0.5081279873847961,16.743310928344727,201433088,8.47568392753601,0.038143157958984375,0.010638952255249023,0.006948947906494141,0.12192416191101074,0.17765522003173828,0.039903998374938965,0.4765760004520416,0.516480028629303
B-A,128,both,bulk,zero,B,sender,2,False,True,0,0.5259549617767334,15.794245958328247,0.002196073532104492,0.48688000440597534,16.84147882461548,201433088,8.485092163085938,0.03751373291015625,0.010824203491210938,0.006731986999511719,0.04935097694396973,0.10442090034484863,0.04070400074124336,0.5746880173683167,0.6153920292854309
B-A,128,both,bulk,zero,B,sender,3,False,True,0,0.5849859714508057,15.741395950317383,0.0034449100494384766,0.7775999903678894,17.152830123901367,201433088,8.482873916625977,0.03703784942626953,0.010761022567749023,0.01813483238220215,0.04482221603393555,0.11075592041015625,0.03081599995493889,0.6318079829216003,0.6626240015029907
B-A,128,both,bulk,zero,B,sender,4,False,True,0,0.3090019226074219,16.043468952178955,0.0028448104858398438,0.5217919945716858,16.9158718585968,201433088,8.450845003128052,0.0492098331451416,0.006422281265258789,0.01579880714416504,0.020874977111816406,0.09230589866638184,0.04364800080657005,0.3517119884490967,0.39535999298095703
B-A,128,both,bulk,zero,B,sender,5,False,True,0,0.6251969337463379,15.636596918106079,0.0022830963134765625,0.48256000876426697,16.777878046035767,201433088,8.462411880493164,0.03863120079040527,0.010648965835571289,0.019240856170654297,0.028310060501098633,0.09683108329772949,0.03174399957060814,0.6738880276679993,0.7056319713592529
B-A,128,both,bulk,zero,B,sender,6,False,True,0,0.46985602378845215,15.96150279045105,0.0022668838500976562,0.4984320104122162,16.962491750717163,201433088,8.471022844314575,0.03722500801086426,0.010830879211425781,0.006587028503417969,0.02078413963317871,0.07542705535888672,0.025760000571608543,0.517087996006012,0.5428479909896851
B-A,128,both,bulk,zero,B,sender,7,False,True,0,0.24873805046081543,16.015875816345215,0.0016641616821289062,0.4792320132255554,16.76282000541687,201433088,8.451900959014893,0.023272991180419922,0.009263038635253906,0.02733588218688965,0.01020193099975586,0.07007384300231934,0.02864000014960766,0.2807680070400238,0.3094080090522766
B-A,128,both,bulk,zero,B,sender,8,False,True,0,0.40324926376342773,15.943266868591309,0.0023412704467773438,0.4906559884548187,16.869618892669678,201433088,8.504038095474243,0.03719305992126465,0.010555028915405273,0.006442070007324219,0.13013195991516113,0.18432211875915527,0.040991999208927155,0.45020800828933716,0.4912000000476837
B-A,128,both,bulk,zero,B,sender,9,False,True,0,0.3592061996459961,15.86111307144165,0.0023849010467529297,0.48793599009513855,16.741952180862427,201433088,8.481435060501099,0.03767585754394531,0.010912179946899414,0.009026765823364258,0.13843297958374023,0.19604778289794922,0.031199999153614044,0.40697601437568665,0.4381760060787201
B-A,128,both,bulk,zero,B,sender,10,False,True,0,0.48934197425842285,15.967721939086914,0.0026209354400634766,0.49462398886680603,16.99101996421814,201433088,8.460712909698486,0.037819862365722656,0.01376795768737793,0.019042015075683594,0.04355788230895996,0.11418771743774414,0.04774399846792221,0.5305280089378357,0.5782719850540161
B-A,128,both,bulk,zero,A,receiver,1,False,True,0,2.3744263648986816,,0.001583099365234375,0.5084159970283508,16.513699054718018,201433088,15.784357070922852,0.053114891052246094,0.017388343811035156,0.01746654510498047,13.483574390411377,13.571544170379639,0.04201599955558777,15.900447845458984,15.942463874816895
B-A,128,both,bulk,zero,A,receiver,2,False,True,0,2.3846278190612793,,0.0013260841369628906,0.49852800369262695,16.59785795211792,201433088,15.814853191375732,0.06092405319213867,0.011790275573730469,0.00775909423828125,13.597795963287354,13.678269386291504,0.04150399938225746,16.01968002319336,16.06118392944336
B-A,128,both,bulk,zero,A,receiver,3,False,True,0,2.4858298301696777,,0.0016999244689941406,0.5596160292625427,16.760295391082764,201433088,15.894278049468994,0.052738189697265625,0.01430654525756836,0.017672061920166016,13.56769323348999,13.65241003036499,0.04185599833726883,16.091615676879883,16.133472442626953
B-A,128,both,bulk,zero,A,receiver,4,False,True,0,2.1193418502807617,,0.0014185905456542969,0.5034559965133667,16.630099296569824,201433088,15.821282863616943,0.05475902557373047,0.014212608337402344,0.017580509185791016,13.876974105834961,13.963526248931885,0.04198399931192398,16.038240432739258,16.080223083496094
B-A,128,both,bulk,zero,A,receiver,5,False,True,0,2.4399847984313965,,0.0015950202941894531,0.5184000134468079,16.535202980041504,201433088,15.791922092437744,0.06174039840698242,0.018008708953857422,0.01781940460205078,13.419589519500732,13.517158031463623,0.04201599955558777,15.91260814666748,15.95462417602539
B-A,128,both,bulk,zero,A,receiver,6,False,True,0,2.3325490951538086,,0.0014309883117675781,0.504256010055542,16.681485176086426,201433088,15.813346862792969,0.07732391357421875,0.030234336853027344,0.03062582015991211,13.660993099212646,13.799177169799805,0.04201599955558777,16.08790397644043,16.129919052124023
B-A,128,both,bulk,zero,A,receiver,7,False,True,0,2.821495532989502,,0.0014920234680175781,0.5041279792785645,16.66045618057251,201433088,15.820887088775635,0.04066896438598633,0.011949539184570312,0.007033824920654297,13.229127883911133,13.288780212402344,0.041919998824596405,16.064735412597656,16.10665512084961
B-A,128,both,bulk,zero,A,receiver,8,False,True,0,2.378901958465576,,0.001621246337890625,0.5041599869728088,16.678505897521973,201433088,15.812687873840332,0.038179874420166016,0.011936664581298828,0.010793209075927734,13.675765991210938,13.73667573928833,0.04198399931192398,16.069599151611328,16.111583709716797
B-A,128,both,bulk,zero,A,receiver,9,False,True,0,2.312699794769287,,0.0015053749084472656,0.5090559720993042,16.510441303253174,201433088,15.784386157989502,0.05308246612548828,0.017598628997802734,0.017169952392578125,13.550132751464844,13.637983798980713,0.04217600077390671,15.909343719482422,15.951519966125488
B-A,128,both,bulk,zero,A,receiver,10,False,True,0,2.329216480255127,,0.0016932487487792969,0.5079360008239746,16.739614486694336,201433088,15.788535594940186,0.07892322540283203,0.03558206558227539,0.03207540512084961,13.696412086486816,13.842992782592773,0.042208001017570496,16.126304626464844,16.16851234436035
B-A,128,both,bulk,delay2,B,sender,1,False,True,2,2.7519447803497314,13.518993854522705,0.0026280879974365234,0.5265920162200928,16.834556818008423,201433088,8.460800170898438,0.03925299644470215,0.01203012466430664,0.0069468021392822266,0.02869892120361328,0.0869288444519043,0.032575998455286026,2.8011200428009033,2.833695888519287
B-A,128,both,bulk,delay2,B,sender,2,False,True,2,2.610797882080078,13.819063186645508,0.0025777816772460938,0.49296000599861145,16.95852780342102,201433088,8.47891092300415,0.03945493698120117,0.011801958084106445,0.0073812007904052734,0.027204036712646484,0.08584213256835938,0.03049599938094616,2.66211199760437,2.692608118057251
B-A,128,both,bulk,delay2,B,sender,3,False,True,2,2.602039337158203,13.836759805679321,0.0022649765014648438,0.4861440062522888,16.95712924003601,201433088,8.456515789031982,0.03620004653930664,0.011453866958618164,0.006474018096923828,0.02940082550048828,0.08352875709533691,0.031647998839616776,2.647711992263794,2.6793599128723145
B-A,128,both,bulk,delay2,B,sender,4,False,True,2,2.3637821674346924,14.058393001556396,0.0023429393768310547,0.49427199363708496,16.948030948638916,201433088,8.45059585571289,0.03941988945007324,0.011562108993530273,0.006906986236572266,0.028508901596069336,0.08639788627624512,0.03171199932694435,2.414016008377075,2.445728063583374
B-A,128,both,bulk,delay2,B,sender,5,False,True,2,2.580472946166992,13.840245962142944,0.002263784408569336,0.5012480020523071,16.953442811965942,201433088,8.461031198501587,0.036425113677978516,0.011530876159667969,0.0065000057220458984,0.02906489372253418,0.08352088928222656,0.03145600110292435,2.626591920852661,2.658047914505005
B-A,128,both,bulk,delay2,B,sender,6,False,True,2,2.508321762084961,13.870016098022461,0.002269744873046875,0.49935999512672424,16.909756898880005,201433088,8.449553966522217,0.03969001770019531,0.01175689697265625,0.0071430206298828125,0.028533220291137695,0.08712315559387207,0.031968001276254654,2.5582399368286133,2.590208053588867
B-A,128,both,bulk,delay2,B,sender,7,False,True,2,2.3576080799102783,14.001622915267944,0.002307891845703125,0.6409279704093933,17.032734155654907,201433088,8.452638149261475,0.038865089416503906,0.011836051940917969,0.0070230960845947266,0.0284578800201416,0.0861821174621582,0.03219199925661087,2.4060161113739014,2.4382081031799316
B-A,128,both,bulk,delay2,B,sender,8,False,True,2,2.6897830963134766,13.641000747680664,0.001577138900756836,0.4901120066642761,16.83937907218933,201433088,8.470510721206665,0.03608298301696777,0.011652946472167969,0.006590127944946289,0.028754711151123047,0.08308076858520508,0.031136000528931618,2.7368319034576416,2.767967939376831
B-A,128,both,bulk,delay2,B,sender,9,False,True,2,2.623690128326416,13.559186697006226,0.0022950172424316406,0.5007359981536865,16.715901851654053,201433088,8.472617149353027,0.03792214393615723,0.011430978775024414,0.0074160099029541016,0.027928829193115234,0.08469796180725098,0.0315839983522892,2.671135902404785,2.7027199268341064
B-A,128,both,bulk,delay2,B,sender,10,False,True,2,2.6615490913391113,13.694010734558105,0.002268075942993164,0.49321600794792175,16.880919933319092,201433088,8.493567943572998,0.03770112991333008,0.011766195297241211,0.006765842437744141,0.02853107452392578,0.08476424217224121,0.031488001346588135,2.7090559005737305,2.740544080734253
B-A,128,both,bulk,delay2,A,receiver,1,False,True,2,4.544872283935547,,0.0014286041259765625,0.5262399911880493,16.524808883666992,201433088,15.795431137084961,0.08569955825805664,0.013724327087402344,0.008041858673095703,11.304506778717041,11.411972522735596,0.04185599833726883,15.914239883422852,15.956095695495605
B-A,128,both,bulk,delay2,A,receiver,2,False,True,2,4.455251693725586,,0.0015616416931152344,0.5099200010299683,16.744653701782227,201433088,15.830238342285156,0.0616455078125,0.018278121948242188,0.017392635345458984,11.624796867370605,11.722113132476807,0.04182400181889534,16.132095336914062,16.173919677734375
B-A,128,both,bulk,delay2,A,receiver,3,False,True,2,4.449030876159668,,0.0018048286437988281,0.5343999862670898,16.794272899627686,201433088,15.867592334747314,0.05993080139160156,0.018786907196044922,0.017572402954101562,11.653331279754639,11.749621391296387,0.041471999138593674,16.155872344970703,16.197343826293945
B-A,128,both,bulk,delay2,A,receiver,4,False,True,2,4.214548587799072,,0.001483917236328125,0.5246080160140991,16.749773025512695,201433088,15.840580463409424,0.06288385391235352,0.018584728240966797,0.01688098907470703,11.85544729232788,11.953796863555908,0.04137599840760231,16.12009620666504,16.16147232055664
B-A,128,both,bulk,delay2,A,receiver,5,False,True,2,4.393216133117676,,0.0017375946044921875,0.5147519707679749,16.717732906341553,201433088,15.81544017791748,0.06271886825561523,0.018870830535888672,0.017675399780273438,11.652076244354248,11.751341342926025,0.04182400181889534,16.099456787109375,16.141279220581055
B-A,128,both,bulk,delay2,A,receiver,6,False,True,2,4.356903076171875,,0.0014052391052246094,0.4986560046672821,16.68568706512451,201433088,15.824279308319092,0.03805065155029297,0.012494087219238281,0.006855964660644531,11.73764944076538,11.795050144195557,0.0414079986512661,16.10905647277832,16.150463104248047
B-A,128,both,bulk,delay2,A,receiver,7,False,True,2,4.217234134674072,,0.0017552375793457031,0.5296639800071716,16.72672748565674,201433088,15.813055992126465,0.06283903121948242,0.018725872039794922,0.017744064331054688,11.822362422943115,11.921671390533447,0.041471999138593674,16.093536376953125,16.135007858276367
B-A,128,both,bulk,delay2,A,receiver,8,False,True,2,4.495866775512695,,0.0018405914306640625,0.5097280144691467,16.676448822021484,201433088,15.818839073181152,0.060090065002441406,0.018671035766601562,0.017534255981445312,11.511709690093994,11.608005046844482,0.04185599833726883,16.06096076965332,16.102815628051758
B-A,128,both,bulk,delay2,A,receiver,9,False,True,2,4.474061489105225,,0.0014677047729492188,0.4991680085659027,16.493450164794922,201433088,15.787192344665527,0.05116891860961914,0.014801979064941406,0.01733684539794922,11.390705108642578,11.474012851715088,0.041760001331567764,15.904576301574707,15.946335792541504
B-A,128,both,bulk,delay2,A,receiver,10,False,True,2,4.478245735168457,,0.0015039443969726562,0.5040959715843201,16.643285751342773,201433088,15.806948184967041,0.05402708053588867,0.014292716979980469,0.01723957061767578,11.518325805664062,11.603885173797607,0.041728001087903976,16.035520553588867,16.077247619628906
B-A,128,both,bulk,jitter,B,sender,1,False,True,6.923818328182665,7.618260860443115,8.600724220275879,0.0022459030151367188,0.49638399481773376,16.747440099716187,201433088,8.47015905380249,0.03586411476135254,0.011493921279907227,0.006779193878173828,0.029359817504882812,0.0834970474243164,0.03206399828195572,7.6644158363342285,7.696479797363281
B-A,128,both,bulk,jitter,B,sender,2,False,True,2.0640558944541327,2.6544229984283447,13.482660055160522,0.001631021499633789,0.49030399322509766,16.649190187454224,201433088,8.459666013717651,0.03606081008911133,0.011481285095214844,0.0066487789154052734,0.02950906753540039,0.08369994163513184,0.032255999743938446,2.700000047683716,2.7322559356689453
B-A,128,both,bulk,jitter,B,sender,3,False,True,5.248216536496781,5.860090970993042,10.641109943389893,0.0024487972259521484,0.5219519734382629,17.057451009750366,201433088,8.468705892562866,0.03984808921813965,0.011768817901611328,0.007025003433227539,0.02896595001220703,0.08760786056518555,0.03219199925661087,5.909984111785889,5.94217586517334
B-A,128,both,bulk,jitter,B,sender,4,False,True,2.041031580181386,2.656097888946533,13.726791143417358,0.0024368762969970703,0.4747520089149475,16.890339136123657,201433088,8.481014966964722,0.03740692138671875,0.011594057083129883,0.007024049758911133,0.028884172439575195,0.08490920066833496,0.03187200054526329,2.703648090362549,2.7355198860168457
B-A,128,both,bulk,jitter,B,sender,5,False,True,5.319563137488409,5.635555982589722,10.651663064956665,0.002502918243408203,0.48633599281311035,16.80576205253601,201433088,8.561201810836792,0.040203094482421875,0.011715888977050781,0.007436037063598633,0.028438806533813477,0.08779382705688477,0.0323840007185936,5.685567855834961,5.717951774597168
B-A,128,both,bulk,jitter,B,sender,6,False,True,2.42403224169262,2.9241456985473633,13.436599016189575,0.0025119781494140625,0.4819200038909912,16.875684022903442,201433088,8.458940982818604,0.03971099853515625,0.09045290946960449,0.027378082275390625,0.011326074600219727,0.1688680648803711,0.11923199892044067,2.9682559967041016,3.0874879360198975
B-A,128,both,bulk,jitter,B,sender,7,False,True,7.8772282464886025,8.571943044662476,7.773583173751831,0.002454042434692383,0.4938240051269531,16.87182927131653,201433088,8.54326605796814,0.03948187828063965,0.014850854873657227,0.006745100021362305,0.017927169799804688,0.07900500297546387,0.03136000037193298,8.615296363830566,8.646656036376953
B-A,128,both,bulk,jitter,B,sender,8,False,True,4.307692754534573,4.945211887359619,11.338534116744995,0.0017251968383789062,0.4819520115852356,16.78413486480713,201433088,8.45966386795044,0.03610396385192871,0.011564016342163086,0.006697177886962891,0.02902388572692871,0.0833890438079834,0.032127998769283295,4.990592002868652,5.022719860076904
B-A,128,both,bulk,jitter,B,sender,9,False,True,4.17063615329889,4.783243894577026,11.511878967285156,0.0031239986419677734,0.8161600232124329,17.15025281906128,201433088,8.476927995681763,0.05856513977050781,0.0174407958984375,0.017068147659301758,0.018385887145996094,0.11145997047424316,0.03766399994492531,4.852479934692383,4.890143871307373
B-A,128,both,bulk,jitter,B,sender,10,False,True,3.7670489634820425,4.338714122772217,11.861814975738525,0.002418041229248047,0.5077760219573975,16.74570608139038,201433088,8.478271961212158,0.04079103469848633,0.012444019317626953,0.006932973861694336,0.039105892181396484,0.0992739200592041,0.027615999802947044,4.390175819396973,4.417791843414307
B-A,128,both,bulk,jitter,A,receiver,1,False,True,6.923818328182665,9.441033363342285,,0.001605987548828125,0.5184320211410522,16.531888961791992,201433088,15.790463924407959,0.05241107940673828,0.01733875274658203,0.01768636703491211,6.423696994781494,6.511133193969727,0.042080000042915344,15.90886402130127,15.950943946838379
B-A,128,both,bulk,jitter,A,receiver,2,False,True,2.0640558944541327,4.5042009353637695,,0.0017695426940917969,0.502240002155304,16.516226291656494,201433088,15.784509658813477,0.05517148971557617,0.01457357406616211,0.01701831817626953,11.364262104034424,11.451025485992432,0.04217600077390671,15.909760475158691,15.951935768127441
B-A,128,both,bulk,jitter,A,receiver,3,False,True,5.248216536496781,7.6263427734375,,0.0019469261169433594,0.5446720123291016,16.780433177947998,201433088,15.900792598724365,0.06443166732788086,0.016837120056152344,0.017629146575927734,8.44785213470459,8.54675006866455,0.04195199906826019,16.127744674682617,16.169696807861328
B-A,128,both,bulk,jitter,A,receiver,4,False,True,2.041031580181386,4.465126037597656,,0.0014138221740722656,0.5127999782562256,16.666822910308838,201433088,15.821064472198486,0.03740501403808594,0.01189422607421875,0.006870746612548828,11.597567081451416,11.65373706817627,0.041471999138593674,16.07583999633789,16.117311477661133
B-A,128,both,bulk,jitter,A,receiver,5,False,True,5.319563137488409,7.546045780181885,,0.0016150474548339844,0.5035840272903442,16.6723690032959,201433088,15.82343578338623,0.052865028381347656,0.014079093933105469,0.017498493194580078,8.480867385864258,8.565310001373291,0.04214400053024292,16.06492805480957,16.107072830200195
B-A,128,both,bulk,jitter,A,receiver,6,False,True,2.42403224169262,4.822092056274414,,0.0015320777893066406,0.5138880014419556,16.66142511367798,201433088,15.809733867645264,0.05488920211791992,0.013971805572509766,0.017635345458984375,11.181540966033936,11.26803731918335,0.04211200028657913,16.044191360473633,16.0863037109375
B-A,128,both,bulk,jitter,A,receiver,7,False,True,7.8772282464886025,10.47486400604248,,0.0017447471618652344,0.5139520168304443,16.649275302886963,201433088,15.807244300842285,0.05234050750732422,0.01397085189819336,0.017403125762939453,5.516830921173096,5.600545406341553,0.04211200028657913,16.029407501220703,16.07151985168457
B-A,128,both,bulk,jitter,A,receiver,8,False,True,4.307692754534573,6.757446765899658,,0.0015997886657714844,0.5008000135421753,16.62329387664795,201433088,15.803466796875,0.05521106719970703,0.026147842407226562,0.01752185821533203,9.219483852386475,9.31836462020874,0.04217600077390671,16.030879974365234,16.073055267333984
B-A,128,both,bulk,jitter,A,receiver,9,False,True,4.17063615329889,6.732924938201904,,0.0015230178833007812,0.49955201148986816,16.620540618896484,201433088,15.817133903503418,0.036744117736816406,0.011287212371826172,0.006756782531738281,9.298479080200195,9.353267192840576,0.04169600084424019,16.043039321899414,16.084735870361328
B-A,128,both,bulk,jitter,A,receiver,10,False,True,3.7670489634820425,6.203901290893555,,0.0014667510986328125,0.5046719908714294,16.492581367492676,201433088,15.791090488433838,0.0385127067565918,0.01178121566772461,0.0067501068115234375,9.689733982086182,9.746778011322021,0.04195199906826019,15.907039642333984,15.948991775512695
B-A,128,both,chunk,zero,B,sender,1,False,True,0,0.34192419052124023,2.5804128646850586,6.710191965103149,0.5197759866714478,10.190409183502197,201433088,9.32492709159851,0.03638315200805664,0.011119842529296875,0.006880044937133789,0.028959989547729492,0.0833430290222168,0.03129599988460541,0.3882560133934021,0.4195519983768463
B-A,128,both,chunk,zero,B,sender,2,False,True,0,0.343109130859375,2.560471773147583,6.633392095565796,0.5,10.069711923599243,201433088,9.34086012840271,0.03644919395446777,0.011098861694335938,0.006823062896728516,0.029082059860229492,0.08345317840576172,0.03145600110292435,0.3893760144710541,0.4208320081233978
B-A,128,both,chunk,zero,B,sender,3,False,True,0,0.3246650695800781,2.582037925720215,6.637868881225586,0.5306559801101685,10.10843801498413,201433088,9.330925226211548,0.03792905807495117,0.011438846588134766,0.00660395622253418,0.0298001766204834,0.08577203750610352,0.03200000151991844,0.3728640079498291,0.40486401319503784
B-A,128,both,chunk,zero,B,sender,4,False,True,0,0.3375229835510254,2.6073460578918457,6.597490072250366,0.5077120065689087,10.082537174224854,201433088,9.341669797897339,0.03609585762023926,0.011008024215698242,0.006644010543823242,0.029176950454711914,0.08292484283447266,0.031039999797940254,0.38358399271965027,0.41462400555610657
B-A,128,both,chunk,zero,B,sender,5,False,True,0,0.3532371520996094,2.2371387481689453,6.921507120132446,0.5804799795150757,10.125777006149292,201433088,9.317728757858276,0.03702402114868164,0.011026859283447266,0.010828971862792969,0.024615049362182617,0.08349490165710449,0.03110400028526783,0.4012160003185272,0.4323199987411499
B-A,128,both,chunk,zero,B,sender,6,False,True,0,0.345181941986084,2.233084201812744,6.984076976776123,0.529151976108551,10.123188972473145,201433088,9.365936994552612,0.03635597229003906,0.011131048202514648,0.006682872772216797,0.030076026916503906,0.08424592018127441,0.03235200047492981,0.3915199935436249,0.4238719940185547
B-A,128,both,chunk,zero,B,sender,7,False,True,0,0.3558187484741211,2.249058246612549,6.874009132385254,0.524511992931366,10.03655481338501,201433088,9.328725099563599,0.0359950065612793,0.011404037475585938,0.0066297054290771484,0.02947402000427246,0.08350276947021484,0.03177599981427193,0.401856005191803,0.4336319863796234
B-A,128,both,chunk,zero,B,sender,8,False,True,0,0.3352012634277344,3.305588722229004,5.912811040878296,0.5127040147781372,10.10181713104248,201433088,9.331176042556763,0.03574991226196289,0.011415958404541016,0.0066280364990234375,0.02914714813232422,0.08294105529785156,0.03145600110292435,0.3808319866657257,0.41228801012039185
B-A,128,both,chunk,zero,B,sender,9,False,True,0,0.33593106269836426,2.541566848754883,6.685259103775024,0.5199360251426697,10.11428689956665,201433088,9.353240013122559,0.03677678108215332,0.011281251907348633,0.0067827701568603516,0.02910923957824707,0.08395004272460938,0.031488001346588135,0.3826879858970642,0.41417598724365234
B-A,128,both,chunk,zero,B,sender,10,False,True,0,0.32752108573913574,2.5266568660736084,6.678018093109131,0.5210880041122437,10.085063219070435,201433088,9.327357053756714,0.036762237548828125,0.011132001876831055,0.00640416145324707,0.029304981231689453,0.0836033821105957,0.031136000528931618,0.3744640052318573,0.40560001134872437
B-A,128,both,chunk,zero,A,receiver,1,False,True,0,2.1457138061523438,,15.052663803100586,0.5220159888267517,18.269419193267822,201433088,17.454742908477783,0.03697490692138672,0.011841297149658203,0.006768703460693359,0.4553680419921875,0.5109529495239258,0.04121600091457367,2.610719919204712,2.6519360542297363
B-A,128,both,chunk,zero,A,receiver,2,False,True,0,2.1421499252319336,,14.81949234008789,0.5934399962425232,18.101609706878662,201433088,17.17231798171997,0.03774452209472656,0.011949539184570312,0.006999492645263672,0.426882266998291,0.48357582092285156,0.04121600091457367,2.5833280086517334,2.6245439052581787
B-A,128,both,chunk,zero,A,receiver,3,False,True,0,2.1536030769348145,,14.508885383605957,0.8036800026893616,18.03483295440674,201433088,16.93821668624878,0.05687904357910156,0.014922142028808594,0.017654895782470703,0.3797459602355957,0.46920204162597656,0.04153599962592125,2.5797760486602783,2.621311902999878
B-A,128,both,chunk,zero,A,receiver,4,False,True,0,2.150880813598633,,14.599859714508057,0.8119040131568909,18.150306224822998,201433088,16.99228000640869,0.05621814727783203,0.01636791229248047,0.01764202117919922,0.4058709144592285,0.49609899520874023,0.042047999799251556,2.603327989578247,2.645375967025757
B-A,128,both,chunk,zero,A,receiver,5,False,True,0,2.163191795349121,,14.69478702545166,0.5067840218544006,17.56932544708252,201433088,16.896831035614014,0.03918790817260742,0.012547016143798828,0.006913185119628906,0.10726594924926758,0.16591405868530273,0.04150399938225746,2.286367893218994,2.3278720378875732
B-A,128,both,chunk,zero,A,receiver,6,False,True,0,2.153879165649414,,14.720495223999023,0.5401920080184937,17.626852989196777,201433088,16.922088146209717,0.043335914611816406,0.01284027099609375,0.006779193878173828,0.11098718643188477,0.17394256591796875,0.04131200164556503,2.285599946975708,2.3269119262695312
B-A,128,both,chunk,zero,A,receiver,7,False,True,0,2.1560745239257812,,14.68837308883667,0.5312960147857666,17.596675872802734,201433088,16.89724063873291,0.03917980194091797,0.01315927505493164,0.006810188293457031,0.12318086624145508,0.18233013153076172,0.041471999138593674,2.29584002494812,2.3373119831085205
B-A,128,both,chunk,zero,A,receiver,8,False,True,0,2.4772539138793945,,13.747467041015625,0.7094399929046631,17.90206527709961,201433088,16.869218349456787,0.05168914794921875,0.08794021606445312,0.030251502990722656,0.6337699890136719,0.8036508560180664,0.7303680181503296,2.5311360359191895,3.2615039348602295
B-A,128,both,chunk,zero,A,receiver,9,False,True,0,2.1460771560668945,,14.473634719848633,0.8315839767456055,17.98258686065674,201433088,16.873070240020752,0.05403280258178711,0.014263153076171875,0.01746082305908203,0.3504042625427246,0.4361610412597656,0.04163200035691261,2.5385921001434326,2.58022403717041
B-A,128,both,chunk,zero,A,receiver,10,False,True,0,2.1513004302978516,,14.53154468536377,0.7377920150756836,17.93073558807373,201433088,16.90931463241577,0.05186653137207031,0.01392221450805664,0.01719379425048828,0.33181142807006836,0.4147939682006836,0.04163200035691261,2.5227839946746826,2.56441593170166
B-A,128,both,chunk,delay2,B,sender,1,False,True,2,2.456174850463867,2.3169150352478027,4.781302213668823,0.5250880122184753,10.111545085906982,201433088,9.36986517906189,0.039826154708862305,0.01229405403137207,0.006906986236572266,0.019973039627075195,0.07900023460388184,0.02672000043094158,2.505728006362915,2.5324480533599854
B-A,128,both,chunk,delay2,B,sender,2,False,True,2,2.4541900157928467,2.5767998695373535,4.53916597366333,0.505952000617981,10.107829809188843,201433088,9.393496036529541,0.038465023040771484,0.011667251586914062,0.09656882286071777,0.004104137420654297,0.15080523490905762,0.023455999791622162,2.502271890640259,2.5257279872894287
B-A,128,both,chunk,delay2,B,sender,3,False,True,2,2.3553121089935303,2.6619699001312256,4.507201194763184,0.7995520234107971,10.36268401145935,201433088,9.381569147109985,0.05744123458862305,0.0173797607421875,0.017248153686523438,0.01793670654296875,0.11000585556030273,0.03731200098991394,2.4231679439544678,2.460479974746704
B-A,128,both,chunk,delay2,B,sender,4,False,True,2,2.4416117668151855,2.248396158218384,4.8671019077301025,0.5796480178833008,10.168745040893555,201433088,9.351415157318115,0.04254484176635742,0.013000965118408203,0.00710606575012207,0.029515981674194336,0.09216785430908203,0.033952001482248306,2.495840072631836,2.529792070388794
B-A,128,both,chunk,delay2,B,sender,5,False,True,2,2.495365858078003,2.4638891220092773,4.810153961181641,0.5956479907035828,10.402360916137695,201433088,9.637019157409668,0.03952503204345703,0.01438283920288086,0.006953001022338867,0.020176172256469727,0.08103704452514648,0.033376000821590424,2.537503957748413,2.5708799362182617
B-A,128,both,chunk,delay2,B,sender,6,False,True,2,2.463344097137451,2.519697904586792,4.585169076919556,0.5255039930343628,10.126763105392456,201433088,9.364942073822021,0.039288997650146484,0.016047000885009766,0.007124185562133789,0.029323816299438477,0.09178400039672852,0.037087999284267426,2.5135679244995117,2.5506560802459717
B-A,128,both,chunk,delay2,B,sender,7,False,True,2,2.459713935852051,2.6122610569000244,4.524538040161133,0.5069760084152222,10.134981155395508,201433088,9.394133806228638,0.03921794891357422,0.01174616813659668,0.007300853729248047,0.0281069278717041,0.08637189865112305,0.03187200054526329,2.5100159645080566,2.5418879985809326
B-A,128,both,chunk,delay2,B,sender,8,False,True,2,2.4462239742279053,2.243834972381592,4.873837232589722,0.5912320017814636,10.186624765396118,201433088,9.362300872802734,0.0394289493560791,0.012072086334228516,0.007039785385131836,0.028836965560913086,0.08737778663635254,0.03244800120592117,2.497215986251831,2.5296640396118164
B-A,128,both,chunk,delay2,B,sender,9,False,True,2,2.43730092048645,2.2588939666748047,4.919928073883057,0.5625920295715332,10.211936950683594,201433088,9.41175103187561,0.0445556640625,0.012109041213989258,0.0070841312408447266,0.028622865676879883,0.09237170219421387,0.03251200169324875,2.4929280281066895,2.525439977645874
B-A,128,both,chunk,delay2,B,sender,10,False,True,2,2.4238929748535156,2.259796142578125,4.907788991928101,0.5279679894447327,10.151041030883789,201433088,9.35027003288269,0.03912997245788574,0.011686086654663086,0.006989955902099609,0.028635263442993164,0.0864412784576416,0.03187200054526329,2.4733119010925293,2.5051839351654053
B-A,128,both,chunk,delay2,A,receiver,1,False,True,2,4.254205226898193,,12.370178699493408,0.6653760075569153,17.589641571044922,201433088,16.77574586868286,0.061287879943847656,0.018319129943847656,0.01775979995727539,0.1401662826538086,0.2375330924987793,0.04217600077390671,4.447904109954834,4.490079879760742
B-A,128,both,chunk,delay2,A,receiver,2,False,True,2,4.33346700668335,,12.371837139129639,0.7475519776344299,17.9401273727417,201433088,16.90972661972046,0.05223703384399414,0.014490604400634766,0.017226219177246094,0.3418903350830078,0.4258441925048828,0.04217600077390671,4.714367866516113,4.75654411315918
B-A,128,both,chunk,delay2,A,receiver,3,False,True,2,4.235764026641846,,12.380714416503906,0.4803520143032074,17.70976734161377,201433088,16.936670303344727,0.03718996047973633,0.012234687805175781,0.006846904754638672,0.5179629325866699,0.5742344856262207,0.04182400181889534,4.766528129577637,4.808351993560791
B-A,128,both,chunk,delay2,A,receiver,4,False,True,2,4.268278121948242,,12.394388198852539,0.48528000712394714,17.35189390182495,201433088,16.696056365966797,0.03602313995361328,0.011753559112548828,0.0067272186279296875,0.1142873764038086,0.1687912940979004,0.04153599962592125,4.3936638832092285,4.435200214385986
B-A,128,both,chunk,delay2,A,receiver,5,False,True,2,4.38790225982666,,12.37550163269043,0.8301439881324768,17.927539348602295,201433088,16.78936767578125,0.053256988525390625,0.015360355377197266,0.01756000518798828,0.18254899978637695,0.2687263488769531,0.04211200028657913,4.616127967834473,4.658239841461182
B-A,128,both,chunk,delay2,A,receiver,6,False,True,2,4.290623188018799,,12.464808940887451,0.5051519870758057,17.729610919952393,201433088,16.95659065246582,0.03716087341308594,0.011821269989013672,0.007069587707519531,0.3762822151184082,0.43233394622802734,0.041760001331567764,4.6787519454956055,4.7205119132995605
B-A,128,both,chunk,delay2,A,receiver,7,False,True,2,4.294078350067139,,12.444968700408936,0.757535994052887,18.07953691482544,201433088,17.041884899139404,0.05536317825317383,0.014384269714355469,0.0309906005859375,0.41729307174682617,0.518031120300293,0.04211200028657913,4.7679362297058105,4.8100481033325195
B-A,128,both,chunk,delay2,A,receiver,8,False,True,2,4.270408630371094,,12.446749210357666,0.48927998542785645,17.4059100151062,201433088,16.755120277404785,0.03782320022583008,0.012585163116455078,0.006594657897949219,0.10486412048339844,0.1618671417236328,0.041600000113248825,4.389344215393066,4.430943965911865
B-A,128,both,chunk,delay2,A,receiver,9,False,True,2,4.283669948577881,,12.45362377166748,0.49190399050712585,17.434121131896973,201433088,16.77933692932129,0.038082122802734375,0.012494564056396484,0.007244110107421875,0.11026906967163086,0.1680898666381836,0.041728001087903976,4.40883207321167,4.450560092926025
B-A,128,both,chunk,delay2,A,receiver,10,False,True,2,4.258072376251221,,12.46446943283081,0.5197439789772034,17.45802593231201,201433088,16.77262783050537,0.03831005096435547,0.012642860412597656,0.007002830505371094,0.11999750137329102,0.17795324325561523,0.04156799986958504,4.393280029296875,4.434847831726074
B-A,128,both,chunk,jitter,B,sender,1,False,True,4.020198167848416,4.4830169677734375,2.5632989406585693,2.4874320030212402,0.5325760245323181,10.102938890457153,201433088,9.339087009429932,0.03884100914001465,0.011506795883178711,0.007611989974975586,0.028197288513183594,0.08615708351135254,0.0315839983522892,4.531968116760254,4.563551902770996
B-A,128,both,chunk,jitter,B,sender,2,False,True,3.5699865299658926,4.024403095245361,2.3823208808898926,3.201988935470581,0.5122560262680054,10.152410984039307,201433088,9.430763959884644,0.04301595687866211,0.01156306266784668,0.008564949035644531,0.09131503105163574,0.15445899963378906,0.02457600086927414,4.072671890258789,4.097248077392578
B-A,128,both,chunk,jitter,B,sender,3,False,True,3.986917916734053,4.436010122299194,2.678039789199829,2.4219107627868652,0.5165759921073914,10.084037065505981,201433088,9.348309993743896,0.03898310661315918,0.011374950408935547,0.007227897644042969,0.028148174285888672,0.08573412895202637,0.03129599988460541,4.4850239753723145,4.51632022857666
B-A,128,both,chunk,jitter,B,sender,4,False,True,7.0126387611791765,7.466800928115845,2.1983819007873535,0.002721071243286133,0.5027520060539246,10.199974060058594,201433088,9.334275960922241,0.03973865509033203,0.011795282363891602,0.007139921188354492,0.027804851531982422,0.08647871017456055,0.031647998839616776,7.516128063201904,7.547776222229004
B-A,128,both,chunk,jitter,B,sender,5,False,True,2.306023943505692,2.7572522163391113,2.7748777866363525,4.062060117721558,0.504800021648407,10.1302170753479,201433088,9.363412857055664,0.03907608985900879,0.011510133743286133,0.007283687591552734,0.029291152954101562,0.08716106414794922,0.03167999908328056,2.806175947189331,2.8378560543060303
B-A,128,both,chunk,jitter,B,sender,6,False,True,6.5087147941713335,6.981199026107788,2.5401611328125,0.11747217178344727,0.5647040009498596,10.235042095184326,201433088,9.347993850708008,0.0398099422454834,0.011633157730102539,0.0068378448486328125,0.02879190444946289,0.08707284927368164,0.03190400078892708,7.03107213973999,7.062975883483887
B-A,128,both,chunk,jitter,B,sender,7,False,True,5.474825220867732,5.898965835571289,2.2307441234588623,1.4964768886566162,0.5183680057525635,10.176203727722168,201433088,9.43903112411499,0.0388028621673584,0.011294126510620117,0.007109880447387695,0.028650999069213867,0.08585786819458008,0.03161599859595299,5.947711944580078,5.979328155517578
B-A,128,both,chunk,jitter,B,sender,8,False,True,3.4485183711048784,3.9052557945251465,2.1999659538269043,3.6713149547576904,0.5129280090332031,10.325384616851807,201433088,9.573949813842773,0.03939414024353027,0.011526823043823242,0.006916046142578125,0.028563261032104492,0.08640027046203613,0.03136000037193298,3.9562880992889404,3.9876480102539062
B-A,128,both,chunk,jitter,B,sender,9,False,True,5.556879832688002,6.00258994102478,2.76066517829895,0.8851029872894287,0.5177279710769653,10.197726964950562,201433088,9.46171498298645,0.04015707969665527,0.011967897415161133,0.0072231292724609375,0.028105974197387695,0.08745408058166504,0.03171199932694435,6.052832126617432,6.0845441818237305
B-A,128,both,chunk,jitter,B,sender,10,False,True,3.24136715240604,3.714862108230591,2.339622735977173,3.4812910556793213,0.584447979927063,10.151635885238647,201433088,9.34404993057251,0.03958415985107422,0.012260913848876953,0.006682157516479492,0.028532028198242188,0.08705925941467285,0.03209599852561951,3.7643520832061768,3.796447992324829
B-A,128,both,chunk,jitter,A,receiver,1,False,True,4.020198167848416,6.315283298492432,,10.356756210327148,0.5360640287399292,17.72734498977661,201433088,16.879931926727295,0.037036895751953125,0.011458396911621094,0.007192134857177734,0.41961193084716797,0.4752993583679199,0.04156799986958504,6.747744083404541,6.78931188583374
B-A,128,both,chunk,jitter,A,receiver,2,False,True,3.5699865299658926,6.002891540527344,,11.056806087493896,0.5029439926147461,17.753055572509766,201433088,16.913651943206787,0.0384979248046875,0.012092113494873047,0.007134437561035156,0.047696590423583984,0.10542106628417969,0.042367998510599136,6.063456058502197,6.105823993682861
B-A,128,both,chunk,jitter,A,receiver,3,False,True,3.986917916734053,6.26719856262207,,10.330489158630371,0.753216028213501,17.9941725730896,201433088,16.945905208587646,0.054821014404296875,0.014025211334228516,0.01721477508544922,0.4880518913269043,0.5741128921508789,0.04198399931192398,6.7966718673706055,6.838655948638916
B-A,128,both,chunk,jitter,A,receiver,4,False,True,7.0126387611791765,9.284097671508789,,8.495062351226807,0.4785600006580353,18.40638017654419,201433088,17.654003620147705,0.05658435821533203,0.02878093719482422,0.009652137756347656,0.01634693145751953,0.11136436462402344,0.05958399921655655,9.333503723144531,9.393088340759277
B-A,128,both,chunk,jitter,A,receiver,5,False,True,2.306023943505692,4.597009658813477,,11.756351947784424,0.7751039862632751,17.869715213775635,201433088,16.920043468475342,0.059515953063964844,0.01796102523803711,0.02144002914428711,0.5703067779541016,0.6692237854003906,0.04198399931192398,5.226304054260254,5.2682881355285645
B-A,128,both,chunk,jitter,A,receiver,6,False,True,6.5087147941713335,8.806055068969727,,7.631001949310303,0.529312014579773,17.450825691223145,201433088,16.759233951568604,0.03535604476928711,0.012028217315673828,0.006710529327392578,0.39111328125,0.4452080726623535,0.041280001401901245,9.202719688415527,9.244000434875488
B-A,128,both,chunk,jitter,A,receiver,7,False,True,5.474825220867732,7.72825288772583,,9.11798620223999,0.49459201097488403,17.524399757385254,201433088,16.86940097808838,0.0376124382019043,0.0148773193359375,0.006646633148193359,0.05343437194824219,0.11257076263427734,0.06268800050020218,7.768832206726074,7.831520080566406
B-A,128,both,chunk,jitter,A,receiver,8,False,True,3.4485183711048784,5.7377543449401855,,11.249147891998291,0.49187201261520386,17.616043090820312,201433088,16.97196102142334,0.03675270080566406,0.011332511901855469,0.006581783294677734,0.046217918395996094,0.10088491439819336,0.05020799860358238,5.777247905731201,5.827455997467041
B-A,128,both,chunk,jitter,A,receiver,9,False,True,5.556879832688002,7.823685646057129,,8.40709400177002,0.5409600138664246,17.499145984649658,201433088,16.802982330322266,0.03748893737792969,0.011924266815185547,0.006694793701171875,0.614410400390625,0.6705183982849121,0.04182400181889534,8.451199531555176,8.493023872375488
B-A,128,both,chunk,jitter,A,receiver,10,False,True,3.24136715240604,5.542972087860107,,11.18366527557373,0.5116479992866516,17.520705223083496,201433088,16.845436096191406,0.03717613220214844,0.01186990737915039,0.006967067718505859,0.16498899459838867,0.22100210189819336,0.0414079986512661,5.721375942230225,5.762784004211426
B-A,128,both,window2,zero,B,sender,1,False,True,0,0.3702571392059326,2.911982774734497,5.745100975036621,0.5065919756889343,9.566694974899292,201433088,8.83393406867981,0.03635120391845703,0.010911703109741211,0.0064470767974853516,0.028911113739013672,0.08262109756469727,0.030751999467611313,0.41679999232292175,0.44755199551582336
B-A,128,both,window2,zero,B,sender,2,False,True,0,0.33455896377563477,2.5510332584381104,6.1423890590667725,0.5001919865608215,9.564462184906006,201433088,8.834389925003052,0.03630471229553223,0.011062145233154297,0.006734132766723633,0.02915787696838379,0.08325886726379395,0.031072000041604042,0.3811199963092804,0.4121919870376587
B-A,128,both,window2,zero,B,sender,3,False,True,0,0.34178590774536133,2.4571850299835205,6.2488179206848145,0.5673919916152954,9.646735906600952,201433088,8.83555293083191,0.03724408149719238,0.011221885681152344,0.006790876388549805,0.028804302215576172,0.0840611457824707,0.03136000037193298,0.390175998210907,0.42153599858283997
B-A,128,both,window2,zero,B,sender,4,False,True,0,0.348984956741333,2.19766902923584,6.481809139251709,0.5302079916000366,9.591725826263428,201433088,8.8208909034729,0.03767204284667969,0.011110067367553711,0.011041879653930664,0.024591922760009766,0.08441591262817383,0.031231999397277832,0.397024005651474,0.42825600504875183
B-A,128,both,window2,zero,B,sender,5,False,True,0,0.30332183837890625,2.2135729789733887,6.53651237487793,0.5170239806175232,9.605127811431885,201433088,8.856078863143921,0.03653526306152344,0.014468908309936523,0.006415843963623047,0.029534101486206055,0.08695411682128906,0.03404799848794937,0.3517119884490967,0.38576000928878784
B-A,128,both,window2,zero,B,sender,6,False,True,0,0.3473379611968994,2.176619052886963,6.5191779136657715,0.5158720016479492,9.59501600265503,201433088,8.83154034614563,0.03713226318359375,0.011239767074584961,0.006396055221557617,0.029337167739868164,0.08410525321960449,0.031647998839616776,0.3943359851837158,0.4259839951992035
B-A,128,both,window2,zero,B,sender,7,False,True,0,0.3515958786010742,2.17887020111084,6.533777952194214,0.5518400073051453,9.648283004760742,201433088,8.877632141113281,0.03630805015563965,0.010972738265991211,0.006385326385498047,0.02946782112121582,0.08313393592834473,0.03126399964094162,0.39792001247406006,0.4291839897632599
B-A,128,both,window2,zero,B,sender,8,False,True,0,0.3765881061553955,2.810183048248291,6.275475740432739,0.8206080198287964,10.321760892868042,201433088,9.174417972564697,0.04683399200439453,0.0820930004119873,0.027869224548339844,0.010634899139404297,0.16743111610412598,0.10502400249242783,0.4345279932022095,0.5395519733428955
B-A,128,both,window2,zero,B,sender,9,False,True,0,0.35403013229370117,2.1769957542419434,6.510908842086792,0.5080639719963074,9.582154035568237,201433088,8.83639407157898,0.036782026290893555,0.01131296157836914,0.006582975387573242,0.029249191284179688,0.08392715454101562,0.03174399957060814,0.4004479944705963,0.43219199776649475
B-A,128,both,window2,zero,B,sender,10,False,True,0,0.34595704078674316,2.190062999725342,6.471057891845703,0.548416018486023,9.587349891662598,201433088,8.81161093711853,0.035920143127441406,0.011083841323852539,0.006597995758056641,0.028915882110595703,0.08251786231994629,0.030912000685930252,0.39289599657058716,0.4238080084323883
B-A,128,both,window2,zero,A,receiver,1,False,True,0,2.246065139770508,,13.34890604019165,0.7810559868812561,17.3105149269104,201433088,16.21485996246338,0.05826997756958008,0.02744007110595703,0.09621000289916992,0.6093559265136719,0.7912759780883789,0.706496000289917,2.3164479732513428,3.0229439735412598
B-A,128,both,window2,zero,A,receiver,2,False,True,0,2.1578221321105957,,14.536797046661377,0.7093759775161743,17.944369792938232,201433088,16.89348793029785,0.053296566009521484,0.015374183654785156,0.017692089080810547,0.3693819046020508,0.45574474334716797,0.04227200150489807,2.5667519569396973,2.6090240478515625
B-A,128,both,window2,zero,A,receiver,3,False,True,0,2.146224021911621,,14.232758522033691,0.946943998336792,17.782970905303955,201433088,16.4872465133667,0.055909156799316406,0.01484537124633789,0.018086910247802734,0.2636737823486328,0.35251522064208984,0.04198399931192398,2.457024097442627,2.4990079402923584
B-A,128,both,window2,zero,A,receiver,4,False,True,0,2.1507182121276855,,14.116491317749023,0.5336319804191589,16.982804775238037,201433088,16.264631748199463,0.04100513458251953,0.013023853302001953,0.0071048736572265625,0.06949806213378906,0.1306319236755371,0.04156799986958504,2.237855911254883,2.279423952102661
B-A,128,both,window2,zero,A,receiver,5,False,True,0,2.1598281860351562,,14.189992904663086,0.5813440084457397,17.093773365020752,201433088,16.325016021728516,0.0388178825378418,0.012311935424804688,0.006908416748046875,0.06551361083984375,0.12355184555053711,0.04153599962592125,2.2403199672698975,2.281856060028076
B-A,128,both,window2,zero,A,receiver,6,False,True,0,2.156297206878662,,14.116359233856201,0.5551040172576904,16.983686923980713,201433088,16.262030601501465,0.03854084014892578,0.012157917022705078,0.007085323333740234,0.058142662048339844,0.11592674255371094,0.04163200035691261,2.2162559032440186,2.257888078689575
B-A,128,both,window2,zero,A,receiver,7,False,True,0,2.1539149284362793,,14.144298553466797,0.5325120091438293,16.991777896881104,201433088,16.297164916992188,0.038994789123535156,0.012525081634521484,0.0070819854736328125,0.06359720230102539,0.12219905853271484,0.04169600084424019,2.23305606842041,2.274751901626587
B-A,128,both,window2,zero,A,receiver,8,False,True,0,2.2740769386291504,,13.548123836517334,0.5332159996032715,17.069229125976562,201433088,16.373393058776855,0.03964996337890625,0.011995315551757812,0.01919269561767578,0.6039090156555176,0.6747469902038574,0.041600000113248825,2.9059839248657227,2.9475839138031006
B-A,128,both,window2,zero,A,receiver,9,False,True,0,2.1628308296203613,,14.151791095733643,0.5664640069007874,17.028796672821045,201433088,16.295897006988525,0.03932666778564453,0.012821197509765625,0.028367996215820312,0.02720499038696289,0.10772085189819336,0.041728001087903976,2.220832109451294,2.2625598907470703
B-A,128,both,window2,zero,A,receiver,10,False,True,0,2.15118408203125,,14.112391948699951,0.5624319911003113,16.992669105529785,201433088,16.253626823425293,0.03868436813354492,0.012097835540771484,0.006780147552490234,0.07049798965454102,0.12806034088134766,0.04156799986958504,2.2361600399017334,2.2777280807495117
B-A,128,both,window2,delay2,B,sender,1,False,True,2,2.389190196990967,3.877380132675171,2.77687406539917,0.5039039850234985,9.578814029693604,201433088,8.849387884140015,0.03615069389343262,0.01161813735961914,0.008168935775756836,0.031214237213134766,0.08715200424194336,0.03311999887228012,2.431936025619507,2.4650559425354004
B-A,128,both,window2,delay2,B,sender,2,False,True,2,2.422065019607544,3.8614180088043213,2.7900338172912598,0.5598080158233643,9.668526887893677,201433088,8.853984117507935,0.039476871490478516,0.022984027862548828,0.0123748779296875,0.013025045394897461,0.0878608226776123,0.033824000507593155,2.4704320430755615,2.504256010055542
B-A,128,both,window2,delay2,B,sender,3,False,True,2,2.429114818572998,3.7831780910491943,2.8352839946746826,0.5647040009498596,9.64411997795105,201433088,8.849143981933594,0.04148507118225098,0.012259721755981445,0.006555318832397461,0.10440707206726074,0.16470718383789062,0.032735999673604965,2.480448007583618,2.513184070587158
B-A,128,both,window2,delay2,B,sender,4,False,True,2,2.4411728382110596,3.7007339000701904,3.0485241413116455,0.6567999720573425,9.881726026535034,201433088,8.96260404586792,0.04159975051879883,0.01227426528930664,0.006293773651123047,0.09848809242248535,0.15865588188171387,0.033824000507593155,2.491935968399048,2.5257599353790283
B-A,128,both,window2,delay2,B,sender,5,False,True,2,2.5391838550567627,3.635444164276123,3.1055779457092285,0.5081279873847961,9.821420907974243,201433088,8.971902847290039,0.041940927505493164,0.012140989303588867,0.006580829620361328,0.10251808166503906,0.16318082809448242,0.03251200169324875,2.591104030609131,2.6236159801483154
B-A,128,both,window2,delay2,B,sender,6,False,True,2,2.4274330139160156,3.714725971221924,2.8286571502685547,0.863647997379303,9.872405052185059,201433088,8.817698001861572,0.05778813362121582,0.017117738723754883,0.08661484718322754,0.005217075347900391,0.16673779487609863,0.036896001547575,2.4958078861236572,2.5327041149139404
B-A,128,both,window2,delay2,B,sender,7,False,True,2,2.5121428966522217,3.6468329429626465,3.077235221862793,0.5024319887161255,9.770330905914307,201433088,9.053163051605225,0.03974795341491699,0.01176905632019043,0.006926059722900391,0.02839493751525879,0.0868380069732666,0.03171199932694435,2.5628159046173096,2.5945279598236084
B-A,128,both,window2,delay2,B,sender,8,False,True,2,2.45491886138916,3.6929750442504883,2.8561949729919434,0.5184640288352966,9.554079055786133,201433088,8.810106992721558,0.039138078689575195,0.01149892807006836,0.007337093353271484,0.028383970260620117,0.08635807037353516,0.031936001032590866,2.504096031188965,2.53603196144104
B-A,128,both,window2,delay2,B,sender,9,False,True,2,2.427299976348877,3.782090902328491,2.8607401847839355,0.5994560122489929,9.704039812088013,201433088,8.85484004020691,0.13512563705444336,0.012578010559082031,0.011703014373779297,0.023588180541992188,0.18299484252929688,0.03292800113558769,2.57206392288208,2.604991912841797
B-A,128,both,window2,delay2,B,sender,10,False,True,2,2.388585329055786,3.487499713897705,3.177745819091797,0.5304639935493469,9.619456052780151,201433088,8.85154414176941,0.03929400444030762,0.01158285140991211,0.007569074630737305,0.030160903930664062,0.0886068344116211,0.027583999559283257,2.437920093536377,2.4655039310455322
B-A,128,both,window2,delay2,A,receiver,1,False,True,2,4.212421894073486,,10.867774963378906,0.514847993850708,17.45281457901001,201433088,16.603970527648926,0.037271976470947266,0.012042045593261719,0.006779670715332031,1.7463245391845703,1.8024182319641113,0.04102399945259094,5.969279766082764,6.010303974151611
B-A,128,both,window2,delay2,A,receiver,2,False,True,2,4.260472297668457,,10.683393955230713,0.7905920147895813,17.553388118743896,201433088,16.456509590148926,0.0528712272644043,0.014861106872558594,0.017944812774658203,1.6705436706542969,1.756220817565918,0.04227200150489807,5.971871852874756,6.014143943786621
B-A,128,both,window2,delay2,A,receiver,3,False,True,2,4.350438117980957,,10.690333843231201,0.8452479839324951,17.48318386077881,201433088,16.32903242111206,0.055205345153808594,0.01511240005493164,0.017377376556396484,1.4444828033447266,1.5321779251098633,0.04233599826693535,5.837440013885498,5.8797760009765625
B-A,128,both,window2,delay2,A,receiver,4,False,True,2,4.34550142288208,,10.722392559051514,0.5099200010299683,17.170823097229004,201433088,16.304152965545654,0.06160783767700195,0.018212318420410156,0.017450809478759766,1.4274516105651855,1.5247225761413574,0.04214400053024292,5.823232173919678,5.865375995635986
B-A,128,both,window2,delay2,A,receiver,5,False,True,2,4.452224254608154,,10.747586727142334,0.5065600275993347,17.228008270263672,201433088,16.36727809906006,0.055771827697753906,0.014426231384277344,0.017596721649169922,1.3653903007507324,1.4531850814819336,0.04211200028657913,5.85971212387085,5.901823997497559
B-A,128,both,window2,delay2,A,receiver,6,False,True,2,4.359797477722168,,10.706727981567383,0.5032320022583008,17.169015407562256,201433088,16.39890956878662,0.03671598434448242,0.011915206909179688,0.006916046142578125,1.5062828063964844,1.5618300437927246,0.042047999799251556,5.878111839294434,5.920159816741943
B-A,128,both,window2,delay2,A,receiver,7,False,True,2,4.332205772399902,,10.684499740600586,0.8817279934883118,17.517684936523438,201433088,16.355804443359375,0.0526728630065918,0.014620304107666016,0.017232894897460938,1.4725351333618164,1.5570611953735352,0.04185599833726883,5.845439910888672,5.887296199798584
B-A,128,both,window2,delay2,A,receiver,8,False,True,2,4.259337902069092,,10.686156749725342,0.8614400029182434,17.451850414276123,201433088,16.267643928527832,0.05591535568237305,0.014770984649658203,0.017731666564941406,1.4925751686096191,1.5809931755065918,0.04185599833726883,5.794976234436035,5.836832046508789
B-A,128,both,window2,delay2,A,receiver,9,False,True,2,4.356436252593994,,10.736908912658691,0.7358400225639343,17.490728855133057,201433088,16.44629716873169,0.05776548385620117,0.014501094818115234,0.017755508422851562,1.500579833984375,1.590601921081543,0.04179200157523155,5.897215843200684,5.9390082359313965
B-A,128,both,window2,delay2,A,receiver,10,False,True,2,4.223415374755859,,10.750715255737305,0.6030719876289368,17.007972240447998,201433088,16.241273880004883,0.05534219741821289,0.014836788177490234,0.01958608627319336,1.3037919998168945,1.393557071685791,0.04182400181889534,5.570047855377197,5.61187219619751
B-A,128,both,window2,jitter,B,sender,1,False,True,1.331574012493828,1.7945928573608398,4.477112054824829,2.8489620685577393,0.5021759867668152,9.654819965362549,201433088,8.92274808883667,0.0387120246887207,0.011207103729248047,0.0071868896484375,0.02753901481628418,0.08464503288269043,0.030527999624609947,1.8431040048599243,1.8736319541931152
B-A,128,both,window2,jitter,B,sender,2,False,True,4.470463688957796,4.913537979125977,3.871156930923462,0.2835958003997803,0.5139200091362,9.615492105484009,201433088,8.861973762512207,0.04027390480041504,0.07975912094116211,0.027185916900634766,0.011545896530151367,0.15876483917236328,0.1117120012640953,4.955391883850098,5.067103862762451
B-A,128,both,window2,jitter,B,sender,3,False,True,6.045583916466939,6.519001007080078,2.4162280559539795,0.23792290687561035,0.5065600275993347,9.711344003677368,201433088,8.97327995300293,0.03901982307434082,0.011617898941040039,0.0071070194244384766,0.0333249568939209,0.09106969833374023,0.03407999873161316,6.569087982177734,6.60316801071167
B-A,128,both,window2,jitter,B,sender,4,False,True,4.129874627543283,4.531203985214233,4.254594087600708,0.28781986236572266,0.5036159753799438,9.608842134475708,201433088,8.857119083404541,0.18004798889160156,0.016376972198486328,0.021960973739624023,0.013087034225463867,0.23147296905517578,0.18502399325370789,4.574783802032471,4.75980806350708
B-A,128,both,window2,jitter,B,sender,5,False,True,6.133700644586719,6.59326696395874,2.674246072769165,0.0025751590728759766,0.5605760216712952,9.859873056411743,201433088,8.856781959533691,0.039422035217285156,0.011551856994628906,0.0068759918212890625,0.028415918350219727,0.08626580238342285,0.03136000037193298,6.642816066741943,6.674176216125488
B-A,128,both,window2,jitter,B,sender,6,False,True,5.206037527256038,5.665015935897827,2.8415911197662354,0.6740338802337646,0.5702400207519531,9.782619953155518,201433088,8.99375605583191,0.04531407356262207,0.011837959289550781,0.010406017303466797,0.027199983596801758,0.0947580337524414,0.03411199897527695,5.720096111297607,5.754208087921143
B-A,128,both,window2,jitter,B,sender,7,False,True,5.205643002955259,5.686906099319458,2.868058681488037,0.5839810371398926,0.5355200171470642,9.70625901222229,201433088,8.950552940368652,0.04723215103149414,0.012600898742675781,0.0067021846771240234,0.014513969421386719,0.08104920387268066,0.030112000182271004,5.735424041748047,5.765535831451416
B-A,128,both,window2,jitter,B,sender,8,False,True,0.8377565493864756,1.2529211044311523,4.626938819885254,3.191377878189087,0.5088000297546387,9.611732244491577,201433088,8.888102054595947,0.12064790725708008,0.016334056854248047,0.021962881088256836,0.013579130172729492,0.17252397537231445,0.1281599998474121,1.2916799783706665,1.4198399782180786
B-A,128,both,window2,jitter,B,sender,9,False,True,6.595754460291828,7.033825874328613,2.874315023422241,0.002878904342651367,0.5523200035095215,10.496834993362427,201433088,8.837815046310425,0.03880786895751953,0.011741161346435547,0.0069539546966552734,0.10325813293457031,0.16076111793518066,0.027264000847935677,7.082719802856445,7.109983921051025
B-A,128,both,window2,jitter,B,sender,10,False,True,0.2881430902165336,0.6903371810913086,2.5154261589050293,5.79815411567688,0.5323839783668518,9.568133354187012,201433088,8.813135862350464,0.03702712059020996,0.011896848678588867,0.006854057312011719,0.027968168258666992,0.08374619483947754,0.031072000041604042,0.7375040054321289,0.7685760259628296
B-A,128,both,window2,jitter,A,receiver,1,False,True,1.331574012493828,3.680795192718506,,10.71633005142212,0.8596479892730713,17.66115093231201,201433088,16.46009874343872,0.05096292495727539,0.013912677764892578,0.017323017120361328,2.252570152282715,2.334768772125244,0.04179200157523155,5.971487998962402,6.013279914855957
B-A,128,both,window2,jitter,A,receiver,2,False,True,4.470463688957796,6.819774627685547,,7.990932941436768,0.7258880138397217,17.306853771209717,201433088,16.276674270629883,0.055368900299072266,0.014147281646728516,0.017430782318115234,1.5680732727050781,1.6550202369689941,0.04259200021624565,8.429984092712402,8.472576141357422
B-A,128,both,window2,jitter,A,receiver,3,False,True,6.045583916466939,8.40741777420044,,8.32358455657959,0.4774720072746277,17.492979049682617,201433088,16.72053813934326,0.03717851638793945,0.011339664459228516,0.006976127624511719,0.17991018295288086,0.23540449142456055,0.04182400181889534,8.596480369567871,8.638303756713867
B-A,128,both,window2,jitter,A,receiver,4,False,True,4.129874627543283,6.5213847160339355,,8.107655048370361,0.4869120121002197,17.162161827087402,201433088,16.383229732513428,0.0428471565246582,0.01269674301147461,0.00899362564086914,1.9424591064453125,2.0069966316223145,0.04201599955558777,8.465696334838867,8.507712364196777
B-A,128,both,window2,jitter,A,receiver,5,False,True,6.133700644586719,8.406763553619385,,7.358396053314209,0.5254080295562744,16.90009593963623,201433088,16.20516300201416,0.03842973709106445,0.012018203735351562,0.007029056549072266,0.507591724395752,0.5650687217712402,0.041728001087903976,8.924703598022461,8.966431617736816
B-A,128,both,window2,jitter,A,receiver,6,False,True,5.206037527256038,7.507657527923584,,8.099435806274414,0.495712012052536,16.895092964172363,201433088,16.237324714660645,0.06502056121826172,0.012956619262695312,0.00938272476196289,0.6452770233154297,0.7326369285583496,0.04153599962592125,8.194368362426758,8.2359037399292
B-A,128,both,window2,jitter,A,receiver,7,False,True,5.205643002955259,7.507727146148682,,8.101958751678467,0.5038080215454102,16.91758918762207,201433088,16.25136709213257,0.03796672821044922,0.025809288024902344,0.012774944305419922,0.662111759185791,0.7386627197265625,0.0416640006005764,8.203328132629395,8.24499225616455
B-A,128,both,window2,jitter,A,receiver,8,False,True,0.8377565493864756,3.160572052001953,,10.74884033203125,0.5157120227813721,16.9277982711792,201433088,16.25113582611084,0.0378880500793457,0.012033939361572266,0.006808757781982422,2.4081931114196777,2.464923858642578,0.041439998894929886,5.582784175872803,5.6242241859436035
B-A,128,both,window2,jitter,A,receiver,9,False,True,6.595754460291828,8.967077732086182,,6.721866130828857,0.4864639937877655,16.889313220977783,201433088,16.251144886016846,0.042756080627441406,0.011989116668701172,0.0069522857666015625,0.6106467247009277,0.6723442077636719,0.0414079986512661,9.593055725097656,9.634464263916016
B-A,128,both,window2,jitter,A,receiver,10,False,True,0.2881430902165336,2.5013270378112793,,13.47891902923584,0.5187839865684509,16.994197845458984,201433088,16.301047801971436,0.037860870361328125,0.011991024017333984,0.0068492889404296875,0.37906503677368164,0.43576622009277344,0.04163200035691261,2.88972806930542,2.9313600063323975
B-A,128,both,priority,zero,B,sender,1,False,True,0,0.32409214973449707,2.2789018154144287,7.109508991241455,0.5337920188903809,10.279547929763794,201433088,9.50834608078003,0.03879094123840332,0.010987997055053711,0.0071489810943603516,0.02889084815979004,0.08581876754760742,0.03174399957060814,0.37561601400375366,0.4073599874973297
B-A,128,both,priority,zero,B,sender,2,False,True,0,0.35585618019104004,2.3536529541015625,7.020308017730713,0.9068800210952759,10.680537223815918,201433088,9.584782838821411,0.03588676452636719,0.011320114135742188,0.006801128387451172,0.02866387367248535,0.0826718807220459,0.03081599995493889,0.4060159921646118,0.4368320107460022
B-A,128,both,priority,zero,B,sender,3,False,True,0,0.3836209774017334,2.289217948913574,6.889961004257202,0.5243200063705444,10.119035005569458,201433088,9.371143817901611,0.03612399101257324,0.011224031448364258,0.00650787353515625,0.028901100158691406,0.08275699615478516,0.031168000772595406,0.43248000741004944,0.4636479914188385
B-A,128,both,priority,zero,B,sender,4,False,True,0,0.3631579875946045,2.2245230674743652,7.14216423034668,0.5144960284233093,10.277063131332397,201433088,9.520177125930786,0.03657269477844238,0.011175155639648438,0.006751060485839844,0.02877497673034668,0.08327388763427734,0.03097599931061268,0.41302400827407837,0.4440000057220459
B-A,128,both,priority,zero,B,sender,5,False,True,0,0.26642489433288574,2.2905759811401367,8.353999137878418,0.6404799818992615,11.589892864227295,201433088,10.4683198928833,0.050553083419799805,0.01702284812927246,0.01870417594909668,0.004087924957275391,0.09036803245544434,0.03465599939227104,0.321727991104126,0.3563840091228485
B-A,128,both,priority,zero,B,sender,6,False,True,0,0.3740119934082031,2.279749870300293,6.937175035476685,0.5107839703559875,10.1353178024292,201433088,9.380521059036255,0.03818488121032715,0.011971235275268555,0.006775856018066406,0.02840399742126465,0.08533596992492676,0.031647998839616776,0.4264320135116577,0.458079993724823
B-A,128,both,priority,zero,B,sender,7,False,True,0,0.346890926361084,2.2297189235687256,7.07720422744751,0.53193598985672,10.219039916992188,201433088,9.457764863967896,0.038542985916137695,0.012050151824951172,0.006707906723022461,0.028975963592529297,0.08627700805664062,0.03232000023126602,0.3993920087814331,0.43171200156211853
B-A,128,both,priority,zero,B,sender,8,False,True,0,0.3151726722717285,2.2508461475372314,6.997355937957764,0.5207679867744446,10.117984771728516,201433088,9.365622997283936,0.03817915916442871,0.012424945831298828,0.006975889205932617,0.028612136840820312,0.08619213104248047,0.03248000144958496,0.3675839900970459,0.40006399154663086
B-A,128,both,priority,zero,B,sender,9,False,True,0,0.34114599227905273,2.5788791179656982,6.620976686477661,0.5218240022659302,10.094841003417969,201433088,9.33346700668335,0.051126956939697266,0.015429973602294922,0.017242908477783203,0.01601099967956543,0.09981083869934082,0.04383999854326248,0.39510399103164673,0.438944011926651
B-A,128,both,priority,zero,B,sender,10,False,True,0,0.32802677154541016,5.199316024780273,4.03666615486145,0.5084800124168396,10.104420900344849,201433088,9.356060981750488,0.03599882125854492,0.011541128158569336,0.006940126419067383,0.02828383445739746,0.0827639102935791,0.03097599931061268,0.37724798917770386,0.4082239866256714
B-A,128,both,priority,zero,A,receiver,1,False,True,0,2.1768240928649902,,14.66330862045288,0.7986559867858887,17.859775066375732,201433088,16.89210844039917,0.05924797058105469,0.018341064453125,0.017563343048095703,0.0545196533203125,0.1496720314025879,0.041919998824596405,2.2891199588775635,2.3310399055480957
B-A,128,both,priority,zero,A,receiver,2,False,True,0,2.16180419921875,,14.646595001220703,0.5244160294532776,17.537457942962646,201433088,16.851171016693115,0.03750467300415039,0.01258230209350586,0.007068634033203125,0.10864543914794922,0.1658010482788086,0.0414079986512661,2.2887039184570312,2.3301119804382324
B-A,128,both,priority,zero,A,receiver,3,False,True,0,2.182591438293457,,14.716494083404541,0.5607680082321167,17.64924144744873,201433088,16.92299222946167,0.039463043212890625,0.013627052307128906,0.006992816925048828,0.08806991577148438,0.14815282821655273,0.041439998894929886,2.292479991912842,2.3339200019836426
B-A,128,both,priority,zero,A,receiver,4,False,True,0,2.169013023376465,,14.677003860473633,0.5256639719009399,17.563284873962402,201433088,16.87751007080078,0.03749513626098633,0.012316703796386719,0.007129192352294922,0.09697580337524414,0.1539168357849121,0.0414079986512661,2.2835519313812256,2.3249599933624268
B-A,128,both,priority,zero,A,receiver,5,False,True,0,2.1170010566711426,,14.653563976287842,0.5290240049362183,17.564146995544434,201433088,16.877573013305664,0.03975820541381836,0.012670516967773438,0.007176399230957031,0.16434764862060547,0.2239527702331543,0.04150399938225746,2.302175998687744,2.343679904937744
B-A,128,both,priority,zero,A,receiver,6,False,True,0,2.1766533851623535,,14.647693634033203,0.5033280253410339,17.507127285003662,201433088,16.849170684814453,0.037293434143066406,0.01236581802368164,0.006742000579833984,0.0848231315612793,0.14122438430786133,0.041439998894929886,2.2786240577697754,2.320064067840576
B-A,128,both,priority,zero,A,receiver,7,False,True,0,2.156712055206299,,14.652676105499268,0.5076479911804199,17.5090651512146,201433088,16.8477201461792,0.03748893737792969,0.012305736541748047,0.007086277008056641,0.09668159484863281,0.1535625457763672,0.04134399816393852,2.27126407623291,2.312608003616333
B-A,128,both,priority,zero,A,receiver,8,False,True,0,2.1357340812683105,,14.651024341583252,0.5291200280189514,17.530417919158936,201433088,16.848551750183105,0.037822723388671875,0.012379169464111328,0.006639957427978516,0.11533689498901367,0.1721787452697754,0.041439998894929886,2.2689919471740723,2.310431957244873
B-A,128,both,priority,zero,A,receiver,9,False,True,0,2.177232265472412,,14.819352149963379,0.48284798860549927,17.989831924438477,201433088,17.2062931060791,0.037294864654541016,0.011961936950683594,0.006779193878173828,0.4156789779663086,0.47171497344970703,0.04121600091457367,2.610368013381958,2.6515839099884033
B-A,128,both,priority,zero,A,receiver,10,False,True,0,4.69529390335083,,11.83640193939209,0.49910399317741394,17.670528888702393,201433088,16.829155445098877,0.0428009033203125,0.01410531997680664,0.006727695465087891,0.5144338607788086,0.5780677795410156,0.041439998894929886,5.234335899353027,5.275775909423828
B-A,128,both,priority,delay2,B,sender,1,False,True,2,2.3966898918151855,2.306797981262207,4.824631214141846,0.5123839974403381,10.07203984260559,201433088,9.326972961425781,0.03755807876586914,0.011322736740112305,0.006675004959106445,0.02882218360900879,0.08437800407409668,0.031231999397277832,2.4484479427337646,2.479680061340332
B-A,128,both,priority,delay2,B,sender,2,False,True,2,2.356011152267456,2.765881061553955,4.397392988204956,0.7876160144805908,10.345669031143188,201433088,9.35877513885498,0.0569000244140625,0.01746988296508789,0.016827106475830078,0.018306970596313477,0.10950398445129395,0.037408001720905304,2.427839994430542,2.4652481079101562
B-A,128,both,priority,delay2,B,sender,3,False,True,2,2.3856770992279053,2.603456974029541,4.579563856124878,0.5372160077095032,10.140819072723389,201433088,9.357560157775879,0.037876129150390625,0.011266946792602539,0.010805130004882812,0.024620771408081055,0.08456897735595703,0.03139200061559677,2.4375998973846436,2.468991994857788
B-A,128,both,priority,delay2,B,sender,4,False,True,2,2.428528070449829,2.504844903945923,4.620383977890015,0.491456001996994,10.077039957046509,201433088,9.349570989608765,0.03802180290222168,0.011572837829589844,0.0068361759185791016,0.028745174407958984,0.08517599105834961,0.03139200061559677,2.481856107711792,2.5132479667663574
B-A,128,both,priority,delay2,B,sender,5,False,True,2,2.423189163208008,2.6247987747192383,4.532678127288818,0.5023040175437927,10.11625623703003,201433088,9.371397018432617,0.038092851638793945,0.011481046676635742,0.006625175476074219,0.029199838638305664,0.08539891242980957,0.03190400078892708,2.476736068725586,2.5086400508880615
B-A,128,both,priority,delay2,B,sender,6,False,True,2,2.421869993209839,2.507283926010132,4.631879091262817,0.5162879824638367,10.110639095306396,201433088,9.358990907669067,0.04330921173095703,0.01205897331237793,0.0070188045501708984,0.029029130935668945,0.0914161205291748,0.03302399814128876,2.480448007583618,2.513472080230713
B-A,128,both,priority,delay2,B,sender,7,False,True,2,2.46872878074646,2.206162214279175,4.895850896835327,0.5045120120048523,10.107082843780518,201433088,9.367931127548218,0.0381770133972168,0.011695146560668945,0.006567955017089844,0.029371976852416992,0.08581209182739258,0.03190400078892708,2.5222079753875732,2.554111957550049
B-A,128,both,priority,delay2,B,sender,8,False,True,2,2.4512269496917725,2.288257122039795,4.806052923202515,0.5527359843254089,10.130080938339233,201433088,9.34673285484314,0.038141727447509766,0.011582136154174805,0.006557941436767578,0.029284954071044922,0.08556675910949707,0.0318400003015995,2.5036160945892334,2.5354559421539307
B-A,128,both,priority,delay2,B,sender,9,False,True,2,2.365866184234619,2.2793259620666504,4.956331968307495,0.8548799753189087,10.49553108215332,201433088,9.430359840393066,0.05826401710510254,0.017860889434814453,0.017310142517089844,0.017433881759643555,0.11086893081665039,0.03759999945759773,2.4396159648895264,2.4772160053253174
B-A,128,both,priority,delay2,B,sender,10,False,True,2,2.4355990886688232,2.2564167976379395,4.880447864532471,0.5858240127563477,10.190984964370728,201433088,9.366708993911743,0.043946027755737305,0.014611005783081055,0.00707697868347168,0.02835988998413086,0.0939939022064209,0.0342399999499321,2.4963200092315674,2.53056001663208
B-A,128,both,priority,delay2,A,receiver,1,False,True,2,4.217126846313477,,12.52267074584961,0.5062080025672913,17.506378650665283,201433088,16.84546995162964,0.036660194396972656,0.012125015258789062,0.006809711456298828,0.16493797302246094,0.22053289413452148,0.04150399938225746,4.398303985595703,4.439807891845703
B-A,128,both,priority,delay2,A,receiver,2,False,True,2,4.239733695983887,,12.446014881134033,0.7696959972381592,18.183717727661133,201433088,17.10548448562622,0.05226421356201172,0.014525890350341797,0.017631053924560547,0.5752782821655273,0.6596994400024414,0.04198399931192398,4.862559795379639,4.904543876647949
B-A,128,both,priority,delay2,A,receiver,3,False,True,2,4.210732936859131,,12.461381435394287,0.711903989315033,17.94114923477173,201433088,16.92874002456665,0.05204153060913086,0.01451253890991211,0.01749897003173828,0.4075627326965332,0.49161577224731445,0.04224000126123428,4.661407947540283,4.703648090362549
B-A,128,both,priority,delay2,A,receiver,4,False,True,2,4.259242057800293,,12.46071195602417,0.7690879702568054,17.959288120269775,201433088,16.88647174835205,0.05269622802734375,0.01478719711303711,0.017691612243652344,0.3189353942871094,0.4041104316711426,0.04224000126123428,4.6229119300842285,4.665152072906494
B-A,128,both,priority,delay2,A,receiver,5,False,True,2,4.255157470703125,,12.473680019378662,0.5008000135421753,17.796507358551025,201433088,17.001991748809814,0.03607892990112305,0.011769771575927734,0.00687408447265625,0.4724111557006836,0.5271339416503906,0.04188799858093262,4.7415361404418945,4.783423900604248
B-A,128,both,priority,delay2,A,receiver,6,False,True,2,4.271676063537598,,12.603850841522217,0.7876160144805908,18.142016410827637,201433088,16.979575157165527,0.05225801467895508,0.015201091766357422,0.017151832580566406,0.31946420669555664,0.40407514572143555,0.042208001017570496,4.639584064483643,4.68179178237915
B-A,128,both,priority,delay2,A,receiver,7,False,True,2,4.301229953765869,,12.531781673431396,0.5156159996986389,17.513765811920166,201433088,16.83357858657837,0.03670024871826172,0.012183189392089844,0.006653785705566406,0.06780290603637695,0.12334012985229492,0.04150399938225746,4.385695934295654,4.427199840545654
B-A,128,both,priority,delay2,A,receiver,8,False,True,2,4.269514560699463,,12.550201892852783,0.5049920082092285,17.536368370056152,201433088,16.86873197555542,0.03682756423950195,0.01230478286743164,0.0070438385009765625,0.11597013473510742,0.17214632034301758,0.04137599840760231,4.402304172515869,4.4436798095703125
B-A,128,both,priority,delay2,A,receiver,9,False,True,2,4.243227005004883,,12.562532901763916,0.5175999999046326,17.553289890289307,201433088,16.880847930908203,0.03903484344482422,0.012690067291259766,0.006740093231201172,0.1316227912902832,0.19008779525756836,0.041600000113248825,4.394239902496338,4.435840129852295
B-A,128,both,priority,delay2,A,receiver,10,False,True,2,4.285865783691406,,12.468384265899658,0.5222079753875732,17.476962566375732,201433088,16.778334140777588,0.03675699234008789,0.012424945831298828,0.0067138671875,0.10671424865722656,0.16261005401611328,0.041471999138593674,4.408736228942871,4.4502081871032715
B-A,128,both,priority,jitter,B,sender,1,False,True,1.1340575727913862,1.5452120304107666,2.6912760734558105,5.3663489818573,0.5240319967269897,10.158759117126465,201433088,9.398185968399048,0.038411855697631836,0.011553049087524414,0.007215023040771484,0.028572797775268555,0.08575272560119629,0.03209599852561951,1.597216010093689,1.6293120384216309
B-A,128,both,priority,jitter,B,sender,2,False,True,6.347286329111916,6.771772861480713,2.411421060562134,0.6051409244537354,0.5072000026702881,10.327009916305542,201433088,9.581258058547974,0.042344093322753906,0.011470794677734375,0.008494138717651367,0.014931917190551758,0.0772409439086914,0.022655999287962914,6.827936172485352,6.850592136383057
B-A,128,both,priority,jitter,B,sender,3,False,True,7.604356526971104,8.105273246765137,2.460706949234009,0.002780914306640625,0.5100160241127014,11.111463069915771,201433088,9.32357907295227,0.03856611251831055,0.011367082595825195,0.0068359375,0.028651714324951172,0.08542084693908691,0.03129599988460541,8.157919883728027,8.189215660095215
B-A,128,both,priority,jitter,B,sender,4,False,True,3.4635502669721756,3.92314076423645,2.358268976211548,4.010623216629028,0.7946239709854126,11.126601696014404,201433088,10.013236999511719,0.04955720901489258,0.013070821762084961,0.016837120056152344,0.017910003662109375,0.09737515449523926,0.032735999673604965,3.987328052520752,4.020063877105713
B-A,128,both,priority,jitter,B,sender,5,False,True,6.624762013271147,7.0480499267578125,2.5847959518432617,0.0026497840881347656,0.49686399102211,10.166808843612671,201433088,9.36354923248291,0.03945517539978027,0.011861085891723633,0.0071599483489990234,0.028105974197387695,0.08658218383789062,0.031936001032590866,7.102272033691406,7.1342082023620605
B-A,128,both,priority,jitter,B,sender,6,False,True,5.333750529555093,5.736756086349487,2.346769094467163,1.4711380004882812,0.5016000270843506,10.089246988296509,201433088,9.366038084030151,0.038861989974975586,0.011840105056762695,0.00677490234375,0.028608322143554688,0.08608531951904297,0.031647998839616776,5.790112018585205,5.821760177612305
B-A,128,both,priority,jitter,B,sender,7,False,True,5.334051681567403,5.664093017578125,2.447859048843384,1.5138299465179443,0.5051199793815613,10.16606092453003,201433088,9.422451972961426,0.046241044998168945,0.012241125106811523,0.006627798080444336,0.10343003273010254,0.16854000091552734,0.03283200040459633,5.723968029022217,5.756800174713135
B-A,128,both,priority,jitter,B,sender,8,False,True,6.7284065635240395,7.1367027759552,2.4119362831115723,0.2319488525390625,0.5576320290565491,10.369926929473877,201433088,9.56485104560852,0.04502367973327637,0.013077259063720703,0.008205890655517578,0.026525020599365234,0.09283185005187988,0.032735999673604965,7.196415901184082,7.229152202606201
B-A,128,both,priority,jitter,B,sender,9,False,True,1.1649822428065573,1.5901801586151123,2.814680814743042,5.267226934432983,0.5366719961166382,10.24076795578003,201433088,9.474138021469116,0.06152987480163574,0.01149296760559082,0.006709098815917969,0.02878427505493164,0.10851621627807617,0.0315839983522892,1.6657919883728027,1.697376012802124
B-A,128,both,priority,jitter,B,sender,10,False,True,2.5222767129305357,3.005147933959961,2.2905080318450928,4.447936058044434,0.517087996006012,10.29225778579712,201433088,9.535929918289185,0.037507057189941406,0.011434078216552734,0.006994009017944336,0.0287017822265625,0.08463692665100098,0.03161599859595299,3.0565760135650635,3.0881919860839844
B-A,128,both,priority,jitter,A,receiver,1,False,True,1.1340575727913862,3.3977956771850586,,13.136802196502686,0.5433599948883057,17.74700355529785,201433088,16.859297275543213,0.03668832778930664,0.011847972869873047,0.006924152374267578,0.5647549629211426,0.6202154159545898,0.041760001331567764,3.9783999919891357,4.02016019821167
B-A,128,both,priority,jitter,A,receiver,2,False,True,6.347286329111916,8.625242233276367,,8.408336162567139,0.7945280075073242,18.22084093093872,201433088,17.087220668792725,0.05362892150878906,0.014555931091308594,0.017652034759521484,0.23920583724975586,0.325042724609375,0.04201599955558777,8.91379165649414,8.95580768585205
B-A,128,both,priority,jitter,A,receiver,3,False,True,7.604356526971104,9.91920804977417,,6.988151550292969,0.5150719881057739,17.815020084381104,201433088,17.00326681137085,0.035841941833496094,0.011242866516113281,0.007009983062744141,0.2994394302368164,0.3535342216491699,0.04188799858093262,10.233344078063965,10.275232315063477
B-A,128,both,priority,jitter,A,receiver,4,False,True,3.4635502669721756,5.773965835571289,,11.202796459197998,0.49113601446151733,17.799088954925537,201433088,17.02006244659424,0.037190914154052734,0.011733055114746094,0.006970882415771484,0.23714494705200195,0.29303979873657227,0.041471999138593674,6.027520179748535,6.0689921379089355
B-A,128,both,priority,jitter,A,receiver,5,False,True,6.624762013271147,8.914886951446533,,8.487308979034424,0.5437759757041931,18.46430778503418,201433088,17.61909580230713,0.035888671875,0.011712074279785156,0.006501197814941406,0.4250168800354004,0.47911882400512695,0.0414079986512661,9.355263710021973,9.396672248840332
B-A,128,both,priority,jitter,A,receiver,6,False,True,5.333750529555093,7.607692718505859,,10.143352031707764,0.5143359899520874,18.566165924072266,201433088,17.76417589187622,0.03954792022705078,0.011848926544189453,0.0068264007568359375,0.20331478118896484,0.261538028717041,0.04118400067090988,7.830016136169434,7.871200084686279
B-A,128,both,priority,jitter,A,receiver,7,False,True,5.334051681567403,7.614236354827881,,10.063738822937012,0.49929600954055786,18.48385524749756,201433088,17.700564861297607,0.03752422332763672,0.012003898620605469,0.006716251373291016,0.21256446838378906,0.26880884170532227,0.04121600091457367,7.843935966491699,7.8851518630981445
B-A,128,both,priority,jitter,A,receiver,8,False,True,6.7284065635240395,9.018624782562256,,7.800342082977295,0.5210880041122437,17.710265159606934,201433088,16.968234539031982,0.0555119514465332,0.015180110931396484,0.018326282501220703,0.19854450225830078,0.28756284713745117,0.0416640006005764,9.218463897705078,9.260128021240234
B-A,128,both,priority,jitter,A,receiver,9,False,True,1.1649822428065573,3.4241743087768555,,13.13701581954956,0.7848640084266663,18.10392999649048,201433088,17.002853393554688,0.10535812377929688,0.017679214477539062,0.017999649047851562,0.5488224029541016,0.6898593902587891,0.042047999799251556,4.0760321617126465,4.118080139160156
B-A,128,both,priority,jitter,A,receiver,10,False,True,2.5222767129305357,4.832588195800781,,12.598479270935059,0.5575360059738159,18.232135772705078,201433088,17.381646633148193,0.037045955657958984,0.011955738067626953,0.006785392761230469,0.15130853652954102,0.20709562301635742,0.041728001087903976,4.999040126800537,5.040768146514893
