wall_ms,prefill_ms,decode_ms,token_intervals_ms,output_tokens,output_tokens_per_s,case,mode,prompt,batch,microbatches,sample,kind,output_matches_gpu,output_sha256,rss_sampled_peak_bytes,gpu_allocated_peak_bytes,gpu_reserved_peak_bytes,rss_sampling_ms,pinned_allocator_peak_bytes,host_allocator_stats,pinned_reserved_peak_bytes_process_lifetime,host_allocator_negative_counter_observed,pinned_allocator_peak_scope,pinned_weight_live_bytes
43.89352072030306,2.8029119968414307,40.80518436431885,"[2.8029119968414307, 2.734463930130005, 2.743488073348999, 2.708127975463867, 2.713088035583496, 2.7418880462646484, 2.6964480876922607, 2.770656108856201, 2.6789441108703613, 2.712991952896118, 2.7136640548706055, 2.6737279891967773, 2.7455039024353027, 2.7774720191955566, 2.8399040699005127, 2.5548160076141357]",16,364.5184924206629,gpu_p32_b1_m1,gpu,32,1,1,0,measured,True,ade7056869d2970cc8ed4b7fab5c537cdccf7d3ea073e30719bb257e012249fc,1333633024,349175808,369098752,10,0,"OrderedDict([('allocated_bytes.allocated', 0), ('allocated_bytes.current', 0), ('allocated_bytes.freed', 0), ('allocated_bytes.peak', 0), ('allocation.allocated', 0), ('allocation.current', 0), ('allocation.freed', 0), ('allocation.peak', 0), ('host_alloc_time.avg', 0), ('host_alloc_time.count', 0), ('host_alloc_time.max', 0), ('host_alloc_time.min', 0), ('host_alloc_time.total', 0), ('host_free_time.avg', 0), ('host_free_time.count', 0), ('host_free_time.max', 0), ('host_free_time.min', 0), ('host_free_time.total', 0), ('num_host_alloc', 0), ('num_host_free', 0), ('reserved_bytes.allocated', 0), ('reserved_bytes.current', 0), ('reserved_bytes.freed', 0), ('reserved_bytes.peak', 0), ('segment.allocated', 0), ('segment.current', 0), ('segment.freed', 0), ('segment.peak', 0)])",0,False,process_lifetime_not_reset_per_case,0
43.140656780451536,2.784832000732422,40.08531212806702,"[2.784832000732422, 2.697824001312256, 2.7537600994110107, 2.6800639629364014, 2.66975998878479, 2.6838080883026123, 2.6973440647125244, 2.651360034942627, 2.658112049102783, 2.6752638816833496, 2.6526401042938232, 2.6610240936279297, 2.6466879844665527, 2.7145919799804688, 2.6939198970794678, 2.54915189743042]",16,370.8798426835757,gpu_p32_b1_m1,gpu,32,1,1,1,measured,True,ade7056869d2970cc8ed4b7fab5c537cdccf7d3ea073e30719bb257e012249fc,1333633024,349175808,369098752,10,0,"OrderedDict([('allocated_bytes.allocated', 0), ('allocated_bytes.current', 0), ('allocated_bytes.freed', 0), ('allocated_bytes.peak', 0), ('allocation.allocated', 0), ('allocation.current', 0), ('allocation.freed', 0), ('allocation.peak', 0), ('host_alloc_time.avg', 0), ('host_alloc_time.count', 0), ('host_alloc_time.max', 0), ('host_alloc_time.min', 0), ('host_alloc_time.total', 0), ('host_free_time.avg', 0), ('host_free_time.count', 0), ('host_free_time.max', 0), ('host_free_time.min', 0), ('host_free_time.total', 0), ('num_host_alloc', 0), ('num_host_free', 0), ('reserved_bytes.allocated', 0), ('reserved_bytes.current', 0), ('reserved_bytes.freed', 0), ('reserved_bytes.peak', 0), ('segment.allocated', 0), ('segment.current', 0), ('segment.freed', 0), ('segment.peak', 0)])",0,False,process_lifetime_not_reset_per_case,0
42.659233789891005,2.7713921070098877,39.56175971031189,"[2.7713921070098877, 2.7479360103607178, 2.6041600704193115, 2.5986878871917725, 2.632512092590332, 2.633631944656372, 2.674463987350464, 2.6382079124450684, 2.639647960662842, 2.608704090118408, 2.644831895828247, 2.658143997192383, 2.634335994720459, 2.607680082321167, 2.6718719005584717, 2.566943883895874]",16,375.0653394011857,gpu_p32_b1_m1,gpu,32,1,1,2,measured,True,ade7056869d2970cc8ed4b7fab5c537cdccf7d3ea073e30719bb257e012249fc,1333633024,349175808,369098752,10,0,"OrderedDict([('allocated_bytes.allocated', 0), ('allocated_bytes.current', 0), ('allocated_bytes.freed', 0), ('allocated_bytes.peak', 0), ('allocation.allocated', 0), ('allocation.current', 0), ('allocation.freed', 0), ('allocation.peak', 0), ('host_alloc_time.avg', 0), ('host_alloc_time.count', 0), ('host_alloc_time.max', 0), ('host_alloc_time.min', 0), ('host_alloc_time.total', 0), ('host_free_time.avg', 0), ('host_free_time.count', 0), ('host_free_time.max', 0), ('host_free_time.min', 0), ('host_free_time.total', 0), ('num_host_alloc', 0), ('num_host_free', 0), ('reserved_bytes.allocated', 0), ('reserved_bytes.current', 0), ('reserved_bytes.freed', 0), ('reserved_bytes.peak', 0), ('segment.allocated', 0), ('segment.current', 0), ('segment.freed', 0), ('segment.peak', 0)])",0,False,process_lifetime_not_reset_per_case,0
42.508079670369625,2.697312116622925,39.56844782829285,"[2.697312116622925, 2.709791898727417, 2.641279935836792, 2.706399917602539, 2.6498560905456543, 2.641024112701416, 2.644063949584961, 2.6397759914398193, 2.6649599075317383, 2.637120008468628, 2.6430718898773193, 2.650559902191162, 2.598112106323242, 2.6031041145324707, 2.5895678997039795, 2.549760103225708]",16,376.39903105650865,gpu_p32_b1_m1,gpu,32,1,1,3,measured,True,ade7056869d2970cc8ed4b7fab5c537cdccf7d3ea073e30719bb257e012249fc,1333633024,349175808,369098752,10,0,"OrderedDict([('allocated_bytes.allocated', 0), ('allocated_bytes.current', 0), ('allocated_bytes.freed', 0), ('allocated_bytes.peak', 0), ('allocation.allocated', 0), ('allocation.current', 0), ('allocation.freed', 0), ('allocation.peak', 0), ('host_alloc_time.avg', 0), ('host_alloc_time.count', 0), ('host_alloc_time.max', 0), ('host_alloc_time.min', 0), ('host_alloc_time.total', 0), ('host_free_time.avg', 0), ('host_free_time.count', 0), ('host_free_time.max', 0), ('host_free_time.min', 0), ('host_free_time.total', 0), ('num_host_alloc', 0), ('num_host_free', 0), ('reserved_bytes.allocated', 0), ('reserved_bytes.current', 0), ('reserved_bytes.freed', 0), ('reserved_bytes.peak', 0), ('segment.allocated', 0), ('segment.current', 0), ('segment.freed', 0), ('segment.peak', 0)])",0,False,process_lifetime_not_reset_per_case,0
42.27526392787695,2.662911891937256,39.374271869659424,"[2.662911891937256, 2.627552032470703, 2.5940160751342773, 2.653696060180664, 2.6483840942382812, 2.6028480529785156, 2.6255359649658203, 2.5923519134521484, 2.6584959030151367, 2.616447925567627, 2.6470398902893066, 2.6212480068206787, 2.638688087463379, 2.637279987335205, 2.6746559143066406, 2.53603196144104]",16,378.47191273120256,gpu_p32_b1_m1,gpu,32,1,1,4,measured,True,ade7056869d2970cc8ed4b7fab5c537cdccf7d3ea073e30719bb257e012249fc,1333633024,349175808,369098752,10,0,"OrderedDict([('allocated_bytes.allocated', 0), ('allocated_bytes.current', 0), ('allocated_bytes.freed', 0), ('allocated_bytes.peak', 0), ('allocation.allocated', 0), ('allocation.current', 0), ('allocation.freed', 0), ('allocation.peak', 0), ('host_alloc_time.avg', 0), ('host_alloc_time.count', 0), ('host_alloc_time.max', 0), ('host_alloc_time.min', 0), ('host_alloc_time.total', 0), ('host_free_time.avg', 0), ('host_free_time.count', 0), ('host_free_time.max', 0), ('host_free_time.min', 0), ('host_free_time.total', 0), ('num_host_alloc', 0), ('num_host_free', 0), ('reserved_bytes.allocated', 0), ('reserved_bytes.current', 0), ('reserved_bytes.freed', 0), ('reserved_bytes.peak', 0), ('segment.allocated', 0), ('segment.current', 0), ('segment.freed', 0), ('segment.peak', 0)])",0,False,process_lifetime_not_reset_per_case,0
41.99606506153941,2.685823917388916,39.0751678943634,"[2.685823917388916, 2.6855359077453613, 2.649791955947876, 2.6211841106414795, 2.561919927597046, 2.6227200031280518, 2.6325440406799316, 2.585536003112793, 2.5905280113220215, 2.559551954269409, 2.613055944442749, 2.6128320693969727, 2.6169919967651367, 2.6045119762420654, 2.6072640419006348, 2.511199951171875]",16,380.9880753483503,gpu_p32_b1_m1,gpu,32,1,1,5,measured,True,ade7056869d2970cc8ed4b7fab5c537cdccf7d3ea073e30719bb257e012249fc,1333633024,349175808,369098752,10,0,"OrderedDict([('allocated_bytes.allocated', 0), ('allocated_bytes.current', 0), ('allocated_bytes.freed', 0), ('allocated_bytes.peak', 0), ('allocation.allocated', 0), ('allocation.current', 0), ('allocation.freed', 0), ('allocation.peak', 0), ('host_alloc_time.avg', 0), ('host_alloc_time.count', 0), ('host_alloc_time.max', 0), ('host_alloc_time.min', 0), ('host_alloc_time.total', 0), ('host_free_time.avg', 0), ('host_free_time.count', 0), ('host_free_time.max', 0), ('host_free_time.min', 0), ('host_free_time.total', 0), ('num_host_alloc', 0), ('num_host_free', 0), ('reserved_bytes.allocated', 0), ('reserved_bytes.current', 0), ('reserved_bytes.freed', 0), ('reserved_bytes.peak', 0), ('segment.allocated', 0), ('segment.current', 0), ('segment.freed', 0), ('segment.peak', 0)])",0,False,process_lifetime_not_reset_per_case,0
42.341422755271196,2.6941440105438232,39.41427183151245,"[2.6941440105438232, 2.6776320934295654, 2.617055892944336, 2.6321280002593994, 2.6600639820098877, 2.6512320041656494, 2.636863946914673, 2.6380159854888916, 2.6105918884277344, 2.653887987136841, 2.622591972351074, 2.6003520488739014, 2.6054720878601074, 2.6381120681762695, 2.6204159259796143, 2.549855947494507]",16,377.88054720027367,gpu_p32_b1_m1,gpu,32,1,1,6,measured,True,ade7056869d2970cc8ed4b7fab5c537cdccf7d3ea073e30719bb257e012249fc,1333633024,349175808,369098752,10,0,"OrderedDict([('allocated_bytes.allocated', 0), ('allocated_bytes.current', 0), ('allocated_bytes.freed', 0), ('allocated_bytes.peak', 0), ('allocation.allocated', 0), ('allocation.current', 0), ('allocation.freed', 0), ('allocation.peak', 0), ('host_alloc_time.avg', 0), ('host_alloc_time.count', 0), ('host_alloc_time.max', 0), ('host_alloc_time.min', 0), ('host_alloc_time.total', 0), ('host_free_time.avg', 0), ('host_free_time.count', 0), ('host_free_time.max', 0), ('host_free_time.min', 0), ('host_free_time.total', 0), ('num_host_alloc', 0), ('num_host_free', 0), ('reserved_bytes.allocated', 0), ('reserved_bytes.current', 0), ('reserved_bytes.freed', 0), ('reserved_bytes.peak', 0), ('segment.allocated', 0), ('segment.current', 0), ('segment.freed', 0), ('segment.peak', 0)])",0,False,process_lifetime_not_reset_per_case,0
433.271667920053,27.163776397705078,405.88086128234863,"[27.163776397705078, 27.28495979309082, 27.24025535583496, 27.031551361083984, 27.033279418945312, 27.02137565612793, 27.08415985107422, 26.998016357421875, 27.01468849182129, 27.00694465637207, 27.019487380981445, 26.99772834777832, 27.023935317993164, 27.0328311920166, 27.01763153076172, 27.074016571044922]",16,36.92833200197228,cpu_serial_p32_b1_m1,cpu_serial,32,1,1,0,measured,True,ade7056869d2970cc8ed4b7fab5c537cdccf7d3ea073e30719bb257e012249fc,1972379648,91800064,102760448,10,574943232,"OrderedDict([('allocated_bytes.allocated', 574943232), ('allocated_bytes.current', 574943232), ('allocated_bytes.freed', 0), ('allocated_bytes.peak', 574943232), ('allocation.allocated', 197), ('allocation.current', 197), ('allocation.freed', 0), ('allocation.peak', 197), ('host_alloc_time.avg', 547), ('host_alloc_time.count', 197), ('host_alloc_time.max', 25494), ('host_alloc_time.min', 1), ('host_alloc_time.total', 107914), ('host_free_time.avg', 0), ('host_free_time.count', 0), ('host_free_time.max', 0), ('host_free_time.min', 0), ('host_free_time.total', 0), ('num_host_alloc', 197), ('num_host_free', 0), ('reserved_bytes.allocated', 574943232), ('reserved_bytes.current', 574943232), ('reserved_bytes.freed', 0), ('reserved_bytes.peak', 574943232), ('segment.allocated', 197), ('segment.current', 197), ('segment.freed', 0), ('segment.peak', 197)])",574943232,False,process_lifetime_not_reset_per_case,327696384
433.13491391018033,27.363040924072266,405.5378589630127,"[27.363040924072266, 27.062368392944336, 27.03209686279297, 27.036832809448242, 27.059776306152344, 27.025920867919922, 26.994976043701172, 27.038911819458008, 27.04207992553711, 27.019487380981445, 27.005279541015625, 27.046016693115234, 27.0001277923584, 27.013120651245117, 27.0196475982666, 27.141216278076172]",16,36.939991411816635,cpu_serial_p32_b1_m1,cpu_serial,32,1,1,1,measured,True,ade7056869d2970cc8ed4b7fab5c537cdccf7d3ea073e30719bb257e012249fc,1972379648,91800064,102760448,10,574943232,"OrderedDict([('allocated_bytes.allocated', 574943232), ('allocated_bytes.current', 574943232), ('allocated_bytes.freed', 0), ('allocated_bytes.peak', 574943232), ('allocation.allocated', 197), ('allocation.current', 197), ('allocation.freed', 0), ('allocation.peak', 197), ('host_alloc_time.avg', 547), ('host_alloc_time.count', 197), ('host_alloc_time.max', 25494), ('host_alloc_time.min', 1), ('host_alloc_time.total', 107914), ('host_free_time.avg', 0), ('host_free_time.count', 0), ('host_free_time.max', 0), ('host_free_time.min', 0), ('host_free_time.total', 0), ('num_host_alloc', 197), ('num_host_free', 0), ('reserved_bytes.allocated', 574943232), ('reserved_bytes.current', 574943232), ('reserved_bytes.freed', 0), ('reserved_bytes.peak', 574943232), ('segment.allocated', 197), ('segment.current', 197), ('segment.freed', 0), ('segment.peak', 197)])",574943232,False,process_lifetime_not_reset_per_case,327696384
432.56830563768744,27.149951934814453,405.1969585418701,"[27.149951934814453, 27.014175415039062, 27.019359588623047, 26.98963165283203, 27.012096405029297, 27.008224487304688, 27.04092788696289, 27.005855560302734, 26.983776092529297, 27.02579116821289, 27.00592041015625, 26.996864318847656, 27.03500747680664, 27.03670310974121, 27.005088806152344, 27.017536163330078]",16,36.988378000586465,cpu_serial_p32_b1_m1,cpu_serial,32,1,1,2,measured,True,ade7056869d2970cc8ed4b7fab5c537cdccf7d3ea073e30719bb257e012249fc,1972379648,91800064,102760448,10,574943232,"OrderedDict([('allocated_bytes.allocated', 574943232), ('allocated_bytes.current', 574943232), ('allocated_bytes.freed', 0), ('allocated_bytes.peak', 574943232), ('allocation.allocated', 197), ('allocation.current', 197), ('allocation.freed', 0), ('allocation.peak', 197), ('host_alloc_time.avg', 547), ('host_alloc_time.count', 197), ('host_alloc_time.max', 25494), ('host_alloc_time.min', 1), ('host_alloc_time.total', 107914), ('host_free_time.avg', 0), ('host_free_time.count', 0), ('host_free_time.max', 0), ('host_free_time.min', 0), ('host_free_time.total', 0), ('num_host_alloc', 197), ('num_host_free', 0), ('reserved_bytes.allocated', 574943232), ('reserved_bytes.current', 574943232), ('reserved_bytes.freed', 0), ('reserved_bytes.peak', 574943232), ('segment.allocated', 197), ('segment.current', 197), ('segment.freed', 0), ('segment.peak', 197)])",574943232,False,process_lifetime_not_reset_per_case,327696384
432.8048340976238,27.241439819335938,405.2911720275879,"[27.241439819335938, 27.012256622314453, 27.026687622070312, 27.028160095214844, 27.015296936035156, 27.01318359375, 26.998624801635742, 26.99718475341797, 27.017440795898438, 27.012672424316406, 27.03059196472168, 27.009279251098633, 27.030303955078125, 27.02777671813965, 27.03209686279297, 27.039615631103516]",16,36.96816379918489,cpu_serial_p32_b1_m1,cpu_serial,32,1,1,3,measured,True,ade7056869d2970cc8ed4b7fab5c537cdccf7d3ea073e30719bb257e012249fc,1972379648,91800064,102760448,10,574943232,"OrderedDict([('allocated_bytes.allocated', 574943232), ('allocated_bytes.current', 574943232), ('allocated_bytes.freed', 0), ('allocated_bytes.peak', 574943232), ('allocation.allocated', 197), ('allocation.current', 197), ('allocation.freed', 0), ('allocation.peak', 197), ('host_alloc_time.avg', 547), ('host_alloc_time.count', 197), ('host_alloc_time.max', 25494), ('host_alloc_time.min', 1), ('host_alloc_time.total', 107914), ('host_free_time.avg', 0), ('host_free_time.count', 0), ('host_free_time.max', 0), ('host_free_time.min', 0), ('host_free_time.total', 0), ('num_host_alloc', 197), ('num_host_free', 0), ('reserved_bytes.allocated', 574943232), ('reserved_bytes.current', 574943232), ('reserved_bytes.freed', 0), ('reserved_bytes.peak', 574943232), ('segment.allocated', 197), ('segment.current', 197), ('segment.freed', 0), ('segment.peak', 197)])",574943232,False,process_lifetime_not_reset_per_case,327696384
433.40510316193104,27.183168411254883,406.0071659088135,"[27.183168411254883, 27.003231048583984, 26.999584197998047, 27.02364730834961, 27.02729606628418, 27.067520141601562, 26.99407958984375, 27.040672302246094, 27.012128829956055, 27.005535125732422, 27.33123207092285, 27.27849578857422, 27.031007766723633, 27.0230712890625, 27.075456619262695, 27.094207763671875]",16,36.91696263673665,cpu_serial_p32_b1_m1,cpu_serial,32,1,1,4,measured,True,ade7056869d2970cc8ed4b7fab5c537cdccf7d3ea073e30719bb257e012249fc,1972379648,91800064,102760448,10,574943232,"OrderedDict([('allocated_bytes.allocated', 574943232), ('allocated_bytes.current', 574943232), ('allocated_bytes.freed', 0), ('allocated_bytes.peak', 574943232), ('allocation.allocated', 197), ('allocation.current', 197), ('allocation.freed', 0), ('allocation.peak', 197), ('host_alloc_time.avg', 547), ('host_alloc_time.count', 197), ('host_alloc_time.max', 25494), ('host_alloc_time.min', 1), ('host_alloc_time.total', 107914), ('host_free_time.avg', 0), ('host_free_time.count', 0), ('host_free_time.max', 0), ('host_free_time.min', 0), ('host_free_time.total', 0), ('num_host_alloc', 197), ('num_host_free', 0), ('reserved_bytes.allocated', 574943232), ('reserved_bytes.current', 574943232), ('reserved_bytes.freed', 0), ('reserved_bytes.peak', 574943232), ('segment.allocated', 197), ('segment.current', 197), ('segment.freed', 0), ('segment.peak', 197)])",574943232,False,process_lifetime_not_reset_per_case,327696384
432.7754988335073,27.246463775634766,405.28256034851074,"[27.246463775634766, 27.011104583740234, 27.02118492126465, 27.019039154052734, 27.013568878173828, 26.99897575378418, 27.02115249633789, 26.99385643005371, 27.006336212158203, 27.05356788635254, 27.01398468017578, 26.99907112121582, 27.08483123779297, 27.004959106445312, 26.995168685913086, 27.045759201049805]",16,36.970669650028746,cpu_serial_p32_b1_m1,cpu_serial,32,1,1,5,measured,True,ade7056869d2970cc8ed4b7fab5c537cdccf7d3ea073e30719bb257e012249fc,1972379648,91800064,102760448,10,574943232,"OrderedDict([('allocated_bytes.allocated', 574943232), ('allocated_bytes.current', 574943232), ('allocated_bytes.freed', 0), ('allocated_bytes.peak', 574943232), ('allocation.allocated', 197), ('allocation.current', 197), ('allocation.freed', 0), ('allocation.peak', 197), ('host_alloc_time.avg', 547), ('host_alloc_time.count', 197), ('host_alloc_time.max', 25494), ('host_alloc_time.min', 1), ('host_alloc_time.total', 107914), ('host_free_time.avg', 0), ('host_free_time.count', 0), ('host_free_time.max', 0), ('host_free_time.min', 0), ('host_free_time.total', 0), ('num_host_alloc', 197), ('num_host_free', 0), ('reserved_bytes.allocated', 574943232), ('reserved_bytes.current', 574943232), ('reserved_bytes.freed', 0), ('reserved_bytes.peak', 574943232), ('segment.allocated', 197), ('segment.current', 197), ('segment.freed', 0), ('segment.peak', 197)])",574943232,False,process_lifetime_not_reset_per_case,327696384
432.68950982019305,27.185184478759766,405.26211166381836,"[27.185184478759766, 27.036287307739258, 27.014751434326172, 27.00931167602539, 26.999008178710938, 27.013216018676758, 27.024639129638672, 26.99839973449707, 27.042112350463867, 27.02128028869629, 27.017087936401367, 27.014432907104492, 27.026336669921875, 27.019392013549805, 27.005695343017578, 27.020160675048828]",16,36.978016884783976,cpu_serial_p32_b1_m1,cpu_serial,32,1,1,6,measured,True,ade7056869d2970cc8ed4b7fab5c537cdccf7d3ea073e30719bb257e012249fc,1972379648,91800064,102760448,10,574943232,"OrderedDict([('allocated_bytes.allocated', 574943232), ('allocated_bytes.current', 574943232), ('allocated_bytes.freed', 0), ('allocated_bytes.peak', 574943232), ('allocation.allocated', 197), ('allocation.current', 197), ('allocation.freed', 0), ('allocation.peak', 197), ('host_alloc_time.avg', 547), ('host_alloc_time.count', 197), ('host_alloc_time.max', 25494), ('host_alloc_time.min', 1), ('host_alloc_time.total', 107914), ('host_free_time.avg', 0), ('host_free_time.count', 0), ('host_free_time.max', 0), ('host_free_time.min', 0), ('host_free_time.total', 0), ('num_host_alloc', 197), ('num_host_free', 0), ('reserved_bytes.allocated', 574943232), ('reserved_bytes.current', 574943232), ('reserved_bytes.freed', 0), ('reserved_bytes.peak', 574943232), ('segment.allocated', 197), ('segment.current', 197), ('segment.freed', 0), ('segment.peak', 197)])",574943232,False,process_lifetime_not_reset_per_case,327696384
419.25393091514707,26.176895141601562,386.64220809936523,"[26.176895141601562, 26.192895889282227, 26.14521598815918, 26.14531135559082, 26.12726402282715, 26.16352081298828, 26.13715171813965, 26.415008544921875, 26.154399871826172, 26.147615432739258, 26.13007926940918, 26.17670440673828, 26.127647399902344, 26.156192779541016, 26.132863998413086, 20.29033660888672]",16,38.16302918156358,cpu_overlap_p32_b1_m1,cpu_overlap,32,1,1,0,measured,True,ade7056869d2970cc8ed4b7fab5c537cdccf7d3ea073e30719bb257e012249fc,1995935744,172516352,203423744,10,,"OrderedDict([('allocated_bytes.allocated', 1149886464), ('allocated_bytes.current', 1149886661), ('allocated_bytes.freed', -197), ('allocated_bytes.peak', 1149886661), ('allocation.allocated', 394), ('allocation.current', 197), ('allocation.freed', 197), ('allocation.peak', 197), ('host_alloc_time.avg', 547), ('host_alloc_time.count', 197), ('host_alloc_time.max', 25494), ('host_alloc_time.min', 1), ('host_alloc_time.total', 107914), ('host_free_time.avg', 0), ('host_free_time.count', 0), ('host_free_time.max', 0), ('host_free_time.min', 0), ('host_free_time.total', 0), ('num_host_alloc', 197), ('num_host_free', 0), ('reserved_bytes.allocated', 574943232), ('reserved_bytes.current', 574943232), ('reserved_bytes.freed', 0), ('reserved_bytes.peak', 574943232), ('segment.allocated', 197), ('segment.current', 197), ('segment.freed', 0), ('segment.peak', 197)])",574943232,True,process_lifetime_not_reset_per_case,327696384
418.8766381703317,26.14908790588379,386.25907135009766,"[26.14908790588379, 26.138431549072266, 26.135007858276367, 26.131776809692383, 26.14316749572754, 26.141664505004883, 26.150144577026367, 26.196319580078125, 26.15622329711914, 26.12713623046875, 26.14374351501465, 26.14579200744629, 26.153568267822266, 26.131935119628906, 26.129823684692383, 20.234336853027344]",16,38.19740358375816,cpu_overlap_p32_b1_m1,cpu_overlap,32,1,1,1,measured,True,ade7056869d2970cc8ed4b7fab5c537cdccf7d3ea073e30719bb257e012249fc,1995935744,172516352,203423744,10,,"OrderedDict([('allocated_bytes.allocated', 1149886464), ('allocated_bytes.current', 1149886661), ('allocated_bytes.freed', -197), ('allocated_bytes.peak', 1149886661), ('allocation.allocated', 394), ('allocation.current', 197), ('allocation.freed', 197), ('allocation.peak', 197), ('host_alloc_time.avg', 547), ('host_alloc_time.count', 197), ('host_alloc_time.max', 25494), ('host_alloc_time.min', 1), ('host_alloc_time.total', 107914), ('host_free_time.avg', 0), ('host_free_time.count', 0), ('host_free_time.max', 0), ('host_free_time.min', 0), ('host_free_time.total', 0), ('num_host_alloc', 197), ('num_host_free', 0), ('reserved_bytes.allocated', 574943232), ('reserved_bytes.current', 574943232), ('reserved_bytes.freed', 0), ('reserved_bytes.peak', 574943232), ('segment.allocated', 197), ('segment.current', 197), ('segment.freed', 0), ('segment.peak', 197)])",574943232,True,process_lifetime_not_reset_per_case,327696384
419.2499849013984,26.144031524658203,386.66262435913086,"[26.144031524658203, 26.14512062072754, 26.117311477661133, 26.131935119628906, 26.113311767578125, 26.133920669555664, 26.131616592407227, 26.1213436126709, 26.17251205444336, 26.143295288085938, 26.50476837158203, 26.16543960571289, 26.177024841308594, 26.243072509765625, 26.17500877380371, 20.18694305419922]",16,38.16338837498818,cpu_overlap_p32_b1_m1,cpu_overlap,32,1,1,2,measured,True,ade7056869d2970cc8ed4b7fab5c537cdccf7d3ea073e30719bb257e012249fc,1995935744,172516352,203423744,10,,"OrderedDict([('allocated_bytes.allocated', 1149886464), ('allocated_bytes.current', 1149886661), ('allocated_bytes.freed', -197), ('allocated_bytes.peak', 1149886661), ('allocation.allocated', 394), ('allocation.current', 197), ('allocation.freed', 197), ('allocation.peak', 197), ('host_alloc_time.avg', 547), ('host_alloc_time.count', 197), ('host_alloc_time.max', 25494), ('host_alloc_time.min', 1), ('host_alloc_time.total', 107914), ('host_free_time.avg', 0), ('host_free_time.count', 0), ('host_free_time.max', 0), ('host_free_time.min', 0), ('host_free_time.total', 0), ('num_host_alloc', 197), ('num_host_free', 0), ('reserved_bytes.allocated', 574943232), ('reserved_bytes.current', 574943232), ('reserved_bytes.freed', 0), ('reserved_bytes.peak', 574943232), ('segment.allocated', 197), ('segment.current', 197), ('segment.freed', 0), ('segment.peak', 197)])",574943232,True,process_lifetime_not_reset_per_case,327696384
418.64830907434225,26.14944076538086,385.96114921569824,"[26.14944076538086, 26.110912322998047, 26.118528366088867, 26.115583419799805, 26.118175506591797, 26.107519149780273, 26.11907196044922, 26.123647689819336, 26.11916732788086, 26.250335693359375, 26.133695602416992, 26.120128631591797, 26.111648559570312, 26.112703323364258, 26.12067222595215, 20.179359436035156]",16,38.218236293315044,cpu_overlap_p32_b1_m1,cpu_overlap,32,1,1,3,measured,True,ade7056869d2970cc8ed4b7fab5c537cdccf7d3ea073e30719bb257e012249fc,1995935744,172516352,203423744,10,,"OrderedDict([('allocated_bytes.allocated', 1149886464), ('allocated_bytes.current', 1149886661), ('allocated_bytes.freed', -197), ('allocated_bytes.peak', 1149886661), ('allocation.allocated', 394), ('allocation.current', 197), ('allocation.freed', 197), ('allocation.peak', 197), ('host_alloc_time.avg', 547), ('host_alloc_time.count', 197), ('host_alloc_time.max', 25494), ('host_alloc_time.min', 1), ('host_alloc_time.total', 107914), ('host_free_time.avg', 0), ('host_free_time.count', 0), ('host_free_time.max', 0), ('host_free_time.min', 0), ('host_free_time.total', 0), ('num_host_alloc', 197), ('num_host_free', 0), ('reserved_bytes.allocated', 574943232), ('reserved_bytes.current', 574943232), ('reserved_bytes.freed', 0), ('reserved_bytes.peak', 574943232), ('segment.allocated', 197), ('segment.current', 197), ('segment.freed', 0), ('segment.peak', 197)])",574943232,True,process_lifetime_not_reset_per_case,327696384
418.51136507466435,26.14313507080078,385.9150676727295,"[26.14313507080078, 26.11734390258789, 26.116575241088867, 26.11359977722168, 26.11414337158203, 26.1345272064209, 26.114208221435547, 26.183839797973633, 26.111583709716797, 26.108448028564453, 26.125280380249023, 26.144479751586914, 26.103391647338867, 26.120384216308594, 26.126911163330078, 20.18035125732422]",16,38.23074194686571,cpu_overlap_p32_b1_m1,cpu_overlap,32,1,1,4,measured,True,ade7056869d2970cc8ed4b7fab5c537cdccf7d3ea073e30719bb257e012249fc,1995935744,172516352,203423744,10,,"OrderedDict([('allocated_bytes.allocated', 1149886464), ('allocated_bytes.current', 1149886661), ('allocated_bytes.freed', -197), ('allocated_bytes.peak', 1149886661), ('allocation.allocated', 394), ('allocation.current', 197), ('allocation.freed', 197), ('allocation.peak', 197), ('host_alloc_time.avg', 547), ('host_alloc_time.count', 197), ('host_alloc_time.max', 25494), ('host_alloc_time.min', 1), ('host_alloc_time.total', 107914), ('host_free_time.avg', 0), ('host_free_time.count', 0), ('host_free_time.max', 0), ('host_free_time.min', 0), ('host_free_time.total', 0), ('num_host_alloc', 197), ('num_host_free', 0), ('reserved_bytes.allocated', 574943232), ('reserved_bytes.current', 574943232), ('reserved_bytes.freed', 0), ('reserved_bytes.peak', 574943232), ('segment.allocated', 197), ('segment.current', 197), ('segment.freed', 0), ('segment.peak', 197)])",574943232,True,process_lifetime_not_reset_per_case,327696384
418.5999548062682,26.136703491210938,386.02707290649414,"[26.136703491210938, 26.114303588867188, 26.14352035522461, 26.132543563842773, 26.139711380004883, 26.126272201538086, 26.12883186340332, 26.116863250732422, 26.135648727416992, 26.130847930908203, 26.114208221435547, 26.11737632751465, 26.12112045288086, 26.142528533935547, 26.15987205505371, 20.20342445373535]",16,38.22265104496952,cpu_overlap_p32_b1_m1,cpu_overlap,32,1,1,5,measured,True,ade7056869d2970cc8ed4b7fab5c537cdccf7d3ea073e30719bb257e012249fc,1995935744,172516352,203423744,10,,"OrderedDict([('allocated_bytes.allocated', 1149886464), ('allocated_bytes.current', 1149886661), ('allocated_bytes.freed', -197), ('allocated_bytes.peak', 1149886661), ('allocation.allocated', 394), ('allocation.current', 197), ('allocation.freed', 197), ('allocation.peak', 197), ('host_alloc_time.avg', 547), ('host_alloc_time.count', 197), ('host_alloc_time.max', 25494), ('host_alloc_time.min', 1), ('host_alloc_time.total', 107914), ('host_free_time.avg', 0), ('host_free_time.count', 0), ('host_free_time.max', 0), ('host_free_time.min', 0), ('host_free_time.total', 0), ('num_host_alloc', 197), ('num_host_free', 0), ('reserved_bytes.allocated', 574943232), ('reserved_bytes.current', 574943232), ('reserved_bytes.freed', 0), ('reserved_bytes.peak', 574943232), ('segment.allocated', 197), ('segment.current', 197), ('segment.freed', 0), ('segment.peak', 197)])",574943232,True,process_lifetime_not_reset_per_case,327696384
418.6173598282039,26.144128799438477,386.036319732666,"[26.144128799438477, 26.16422462463379, 26.126176834106445, 26.141599655151367, 26.15056037902832, 26.143808364868164, 26.12761688232422, 26.1378231048584, 26.112031936645508, 26.116479873657227, 26.138975143432617, 26.130176544189453, 26.11199951171875, 26.121599197387695, 26.130943298339844, 20.18230438232422]",16,38.221061846470555,cpu_overlap_p32_b1_m1,cpu_overlap,32,1,1,6,measured,True,ade7056869d2970cc8ed4b7fab5c537cdccf7d3ea073e30719bb257e012249fc,1995935744,172516352,203423744,10,,"OrderedDict([('allocated_bytes.allocated', 1149886464), ('allocated_bytes.current', 1149886661), ('allocated_bytes.freed', -197), ('allocated_bytes.peak', 1149886661), ('allocation.allocated', 394), ('allocation.current', 197), ('allocation.freed', 197), ('allocation.peak', 197), ('host_alloc_time.avg', 547), ('host_alloc_time.count', 197), ('host_alloc_time.max', 25494), ('host_alloc_time.min', 1), ('host_alloc_time.total', 107914), ('host_free_time.avg', 0), ('host_free_time.count', 0), ('host_free_time.max', 0), ('host_free_time.min', 0), ('host_free_time.total', 0), ('num_host_alloc', 197), ('num_host_free', 0), ('reserved_bytes.allocated', 574943232), ('reserved_bytes.current', 574943232), ('reserved_bytes.freed', 0), ('reserved_bytes.peak', 574943232), ('segment.allocated', 197), ('segment.current', 197), ('segment.freed', 0), ('segment.peak', 197)])",574943232,True,process_lifetime_not_reset_per_case,327696384
85.06307657808065,5.215551853179932,79.37423992156982,"[5.215551853179932, 5.341152191162109, 5.357344150543213, 5.313632011413574, 5.309696197509766, 5.283455848693848, 5.377471923828125, 5.274623870849609, 5.353151798248291, 5.28380823135376, 5.342432022094727, 5.245183944702148, 5.348991870880127, 5.265503883361816, 5.294784069061279, 4.983007907867432]",32,376.1914250847338,gpu_p32_b1_m2,gpu,32,1,2,0,measured,True,ed25732bf36d49485dbf0d6381f1f70eeb405d9b96bcdff7e25ff10a38e36188,1998004224,351220224,371195904,10,,"OrderedDict([('allocated_bytes.allocated', 1149886464), ('allocated_bytes.current', 1149886661), ('allocated_bytes.freed', -197), ('allocated_bytes.peak', 1149886661), ('allocation.allocated', 394), ('allocation.current', 197), ('allocation.freed', 197), ('allocation.peak', 197), ('host_alloc_time.avg', 547), ('host_alloc_time.count', 197), ('host_alloc_time.max', 25494), ('host_alloc_time.min', 1), ('host_alloc_time.total', 107914), ('host_free_time.avg', 0), ('host_free_time.count', 0), ('host_free_time.max', 0), ('host_free_time.min', 0), ('host_free_time.total', 0), ('num_host_alloc', 197), ('num_host_free', 0), ('reserved_bytes.allocated', 574943232), ('reserved_bytes.current', 574943232), ('reserved_bytes.freed', 0), ('reserved_bytes.peak', 574943232), ('segment.allocated', 197), ('segment.current', 197), ('segment.freed', 0), ('segment.peak', 197)])",574943232,True,process_lifetime_not_reset_per_case,0
84.82000324875116,5.267615795135498,79.18492841720581,"[5.267615795135498, 5.330880165100098, 5.262815952301025, 5.286464214324951, 5.2857279777526855, 5.320320129394531, 5.359360218048096, 5.268735885620117, 5.259232044219971, 5.296735763549805, 5.32908821105957, 5.274335861206055, 5.317759990692139, 5.306528091430664, 5.326784133911133, 4.960159778594971]",32,377.26949745750153,gpu_p32_b1_m2,gpu,32,1,2,1,measured,True,ed25732bf36d49485dbf0d6381f1f70eeb405d9b96bcdff7e25ff10a38e36188,1998004224,351220224,371195904,10,,"OrderedDict([('allocated_bytes.allocated', 1149886464), ('allocated_bytes.current', 1149886661), ('allocated_bytes.freed', -197), ('allocated_bytes.peak', 1149886661), ('allocation.allocated', 394), ('allocation.current', 197), ('allocation.freed', 197), ('allocation.peak', 197), ('host_alloc_time.avg', 547), ('host_alloc_time.count', 197), ('host_alloc_time.max', 25494), ('host_alloc_time.min', 1), ('host_alloc_time.total', 107914), ('host_free_time.avg', 0), ('host_free_time.count', 0), ('host_free_time.max', 0), ('host_free_time.min', 0), ('host_free_time.total', 0), ('num_host_alloc', 197), ('num_host_free', 0), ('reserved_bytes.allocated', 574943232), ('reserved_bytes.current', 574943232), ('reserved_bytes.freed', 0), ('reserved_bytes.peak', 574943232), ('segment.allocated', 197), ('segment.current', 197), ('segment.freed', 0), ('segment.peak', 197)])",574943232,True,process_lifetime_not_reset_per_case,0
84.90696223452687,5.264768123626709,79.28112077713013,"[5.264768123626709, 5.340320110321045, 5.326720237731934, 5.3155198097229, 5.284704208374023, 5.3006720542907715, 5.3309760093688965, 5.293920040130615, 5.359807968139648, 5.268608093261719, 5.320896148681641, 5.246463775634766, 5.316512107849121, 5.275008201599121, 5.338848114013672, 4.962143898010254]",32,376.88311014603,gpu_p32_b1_m2,gpu,32,1,2,2,measured,True,ed25732bf36d49485dbf0d6381f1f70eeb405d9b96bcdff7e25ff10a38e36188,1998004224,351220224,371195904,10,,"OrderedDict([('allocated_bytes.allocated', 1149886464), ('allocated_bytes.current', 1149886661), ('allocated_bytes.freed', -197), ('allocated_bytes.peak', 1149886661), ('allocation.allocated', 394), ('allocation.current', 197), ('allocation.freed', 197), ('allocation.peak', 197), ('host_alloc_time.avg', 547), ('host_alloc_time.count', 197), ('host_alloc_time.max', 25494), ('host_alloc_time.min', 1), ('host_alloc_time.total', 107914), ('host_free_time.avg', 0), ('host_free_time.count', 0), ('host_free_time.max', 0), ('host_free_time.min', 0), ('host_free_time.total', 0), ('num_host_alloc', 197), ('num_host_free', 0), ('reserved_bytes.allocated', 574943232), ('reserved_bytes.current', 574943232), ('reserved_bytes.freed', 0), ('reserved_bytes.peak', 574943232), ('segment.allocated', 197), ('segment.current', 197), ('segment.freed', 0), ('segment.peak', 197)])",574943232,True,process_lifetime_not_reset_per_case,0
84.7840323112905,5.242303848266602,79.17823934555054,"[5.242303848266602, 5.27023983001709, 5.2939839363098145, 5.287231922149658, 5.3002238273620605, 5.286431789398193, 5.399168014526367, 5.287871837615967, 5.296576023101807, 5.283328056335449, 5.315968036651611, 5.2921600341796875, 5.2861762046813965, 5.316864013671875, 5.293056011199951, 4.968959808349609]",32,377.42955987879606,gpu_p32_b1_m2,gpu,32,1,2,3,measured,True,ed25732bf36d49485dbf0d6381f1f70eeb405d9b96bcdff7e25ff10a38e36188,1998004224,351220224,371195904,10,,"OrderedDict([('allocated_bytes.allocated', 1149886464), ('allocated_bytes.current', 1149886661), ('allocated_bytes.freed', -197), ('allocated_bytes.peak', 1149886661), ('allocation.allocated', 394), ('allocation.current', 197), ('allocation.freed', 197), ('allocation.peak', 197), ('host_alloc_time.avg', 547), ('host_alloc_time.count', 197), ('host_alloc_time.max', 25494), ('host_alloc_time.min', 1), ('host_alloc_time.total', 107914), ('host_free_time.avg', 0), ('host_free_time.count', 0), ('host_free_time.max', 0), ('host_free_time.min', 0), ('host_free_time.total', 0), ('num_host_alloc', 197), ('num_host_free', 0), ('reserved_bytes.allocated', 574943232), ('reserved_bytes.current', 574943232), ('reserved_bytes.freed', 0), ('reserved_bytes.peak', 574943232), ('segment.allocated', 197), ('segment.current', 197), ('segment.freed', 0), ('segment.peak', 197)])",574943232,True,process_lifetime_not_reset_per_case,0
85.26338404044509,5.214623928070068,79.6846079826355,"[5.214623928070068, 5.3282880783081055, 5.303199768066406, 5.330431938171387, 5.266528129577637, 5.317759990692139, 5.407008171081543, 5.3184638023376465, 5.270016193389893, 5.434656143188477, 5.42739200592041, 5.363584041595459, 5.364416122436523, 5.318048000335693, 5.298175811767578, 4.936639785766602]",32,375.30764653700174,gpu_p32_b1_m2,gpu,32,1,2,4,measured,True,ed25732bf36d49485dbf0d6381f1f70eeb405d9b96bcdff7e25ff10a38e36188,1998004224,351220224,371195904,10,,"OrderedDict([('allocated_bytes.allocated', 1149886464), ('allocated_bytes.current', 1149886661), ('allocated_bytes.freed', -197), ('allocated_bytes.peak', 1149886661), ('allocation.allocated', 394), ('allocation.current', 197), ('allocation.freed', 197), ('allocation.peak', 197), ('host_alloc_time.avg', 547), ('host_alloc_time.count', 197), ('host_alloc_time.max', 25494), ('host_alloc_time.min', 1), ('host_alloc_time.total', 107914), ('host_free_time.avg', 0), ('host_free_time.count', 0), ('host_free_time.max', 0), ('host_free_time.min', 0), ('host_free_time.total', 0), ('num_host_alloc', 197), ('num_host_free', 0), ('reserved_bytes.allocated', 574943232), ('reserved_bytes.current', 574943232), ('reserved_bytes.freed', 0), ('reserved_bytes.peak', 574943232), ('segment.allocated', 197), ('segment.current', 197), ('segment.freed', 0), ('segment.peak', 197)])",574943232,True,process_lifetime_not_reset_per_case,0
84.7272863611579,5.271967887878418,79.09231996536255,"[5.271967887878418, 5.328415870666504, 5.285088062286377, 5.273375988006592, 5.332096099853516, 5.28988790512085, 5.332064151763916, 5.2651519775390625, 5.250751972198486, 5.262271881103516, 5.3533759117126465, 5.283904075622559, 5.290751934051514, 5.234591960906982, 5.342304229736328, 4.968287944793701]",32,377.68234265873974,gpu_p32_b1_m2,gpu,32,1,2,5,measured,True,ed25732bf36d49485dbf0d6381f1f70eeb405d9b96bcdff7e25ff10a38e36188,1998004224,351220224,371195904,10,,"OrderedDict([('allocated_bytes.allocated', 1149886464), ('allocated_bytes.current', 1149886661), ('allocated_bytes.freed', -197), ('allocated_bytes.peak', 1149886661), ('allocation.allocated', 394), ('allocation.current', 197), ('allocation.freed', 197), ('allocation.peak', 197), ('host_alloc_time.avg', 547), ('host_alloc_time.count', 197), ('host_alloc_time.max', 25494), ('host_alloc_time.min', 1), ('host_alloc_time.total', 107914), ('host_free_time.avg', 0), ('host_free_time.count', 0), ('host_free_time.max', 0), ('host_free_time.min', 0), ('host_free_time.total', 0), ('num_host_alloc', 197), ('num_host_free', 0), ('reserved_bytes.allocated', 574943232), ('reserved_bytes.current', 574943232), ('reserved_bytes.freed', 0), ('reserved_bytes.peak', 574943232), ('segment.allocated', 197), ('segment.current', 197), ('segment.freed', 0), ('segment.peak', 197)])",574943232,True,process_lifetime_not_reset_per_case,0
84.95284896343946,5.237855911254883,79.30384016036987,"[5.237855911254883, 5.312160015106201, 5.284095764160156, 5.324927806854248, 5.279104232788086, 5.375328063964844, 5.314847946166992, 5.314784049987793, 5.252543926239014, 5.324960231781006, 5.30620813369751, 5.29145622253418, 5.365983963012695, 5.282015800476074, 5.306399822235107, 4.969024181365967]",32,376.6795391849849,gpu_p32_b1_m2,gpu,32,1,2,6,measured,True,ed25732bf36d49485dbf0d6381f1f70eeb405d9b96bcdff7e25ff10a38e36188,1998004224,351220224,371195904,10,,"OrderedDict([('allocated_bytes.allocated', 1149886464), ('allocated_bytes.current', 1149886661), ('allocated_bytes.freed', -197), ('allocated_bytes.peak', 1149886661), ('allocation.allocated', 394), ('allocation.current', 197), ('allocation.freed', 197), ('allocation.peak', 197), ('host_alloc_time.avg', 547), ('host_alloc_time.count', 197), ('host_alloc_time.max', 25494), ('host_alloc_time.min', 1), ('host_alloc_time.total', 107914), ('host_free_time.avg', 0), ('host_free_time.count', 0), ('host_free_time.max', 0), ('host_free_time.min', 0), ('host_free_time.total', 0), ('num_host_alloc', 197), ('num_host_free', 0), ('reserved_bytes.allocated', 574943232), ('reserved_bytes.current', 574943232), ('reserved_bytes.freed', 0), ('reserved_bytes.peak', 574943232), ('segment.allocated', 197), ('segment.current', 197), ('segment.freed', 0), ('segment.peak', 197)])",574943232,True,process_lifetime_not_reset_per_case,0
454.2423668317497,28.5598087310791,425.25193214416504,"[28.5598087310791, 28.366432189941406, 28.36515235900879, 28.33839988708496, 28.356895446777344, 28.380287170410156, 28.35603141784668, 28.380800247192383, 28.347007751464844, 28.366943359375, 28.351327896118164, 28.352319717407227, 28.358591079711914, 28.359647750854492, 28.33135986328125, 28.24073600769043]",32,70.44697354672935,cpu_serial_p32_b1_m2,cpu_serial,32,1,2,0,measured,True,ed25732bf36d49485dbf0d6381f1f70eeb405d9b96bcdff7e25ff10a38e36188,1998282752,93582336,104857600,10,,"OrderedDict([('allocated_bytes.allocated', 1724829696), ('allocated_bytes.current', 1724830090), ('allocated_bytes.freed', -394), ('allocated_bytes.peak', 1724830090), ('allocation.allocated', 591), ('allocation.current', 197), ('allocation.freed', 394), ('allocation.peak', 197), ('host_alloc_time.avg', 547), ('host_alloc_time.count', 197), ('host_alloc_time.max', 25494), ('host_alloc_time.min', 1), ('host_alloc_time.total', 107914), ('host_free_time.avg', 0), ('host_free_time.count', 0), ('host_free_time.max', 0), ('host_free_time.min', 0), ('host_free_time.total', 0), ('num_host_alloc', 197), ('num_host_free', 0), ('reserved_bytes.allocated', 574943232), ('reserved_bytes.current', 574943232), ('reserved_bytes.freed', 0), ('reserved_bytes.peak', 574943232), ('segment.allocated', 197), ('segment.current', 197), ('segment.freed', 0), ('segment.peak', 197)])",574943232,True,process_lifetime_not_reset_per_case,327696384
454.2865417897701,28.540191650390625,425.42704010009766,"[28.540191650390625, 28.361343383789062, 28.355648040771484, 28.50214385986328, 28.368288040161133, 28.375839233398438, 28.340736389160156, 28.34809684753418, 28.356000900268555, 28.370208740234375, 28.35424041748047, 28.351455688476562, 28.34339141845703, 28.36284828186035, 28.35558319091797, 28.28121566772461]",32,70.44012326213401,cpu_serial_p32_b1_m2,cpu_serial,32,1,2,1,measured,True,ed25732bf36d49485dbf0d6381f1f70eeb405d9b96bcdff7e25ff10a38e36188,1998282752,93582336,104857600,10,,"OrderedDict([('allocated_bytes.allocated', 1724829696), ('allocated_bytes.current', 1724830090), ('allocated_bytes.freed', -394), ('allocated_bytes.peak', 1724830090), ('allocation.allocated', 591), ('allocation.current', 197), ('allocation.freed', 394), ('allocation.peak', 197), ('host_alloc_time.avg', 547), ('host_alloc_time.count', 197), ('host_alloc_time.max', 25494), ('host_alloc_time.min', 1), ('host_alloc_time.total', 107914), ('host_free_time.avg', 0), ('host_free_time.count', 0), ('host_free_time.max', 0), ('host_free_time.min', 0), ('host_free_time.total', 0), ('num_host_alloc', 197), ('num_host_free', 0), ('reserved_bytes.allocated', 574943232), ('reserved_bytes.current', 574943232), ('reserved_bytes.freed', 0), ('reserved_bytes.peak', 574943232), ('segment.allocated', 197), ('segment.current', 197), ('segment.freed', 0), ('segment.peak', 197)])",574943232,True,process_lifetime_not_reset_per_case,327696384
454.67429189011455,28.555360794067383,425.75062370300293,"[28.555360794067383, 28.348960876464844, 28.35215950012207, 28.34160041809082, 28.345312118530273, 28.377599716186523, 28.36288070678711, 28.383808135986328, 28.36345672607422, 28.348447799682617, 28.333311080932617, 28.361183166503906, 28.392000198364258, 28.351551055908203, 28.702655792236328, 28.385696411132812]",32,70.38005132635418,cpu_serial_p32_b1_m2,cpu_serial,32,1,2,2,measured,True,ed25732bf36d49485dbf0d6381f1f70eeb405d9b96bcdff7e25ff10a38e36188,1998282752,93582336,104857600,10,,"OrderedDict([('allocated_bytes.allocated', 1724829696), ('allocated_bytes.current', 1724830090), ('allocated_bytes.freed', -394), ('allocated_bytes.peak', 1724830090), ('allocation.allocated', 591), ('allocation.current', 197), ('allocation.freed', 394), ('allocation.peak', 197), ('host_alloc_time.avg', 547), ('host_alloc_time.count', 197), ('host_alloc_time.max', 25494), ('host_alloc_time.min', 1), ('host_alloc_time.total', 107914), ('host_free_time.avg', 0), ('host_free_time.count', 0), ('host_free_time.max', 0), ('host_free_time.min', 0), ('host_free_time.total', 0), ('num_host_alloc', 197), ('num_host_free', 0), ('reserved_bytes.allocated', 574943232), ('reserved_bytes.current', 574943232), ('reserved_bytes.freed', 0), ('reserved_bytes.peak', 574943232), ('segment.allocated', 197), ('segment.current', 197), ('segment.freed', 0), ('segment.peak', 197)])",574943232,True,process_lifetime_not_reset_per_case,327696384
454.42188531160355,28.70207977294922,425.34271812438965,"[28.70207977294922, 28.377567291259766, 28.45382308959961, 28.38902473449707, 28.342784881591797, 28.34227180480957, 28.386240005493164, 28.367263793945312, 28.33647918701172, 28.316991806030273, 28.33737564086914, 28.43337631225586, 28.394559860229492, 28.289535522460938, 28.352224349975586, 28.22319984436035]",32,70.41914360717276,cpu_serial_p32_b1_m2,cpu_serial,32,1,2,3,measured,True,ed25732bf36d49485dbf0d6381f1f70eeb405d9b96bcdff7e25ff10a38e36188,1998282752,93582336,104857600,10,,"OrderedDict([('allocated_bytes.allocated', 1724829696), ('allocated_bytes.current', 1724830090), ('allocated_bytes.freed', -394), ('allocated_bytes.peak', 1724830090), ('allocation.allocated', 591), ('allocation.current', 197), ('allocation.freed', 394), ('allocation.peak', 197), ('host_alloc_time.avg', 547), ('host_alloc_time.count', 197), ('host_alloc_time.max', 25494), ('host_alloc_time.min', 1), ('host_alloc_time.total', 107914), ('host_free_time.avg', 0), ('host_free_time.count', 0), ('host_free_time.max', 0), ('host_free_time.min', 0), ('host_free_time.total', 0), ('num_host_alloc', 197), ('num_host_free', 0), ('reserved_bytes.allocated', 574943232), ('reserved_bytes.current', 574943232), ('reserved_bytes.freed', 0), ('reserved_bytes.peak', 574943232), ('segment.allocated', 197), ('segment.current', 197), ('segment.freed', 0), ('segment.peak', 197)])",574943232,True,process_lifetime_not_reset_per_case,327696384
453.117853961885,28.414688110351562,424.32268714904785,"[28.414688110351562, 28.25164794921875, 28.24844741821289, 28.272319793701172, 28.273887634277344, 28.267135620117188, 28.33456039428711, 28.243520736694336, 28.27609634399414, 28.285728454589844, 28.36332893371582, 28.281631469726562, 28.366559982299805, 28.258207321166992, 28.349599838256836, 28.250015258789062]",32,70.62180340104575,cpu_serial_p32_b1_m2,cpu_serial,32,1,2,4,measured,True,ed25732bf36d49485dbf0d6381f1f70eeb405d9b96bcdff7e25ff10a38e36188,1998282752,93582336,104857600,10,,"OrderedDict([('allocated_bytes.allocated', 1724829696), ('allocated_bytes.current', 1724830090), ('allocated_bytes.freed', -394), ('allocated_bytes.peak', 1724830090), ('allocation.allocated', 591), ('allocation.current', 197), ('allocation.freed', 394), ('allocation.peak', 197), ('host_alloc_time.avg', 547), ('host_alloc_time.count', 197), ('host_alloc_time.max', 25494), ('host_alloc_time.min', 1), ('host_alloc_time.total', 107914), ('host_free_time.avg', 0), ('host_free_time.count', 0), ('host_free_time.max', 0), ('host_free_time.min', 0), ('host_free_time.total', 0), ('num_host_alloc', 197), ('num_host_free', 0), ('reserved_bytes.allocated', 574943232), ('reserved_bytes.current', 574943232), ('reserved_bytes.freed', 0), ('reserved_bytes.peak', 574943232), ('segment.allocated', 197), ('segment.current', 197), ('segment.freed', 0), ('segment.peak', 197)])",574943232,True,process_lifetime_not_reset_per_case,327696384
452.9541041702032,28.394975662231445,424.2422409057617,"[28.394975662231445, 28.26483154296875, 28.267263412475586, 28.280319213867188, 28.267040252685547, 28.230432510375977, 28.34604835510254, 28.23535919189453, 28.2890567779541, 28.243648529052734, 28.344608306884766, 28.261247634887695, 28.33897590637207, 28.275104522705078, 28.366432189941406, 28.23187255859375]",32,70.64733425613382,cpu_serial_p32_b1_m2,cpu_serial,32,1,2,5,measured,True,ed25732bf36d49485dbf0d6381f1f70eeb405d9b96bcdff7e25ff10a38e36188,1998282752,93582336,104857600,10,,"OrderedDict([('allocated_bytes.allocated', 1724829696), ('allocated_bytes.current', 1724830090), ('allocated_bytes.freed', -394), ('allocated_bytes.peak', 1724830090), ('allocation.allocated', 591), ('allocation.current', 197), ('allocation.freed', 394), ('allocation.peak', 197), ('host_alloc_time.avg', 547), ('host_alloc_time.count', 197), ('host_alloc_time.max', 25494), ('host_alloc_time.min', 1), ('host_alloc_time.total', 107914), ('host_free_time.avg', 0), ('host_free_time.count', 0), ('host_free_time.max', 0), ('host_free_time.min', 0), ('host_free_time.total', 0), ('num_host_alloc', 197), ('num_host_free', 0), ('reserved_bytes.allocated', 574943232), ('reserved_bytes.current', 574943232), ('reserved_bytes.freed', 0), ('reserved_bytes.peak', 574943232), ('segment.allocated', 197), ('segment.current', 197), ('segment.freed', 0), ('segment.peak', 197)])",574943232,True,process_lifetime_not_reset_per_case,327696384
453.06043000891805,28.404191970825195,424.29721450805664,"[28.404191970825195, 28.25212860107422, 28.25833511352539, 28.284448623657227, 28.267135620117188, 28.274784088134766, 28.35327911376953, 28.263456344604492, 28.257503509521484, 28.245376586914062, 28.348896026611328, 28.27836799621582, 28.35875129699707, 28.262399673461914, 28.345504760742188, 28.24684715270996]",32,70.63075448758593,cpu_serial_p32_b1_m2,cpu_serial,32,1,2,6,measured,True,ed25732bf36d49485dbf0d6381f1f70eeb405d9b96bcdff7e25ff10a38e36188,1998282752,93582336,104857600,10,,"OrderedDict([('allocated_bytes.allocated', 1724829696), ('allocated_bytes.current', 1724830090), ('allocated_bytes.freed', -394), ('allocated_bytes.peak', 1724830090), ('allocation.allocated', 591), ('allocation.current', 197), ('allocation.freed', 394), ('allocation.peak', 197), ('host_alloc_time.avg', 547), ('host_alloc_time.count', 197), ('host_alloc_time.max', 25494), ('host_alloc_time.min', 1), ('host_alloc_time.total', 107914), ('host_free_time.avg', 0), ('host_free_time.count', 0), ('host_free_time.max', 0), ('host_free_time.min', 0), ('host_free_time.total', 0), ('num_host_alloc', 197), ('num_host_free', 0), ('reserved_bytes.allocated', 574943232), ('reserved_bytes.current', 574943232), ('reserved_bytes.freed', 0), ('reserved_bytes.peak', 574943232), ('segment.allocated', 197), ('segment.current', 197), ('segment.freed', 0), ('segment.peak', 197)])",574943232,True,process_lifetime_not_reset_per_case,327696384
462.5905971042812,28.901567459106445,427.05238342285156,"[28.901567459106445, 28.855104446411133, 28.83875274658203, 29.068832397460938, 29.036447525024414, 28.947711944580078, 28.94259262084961, 28.817184448242188, 28.847103118896484, 28.825088500976562, 28.853343963623047, 28.842815399169922, 28.8637752532959, 28.85958480834961, 28.84739112854004, 22.60665512084961]",32,69.17563867556582,cpu_overlap_p32_b1_m2,cpu_overlap,32,1,2,0,measured,True,ed25732bf36d49485dbf0d6381f1f70eeb405d9b96bcdff7e25ff10a38e36188,1998176256,174298624,205520896,10,,"OrderedDict([('allocated_bytes.allocated', 2299772928), ('allocated_bytes.current', 2299773519), ('allocated_bytes.freed', -591), ('allocated_bytes.peak', 2299773519), ('allocation.allocated', 788), ('allocation.current', 197), ('allocation.freed', 591), ('allocation.peak', 197), ('host_alloc_time.avg', 547), ('host_alloc_time.count', 197), ('host_alloc_time.max', 25494), ('host_alloc_time.min', 1), ('host_alloc_time.total', 107914), ('host_free_time.avg', 0), ('host_free_time.count', 0), ('host_free_time.max', 0), ('host_free_time.min', 0), ('host_free_time.total', 0), ('num_host_alloc', 197), ('num_host_free', 0), ('reserved_bytes.allocated', 574943232), ('reserved_bytes.current', 574943232), ('reserved_bytes.freed', 0), ('reserved_bytes.peak', 574943232), ('segment.allocated', 197), ('segment.current', 197), ('segment.freed', 0), ('segment.peak', 197)])",574943232,True,process_lifetime_not_reset_per_case,327696384
461.9988431222737,28.89481544494629,426.5519027709961,"[28.89481544494629, 28.847999572753906, 28.819488525390625, 28.812063217163086, 28.85001564025879, 28.800352096557617, 28.905183792114258, 28.810592651367188, 28.850431442260742, 28.81827163696289, 28.878400802612305, 28.891231536865234, 28.86070442199707, 28.823776245117188, 28.954463958740234, 22.62892723083496]",32,69.26424270618965,cpu_overlap_p32_b1_m2,cpu_overlap,32,1,2,1,measured,True,ed25732bf36d49485dbf0d6381f1f70eeb405d9b96bcdff7e25ff10a38e36188,1998176256,174298624,205520896,10,,"OrderedDict([('allocated_bytes.allocated', 2299772928), ('allocated_bytes.current', 2299773519), ('allocated_bytes.freed', -591), ('allocated_bytes.peak', 2299773519), ('allocation.allocated', 788), ('allocation.current', 197), ('allocation.freed', 591), ('allocation.peak', 197), ('host_alloc_time.avg', 547), ('host_alloc_time.count', 197), ('host_alloc_time.max', 25494), ('host_alloc_time.min', 1), ('host_alloc_time.total', 107914), ('host_free_time.avg', 0), ('host_free_time.count', 0), ('host_free_time.max', 0), ('host_free_time.min', 0), ('host_free_time.total', 0), ('num_host_alloc', 197), ('num_host_free', 0), ('reserved_bytes.allocated', 574943232), ('reserved_bytes.current', 574943232), ('reserved_bytes.freed', 0), ('reserved_bytes.peak', 574943232), ('segment.allocated', 197), ('segment.current', 197), ('segment.freed', 0), ('segment.peak', 197)])",574943232,True,process_lifetime_not_reset_per_case,327696384
461.9781542569399,28.87843132019043,426.5670413970947,"[28.87843132019043, 28.83612823486328, 28.868703842163086, 28.838592529296875, 28.854143142700195, 28.81510353088379, 28.92755126953125, 28.858591079711914, 28.84262466430664, 28.852256774902344, 28.870624542236328, 28.821504592895508, 28.867328643798828, 28.810176849365234, 28.85865592956543, 22.645055770874023]",32,69.26734458141165,cpu_overlap_p32_b1_m2,cpu_overlap,32,1,2,2,measured,True,ed25732bf36d49485dbf0d6381f1f70eeb405d9b96bcdff7e25ff10a38e36188,1998176256,174298624,205520896,10,,"OrderedDict([('allocated_bytes.allocated', 2299772928), ('allocated_bytes.current', 2299773519), ('allocated_bytes.freed', -591), ('allocated_bytes.peak', 2299773519), ('allocation.allocated', 788), ('allocation.current', 197), ('allocation.freed', 591), ('allocation.peak', 197), ('host_alloc_time.avg', 547), ('host_alloc_time.count', 197), ('host_alloc_time.max', 25494), ('host_alloc_time.min', 1), ('host_alloc_time.total', 107914), ('host_free_time.avg', 0), ('host_free_time.count', 0), ('host_free_time.max', 0), ('host_free_time.min', 0), ('host_free_time.total', 0), ('num_host_alloc', 197), ('num_host_free', 0), ('reserved_bytes.allocated', 574943232), ('reserved_bytes.current', 574943232), ('reserved_bytes.freed', 0), ('reserved_bytes.peak', 574943232), ('segment.allocated', 197), ('segment.current', 197), ('segment.freed', 0), ('segment.peak', 197)])",574943232,True,process_lifetime_not_reset_per_case,327696384
462.16952009126544,28.938335418701172,426.6897602081299,"[28.938335418701172, 28.820064544677734, 28.841087341308594, 28.9085750579834, 28.85196876525879, 28.870880126953125, 28.870912551879883, 28.87049674987793, 28.857248306274414, 28.867008209228516, 28.867103576660156, 28.84137535095215, 28.862367630004883, 28.83363151550293, 28.892704010009766, 22.634336471557617]",32,69.23866375627908,cpu_overlap_p32_b1_m2,cpu_overlap,32,1,2,3,measured,True,ed25732bf36d49485dbf0d6381f1f70eeb405d9b96bcdff7e25ff10a38e36188,1998176256,174298624,205520896,10,,"OrderedDict([('allocated_bytes.allocated', 2299772928), ('allocated_bytes.current', 2299773519), ('allocated_bytes.freed', -591), ('allocated_bytes.peak', 2299773519), ('allocation.allocated', 788), ('allocation.current', 197), ('allocation.freed', 591), ('allocation.peak', 197), ('host_alloc_time.avg', 547), ('host_alloc_time.count', 197), ('host_alloc_time.max', 25494), ('host_alloc_time.min', 1), ('host_alloc_time.total', 107914), ('host_free_time.avg', 0), ('host_free_time.count', 0), ('host_free_time.max', 0), ('host_free_time.min', 0), ('host_free_time.total', 0), ('num_host_alloc', 197), ('num_host_free', 0), ('reserved_bytes.allocated', 574943232), ('reserved_bytes.current', 574943232), ('reserved_bytes.freed', 0), ('reserved_bytes.peak', 574943232), ('segment.allocated', 197), ('segment.current', 197), ('segment.freed', 0), ('segment.peak', 197)])",574943232,True,process_lifetime_not_reset_per_case,327696384
463.538174983114,28.899648666381836,428.08886528015137,"[28.899648666381836, 28.842016220092773, 28.83782386779785, 28.82966423034668, 28.877952575683594, 28.89084815979004, 28.859712600708008, 28.838207244873047, 28.867168426513672, 29.08095932006836, 29.509504318237305, 28.943744659423828, 28.966400146484375, 29.047359466552734, 28.99295997619629, 22.704544067382812]",32,69.03422787382229,cpu_overlap_p32_b1_m2,cpu_overlap,32,1,2,4,measured,True,ed25732bf36d49485dbf0d6381f1f70eeb405d9b96bcdff7e25ff10a38e36188,1998176256,174298624,205520896,10,,"OrderedDict([('allocated_bytes.allocated', 2299772928), ('allocated_bytes.current', 2299773519), ('allocated_bytes.freed', -591), ('allocated_bytes.peak', 2299773519), ('allocation.allocated', 788), ('allocation.current', 197), ('allocation.freed', 591), ('allocation.peak', 197), ('host_alloc_time.avg', 547), ('host_alloc_time.count', 197), ('host_alloc_time.max', 25494), ('host_alloc_time.min', 1), ('host_alloc_time.total', 107914), ('host_free_time.avg', 0), ('host_free_time.count', 0), ('host_free_time.max', 0), ('host_free_time.min', 0), ('host_free_time.total', 0), ('num_host_alloc', 197), ('num_host_free', 0), ('reserved_bytes.allocated', 574943232), ('reserved_bytes.current', 574943232), ('reserved_bytes.freed', 0), ('reserved_bytes.peak', 574943232), ('segment.allocated', 197), ('segment.current', 197), ('segment.freed', 0), ('segment.peak', 197)])",574943232,True,process_lifetime_not_reset_per_case,327696384
462.2321338392794,28.917152404785156,426.7221145629883,"[28.917152404785156, 28.884960174560547, 28.831296920776367, 28.84012794494629, 28.843904495239258, 28.814176559448242, 28.852703094482422, 28.92902374267578, 28.942367553710938, 28.86675262451172, 28.898624420166016, 28.838464736938477, 28.876863479614258, 28.831968307495117, 28.853792190551758, 22.617088317871094]",32,69.22928471936694,cpu_overlap_p32_b1_m2,cpu_overlap,32,1,2,5,measured,True,ed25732bf36d49485dbf0d6381f1f70eeb405d9b96bcdff7e25ff10a38e36188,1998176256,174298624,205520896,10,,"OrderedDict([('allocated_bytes.allocated', 2299772928), ('allocated_bytes.current', 2299773519), ('allocated_bytes.freed', -591), ('allocated_bytes.peak', 2299773519), ('allocation.allocated', 788), ('allocation.current', 197), ('allocation.freed', 591), ('allocation.peak', 197), ('host_alloc_time.avg', 547), ('host_alloc_time.count', 197), ('host_alloc_time.max', 25494), ('host_alloc_time.min', 1), ('host_alloc_time.total', 107914), ('host_free_time.avg', 0), ('host_free_time.count', 0), ('host_free_time.max', 0), ('host_free_time.min', 0), ('host_free_time.total', 0), ('num_host_alloc', 197), ('num_host_free', 0), ('reserved_bytes.allocated', 574943232), ('reserved_bytes.current', 574943232), ('reserved_bytes.freed', 0), ('reserved_bytes.peak', 574943232), ('segment.allocated', 197), ('segment.current', 197), ('segment.freed', 0), ('segment.peak', 197)])",574943232,True,process_lifetime_not_reset_per_case,327696384
462.4382392503321,28.95199966430664,426.88630294799805,"[28.95199966430664, 28.855039596557617, 28.890207290649414, 28.979936599731445, 28.844608306884766, 28.842079162597656, 28.864639282226562, 28.84467124938965, 28.855552673339844, 28.849727630615234, 28.862655639648438, 28.83123207092285, 28.898176193237305, 28.84377670288086, 28.905792236328125, 22.71820831298828]",32,69.19842972301737,cpu_overlap_p32_b1_m2,cpu_overlap,32,1,2,6,measured,True,ed25732bf36d49485dbf0d6381f1f70eeb405d9b96bcdff7e25ff10a38e36188,1998176256,174298624,205520896,10,,"OrderedDict([('allocated_bytes.allocated', 2299772928), ('allocated_bytes.current', 2299773519), ('allocated_bytes.freed', -591), ('allocated_bytes.peak', 2299773519), ('allocation.allocated', 788), ('allocation.current', 197), ('allocation.freed', 591), ('allocation.peak', 197), ('host_alloc_time.avg', 547), ('host_alloc_time.count', 197), ('host_alloc_time.max', 25494), ('host_alloc_time.min', 1), ('host_alloc_time.total', 107914), ('host_free_time.avg', 0), ('host_free_time.count', 0), ('host_free_time.max', 0), ('host_free_time.min', 0), ('host_free_time.total', 0), ('num_host_alloc', 197), ('num_host_free', 0), ('reserved_bytes.allocated', 574943232), ('reserved_bytes.current', 574943232), ('reserved_bytes.freed', 0), ('reserved_bytes.peak', 574943232), ('segment.allocated', 197), ('segment.current', 197), ('segment.freed', 0), ('segment.peak', 197)])",574943232,True,process_lifetime_not_reset_per_case,327696384
44.30669406428933,3.190783977508545,40.86723256111145,"[3.190783977508545, 2.7999041080474854, 2.7317121028900146, 2.7039999961853027, 2.743583917617798, 2.7417280673980713, 2.7334721088409424, 2.7326080799102783, 2.7426559925079346, 2.7351040840148926, 2.71942400932312, 2.7383360862731934, 2.707871913909912, 2.7323200702667236, 2.718656063079834, 2.5858559608459473]",64,1444.476988220686,gpu_p32_b4_m1,gpu,32,4,1,0,measured,True,5294744a90b15d836b11f6114c9517468bb8cd11ff8acedeb60592df7fb27363,1998270464,364435456,375390208,10,,"OrderedDict([('allocated_bytes.allocated', 2299772928), ('allocated_bytes.current', 2299773519), ('allocated_bytes.freed', -591), ('allocated_bytes.peak', 2299773519), ('allocation.allocated', 788), ('allocation.current', 197), ('allocation.freed', 591), ('allocation.peak', 197), ('host_alloc_time.avg', 547), ('host_alloc_time.count', 197), ('host_alloc_time.max', 25494), ('host_alloc_time.min', 1), ('host_alloc_time.total', 107914), ('host_free_time.avg', 0), ('host_free_time.count', 0), ('host_free_time.max', 0), ('host_free_time.min', 0), ('host_free_time.total', 0), ('num_host_alloc', 197), ('num_host_free', 0), ('reserved_bytes.allocated', 574943232), ('reserved_bytes.current', 574943232), ('reserved_bytes.freed', 0), ('reserved_bytes.peak', 574943232), ('segment.allocated', 197), ('segment.current', 197), ('segment.freed', 0), ('segment.peak', 197)])",574943232,True,process_lifetime_not_reset_per_case,0
44.104219414293766,3.215008020401001,40.64828824996948,"[3.215008020401001, 2.761568069458008, 2.7573440074920654, 2.7408640384674072, 2.740351915359497, 2.729504108428955, 2.745728015899658, 2.71343994140625, 2.7215359210968018, 2.6749119758605957, 2.718656063079834, 2.689728021621704, 2.6823039054870605, 2.7040960788726807, 2.7207040786743164, 2.5475521087646484]",64,1451.1083259135564,gpu_p32_b4_m1,gpu,32,4,1,1,measured,True,5294744a90b15d836b11f6114c9517468bb8cd11ff8acedeb60592df7fb27363,1998270464,364435456,375390208,10,,"OrderedDict([('allocated_bytes.allocated', 2299772928), ('allocated_bytes.current', 2299773519), ('allocated_bytes.freed', -591), ('allocated_bytes.peak', 2299773519), ('allocation.allocated', 788), ('allocation.current', 197), ('allocation.freed', 591), ('allocation.peak', 197), ('host_alloc_time.avg', 547), ('host_alloc_time.count', 197), ('host_alloc_time.max', 25494), ('host_alloc_time.min', 1), ('host_alloc_time.total', 107914), ('host_free_time.avg', 0), ('host_free_time.count', 0), ('host_free_time.max', 0), ('host_free_time.min', 0), ('host_free_time.total', 0), ('num_host_alloc', 197), ('num_host_free', 0), ('reserved_bytes.allocated', 574943232), ('reserved_bytes.current', 574943232), ('reserved_bytes.freed', 0), ('reserved_bytes.peak', 574943232), ('segment.allocated', 197), ('segment.current', 197), ('segment.freed', 0), ('segment.peak', 197)])",574943232,True,process_lifetime_not_reset_per_case,0
44.122546911239624,3.1870079040527344,40.693119764328,"[3.1870079040527344, 2.7736639976501465, 2.714848041534424, 2.716991901397705, 2.7015678882598877, 2.7438719272613525, 2.7060799598693848, 2.713599920272827, 2.746335983276367, 2.7119998931884766, 2.7268800735473633, 2.7164480686187744, 2.743072032928467, 2.6964800357818604, 2.7072319984436035, 2.5740480422973633]",64,1450.505568700452,gpu_p32_b4_m1,gpu,32,4,1,2,measured,True,5294744a90b15d836b11f6114c9517468bb8cd11ff8acedeb60592df7fb27363,1998270464,364435456,375390208,10,,"OrderedDict([('allocated_bytes.allocated', 2299772928), ('allocated_bytes.current', 2299773519), ('allocated_bytes.freed', -591), ('allocated_bytes.peak', 2299773519), ('allocation.allocated', 788), ('allocation.current', 197), ('allocation.freed', 591), ('allocation.peak', 197), ('host_alloc_time.avg', 547), ('host_alloc_time.count', 197), ('host_alloc_time.max', 25494), ('host_alloc_time.min', 1), ('host_alloc_time.total', 107914), ('host_free_time.avg', 0), ('host_free_time.count', 0), ('host_free_time.max', 0), ('host_free_time.min', 0), ('host_free_time.total', 0), ('num_host_alloc', 197), ('num_host_free', 0), ('reserved_bytes.allocated', 574943232), ('reserved_bytes.current', 574943232), ('reserved_bytes.freed', 0), ('reserved_bytes.peak', 574943232), ('segment.allocated', 197), ('segment.current', 197), ('segment.freed', 0), ('segment.peak', 197)])",574943232,True,process_lifetime_not_reset_per_case,0
44.69269420951605,3.197983980178833,41.19359993934631,"[3.197983980178833, 2.7237119674682617, 2.743232011795044, 2.7423360347747803, 2.75164794921875, 2.7582719326019287, 2.7624640464782715, 2.796895980834961, 2.772480010986328, 2.723968029022217, 2.732800006866455, 2.807584047317505, 2.777535915374756, 2.7235519886016846, 2.772480010986328, 2.604640007019043]",64,1432.0013848342355,gpu_p32_b4_m1,gpu,32,4,1,3,measured,True,5294744a90b15d836b11f6114c9517468bb8cd11ff8acedeb60592df7fb27363,1998270464,364435456,375390208,10,,"OrderedDict([('allocated_bytes.allocated', 2299772928), ('allocated_bytes.current', 2299773519), ('allocated_bytes.freed', -591), ('allocated_bytes.peak', 2299773519), ('allocation.allocated', 788), ('allocation.current', 197), ('allocation.freed', 591), ('allocation.peak', 197), ('host_alloc_time.avg', 547), ('host_alloc_time.count', 197), ('host_alloc_time.max', 25494), ('host_alloc_time.min', 1), ('host_alloc_time.total', 107914), ('host_free_time.avg', 0), ('host_free_time.count', 0), ('host_free_time.max', 0), ('host_free_time.min', 0), ('host_free_time.total', 0), ('num_host_alloc', 197), ('num_host_free', 0), ('reserved_bytes.allocated', 574943232), ('reserved_bytes.current', 574943232), ('reserved_bytes.freed', 0), ('reserved_bytes.peak', 574943232), ('segment.allocated', 197), ('segment.current', 197), ('segment.freed', 0), ('segment.peak', 197)])",574943232,True,process_lifetime_not_reset_per_case,0
44.43691624328494,3.2464640140533447,40.94774389266968,"[3.2464640140533447, 2.803231954574585, 2.780064105987549, 2.768768072128296, 2.7657599449157715, 2.759552001953125, 2.7058560848236084, 2.692415952682495, 2.710815906524658, 2.727871894836426, 2.714911937713623, 2.6960959434509277, 2.7752320766448975, 2.7373440265655518, 2.6957759857177734, 2.6140480041503906]",64,1440.2439550397767,gpu_p32_b4_m1,gpu,32,4,1,4,measured,True,5294744a90b15d836b11f6114c9517468bb8cd11ff8acedeb60592df7fb27363,1998270464,364435456,375390208,10,,"OrderedDict([('allocated_bytes.allocated', 2299772928), ('allocated_bytes.current', 2299773519), ('allocated_bytes.freed', -591), ('allocated_bytes.peak', 2299773519), ('allocation.allocated', 788), ('allocation.current', 197), ('allocation.freed', 591), ('allocation.peak', 197), ('host_alloc_time.avg', 547), ('host_alloc_time.count', 197), ('host_alloc_time.max', 25494), ('host_alloc_time.min', 1), ('host_alloc_time.total', 107914), ('host_free_time.avg', 0), ('host_free_time.count', 0), ('host_free_time.max', 0), ('host_free_time.min', 0), ('host_free_time.total', 0), ('num_host_alloc', 197), ('num_host_free', 0), ('reserved_bytes.allocated', 574943232), ('reserved_bytes.current', 574943232), ('reserved_bytes.freed', 0), ('reserved_bytes.peak', 574943232), ('segment.allocated', 197), ('segment.current', 197), ('segment.freed', 0), ('segment.peak', 197)])",574943232,True,process_lifetime_not_reset_per_case,0
43.91793720424175,3.187551975250244,40.491551876068115,"[3.187551975250244, 2.7146239280700684, 2.681152105331421, 2.708127975463867, 2.691103935241699, 2.6994240283966064, 2.729599952697754, 2.678879976272583, 2.732703924179077, 2.7191359996795654, 2.70467209815979, 2.7122879028320312, 2.710815906524658, 2.687488079071045, 2.7326080799102783, 2.588927984237671]",64,1457.2633432751174,gpu_p32_b4_m1,gpu,32,4,1,5,measured,True,5294744a90b15d836b11f6114c9517468bb8cd11ff8acedeb60592df7fb27363,1998270464,364435456,375390208,10,,"OrderedDict([('allocated_bytes.allocated', 2299772928), ('allocated_bytes.current', 2299773519), ('allocated_bytes.freed', -591), ('allocated_bytes.peak', 2299773519), ('allocation.allocated', 788), ('allocation.current', 197), ('allocation.freed', 591), ('allocation.peak', 197), ('host_alloc_time.avg', 547), ('host_alloc_time.count', 197), ('host_alloc_time.max', 25494), ('host_alloc_time.min', 1), ('host_alloc_time.total', 107914), ('host_free_time.avg', 0), ('host_free_time.count', 0), ('host_free_time.max', 0), ('host_free_time.min', 0), ('host_free_time.total', 0), ('num_host_alloc', 197), ('num_host_free', 0), ('reserved_bytes.allocated', 574943232), ('reserved_bytes.current', 574943232), ('reserved_bytes.freed', 0), ('reserved_bytes.peak', 574943232), ('segment.allocated', 197), ('segment.current', 197), ('segment.freed', 0), ('segment.peak', 197)])",574943232,True,process_lifetime_not_reset_per_case,0
44.363996013998985,3.2140159606933594,40.9127357006073,"[3.2140159606933594, 2.761183977127075, 2.716639995574951, 2.7236480712890625, 2.701119899749756, 2.7847039699554443, 2.7590079307556152, 2.7380800247192383, 2.731935977935791, 2.723615884780884, 2.748415946960449, 2.7080960273742676, 2.76476788520813, 2.740288019180298, 2.7234880924224854, 2.5877439975738525]",64,1442.6112557535373,gpu_p32_b4_m1,gpu,32,4,1,6,measured,True,5294744a90b15d836b11f6114c9517468bb8cd11ff8acedeb60592df7fb27363,1998270464,364435456,375390208,10,,"OrderedDict([('allocated_bytes.allocated', 2299772928), ('allocated_bytes.current', 2299773519), ('allocated_bytes.freed', -591), ('allocated_bytes.peak', 2299773519), ('allocation.allocated', 788), ('allocation.current', 197), ('allocation.freed', 591), ('allocation.peak', 197), ('host_alloc_time.avg', 547), ('host_alloc_time.count', 197), ('host_alloc_time.max', 25494), ('host_alloc_time.min', 1), ('host_alloc_time.total', 107914), ('host_free_time.avg', 0), ('host_free_time.count', 0), ('host_free_time.max', 0), ('host_free_time.min', 0), ('host_free_time.total', 0), ('num_host_alloc', 197), ('num_host_free', 0), ('reserved_bytes.allocated', 574943232), ('reserved_bytes.current', 574943232), ('reserved_bytes.freed', 0), ('reserved_bytes.peak', 574943232), ('segment.allocated', 197), ('segment.current', 197), ('segment.freed', 0), ('segment.peak', 197)])",574943232,True,process_lifetime_not_reset_per_case,0
431.20482796803117,27.907712936401367,403.06640434265137,"[27.907712936401367, 26.874752044677734, 26.90108871459961, 26.8569278717041, 26.86457633972168, 26.8525447845459, 26.858720779418945, 26.891584396362305, 26.846080780029297, 26.899616241455078, 26.879167556762695, 26.89516830444336, 26.87331199645996, 26.863040924072266, 26.900287628173828, 26.80953598022461]",64,148.4213437534722,cpu_serial_p32_b4_m1,cpu_serial,32,4,1,0,measured,True,5294744a90b15d836b11f6114c9517468bb8cd11ff8acedeb60592df7fb27363,2010161152,106770432,123731968,10,,"OrderedDict([('allocated_bytes.allocated', 2874716160), ('allocated_bytes.current', 2874716948), ('allocated_bytes.freed', -788), ('allocated_bytes.peak', 2874716948), ('allocation.allocated', 985), ('allocation.current', 197), ('allocation.freed', 788), ('allocation.peak', 197), ('host_alloc_time.avg', 547), ('host_alloc_time.count', 197), ('host_alloc_time.max', 25494), ('host_alloc_time.min', 1), ('host_alloc_time.total', 107914), ('host_free_time.avg', 0), ('host_free_time.count', 0), ('host_free_time.max', 0), ('host_free_time.min', 0), ('host_free_time.total', 0), ('num_host_alloc', 197), ('num_host_free', 0), ('reserved_bytes.allocated', 574943232), ('reserved_bytes.current', 574943232), ('reserved_bytes.freed', 0), ('reserved_bytes.peak', 574943232), ('segment.allocated', 197), ('segment.current', 197), ('segment.freed', 0), ('segment.peak', 197)])",574943232,True,process_lifetime_not_reset_per_case,327696384
431.24714912846684,27.89638328552246,403.13254737854004,"[27.89638328552246, 26.890399932861328, 26.896703720092773, 26.871904373168945, 26.867551803588867, 26.894975662231445, 26.90185546875, 26.897472381591797, 26.87708854675293, 26.873376846313477, 26.900543212890625, 26.861024856567383, 26.8624324798584, 26.863872528076172, 26.845216751098633, 26.828128814697266]",64,148.4067781766011,cpu_serial_p32_b4_m1,cpu_serial,32,4,1,1,measured,True,5294744a90b15d836b11f6114c9517468bb8cd11ff8acedeb60592df7fb27363,2010161152,106770432,123731968,10,,"OrderedDict([('allocated_bytes.allocated', 2874716160), ('allocated_bytes.current', 2874716948), ('allocated_bytes.freed', -788), ('allocated_bytes.peak', 2874716948), ('allocation.allocated', 985), ('allocation.current', 197), ('allocation.freed', 788), ('allocation.peak', 197), ('host_alloc_time.avg', 547), ('host_alloc_time.count', 197), ('host_alloc_time.max', 25494), ('host_alloc_time.min', 1), ('host_alloc_time.total', 107914), ('host_free_time.avg', 0), ('host_free_time.count', 0), ('host_free_time.max', 0), ('host_free_time.min', 0), ('host_free_time.total', 0), ('num_host_alloc', 197), ('num_host_free', 0), ('reserved_bytes.allocated', 574943232), ('reserved_bytes.current', 574943232), ('reserved_bytes.freed', 0), ('reserved_bytes.peak', 574943232), ('segment.allocated', 197), ('segment.current', 197), ('segment.freed', 0), ('segment.peak', 197)])",574943232,True,process_lifetime_not_reset_per_case,327696384
431.15391209721565,27.892160415649414,403.0454750061035,"[27.892160415649414, 26.86534309387207, 26.9072322845459, 26.872352600097656, 26.885343551635742, 26.882368087768555, 26.88809585571289, 26.90176010131836, 26.851808547973633, 26.857696533203125, 26.861024856567383, 26.880735397338867, 26.86729621887207, 26.861440658569336, 26.827392578125, 26.83558464050293]",64,148.43887114161083,cpu_serial_p32_b4_m1,cpu_serial,32,4,1,2,measured,True,5294744a90b15d836b11f6114c9517468bb8cd11ff8acedeb60592df7fb27363,2010161152,106770432,123731968,10,,"OrderedDict([('allocated_bytes.allocated', 2874716160), ('allocated_bytes.current', 2874716948), ('allocated_bytes.freed', -788), ('allocated_bytes.peak', 2874716948), ('allocation.allocated', 985), ('allocation.current', 197), ('allocation.freed', 788), ('allocation.peak', 197), ('host_alloc_time.avg', 547), ('host_alloc_time.count', 197), ('host_alloc_time.max', 25494), ('host_alloc_time.min', 1), ('host_alloc_time.total', 107914), ('host_free_time.avg', 0), ('host_free_time.count', 0), ('host_free_time.max', 0), ('host_free_time.min', 0), ('host_free_time.total', 0), ('num_host_alloc', 197), ('num_host_free', 0), ('reserved_bytes.allocated', 574943232), ('reserved_bytes.current', 574943232), ('reserved_bytes.freed', 0), ('reserved_bytes.peak', 574943232), ('segment.allocated', 197), ('segment.current', 197), ('segment.freed', 0), ('segment.peak', 197)])",574943232,True,process_lifetime_not_reset_per_case,327696384
431.1716170050204,27.89948844909668,402.9822425842285,"[27.89948844909668, 26.868831634521484, 26.856992721557617, 26.844831466674805, 26.87606430053711, 26.844480514526367, 26.86944007873535, 26.86934471130371, 26.88502311706543, 26.833120346069336, 26.879648208618164, 26.903583526611328, 26.890016555786133, 26.902496337890625, 26.83500862121582, 26.823360443115234]",64,148.43277589687636,cpu_serial_p32_b4_m1,cpu_serial,32,4,1,3,measured,True,5294744a90b15d836b11f6114c9517468bb8cd11ff8acedeb60592df7fb27363,2010161152,106770432,123731968,10,,"OrderedDict([('allocated_bytes.allocated', 2874716160), ('allocated_bytes.current', 2874716948), ('allocated_bytes.freed', -788), ('allocated_bytes.peak', 2874716948), ('allocation.allocated', 985), ('allocation.current', 197), ('allocation.freed', 788), ('allocation.peak', 197), ('host_alloc_time.avg', 547), ('host_alloc_time.count', 197), ('host_alloc_time.max', 25494), ('host_alloc_time.min', 1), ('host_alloc_time.total', 107914), ('host_free_time.avg', 0), ('host_free_time.count', 0), ('host_free_time.max', 0), ('host_free_time.min', 0), ('host_free_time.total', 0), ('num_host_alloc', 197), ('num_host_free', 0), ('reserved_bytes.allocated', 574943232), ('reserved_bytes.current', 574943232), ('reserved_bytes.freed', 0), ('reserved_bytes.peak', 574943232), ('segment.allocated', 197), ('segment.current', 197), ('segment.freed', 0), ('segment.peak', 197)])",574943232,True,process_lifetime_not_reset_per_case,327696384
431.1865381896496,27.90220832824707,403.0767993927002,"[27.90220832824707, 26.87606430053711, 26.899328231811523, 26.861248016357422, 26.870559692382812, 26.876415252685547, 26.83363151550293, 26.88140869140625, 26.867040634155273, 26.86147117614746, 26.880096435546875, 26.874752044677734, 26.908159255981445, 26.882144927978516, 26.88172721862793, 26.822751998901367]",64,148.4276393894532,cpu_serial_p32_b4_m1,cpu_serial,32,4,1,4,measured,True,5294744a90b15d836b11f6114c9517468bb8cd11ff8acedeb60592df7fb27363,2010161152,106770432,123731968,10,,"OrderedDict([('allocated_bytes.allocated', 2874716160), ('allocated_bytes.current', 2874716948), ('allocated_bytes.freed', -788), ('allocated_bytes.peak', 2874716948), ('allocation.allocated', 985), ('allocation.current', 197), ('allocation.freed', 788), ('allocation.peak', 197), ('host_alloc_time.avg', 547), ('host_alloc_time.count', 197), ('host_alloc_time.max', 25494), ('host_alloc_time.min', 1), ('host_alloc_time.total', 107914), ('host_free_time.avg', 0), ('host_free_time.count', 0), ('host_free_time.max', 0), ('host_free_time.min', 0), ('host_free_time.total', 0), ('num_host_alloc', 197), ('num_host_free', 0), ('reserved_bytes.allocated', 574943232), ('reserved_bytes.current', 574943232), ('reserved_bytes.freed', 0), ('reserved_bytes.peak', 574943232), ('segment.allocated', 197), ('segment.current', 197), ('segment.freed', 0), ('segment.peak', 197)])",574943232,True,process_lifetime_not_reset_per_case,327696384
431.9028099998832,27.9204158782959,403.77052879333496,"[27.9204158782959, 26.844064712524414, 26.890464782714844, 26.866943359375, 26.878496170043945, 26.868959426879883, 26.864479064941406, 26.891328811645508, 26.87331199645996, 26.875232696533203, 27.057119369506836, 27.15567970275879, 26.967039108276367, 26.946880340576172, 26.86617660522461, 26.924352645874023]",64,148.1814855523105,cpu_serial_p32_b4_m1,cpu_serial,32,4,1,5,measured,True,5294744a90b15d836b11f6114c9517468bb8cd11ff8acedeb60592df7fb27363,2010161152,106770432,123731968,10,,"OrderedDict([('allocated_bytes.allocated', 2874716160), ('allocated_bytes.current', 2874716948), ('allocated_bytes.freed', -788), ('allocated_bytes.peak', 2874716948), ('allocation.allocated', 985), ('allocation.current', 197), ('allocation.freed', 788), ('allocation.peak', 197), ('host_alloc_time.avg', 547), ('host_alloc_time.count', 197), ('host_alloc_time.max', 25494), ('host_alloc_time.min', 1), ('host_alloc_time.total', 107914), ('host_free_time.avg', 0), ('host_free_time.count', 0), ('host_free_time.max', 0), ('host_free_time.min', 0), ('host_free_time.total', 0), ('num_host_alloc', 197), ('num_host_free', 0), ('reserved_bytes.allocated', 574943232), ('reserved_bytes.current', 574943232), ('reserved_bytes.freed', 0), ('reserved_bytes.peak', 574943232), ('segment.allocated', 197), ('segment.current', 197), ('segment.freed', 0), ('segment.peak', 197)])",574943232,True,process_lifetime_not_reset_per_case,327696384
431.49574706330895,27.99523162841797,403.2514228820801,"[27.99523162841797, 26.907615661621094, 26.892288208007812, 26.880704879760742, 26.867359161376953, 26.887168884277344, 26.832063674926758, 26.908639907836914, 27.008512496948242, 26.864543914794922, 26.89148712158203, 26.89695930480957, 26.833280563354492, 26.867231369018555, 26.878015518188477, 26.835552215576172]",64,148.32127647971913,cpu_serial_p32_b4_m1,cpu_serial,32,4,1,6,measured,True,5294744a90b15d836b11f6114c9517468bb8cd11ff8acedeb60592df7fb27363,2010161152,106770432,123731968,10,,"OrderedDict([('allocated_bytes.allocated', 2874716160), ('allocated_bytes.current', 2874716948), ('allocated_bytes.freed', -788), ('allocated_bytes.peak', 2874716948), ('allocation.allocated', 985), ('allocation.current', 197), ('allocation.freed', 788), ('allocation.peak', 197), ('host_alloc_time.avg', 547), ('host_alloc_time.count', 197), ('host_alloc_time.max', 25494), ('host_alloc_time.min', 1), ('host_alloc_time.total', 107914), ('host_free_time.avg', 0), ('host_free_time.count', 0), ('host_free_time.max', 0), ('host_free_time.min', 0), ('host_free_time.total', 0), ('num_host_alloc', 197), ('num_host_free', 0), ('reserved_bytes.allocated', 574943232), ('reserved_bytes.current', 574943232), ('reserved_bytes.freed', 0), ('reserved_bytes.peak', 574943232), ('segment.allocated', 197), ('segment.current', 197), ('segment.freed', 0), ('segment.peak', 197)])",574943232,True,process_lifetime_not_reset_per_case,327696384
419.9624923057854,26.30067253112793,387.1602268218994,"[26.30067253112793, 26.255231857299805, 26.467679977416992, 26.200063705444336, 26.15884780883789, 26.14579200744629, 26.13580894470215, 26.2609920501709, 26.30339241027832, 26.142528533935547, 26.1363525390625, 26.131744384765625, 26.13484764099121, 26.17398452758789, 26.321855545043945, 20.191104888916016]",64,152.39456183005973,cpu_overlap_p32_b4_m1,cpu_overlap,32,4,1,0,measured,True,5294744a90b15d836b11f6114c9517468bb8cd11ff8acedeb60592df7fb27363,2010214400,187513856,224395264,10,,"OrderedDict([('allocated_bytes.allocated', 3449659392), ('allocated_bytes.current', 3449660377), ('allocated_bytes.freed', -985), ('allocated_bytes.peak', 3449660377), ('allocation.allocated', 1182), ('allocation.current', 197), ('allocation.freed', 985), ('allocation.peak', 197), ('host_alloc_time.avg', 547), ('host_alloc_time.count', 197), ('host_alloc_time.max', 25494), ('host_alloc_time.min', 1), ('host_alloc_time.total', 107914), ('host_free_time.avg', 0), ('host_free_time.count', 0), ('host_free_time.max', 0), ('host_free_time.min', 0), ('host_free_time.total', 0), ('num_host_alloc', 197), ('num_host_free', 0), ('reserved_bytes.allocated', 574943232), ('reserved_bytes.current', 574943232), ('reserved_bytes.freed', 0), ('reserved_bytes.peak', 574943232), ('segment.allocated', 197), ('segment.current', 197), ('segment.freed', 0), ('segment.peak', 197)])",574943232,True,process_lifetime_not_reset_per_case,327696384
418.513897806406,26.17145538330078,385.8716468811035,"[26.17145538330078, 26.112640380859375, 26.159008026123047, 26.112287521362305, 26.120447158813477, 26.128223419189453, 26.130367279052734, 26.10633659362793, 26.113887786865234, 26.107295989990234, 26.114240646362305, 26.11311912536621, 26.117599487304688, 26.108640670776367, 26.150592803955078, 20.176959991455078]",64,152.92204233945125,cpu_overlap_p32_b4_m1,cpu_overlap,32,4,1,1,measured,True,5294744a90b15d836b11f6114c9517468bb8cd11ff8acedeb60592df7fb27363,2010214400,187513856,224395264,10,,"OrderedDict([('allocated_bytes.allocated', 3449659392), ('allocated_bytes.current', 3449660377), ('allocated_bytes.freed', -985), ('allocated_bytes.peak', 3449660377), ('allocation.allocated', 1182), ('allocation.current', 197), ('allocation.freed', 985), ('allocation.peak', 197), ('host_alloc_time.avg', 547), ('host_alloc_time.count', 197), ('host_alloc_time.max', 25494), ('host_alloc_time.min', 1), ('host_alloc_time.total', 107914), ('host_free_time.avg', 0), ('host_free_time.count', 0), ('host_free_time.max', 0), ('host_free_time.min', 0), ('host_free_time.total', 0), ('num_host_alloc', 197), ('num_host_free', 0), ('reserved_bytes.allocated', 574943232), ('reserved_bytes.current', 574943232), ('reserved_bytes.freed', 0), ('reserved_bytes.peak', 574943232), ('segment.allocated', 197), ('segment.current', 197), ('segment.freed', 0), ('segment.peak', 197)])",574943232,True,process_lifetime_not_reset_per_case,327696384
418.7134890817106,26.27449607849121,385.99766731262207,"[26.27449607849121, 26.139263153076172, 26.128000259399414, 26.119136810302734, 26.15123176574707, 26.131776809692383, 26.12067222595215, 26.121856689453125, 26.12531280517578, 26.1278076171875, 26.11769676208496, 26.130048751831055, 26.127456665039062, 26.139135360717773, 26.141952514648438, 20.176319122314453]",64,152.84914785133805,cpu_overlap_p32_b4_m1,cpu_overlap,32,4,1,2,measured,True,5294744a90b15d836b11f6114c9517468bb8cd11ff8acedeb60592df7fb27363,2010214400,187513856,224395264,10,,"OrderedDict([('allocated_bytes.allocated', 3449659392), ('allocated_bytes.current', 3449660377), ('allocated_bytes.freed', -985), ('allocated_bytes.peak', 3449660377), ('allocation.allocated', 1182), ('allocation.current', 197), ('allocation.freed', 985), ('allocation.peak', 197), ('host_alloc_time.avg', 547), ('host_alloc_time.count', 197), ('host_alloc_time.max', 25494), ('host_alloc_time.min', 1), ('host_alloc_time.total', 107914), ('host_free_time.avg', 0), ('host_free_time.count', 0), ('host_free_time.max', 0), ('host_free_time.min', 0), ('host_free_time.total', 0), ('num_host_alloc', 197), ('num_host_free', 0), ('reserved_bytes.allocated', 574943232), ('reserved_bytes.current', 574943232), ('reserved_bytes.freed', 0), ('reserved_bytes.peak', 574943232), ('segment.allocated', 197), ('segment.current', 197), ('segment.freed', 0), ('segment.peak', 197)])",574943232,True,process_lifetime_not_reset_per_case,327696384
418.61988697201014,26.161663055419922,385.9587173461914,"[26.161663055419922, 26.121023178100586, 26.140703201293945, 26.121183395385742, 26.118976593017578, 26.128192901611328, 26.120256423950195, 26.176544189453125, 26.116031646728516, 26.120447158813477, 26.15065574645996, 26.147968292236328, 26.119808197021484, 26.107263565063477, 26.106687545776367, 20.162975311279297]",64,152.88332444721908,cpu_overlap_p32_b4_m1,cpu_overlap,32,4,1,3,measured,True,5294744a90b15d836b11f6114c9517468bb8cd11ff8acedeb60592df7fb27363,2010214400,187513856,224395264,10,,"OrderedDict([('allocated_bytes.allocated', 3449659392), ('allocated_bytes.current', 3449660377), ('allocated_bytes.freed', -985), ('allocated_bytes.peak', 3449660377), ('allocation.allocated', 1182), ('allocation.current', 197), ('allocation.freed', 985), ('allocation.peak', 197), ('host_alloc_time.avg', 547), ('host_alloc_time.count', 197), ('host_alloc_time.max', 25494), ('host_alloc_time.min', 1), ('host_alloc_time.total', 107914), ('host_free_time.avg', 0), ('host_free_time.count', 0), ('host_free_time.max', 0), ('host_free_time.min', 0), ('host_free_time.total', 0), ('num_host_alloc', 197), ('num_host_free', 0), ('reserved_bytes.allocated', 574943232), ('reserved_bytes.current', 574943232), ('reserved_bytes.freed', 0), ('reserved_bytes.peak', 574943232), ('segment.allocated', 197), ('segment.current', 197), ('segment.freed', 0), ('segment.peak', 197)])",574943232,True,process_lifetime_not_reset_per_case,327696384
418.40012185275555,26.153728485107422,385.8187198638916,"[26.153728485107422, 26.140928268432617, 26.11782455444336, 26.11680030822754, 26.112192153930664, 26.111711502075195, 26.112064361572266, 26.10688018798828, 26.11814308166504, 26.12348747253418, 26.121471405029297, 26.103872299194336, 26.12099266052246, 26.125503540039062, 26.11199951171875, 20.174848556518555]",64,152.96362657973376,cpu_overlap_p32_b4_m1,cpu_overlap,32,4,1,4,measured,True,5294744a90b15d836b11f6114c9517468bb8cd11ff8acedeb60592df7fb27363,2010214400,187513856,224395264,10,,"OrderedDict([('allocated_bytes.allocated', 3449659392), ('allocated_bytes.current', 3449660377), ('allocated_bytes.freed', -985), ('allocated_bytes.peak', 3449660377), ('allocation.allocated', 1182), ('allocation.current', 197), ('allocation.freed', 985), ('allocation.peak', 197), ('host_alloc_time.avg', 547), ('host_alloc_time.count', 197), ('host_alloc_time.max', 25494), ('host_alloc_time.min', 1), ('host_alloc_time.total', 107914), ('host_free_time.avg', 0), ('host_free_time.count', 0), ('host_free_time.max', 0), ('host_free_time.min', 0), ('host_free_time.total', 0), ('num_host_alloc', 197), ('num_host_free', 0), ('reserved_bytes.allocated', 574943232), ('reserved_bytes.current', 574943232), ('reserved_bytes.freed', 0), ('reserved_bytes.peak', 574943232), ('segment.allocated', 197), ('segment.current', 197), ('segment.freed', 0), ('segment.peak', 197)])",574943232,True,process_lifetime_not_reset_per_case,327696384
418.459290638566,26.136512756347656,385.89686584472656,"[26.136512756347656, 26.170015335083008, 26.132768630981445, 26.11612892150879, 26.12704086303711, 26.111967086791992, 26.10963249206543, 26.106464385986328, 26.121183395385742, 26.11084747314453, 26.1625919342041, 26.103200912475586, 26.11350440979004, 26.125823974609375, 26.113311767578125, 20.17238426208496]",64,152.94199801929702,cpu_overlap_p32_b4_m1,cpu_overlap,32,4,1,5,measured,True,5294744a90b15d836b11f6114c9517468bb8cd11ff8acedeb60592df7fb27363,2010214400,187513856,224395264,10,,"OrderedDict([('allocated_bytes.allocated', 3449659392), ('allocated_bytes.current', 3449660377), ('allocated_bytes.freed', -985), ('allocated_bytes.peak', 3449660377), ('allocation.allocated', 1182), ('allocation.current', 197), ('allocation.freed', 985), ('allocation.peak', 197), ('host_alloc_time.avg', 547), ('host_alloc_time.count', 197), ('host_alloc_time.max', 25494), ('host_alloc_time.min', 1), ('host_alloc_time.total', 107914), ('host_free_time.avg', 0), ('host_free_time.count', 0), ('host_free_time.max', 0), ('host_free_time.min', 0), ('host_free_time.total', 0), ('num_host_alloc', 197), ('num_host_free', 0), ('reserved_bytes.allocated', 574943232), ('reserved_bytes.current', 574943232), ('reserved_bytes.freed', 0), ('reserved_bytes.peak', 574943232), ('segment.allocated', 197), ('segment.current', 197), ('segment.freed', 0), ('segment.peak', 197)])",574943232,True,process_lifetime_not_reset_per_case,327696384
418.4844368137419,26.15238380432129,385.89965057373047,"[26.15238380432129, 26.13260841369629, 26.12928009033203, 26.12403106689453, 26.15830421447754, 26.116384506225586, 26.113311767578125, 26.11667251586914, 26.125215530395508, 26.118783950805664, 26.122047424316406, 26.10848045349121, 26.118816375732422, 26.112384796142578, 26.131776809692383, 20.171552658081055]",64,152.9328079373355,cpu_overlap_p32_b4_m1,cpu_overlap,32,4,1,6,measured,True,5294744a90b15d836b11f6114c9517468bb8cd11ff8acedeb60592df7fb27363,2010214400,187513856,224395264,10,,"OrderedDict([('allocated_bytes.allocated', 3449659392), ('allocated_bytes.current', 3449660377), ('allocated_bytes.freed', -985), ('allocated_bytes.peak', 3449660377), ('allocation.allocated', 1182), ('allocation.current', 197), ('allocation.freed', 985), ('allocation.peak', 197), ('host_alloc_time.avg', 547), ('host_alloc_time.count', 197), ('host_alloc_time.max', 25494), ('host_alloc_time.min', 1), ('host_alloc_time.total', 107914), ('host_free_time.avg', 0), ('host_free_time.count', 0), ('host_free_time.max', 0), ('host_free_time.min', 0), ('host_free_time.total', 0), ('num_host_alloc', 197), ('num_host_free', 0), ('reserved_bytes.allocated', 574943232), ('reserved_bytes.current', 574943232), ('reserved_bytes.freed', 0), ('reserved_bytes.peak', 574943232), ('segment.allocated', 197), ('segment.current', 197), ('segment.freed', 0), ('segment.peak', 197)])",574943232,True,process_lifetime_not_reset_per_case,327696384
87.53653801977634,6.501215934753418,80.54169607162476,"[6.501215934753418, 5.394015789031982, 5.416895866394043, 5.4389119148254395, 5.380608081817627, 5.372320175170898, 5.363679885864258, 5.353919982910156, 5.39356803894043, 5.500288009643555, 5.37059211730957, 5.400415897369385, 5.409664154052734, 5.362080097198486, 5.445504188537598, 4.939231872558594]",128,1462.2465417935778,gpu_p32_b4_m2,gpu,32,4,2,0,measured,True,8d74c3abea9fa4ba07f054c4e843de553cd01bb82c25e17b88414a821ff5a7ca,2010238976,371563008,383778816,10,,"OrderedDict([('allocated_bytes.allocated', 3449659392), ('allocated_bytes.current', 3449660377), ('allocated_bytes.freed', -985), ('allocated_bytes.peak', 3449660377), ('allocation.allocated', 1182), ('allocation.current', 197), ('allocation.freed', 985), ('allocation.peak', 197), ('host_alloc_time.avg', 547), ('host_alloc_time.count', 197), ('host_alloc_time.max', 25494), ('host_alloc_time.min', 1), ('host_alloc_time.total', 107914), ('host_free_time.avg', 0), ('host_free_time.count', 0), ('host_free_time.max', 0), ('host_free_time.min', 0), ('host_free_time.total', 0), ('num_host_alloc', 197), ('num_host_free', 0), ('reserved_bytes.allocated', 574943232), ('reserved_bytes.current', 574943232), ('reserved_bytes.freed', 0), ('reserved_bytes.peak', 574943232), ('segment.allocated', 197), ('segment.current', 197), ('segment.freed', 0), ('segment.peak', 197)])",574943232,True,process_lifetime_not_reset_per_case,0
87.8321141935885,6.429376125335693,81.01715278625488,"[6.429376125335693, 5.46611213684082, 5.367616176605225, 5.370816230773926, 5.407904148101807, 5.4956159591674805, 5.4212799072265625, 5.413856029510498, 5.47046422958374, 5.454624176025391, 5.429152011871338, 5.429632186889648, 5.408703804016113, 5.436319828033447, 5.440288066864014, 5.004767894744873]",128,1457.3257307444348,gpu_p32_b4_m2,gpu,32,4,2,1,measured,True,8d74c3abea9fa4ba07f054c4e843de553cd01bb82c25e17b88414a821ff5a7ca,2010238976,371563008,383778816,10,,"OrderedDict([('allocated_bytes.allocated', 3449659392), ('allocated_bytes.current', 3449660377), ('allocated_bytes.freed', -985), ('allocated_bytes.peak', 3449660377), ('allocation.allocated', 1182), ('allocation.current', 197), ('allocation.freed', 985), ('allocation.peak', 197), ('host_alloc_time.avg', 547), ('host_alloc_time.count', 197), ('host_alloc_time.max', 25494), ('host_alloc_time.min', 1), ('host_alloc_time.total', 107914), ('host_free_time.avg', 0), ('host_free_time.count', 0), ('host_free_time.max', 0), ('host_free_time.min', 0), ('host_free_time.total', 0), ('num_host_alloc', 197), ('num_host_free', 0), ('reserved_bytes.allocated', 574943232), ('reserved_bytes.current', 574943232), ('reserved_bytes.freed', 0), ('reserved_bytes.peak', 574943232), ('segment.allocated', 197), ('segment.current', 197), ('segment.freed', 0), ('segment.peak', 197)])",574943232,True,process_lifetime_not_reset_per_case,0
87.41645189002156,6.442975997924805,80.58582401275635,"[6.442975997924805, 5.39462423324585, 5.402463912963867, 5.401599884033203, 5.387807846069336, 5.3373122215271, 5.444543838500977, 5.419104099273682, 5.405663967132568, 5.3671040534973145, 5.432352066040039, 5.385248184204102, 5.444255828857422, 5.386688232421875, 5.424831867218018, 4.952223777770996]",128,1464.2552658284108,gpu_p32_b4_m2,gpu,32,4,2,2,measured,True,8d74c3abea9fa4ba07f054c4e843de553cd01bb82c25e17b88414a821ff5a7ca,2010238976,371563008,383778816,10,,"OrderedDict([('allocated_bytes.allocated', 3449659392), ('allocated_bytes.current', 3449660377), ('allocated_bytes.freed', -985), ('allocated_bytes.peak', 3449660377), ('allocation.allocated', 1182), ('allocation.current', 197), ('allocation.freed', 985), ('allocation.peak', 197), ('host_alloc_time.avg', 547), ('host_alloc_time.count', 197), ('host_alloc_time.max', 25494), ('host_alloc_time.min', 1), ('host_alloc_time.total', 107914), ('host_free_time.avg', 0), ('host_free_time.count', 0), ('host_free_time.max', 0), ('host_free_time.min', 0), ('host_free_time.total', 0), ('num_host_alloc', 197), ('num_host_free', 0), ('reserved_bytes.allocated', 574943232), ('reserved_bytes.current', 574943232), ('reserved_bytes.freed', 0), ('reserved_bytes.peak', 574943232), ('segment.allocated', 197), ('segment.current', 197), ('segment.freed', 0), ('segment.peak', 197)])",574943232,True,process_lifetime_not_reset_per_case,0
88.97103322669864,6.376287937164307,82.21772813796997,"[6.376287937164307, 5.426400184631348, 5.407423973083496, 5.396671772003174, 5.402592182159424, 5.536032199859619, 5.728384017944336, 5.592351913452148, 5.615488052368164, 5.555935859680176, 5.510464191436768, 5.465951919555664, 5.5392961502075195, 5.485919952392578, 5.498271942138672, 5.056543827056885]",128,1438.6704903589841,gpu_p32_b4_m2,gpu,32,4,2,3,measured,True,8d74c3abea9fa4ba07f054c4e843de553cd01bb82c25e17b88414a821ff5a7ca,2010238976,371563008,383778816,10,,"OrderedDict([('allocated_bytes.allocated', 3449659392), ('allocated_bytes.current', 3449660377), ('allocated_bytes.freed', -985), ('allocated_bytes.peak', 3449660377), ('allocation.allocated', 1182), ('allocation.current', 197), ('allocation.freed', 985), ('allocation.peak', 197), ('host_alloc_time.avg', 547), ('host_alloc_time.count', 197), ('host_alloc_time.max', 25494), ('host_alloc_time.min', 1), ('host_alloc_time.total', 107914), ('host_free_time.avg', 0), ('host_free_time.count', 0), ('host_free_time.max', 0), ('host_free_time.min', 0), ('host_free_time.total', 0), ('num_host_alloc', 197), ('num_host_free', 0), ('reserved_bytes.allocated', 574943232), ('reserved_bytes.current', 574943232), ('reserved_bytes.freed', 0), ('reserved_bytes.peak', 574943232), ('segment.allocated', 197), ('segment.current', 197), ('segment.freed', 0), ('segment.peak', 197)])",574943232,True,process_lifetime_not_reset_per_case,0
88.81724113598466,6.562431812286377,81.79052782058716,"[6.562431812286377, 5.517727851867676, 5.503104209899902, 5.482656002044678, 5.494272232055664, 5.39785623550415, 5.402463912963867, 5.372896194458008, 5.4165120124816895, 5.428895950317383, 5.695519924163818, 5.575839996337891, 5.563007831573486, 5.421055793762207, 5.54099178314209, 4.977727890014648]",128,1441.1616299139953,gpu_p32_b4_m2,gpu,32,4,2,4,measured,True,8d74c3abea9fa4ba07f054c4e843de553cd01bb82c25e17b88414a821ff5a7ca,2010238976,371563008,383778816,10,,"OrderedDict([('allocated_bytes.allocated', 3449659392), ('allocated_bytes.current', 3449660377), ('allocated_bytes.freed', -985), ('allocated_bytes.peak', 3449660377), ('allocation.allocated', 1182), ('allocation.current', 197), ('allocation.freed', 985), ('allocation.peak', 197), ('host_alloc_time.avg', 547), ('host_alloc_time.count', 197), ('host_alloc_time.max', 25494), ('host_alloc_time.min', 1), ('host_alloc_time.total', 107914), ('host_free_time.avg', 0), ('host_free_time.count', 0), ('host_free_time.max', 0), ('host_free_time.min', 0), ('host_free_time.total', 0), ('num_host_alloc', 197), ('num_host_free', 0), ('reserved_bytes.allocated', 574943232), ('reserved_bytes.current', 574943232), ('reserved_bytes.freed', 0), ('reserved_bytes.peak', 574943232), ('segment.allocated', 197), ('segment.current', 197), ('segment.freed', 0), ('segment.peak', 197)])",574943232,True,process_lifetime_not_reset_per_case,0
87.47355313971639,6.450016021728516,80.63308811187744,"[6.450016021728516, 5.422175884246826, 5.449471950531006, 5.389535903930664, 5.412576198577881, 5.36575984954834, 5.373536109924316, 5.426623821258545, 5.384416103363037, 5.424704074859619, 5.401247978210449, 5.408031940460205, 5.398816108703613, 5.408959865570068, 5.39027214050293, 4.976960182189941]",128,1463.2994248621992,gpu_p32_b4_m2,gpu,32,4,2,5,measured,True,8d74c3abea9fa4ba07f054c4e843de553cd01bb82c25e17b88414a821ff5a7ca,2010238976,371563008,383778816,10,,"OrderedDict([('allocated_bytes.allocated', 3449659392), ('allocated_bytes.current', 3449660377), ('allocated_bytes.freed', -985), ('allocated_bytes.peak', 3449660377), ('allocation.allocated', 1182), ('allocation.current', 197), ('allocation.freed', 985), ('allocation.peak', 197), ('host_alloc_time.avg', 547), ('host_alloc_time.count', 197), ('host_alloc_time.max', 25494), ('host_alloc_time.min', 1), ('host_alloc_time.total', 107914), ('host_free_time.avg', 0), ('host_free_time.count', 0), ('host_free_time.max', 0), ('host_free_time.min', 0), ('host_free_time.total', 0), ('num_host_alloc', 197), ('num_host_free', 0), ('reserved_bytes.allocated', 574943232), ('reserved_bytes.current', 574943232), ('reserved_bytes.freed', 0), ('reserved_bytes.peak', 574943232), ('segment.allocated', 197), ('segment.current', 197), ('segment.freed', 0), ('segment.peak', 197)])",574943232,True,process_lifetime_not_reset_per_case,0
87.67238026484847,6.578495979309082,80.66755294799805,"[6.578495979309082, 5.434912204742432, 5.459712028503418, 5.377312183380127, 5.392352104187012, 5.3388800621032715, 5.420735836029053, 5.328512191772461, 5.418496131896973, 5.3897600173950195, 5.416319847106934, 5.387872219085693, 5.419360160827637, 5.379424095153809, 5.444223880767822, 5.059679985046387]",128,1459.9808926520107,gpu_p32_b4_m2,gpu,32,4,2,6,measured,True,8d74c3abea9fa4ba07f054c4e843de553cd01bb82c25e17b88414a821ff5a7ca,2010238976,371563008,383778816,10,,"OrderedDict([('allocated_bytes.allocated', 3449659392), ('allocated_bytes.current', 3449660377), ('allocated_bytes.freed', -985), ('allocated_bytes.peak', 3449660377), ('allocation.allocated', 1182), ('allocation.current', 197), ('allocation.freed', 985), ('allocation.peak', 197), ('host_alloc_time.avg', 547), ('host_alloc_time.count', 197), ('host_alloc_time.max', 25494), ('host_alloc_time.min', 1), ('host_alloc_time.total', 107914), ('host_free_time.avg', 0), ('host_free_time.count', 0), ('host_free_time.max', 0), ('host_free_time.min', 0), ('host_free_time.total', 0), ('num_host_alloc', 197), ('num_host_free', 0), ('reserved_bytes.allocated', 574943232), ('reserved_bytes.current', 574943232), ('reserved_bytes.freed', 0), ('reserved_bytes.peak', 574943232), ('segment.allocated', 197), ('segment.current', 197), ('segment.freed', 0), ('segment.peak', 197)])",574943232,True,process_lifetime_not_reset_per_case,0
451.8717429600656,30.330528259277344,421.10211181640625,"[30.330528259277344, 28.054655075073242, 28.040767669677734, 28.088672637939453, 28.227264404296875, 28.091007232666016, 28.099872589111328, 28.102880477905273, 28.053504943847656, 28.033504486083984, 28.04204750061035, 28.064544677734375, 28.04979133605957, 28.078399658203125, 28.036991119384766, 28.0382080078125]",128,283.2662187759593,cpu_serial_p32_b4_m2,cpu_serial,32,4,2,0,measured,True,8d74c3abea9fa4ba07f054c4e843de553cd01bb82c25e17b88414a821ff5a7ca,2010296320,113897984,132120576,10,,"OrderedDict([('allocated_bytes.allocated', 4024602624), ('allocated_bytes.current', 4024603806), ('allocated_bytes.freed', -1182), ('allocated_bytes.peak', 4024603806), ('allocation.allocated', 1379), ('allocation.current', 197), ('allocation.freed', 1182), ('allocation.peak', 197), ('host_alloc_time.avg', 547), ('host_alloc_time.count', 197), ('host_alloc_time.max', 25494), ('host_alloc_time.min', 1), ('host_alloc_time.total', 107914), ('host_free_time.avg', 0), ('host_free_time.count', 0), ('host_free_time.max', 0), ('host_free_time.min', 0), ('host_free_time.total', 0), ('num_host_alloc', 197), ('num_host_free', 0), ('reserved_bytes.allocated', 574943232), ('reserved_bytes.current', 574943232), ('reserved_bytes.freed', 0), ('reserved_bytes.peak', 574943232), ('segment.allocated', 197), ('segment.current', 197), ('segment.freed', 0), ('segment.peak', 197)])",574943232,True,process_lifetime_not_reset_per_case,327696384
451.2855592183769,30.31113624572754,420.6278419494629,"[30.31113624572754, 28.038848876953125, 28.038368225097656, 28.076095581054688, 28.05721664428711, 28.032127380371094, 28.024608612060547, 28.05459213256836, 28.059871673583984, 28.014144897460938, 28.03727912902832, 28.015424728393555, 28.06278419494629, 28.0413761138916, 28.052703857421875, 28.02239990234375]",128,283.6341588720344,cpu_serial_p32_b4_m2,cpu_serial,32,4,2,1,measured,True,8d74c3abea9fa4ba07f054c4e843de553cd01bb82c25e17b88414a821ff5a7ca,2010296320,113897984,132120576,10,,"OrderedDict([('allocated_bytes.allocated', 4024602624), ('allocated_bytes.current', 4024603806), ('allocated_bytes.freed', -1182), ('allocated_bytes.peak', 4024603806), ('allocation.allocated', 1379), ('allocation.current', 197), ('allocation.freed', 1182), ('allocation.peak', 197), ('host_alloc_time.avg', 547), ('host_alloc_time.count', 197), ('host_alloc_time.max', 25494), ('host_alloc_time.min', 1), ('host_alloc_time.total', 107914), ('host_free_time.avg', 0), ('host_free_time.count', 0), ('host_free_time.max', 0), ('host_free_time.min', 0), ('host_free_time.total', 0), ('num_host_alloc', 197), ('num_host_free', 0), ('reserved_bytes.allocated', 574943232), ('reserved_bytes.current', 574943232), ('reserved_bytes.freed', 0), ('reserved_bytes.peak', 574943232), ('segment.allocated', 197), ('segment.current', 197), ('segment.freed', 0), ('segment.peak', 197)])",574943232,True,process_lifetime_not_reset_per_case,327696384
451.366413384676,30.286495208740234,420.7528648376465,"[30.286495208740234, 28.035551071166992, 28.046239852905273, 28.05936050415039, 28.092992782592773, 28.01923179626465, 28.032703399658203, 28.02252769470215, 28.0482234954834, 28.051359176635742, 28.082080841064453, 28.0731201171875, 28.00921630859375, 28.034944534301758, 28.08768081665039, 28.057632446289062]",128,283.58335091918394,cpu_serial_p32_b4_m2,cpu_serial,32,4,2,2,measured,True,8d74c3abea9fa4ba07f054c4e843de553cd01bb82c25e17b88414a821ff5a7ca,2010296320,113897984,132120576,10,,"OrderedDict([('allocated_bytes.allocated', 4024602624), ('allocated_bytes.current', 4024603806), ('allocated_bytes.freed', -1182), ('allocated_bytes.peak', 4024603806), ('allocation.allocated', 1379), ('allocation.current', 197), ('allocation.freed', 1182), ('allocation.peak', 197), ('host_alloc_time.avg', 547), ('host_alloc_time.count', 197), ('host_alloc_time.max', 25494), ('host_alloc_time.min', 1), ('host_alloc_time.total', 107914), ('host_free_time.avg', 0), ('host_free_time.count', 0), ('host_free_time.max', 0), ('host_free_time.min', 0), ('host_free_time.total', 0), ('num_host_alloc', 197), ('num_host_free', 0), ('reserved_bytes.allocated', 574943232), ('reserved_bytes.current', 574943232), ('reserved_bytes.freed', 0), ('reserved_bytes.peak', 574943232), ('segment.allocated', 197), ('segment.current', 197), ('segment.freed', 0), ('segment.peak', 197)])",574943232,True,process_lifetime_not_reset_per_case,327696384
451.39823528006673,30.318912506103516,420.7593574523926,"[30.318912506103516, 28.030784606933594, 28.04707145690918, 28.059295654296875, 28.026079177856445, 28.062719345092773, 28.04582405090332, 28.04617691040039, 28.05094337463379, 28.043903350830078, 28.04457664489746, 28.069984436035156, 28.050559997558594, 28.089279174804688, 28.05366325378418, 28.038496017456055]",128,283.5633593484993,cpu_serial_p32_b4_m2,cpu_serial,32,4,2,3,measured,True,8d74c3abea9fa4ba07f054c4e843de553cd01bb82c25e17b88414a821ff5a7ca,2010296320,113897984,132120576,10,,"OrderedDict([('allocated_bytes.allocated', 4024602624), ('allocated_bytes.current', 4024603806), ('allocated_bytes.freed', -1182), ('allocated_bytes.peak', 4024603806), ('allocation.allocated', 1379), ('allocation.current', 197), ('allocation.freed', 1182), ('allocation.peak', 197), ('host_alloc_time.avg', 547), ('host_alloc_time.count', 197), ('host_alloc_time.max', 25494), ('host_alloc_time.min', 1), ('host_alloc_time.total', 107914), ('host_free_time.avg', 0), ('host_free_time.count', 0), ('host_free_time.max', 0), ('host_free_time.min', 0), ('host_free_time.total', 0), ('num_host_alloc', 197), ('num_host_free', 0), ('reserved_bytes.allocated', 574943232), ('reserved_bytes.current', 574943232), ('reserved_bytes.freed', 0), ('reserved_bytes.peak', 574943232), ('segment.allocated', 197), ('segment.current', 197), ('segment.freed', 0), ('segment.peak', 197)])",574943232,True,process_lifetime_not_reset_per_case,327696384
451.36390207335353,30.318592071533203,420.7263355255127,"[30.318592071533203, 28.030559539794922, 28.03843116760254, 28.02409553527832, 28.05513572692871, 28.045024871826172, 28.048992156982422, 28.064159393310547, 28.046592712402344, 28.057472229003906, 28.053279876708984, 28.046144485473633, 28.060352325439453, 28.05366325378418, 28.02777671813965, 28.074655532836914]",128,283.58492872830146,cpu_serial_p32_b4_m2,cpu_serial,32,4,2,4,measured,True,8d74c3abea9fa4ba07f054c4e843de553cd01bb82c25e17b88414a821ff5a7ca,2010296320,113897984,132120576,10,,"OrderedDict([('allocated_bytes.allocated', 4024602624), ('allocated_bytes.current', 4024603806), ('allocated_bytes.freed', -1182), ('allocated_bytes.peak', 4024603806), ('allocation.allocated', 1379), ('allocation.current', 197), ('allocation.freed', 1182), ('allocation.peak', 197), ('host_alloc_time.avg', 547), ('host_alloc_time.count', 197), ('host_alloc_time.max', 25494), ('host_alloc_time.min', 1), ('host_alloc_time.total', 107914), ('host_free_time.avg', 0), ('host_free_time.count', 0), ('host_free_time.max', 0), ('host_free_time.min', 0), ('host_free_time.total', 0), ('num_host_alloc', 197), ('num_host_free', 0), ('reserved_bytes.allocated', 574943232), ('reserved_bytes.current', 574943232), ('reserved_bytes.freed', 0), ('reserved_bytes.peak', 574943232), ('segment.allocated', 197), ('segment.current', 197), ('segment.freed', 0), ('segment.peak', 197)])",574943232,True,process_lifetime_not_reset_per_case,327696384
451.4531409367919,30.33843231201172,420.79529762268066,"[30.33843231201172, 28.08086395263672, 28.053632736206055, 28.041568756103516, 28.049375534057617, 28.04924774169922, 28.04364776611328, 28.012256622314453, 28.072223663330078, 28.067808151245117, 28.066688537597656, 28.039072036743164, 28.04819107055664, 28.050527572631836, 28.048032760620117, 28.072160720825195]",128,283.52887241938873,cpu_serial_p32_b4_m2,cpu_serial,32,4,2,5,measured,True,8d74c3abea9fa4ba07f054c4e843de553cd01bb82c25e17b88414a821ff5a7ca,2010296320,113897984,132120576,10,,"OrderedDict([('allocated_bytes.allocated', 4024602624), ('allocated_bytes.current', 4024603806), ('allocated_bytes.freed', -1182), ('allocated_bytes.peak', 4024603806), ('allocation.allocated', 1379), ('allocation.current', 197), ('allocation.freed', 1182), ('allocation.peak', 197), ('host_alloc_time.avg', 547), ('host_alloc_time.count', 197), ('host_alloc_time.max', 25494), ('host_alloc_time.min', 1), ('host_alloc_time.total', 107914), ('host_free_time.avg', 0), ('host_free_time.count', 0), ('host_free_time.max', 0), ('host_free_time.min', 0), ('host_free_time.total', 0), ('num_host_alloc', 197), ('num_host_free', 0), ('reserved_bytes.allocated', 574943232), ('reserved_bytes.current', 574943232), ('reserved_bytes.freed', 0), ('reserved_bytes.peak', 574943232), ('segment.allocated', 197), ('segment.current', 197), ('segment.freed', 0), ('segment.peak', 197)])",574943232,True,process_lifetime_not_reset_per_case,327696384
451.5157728455961,30.334239959716797,420.81206130981445,"[30.334239959716797, 28.051040649414062, 28.047168731689453, 28.01055908203125, 28.038368225097656, 28.063232421875, 28.031103134155273, 28.085119247436523, 28.04425621032715, 28.156639099121094, 28.04204750061035, 28.061471939086914, 28.03772735595703, 28.02899169921875, 28.02911949157715, 28.085216522216797]",128,283.48954277566713,cpu_serial_p32_b4_m2,cpu_serial,32,4,2,6,measured,True,8d74c3abea9fa4ba07f054c4e843de553cd01bb82c25e17b88414a821ff5a7ca,2010296320,113897984,132120576,10,,"OrderedDict([('allocated_bytes.allocated', 4024602624), ('allocated_bytes.current', 4024603806), ('allocated_bytes.freed', -1182), ('allocated_bytes.peak', 4024603806), ('allocation.allocated', 1379), ('allocation.current', 197), ('allocation.freed', 1182), ('allocation.peak', 197), ('host_alloc_time.avg', 547), ('host_alloc_time.count', 197), ('host_alloc_time.max', 25494), ('host_alloc_time.min', 1), ('host_alloc_time.total', 107914), ('host_free_time.avg', 0), ('host_free_time.count', 0), ('host_free_time.max', 0), ('host_free_time.min', 0), ('host_free_time.total', 0), ('num_host_alloc', 197), ('num_host_free', 0), ('reserved_bytes.allocated', 574943232), ('reserved_bytes.current', 574943232), ('reserved_bytes.freed', 0), ('reserved_bytes.peak', 574943232), ('segment.allocated', 197), ('segment.current', 197), ('segment.freed', 0), ('segment.peak', 197)])",574943232,True,process_lifetime_not_reset_per_case,327696384
463.8524977490306,29.486560821533203,427.6572799682617,"[29.486560821533203, 28.91379165649414, 28.925472259521484, 29.083776473999023, 29.0164794921875, 28.89967918395996, 28.93075180053711, 28.933183670043945, 28.98636817932129, 28.90435218811035, 28.895200729370117, 28.890399932861328, 28.900800704956055, 28.877824783325195, 28.89366340637207, 22.60553550720215]",128,275.94979141247387,cpu_overlap_p32_b4_m2,cpu_overlap,32,4,2,0,measured,True,8d74c3abea9fa4ba07f054c4e843de553cd01bb82c25e17b88414a821ff5a7ca,2010189824,194641408,232783872,10,,"OrderedDict([('allocated_bytes.allocated', 4599545856), ('allocated_bytes.current', 4599547235), ('allocated_bytes.freed', -1379), ('allocated_bytes.peak', 4599547235), ('allocation.allocated', 1576), ('allocation.current', 197), ('allocation.freed', 1379), ('allocation.peak', 197), ('host_alloc_time.avg', 547), ('host_alloc_time.count', 197), ('host_alloc_time.max', 25494), ('host_alloc_time.min', 1), ('host_alloc_time.total', 107914), ('host_free_time.avg', 0), ('host_free_time.count', 0), ('host_free_time.max', 0), ('host_free_time.min', 0), ('host_free_time.total', 0), ('num_host_alloc', 197), ('num_host_free', 0), ('reserved_bytes.allocated', 574943232), ('reserved_bytes.current', 574943232), ('reserved_bytes.freed', 0), ('reserved_bytes.peak', 574943232), ('segment.allocated', 197), ('segment.current', 197), ('segment.freed', 0), ('segment.peak', 197)])",574943232,True,process_lifetime_not_reset_per_case,327696384
463.55047915130854,29.525503158569336,427.4603843688965,"[29.525503158569336, 28.915103912353516, 28.90105628967285, 28.914655685424805, 28.923263549804688, 28.88559913635254, 28.9105281829834, 28.93084716796875, 28.942880630493164, 28.92563247680664, 28.94121551513672, 28.91481590270996, 28.916608810424805, 28.899200439453125, 28.910688400268555, 22.62828826904297]",128,276.12958190518714,cpu_overlap_p32_b4_m2,cpu_overlap,32,4,2,1,measured,True,8d74c3abea9fa4ba07f054c4e843de553cd01bb82c25e17b88414a821ff5a7ca,2010189824,194641408,232783872,10,,"OrderedDict([('allocated_bytes.allocated', 4599545856), ('allocated_bytes.current', 4599547235), ('allocated_bytes.freed', -1379), ('allocated_bytes.peak', 4599547235), ('allocation.allocated', 1576), ('allocation.current', 197), ('allocation.freed', 1379), ('allocation.peak', 197), ('host_alloc_time.avg', 547), ('host_alloc_time.count', 197), ('host_alloc_time.max', 25494), ('host_alloc_time.min', 1), ('host_alloc_time.total', 107914), ('host_free_time.avg', 0), ('host_free_time.count', 0), ('host_free_time.max', 0), ('host_free_time.min', 0), ('host_free_time.total', 0), ('num_host_alloc', 197), ('num_host_free', 0), ('reserved_bytes.allocated', 574943232), ('reserved_bytes.current', 574943232), ('reserved_bytes.freed', 0), ('reserved_bytes.peak', 574943232), ('segment.allocated', 197), ('segment.current', 197), ('segment.freed', 0), ('segment.peak', 197)])",574943232,True,process_lifetime_not_reset_per_case,327696384
464.9867811240256,29.48761558532715,428.94860649108887,"[29.48761558532715, 28.880895614624023, 28.871519088745117, 28.866111755371094, 28.858783721923828, 28.86992073059082, 28.86742401123047, 28.873920440673828, 28.879648208618164, 28.87558364868164, 28.908191680908203, 28.887807846069336, 28.992671966552734, 29.60326385498047, 29.96556854248047, 22.747295379638672]",128,275.27664268343716,cpu_overlap_p32_b4_m2,cpu_overlap,32,4,2,2,measured,True,8d74c3abea9fa4ba07f054c4e843de553cd01bb82c25e17b88414a821ff5a7ca,2010189824,194641408,232783872,10,,"OrderedDict([('allocated_bytes.allocated', 4599545856), ('allocated_bytes.current', 4599547235), ('allocated_bytes.freed', -1379), ('allocated_bytes.peak', 4599547235), ('allocation.allocated', 1576), ('allocation.current', 197), ('allocation.freed', 1379), ('allocation.peak', 197), ('host_alloc_time.avg', 547), ('host_alloc_time.count', 197), ('host_alloc_time.max', 25494), ('host_alloc_time.min', 1), ('host_alloc_time.total', 107914), ('host_free_time.avg', 0), ('host_free_time.count', 0), ('host_free_time.max', 0), ('host_free_time.min', 0), ('host_free_time.total', 0), ('num_host_alloc', 197), ('num_host_free', 0), ('reserved_bytes.allocated', 574943232), ('reserved_bytes.current', 574943232), ('reserved_bytes.freed', 0), ('reserved_bytes.peak', 574943232), ('segment.allocated', 197), ('segment.current', 197), ('segment.freed', 0), ('segment.peak', 197)])",574943232,True,process_lifetime_not_reset_per_case,327696384
464.17800802737474,29.53606414794922,427.9660816192627,"[29.53606414794922, 28.94633674621582, 28.926816940307617, 28.923391342163086, 28.94166374206543, 28.96976089477539, 29.00739288330078, 28.98886489868164, 28.9815673828125, 28.931488037109375, 28.927263259887695, 28.938400268554688, 28.99087905883789, 28.94607925415039, 28.903488159179688, 22.642688751220703]",128,275.7562783811405,cpu_overlap_p32_b4_m2,cpu_overlap,32,4,2,3,measured,True,8d74c3abea9fa4ba07f054c4e843de553cd01bb82c25e17b88414a821ff5a7ca,2010189824,194641408,232783872,10,,"OrderedDict([('allocated_bytes.allocated', 4599545856), ('allocated_bytes.current', 4599547235), ('allocated_bytes.freed', -1379), ('allocated_bytes.peak', 4599547235), ('allocation.allocated', 1576), ('allocation.current', 197), ('allocation.freed', 1379), ('allocation.peak', 197), ('host_alloc_time.avg', 547), ('host_alloc_time.count', 197), ('host_alloc_time.max', 25494), ('host_alloc_time.min', 1), ('host_alloc_time.total', 107914), ('host_free_time.avg', 0), ('host_free_time.count', 0), ('host_free_time.max', 0), ('host_free_time.min', 0), ('host_free_time.total', 0), ('num_host_alloc', 197), ('num_host_free', 0), ('reserved_bytes.allocated', 574943232), ('reserved_bytes.current', 574943232), ('reserved_bytes.freed', 0), ('reserved_bytes.peak', 574943232), ('segment.allocated', 197), ('segment.current', 197), ('segment.freed', 0), ('segment.peak', 197)])",574943232,True,process_lifetime_not_reset_per_case,327696384
463.8871541246772,29.49488067626953,427.8377914428711,"[29.49488067626953, 28.907583236694336, 28.905887603759766, 28.92963218688965, 28.910720825195312, 28.891712188720703, 28.892864227294922, 28.913408279418945, 28.956096649169922, 28.91619110107422, 29.0963191986084, 28.971263885498047, 28.92076873779297, 28.93948745727539, 29.056480407714844, 22.629375457763672]",128,275.92917558048595,cpu_overlap_p32_b4_m2,cpu_overlap,32,4,2,4,measured,True,8d74c3abea9fa4ba07f054c4e843de553cd01bb82c25e17b88414a821ff5a7ca,2010189824,194641408,232783872,10,,"OrderedDict([('allocated_bytes.allocated', 4599545856), ('allocated_bytes.current', 4599547235), ('allocated_bytes.freed', -1379), ('allocated_bytes.peak', 4599547235), ('allocation.allocated', 1576), ('allocation.current', 197), ('allocation.freed', 1379), ('allocation.peak', 197), ('host_alloc_time.avg', 547), ('host_alloc_time.count', 197), ('host_alloc_time.max', 25494), ('host_alloc_time.min', 1), ('host_alloc_time.total', 107914), ('host_free_time.avg', 0), ('host_free_time.count', 0), ('host_free_time.max', 0), ('host_free_time.min', 0), ('host_free_time.total', 0), ('num_host_alloc', 197), ('num_host_free', 0), ('reserved_bytes.allocated', 574943232), ('reserved_bytes.current', 574943232), ('reserved_bytes.freed', 0), ('reserved_bytes.peak', 574943232), ('segment.allocated', 197), ('segment.current', 197), ('segment.freed', 0), ('segment.peak', 197)])",574943232,True,process_lifetime_not_reset_per_case,327696384
463.4512201882899,29.50377655029297,427.39344024658203,"[29.50377655029297, 28.910400390625, 28.931488037109375, 28.897823333740234, 28.87763214111328, 28.90153694152832, 28.98214340209961, 28.892255783081055, 28.897567749023438, 28.909664154052734, 28.891071319580078, 28.882112503051758, 28.908992767333984, 28.948352813720703, 28.91619110107422, 22.646207809448242]",128,276.1887215400932,cpu_overlap_p32_b4_m2,cpu_overlap,32,4,2,5,measured,True,8d74c3abea9fa4ba07f054c4e843de553cd01bb82c25e17b88414a821ff5a7ca,2010189824,194641408,232783872,10,,"OrderedDict([('allocated_bytes.allocated', 4599545856), ('allocated_bytes.current', 4599547235), ('allocated_bytes.freed', -1379), ('allocated_bytes.peak', 4599547235), ('allocation.allocated', 1576), ('allocation.current', 197), ('allocation.freed', 1379), ('allocation.peak', 197), ('host_alloc_time.avg', 547), ('host_alloc_time.count', 197), ('host_alloc_time.max', 25494), ('host_alloc_time.min', 1), ('host_alloc_time.total', 107914), ('host_free_time.avg', 0), ('host_free_time.count', 0), ('host_free_time.max', 0), ('host_free_time.min', 0), ('host_free_time.total', 0), ('num_host_alloc', 197), ('num_host_free', 0), ('reserved_bytes.allocated', 574943232), ('reserved_bytes.current', 574943232), ('reserved_bytes.freed', 0), ('reserved_bytes.peak', 574943232), ('segment.allocated', 197), ('segment.current', 197), ('segment.freed', 0), ('segment.peak', 197)])",574943232,True,process_lifetime_not_reset_per_case,327696384
463.45359925180674,29.479936599731445,427.36185455322266,"[29.479936599731445, 28.877887725830078, 28.92051124572754, 28.90278434753418, 28.887680053710938, 28.894304275512695, 28.903135299682617, 28.933055877685547, 28.880319595336914, 28.913471221923828, 28.90665626525879, 28.906368255615234, 28.90729522705078, 28.908063888549805, 28.926816940307617, 22.693504333496094]",128,276.1873037703051,cpu_overlap_p32_b4_m2,cpu_overlap,32,4,2,6,measured,True,8d74c3abea9fa4ba07f054c4e843de553cd01bb82c25e17b88414a821ff5a7ca,2010189824,194641408,232783872,10,,"OrderedDict([('allocated_bytes.allocated', 4599545856), ('allocated_bytes.current', 4599547235), ('allocated_bytes.freed', -1379), ('allocated_bytes.peak', 4599547235), ('allocation.allocated', 1576), ('allocation.current', 197), ('allocation.freed', 1379), ('allocation.peak', 197), ('host_alloc_time.avg', 547), ('host_alloc_time.count', 197), ('host_alloc_time.max', 25494), ('host_alloc_time.min', 1), ('host_alloc_time.total', 107914), ('host_free_time.avg', 0), ('host_free_time.count', 0), ('host_free_time.max', 0), ('host_free_time.min', 0), ('host_free_time.total', 0), ('num_host_alloc', 197), ('num_host_free', 0), ('reserved_bytes.allocated', 574943232), ('reserved_bytes.current', 574943232), ('reserved_bytes.freed', 0), ('reserved_bytes.peak', 574943232), ('segment.allocated', 197), ('segment.current', 197), ('segment.freed', 0), ('segment.peak', 197)])",574943232,True,process_lifetime_not_reset_per_case,327696384
43.36582915857434,3.0916800498962402,40.025408029556274,"[3.0916800498962402, 2.712160110473633, 2.670880079269409, 2.6645119190216064, 2.6584959030151367, 2.6817920207977295, 2.686944007873535, 2.6737918853759766, 2.6691200733184814, 2.6603519916534424, 2.7082560062408447, 2.649791955947876, 2.661504030227661, 2.6667840480804443, 2.6904959678649902, 2.570528030395508]",16,368.9540892091178,gpu_p128_b1_m1,gpu,128,1,1,0,measured,True,11b6e6b9534480a9926113f54e64ea00f4e7c2ca66316a3b2801b9bc70a226f6,2010189824,362776576,375390208,10,,"OrderedDict([('allocated_bytes.allocated', 4599545856), ('allocated_bytes.current', 4599547235), ('allocated_bytes.freed', -1379), ('allocated_bytes.peak', 4599547235), ('allocation.allocated', 1576), ('allocation.current', 197), ('allocation.freed', 1379), ('allocation.peak', 197), ('host_alloc_time.avg', 547), ('host_alloc_time.count', 197), ('host_alloc_time.max', 25494), ('host_alloc_time.min', 1), ('host_alloc_time.total', 107914), ('host_free_time.avg', 0), ('host_free_time.count', 0), ('host_free_time.max', 0), ('host_free_time.min', 0), ('host_free_time.total', 0), ('num_host_alloc', 197), ('num_host_free', 0), ('reserved_bytes.allocated', 574943232), ('reserved_bytes.current', 574943232), ('reserved_bytes.freed', 0), ('reserved_bytes.peak', 574943232), ('segment.allocated', 197), ('segment.current', 197), ('segment.freed', 0), ('segment.peak', 197)])",574943232,True,process_lifetime_not_reset_per_case,0
43.20190194994211,3.0814080238342285,39.86121606826782,"[3.0814080238342285, 2.6730239391326904, 2.6679039001464844, 2.6509439945220947, 2.6292800903320312, 2.6920320987701416, 2.662976026535034, 2.632159948348999, 2.662368059158325, 2.694432020187378, 2.6548800468444824, 2.6504321098327637, 2.665855884552002, 2.7065279483795166, 2.6701760292053223, 2.5482239723205566]",16,370.3540649330472,gpu_p128_b1_m1,gpu,128,1,1,1,measured,True,11b6e6b9534480a9926113f54e64ea00f4e7c2ca66316a3b2801b9bc70a226f6,2010189824,362776576,375390208,10,,"OrderedDict([('allocated_bytes.allocated', 4599545856), ('allocated_bytes.current', 4599547235), ('allocated_bytes.freed', -1379), ('allocated_bytes.peak', 4599547235), ('allocation.allocated', 1576), ('allocation.current', 197), ('allocation.freed', 1379), ('allocation.peak', 197), ('host_alloc_time.avg', 547), ('host_alloc_time.count', 197), ('host_alloc_time.max', 25494), ('host_alloc_time.min', 1), ('host_alloc_time.total', 107914), ('host_free_time.avg', 0), ('host_free_time.count', 0), ('host_free_time.max', 0), ('host_free_time.min', 0), ('host_free_time.total', 0), ('num_host_alloc', 197), ('num_host_free', 0), ('reserved_bytes.allocated', 574943232), ('reserved_bytes.current', 574943232), ('reserved_bytes.freed', 0), ('reserved_bytes.peak', 574943232), ('segment.allocated', 197), ('segment.current', 197), ('segment.freed', 0), ('segment.peak', 197)])",574943232,True,process_lifetime_not_reset_per_case,0
43.136178981512785,3.083199977874756,39.81827163696289,"[3.083199977874756, 2.6848959922790527, 2.662623882293701, 2.632767915725708, 2.681823968887329, 2.660640001296997, 2.677855968475342, 2.6638400554656982, 2.705888032913208, 2.6651840209960938, 2.635648012161255, 2.6813759803771973, 2.659104108810425, 2.6267518997192383, 2.6207358837127686, 2.559135913848877]",16,370.9183422773085,gpu_p128_b1_m1,gpu,128,1,1,2,measured,True,11b6e6b9534480a9926113f54e64ea00f4e7c2ca66316a3b2801b9bc70a226f6,2010189824,362776576,375390208,10,,"OrderedDict([('allocated_bytes.allocated', 4599545856), ('allocated_bytes.current', 4599547235), ('allocated_bytes.freed', -1379), ('allocated_bytes.peak', 4599547235), ('allocation.allocated', 1576), ('allocation.current', 197), ('allocation.freed', 1379), ('allocation.peak', 197), ('host_alloc_time.avg', 547), ('host_alloc_time.count', 197), ('host_alloc_time.max', 25494), ('host_alloc_time.min', 1), ('host_alloc_time.total', 107914), ('host_free_time.avg', 0), ('host_free_time.count', 0), ('host_free_time.max', 0), ('host_free_time.min', 0), ('host_free_time.total', 0), ('num_host_alloc', 197), ('num_host_free', 0), ('reserved_bytes.allocated', 574943232), ('reserved_bytes.current', 574943232), ('reserved_bytes.freed', 0), ('reserved_bytes.peak', 574943232), ('segment.allocated', 197), ('segment.current', 197), ('segment.freed', 0), ('segment.peak', 197)])",574943232,True,process_lifetime_not_reset_per_case,0
43.154928367584944,3.1070399284362793,39.74412798881531,"[3.1070399284362793, 2.673408031463623, 2.6931519508361816, 2.6390719413757324, 2.630944013595581, 2.658911943435669, 2.638400077819824, 2.684704065322876, 2.6377921104431152, 2.6381759643554688, 2.6740479469299316, 2.6742401123046875, 2.6512320041656494, 2.6249918937683105, 2.673311948776245, 2.551743984222412]",16,370.7571905511055,gpu_p128_b1_m1,gpu,128,1,1,3,measured,True,11b6e6b9534480a9926113f54e64ea00f4e7c2ca66316a3b2801b9bc70a226f6,2010189824,362776576,375390208,10,,"OrderedDict([('allocated_bytes.allocated', 4599545856), ('allocated_bytes.current', 4599547235), ('allocated_bytes.freed', -1379), ('allocated_bytes.peak', 4599547235), ('allocation.allocated', 1576), ('allocation.current', 197), ('allocation.freed', 1379), ('allocation.peak', 197), ('host_alloc_time.avg', 547), ('host_alloc_time.count', 197), ('host_alloc_time.max', 25494), ('host_alloc_time.min', 1), ('host_alloc_time.total', 107914), ('host_free_time.avg', 0), ('host_free_time.count', 0), ('host_free_time.max', 0), ('host_free_time.min', 0), ('host_free_time.total', 0), ('num_host_alloc', 197), ('num_host_free', 0), ('reserved_bytes.allocated', 574943232), ('reserved_bytes.current', 574943232), ('reserved_bytes.freed', 0), ('reserved_bytes.peak', 574943232), ('segment.allocated', 197), ('segment.current', 197), ('segment.freed', 0), ('segment.peak', 197)])",574943232,True,process_lifetime_not_reset_per_case,0
43.336777947843075,3.106368064880371,39.996959924697876,"[3.106368064880371, 2.6703360080718994, 2.662911891937256, 2.6576640605926514, 2.6735360622406006, 2.6554880142211914, 2.7469120025634766, 2.661247968673706, 2.6521599292755127, 2.6921920776367188, 2.6665279865264893, 2.683039903640747, 2.6487679481506348, 2.699712038040161, 2.6363840103149414, 2.5900800228118896]",16,369.2014210021892,gpu_p128_b1_m1,gpu,128,1,1,4,measured,True,11b6e6b9534480a9926113f54e64ea00f4e7c2ca66316a3b2801b9bc70a226f6,2010189824,362776576,375390208,10,,"OrderedDict([('allocated_bytes.allocated', 4599545856), ('allocated_bytes.current', 4599547235), ('allocated_bytes.freed', -1379), ('allocated_bytes.peak', 4599547235), ('allocation.allocated', 1576), ('allocation.current', 197), ('allocation.freed', 1379), ('allocation.peak', 197), ('host_alloc_time.avg', 547), ('host_alloc_time.count', 197), ('host_alloc_time.max', 25494), ('host_alloc_time.min', 1), ('host_alloc_time.total', 107914), ('host_free_time.avg', 0), ('host_free_time.count', 0), ('host_free_time.max', 0), ('host_free_time.min', 0), ('host_free_time.total', 0), ('num_host_alloc', 197), ('num_host_free', 0), ('reserved_bytes.allocated', 574943232), ('reserved_bytes.current', 574943232), ('reserved_bytes.freed', 0), ('reserved_bytes.peak', 574943232), ('segment.allocated', 197), ('segment.current', 197), ('segment.freed', 0), ('segment.peak', 197)])",574943232,True,process_lifetime_not_reset_per_case,0
43.005597312003374,3.0778560638427734,39.68768000602722,"[3.0778560638427734, 2.717344045639038, 2.674560070037842, 2.6296000480651855, 2.628959894180298, 2.667936086654663, 2.6287999153137207, 2.6357760429382324, 2.6690239906311035, 2.6234560012817383, 2.650912046432495, 2.654911994934082, 2.6642560958862305, 2.628063917160034, 2.662303924560547, 2.5517759323120117]",16,372.0445941936542,gpu_p128_b1_m1,gpu,128,1,1,5,measured,True,11b6e6b9534480a9926113f54e64ea00f4e7c2ca66316a3b2801b9bc70a226f6,2010189824,362776576,375390208,10,,"OrderedDict([('allocated_bytes.allocated', 4599545856), ('allocated_bytes.current', 4599547235), ('allocated_bytes.freed', -1379), ('allocated_bytes.peak', 4599547235), ('allocation.allocated', 1576), ('allocation.current', 197), ('allocation.freed', 1379), ('allocation.peak', 197), ('host_alloc_time.avg', 547), ('host_alloc_time.count', 197), ('host_alloc_time.max', 25494), ('host_alloc_time.min', 1), ('host_alloc_time.total', 107914), ('host_free_time.avg', 0), ('host_free_time.count', 0), ('host_free_time.max', 0), ('host_free_time.min', 0), ('host_free_time.total', 0), ('num_host_alloc', 197), ('num_host_free', 0), ('reserved_bytes.allocated', 574943232), ('reserved_bytes.current', 574943232), ('reserved_bytes.freed', 0), ('reserved_bytes.peak', 574943232), ('segment.allocated', 197), ('segment.current', 197), ('segment.freed', 0), ('segment.peak', 197)])",574943232,True,process_lifetime_not_reset_per_case,0
42.977976612746716,3.105760097503662,39.63596773147583,"[3.105760097503662, 2.6676480770111084, 2.642944097518921, 2.634432077407837, 2.6254398822784424, 2.6340479850769043, 2.6225600242614746, 2.6321918964385986, 2.676095962524414, 2.643872022628784, 2.6140799522399902, 2.696671962738037, 2.644831895828247, 2.663167953491211, 2.6371519565582275, 2.600831985473633]",16,372.2836964654731,gpu_p128_b1_m1,gpu,128,1,1,6,measured,True,11b6e6b9534480a9926113f54e64ea00f4e7c2ca66316a3b2801b9bc70a226f6,2010189824,362776576,375390208,10,,"OrderedDict([('allocated_bytes.allocated', 4599545856), ('allocated_bytes.current', 4599547235), ('allocated_bytes.freed', -1379), ('allocated_bytes.peak', 4599547235), ('allocation.allocated', 1576), ('allocation.current', 197), ('allocation.freed', 1379), ('allocation.peak', 197), ('host_alloc_time.avg', 547), ('host_alloc_time.count', 197), ('host_alloc_time.max', 25494), ('host_alloc_time.min', 1), ('host_alloc_time.total', 107914), ('host_free_time.avg', 0), ('host_free_time.count', 0), ('host_free_time.max', 0), ('host_free_time.min', 0), ('host_free_time.total', 0), ('num_host_alloc', 197), ('num_host_free', 0), ('reserved_bytes.allocated', 574943232), ('reserved_bytes.current', 574943232), ('reserved_bytes.freed', 0), ('reserved_bytes.peak', 574943232), ('segment.allocated', 197), ('segment.current', 197), ('segment.freed', 0), ('segment.peak', 197)])",574943232,True,process_lifetime_not_reset_per_case,0
433.540441095829,27.894079208374023,405.393217086792,"[27.894079208374023, 27.027936935424805, 27.03990364074707, 27.084415435791016, 27.012191772460938, 27.151840209960938, 27.054304122924805, 26.997983932495117, 26.998336791992188, 27.009504318237305, 27.016544342041016, 27.02355194091797, 27.005727767944336, 26.992767333984375, 26.980512619018555, 26.997695922851562]",16,36.905438301344965,cpu_serial_p128_b1_m1,cpu_serial,128,1,1,0,measured,True,11b6e6b9534480a9926113f54e64ea00f4e7c2ca66316a3b2801b9bc70a226f6,2012430336,105111552,123731968,10,,"OrderedDict([('allocated_bytes.allocated', 5174489088), ('allocated_bytes.current', 5174490664), ('allocated_bytes.freed', -1576), ('allocated_bytes.peak', 5174490664), ('allocation.allocated', 1773), ('allocation.current', 197), ('allocation.freed', 1576), ('allocation.peak', 197), ('host_alloc_time.avg', 547), ('host_alloc_time.count', 197), ('host_alloc_time.max', 25494), ('host_alloc_time.min', 1), ('host_alloc_time.total', 107914), ('host_free_time.avg', 0), ('host_free_time.count', 0), ('host_free_time.max', 0), ('host_free_time.min', 0), ('host_free_time.total', 0), ('num_host_alloc', 197), ('num_host_free', 0), ('reserved_bytes.allocated', 574943232), ('reserved_bytes.current', 574943232), ('reserved_bytes.freed', 0), ('reserved_bytes.peak', 574943232), ('segment.allocated', 197), ('segment.current', 197), ('segment.freed', 0), ('segment.peak', 197)])",574943232,True,process_lifetime_not_reset_per_case,327696384
433.28550085425377,27.899391174316406,405.1499500274658,"[27.899391174316406, 27.012351989746094, 27.017791748046875, 26.98111915588379, 27.024032592773438, 27.02739143371582, 27.017311096191406, 26.997472763061523, 26.98873519897461, 26.997343063354492, 27.00707244873047, 27.011903762817383, 27.00543975830078, 27.048511505126953, 26.98841667175293, 27.025056838989258]",16,36.927153039865956,cpu_serial_p128_b1_m1,cpu_serial,128,1,1,1,measured,True,11b6e6b9534480a9926113f54e64ea00f4e7c2ca66316a3b2801b9bc70a226f6,2012430336,105111552,123731968,10,,"OrderedDict([('allocated_bytes.allocated', 5174489088), ('allocated_bytes.current', 5174490664), ('allocated_bytes.freed', -1576), ('allocated_bytes.peak', 5174490664), ('allocation.allocated', 1773), ('allocation.current', 197), ('allocation.freed', 1576), ('allocation.peak', 197), ('host_alloc_time.avg', 547), ('host_alloc_time.count', 197), ('host_alloc_time.max', 25494), ('host_alloc_time.min', 1), ('host_alloc_time.total', 107914), ('host_free_time.avg', 0), ('host_free_time.count', 0), ('host_free_time.max', 0), ('host_free_time.min', 0), ('host_free_time.total', 0), ('num_host_alloc', 197), ('num_host_free', 0), ('reserved_bytes.allocated', 574943232), ('reserved_bytes.current', 574943232), ('reserved_bytes.freed', 0), ('reserved_bytes.peak', 574943232), ('segment.allocated', 197), ('segment.current', 197), ('segment.freed', 0), ('segment.peak', 197)])",574943232,True,process_lifetime_not_reset_per_case,327696384
433.2617870531976,27.87116813659668,405.175838470459,"[27.87116813659668, 27.01024055480957, 27.036287307739258, 27.02355194091797, 27.024703979492188, 27.067487716674805, 27.001344680786133, 27.012863159179688, 27.005023956298828, 26.98201560974121, 27.008319854736328, 27.022783279418945, 27.001344680786133, 26.983999252319336, 26.999488830566406, 26.996383666992188]",16,36.92917418086413,cpu_serial_p128_b1_m1,cpu_serial,128,1,1,2,measured,True,11b6e6b9534480a9926113f54e64ea00f4e7c2ca66316a3b2801b9bc70a226f6,2012430336,105111552,123731968,10,,"OrderedDict([('allocated_bytes.allocated', 5174489088), ('allocated_bytes.current', 5174490664), ('allocated_bytes.freed', -1576), ('allocated_bytes.peak', 5174490664), ('allocation.allocated', 1773), ('allocation.current', 197), ('allocation.freed', 1576), ('allocation.peak', 197), ('host_alloc_time.avg', 547), ('host_alloc_time.count', 197), ('host_alloc_time.max', 25494), ('host_alloc_time.min', 1), ('host_alloc_time.total', 107914), ('host_free_time.avg', 0), ('host_free_time.count', 0), ('host_free_time.max', 0), ('host_free_time.min', 0), ('host_free_time.total', 0), ('num_host_alloc', 197), ('num_host_free', 0), ('reserved_bytes.allocated', 574943232), ('reserved_bytes.current', 574943232), ('reserved_bytes.freed', 0), ('reserved_bytes.peak', 574943232), ('segment.allocated', 197), ('segment.current', 197), ('segment.freed', 0), ('segment.peak', 197)])",574943232,True,process_lifetime_not_reset_per_case,327696384
433.3725147880614,27.88287925720215,405.21503829956055,"[27.88287925720215, 27.03513526916504, 27.030176162719727, 27.03468894958496, 26.993759155273438, 27.037151336669922, 27.02262306213379, 27.025728225708008, 26.981727600097656, 27.017152786254883, 27.013343811035156, 26.999679565429688, 26.997312545776367, 27.022815704345703, 26.99920082092285, 27.00454330444336]",16,36.919738686761704,cpu_serial_p128_b1_m1,cpu_serial,128,1,1,3,measured,True,11b6e6b9534480a9926113f54e64ea00f4e7c2ca66316a3b2801b9bc70a226f6,2012430336,105111552,123731968,10,,"OrderedDict([('allocated_bytes.allocated', 5174489088), ('allocated_bytes.current', 5174490664), ('allocated_bytes.freed', -1576), ('allocated_bytes.peak', 5174490664), ('allocation.allocated', 1773), ('allocation.current', 197), ('allocation.freed', 1576), ('allocation.peak', 197), ('host_alloc_time.avg', 547), ('host_alloc_time.count', 197), ('host_alloc_time.max', 25494), ('host_alloc_time.min', 1), ('host_alloc_time.total', 107914), ('host_free_time.avg', 0), ('host_free_time.count', 0), ('host_free_time.max', 0), ('host_free_time.min', 0), ('host_free_time.total', 0), ('num_host_alloc', 197), ('num_host_free', 0), ('reserved_bytes.allocated', 574943232), ('reserved_bytes.current', 574943232), ('reserved_bytes.freed', 0), ('reserved_bytes.peak', 574943232), ('segment.allocated', 197), ('segment.current', 197), ('segment.freed', 0), ('segment.peak', 197)])",574943232,True,process_lifetime_not_reset_per_case,327696384
433.35491279140115,27.874752044677734,405.2634563446045,"[27.874752044677734, 27.019071578979492, 27.045440673828125, 27.054719924926758, 26.99292755126953, 27.08723258972168, 27.00009536743164, 27.00217628479004, 26.97929573059082, 26.97974395751953, 27.01919937133789, 27.015199661254883, 27.01785659790039, 27.014400482177734, 26.995872497558594, 27.040224075317383]",16,36.921238291584174,cpu_serial_p128_b1_m1,cpu_serial,128,1,1,4,measured,True,11b6e6b9534480a9926113f54e64ea00f4e7c2ca66316a3b2801b9bc70a226f6,2012430336,105111552,123731968,10,,"OrderedDict([('allocated_bytes.allocated', 5174489088), ('allocated_bytes.current', 5174490664), ('allocated_bytes.freed', -1576), ('allocated_bytes.peak', 5174490664), ('allocation.allocated', 1773), ('allocation.current', 197), ('allocation.freed', 1576), ('allocation.peak', 197), ('host_alloc_time.avg', 547), ('host_alloc_time.count', 197), ('host_alloc_time.max', 25494), ('host_alloc_time.min', 1), ('host_alloc_time.total', 107914), ('host_free_time.avg', 0), ('host_free_time.count', 0), ('host_free_time.max', 0), ('host_free_time.min', 0), ('host_free_time.total', 0), ('num_host_alloc', 197), ('num_host_free', 0), ('reserved_bytes.allocated', 574943232), ('reserved_bytes.current', 574943232), ('reserved_bytes.freed', 0), ('reserved_bytes.peak', 574943232), ('segment.allocated', 197), ('segment.current', 197), ('segment.freed', 0), ('segment.peak', 197)])",574943232,True,process_lifetime_not_reset_per_case,327696384
433.39869985356927,27.87321662902832,405.315393447876,"[27.87321662902832, 26.9998722076416, 27.08073616027832, 27.000320434570312, 27.048864364624023, 27.015871047973633, 27.009695053100586, 27.034015655517578, 27.016000747680664, 27.01411247253418, 27.02332878112793, 27.032960891723633, 27.00806427001953, 27.017696380615234, 27.008319854736328, 27.005535125732422]",16,36.91750807144982,cpu_serial_p128_b1_m1,cpu_serial,128,1,1,5,measured,True,11b6e6b9534480a9926113f54e64ea00f4e7c2ca66316a3b2801b9bc70a226f6,2012430336,105111552,123731968,10,,"OrderedDict([('allocated_bytes.allocated', 5174489088), ('allocated_bytes.current', 5174490664), ('allocated_bytes.freed', -1576), ('allocated_bytes.peak', 5174490664), ('allocation.allocated', 1773), ('allocation.current', 197), ('allocation.freed', 1576), ('allocation.peak', 197), ('host_alloc_time.avg', 547), ('host_alloc_time.count', 197), ('host_alloc_time.max', 25494), ('host_alloc_time.min', 1), ('host_alloc_time.total', 107914), ('host_free_time.avg', 0), ('host_free_time.count', 0), ('host_free_time.max', 0), ('host_free_time.min', 0), ('host_free_time.total', 0), ('num_host_alloc', 197), ('num_host_free', 0), ('reserved_bytes.allocated', 574943232), ('reserved_bytes.current', 574943232), ('reserved_bytes.freed', 0), ('reserved_bytes.peak', 574943232), ('segment.allocated', 197), ('segment.current', 197), ('segment.freed', 0), ('segment.peak', 197)])",574943232,True,process_lifetime_not_reset_per_case,327696384
433.15951712429523,27.867616653442383,405.0622043609619,"[27.867616653442383, 27.004928588867188, 27.004255294799805, 27.023103713989258, 27.014368057250977, 27.02681541442871, 27.003360748291016, 26.992511749267578, 27.00079917907715, 27.01043128967285, 27.009504318237305, 26.995040893554688, 26.986591339111328, 26.997663497924805, 27.00668716430664, 26.986143112182617]",16,36.93789324132245,cpu_serial_p128_b1_m1,cpu_serial,128,1,1,6,measured,True,11b6e6b9534480a9926113f54e64ea00f4e7c2ca66316a3b2801b9bc70a226f6,2012430336,105111552,123731968,10,,"OrderedDict([('allocated_bytes.allocated', 5174489088), ('allocated_bytes.current', 5174490664), ('allocated_bytes.freed', -1576), ('allocated_bytes.peak', 5174490664), ('allocation.allocated', 1773), ('allocation.current', 197), ('allocation.freed', 1576), ('allocation.peak', 197), ('host_alloc_time.avg', 547), ('host_alloc_time.count', 197), ('host_alloc_time.max', 25494), ('host_alloc_time.min', 1), ('host_alloc_time.total', 107914), ('host_free_time.avg', 0), ('host_free_time.count', 0), ('host_free_time.max', 0), ('host_free_time.min', 0), ('host_free_time.total', 0), ('num_host_alloc', 197), ('num_host_free', 0), ('reserved_bytes.allocated', 574943232), ('reserved_bytes.current', 574943232), ('reserved_bytes.freed', 0), ('reserved_bytes.peak', 574943232), ('segment.allocated', 197), ('segment.current', 197), ('segment.freed', 0), ('segment.peak', 197)])",574943232,True,process_lifetime_not_reset_per_case,327696384
419.37147825956345,26.178495407104492,386.7545566558838,"[26.178495407104492, 26.14896011352539, 26.121536254882812, 26.132448196411133, 26.120607376098633, 26.136863708496094, 26.115711212158203, 26.351808547973633, 26.143104553222656, 26.181503295898438, 26.120927810668945, 26.177791595458984, 26.12451171875, 26.27257537841797, 26.364639282226562, 20.241567611694336]",16,38.15233231025084,cpu_overlap_p128_b1_m1,cpu_overlap,128,1,1,0,measured,True,11b6e6b9534480a9926113f54e64ea00f4e7c2ca66316a3b2801b9bc70a226f6,2014420992,185854976,224395264,10,,"OrderedDict([('allocated_bytes.allocated', 5749432320), ('allocated_bytes.current', 5749434093), ('allocated_bytes.freed', -1773), ('allocated_bytes.peak', 5749434093), ('allocation.allocated', 1970), ('allocation.current', 197), ('allocation.freed', 1773), ('allocation.peak', 197), ('host_alloc_time.avg', 547), ('host_alloc_time.count', 197), ('host_alloc_time.max', 25494), ('host_alloc_time.min', 1), ('host_alloc_time.total', 107914), ('host_free_time.avg', 0), ('host_free_time.count', 0), ('host_free_time.max', 0), ('host_free_time.min', 0), ('host_free_time.total', 0), ('num_host_alloc', 197), ('num_host_free', 0), ('reserved_bytes.allocated', 574943232), ('reserved_bytes.current', 574943232), ('reserved_bytes.freed', 0), ('reserved_bytes.peak', 574943232), ('segment.allocated', 197), ('segment.current', 197), ('segment.freed', 0), ('segment.peak', 197)])",574943232,True,process_lifetime_not_reset_per_case,327696384
419.2210538312793,26.196767807006836,386.5287055969238,"[26.196767807006836, 26.1746883392334, 26.289535522460938, 26.12928009033203, 26.169343948364258, 26.134687423706055, 26.1296329498291, 26.12601661682129, 26.149503707885742, 26.15305519104004, 26.12726402282715, 26.13088035583496, 26.275232315063477, 26.16851234436035, 26.164512634277344, 20.206560134887695]",16,38.1660220873339,cpu_overlap_p128_b1_m1,cpu_overlap,128,1,1,1,measured,True,11b6e6b9534480a9926113f54e64ea00f4e7c2ca66316a3b2801b9bc70a226f6,2014420992,185854976,224395264,10,,"OrderedDict([('allocated_bytes.allocated', 5749432320), ('allocated_bytes.current', 5749434093), ('allocated_bytes.freed', -1773), ('allocated_bytes.peak', 5749434093), ('allocation.allocated', 1970), ('allocation.current', 197), ('allocation.freed', 1773), ('allocation.peak', 197), ('host_alloc_time.avg', 547), ('host_alloc_time.count', 197), ('host_alloc_time.max', 25494), ('host_alloc_time.min', 1), ('host_alloc_time.total', 107914), ('host_free_time.avg', 0), ('host_free_time.count', 0), ('host_free_time.max', 0), ('host_free_time.min', 0), ('host_free_time.total', 0), ('num_host_alloc', 197), ('num_host_free', 0), ('reserved_bytes.allocated', 574943232), ('reserved_bytes.current', 574943232), ('reserved_bytes.freed', 0), ('reserved_bytes.peak', 574943232), ('segment.allocated', 197), ('segment.current', 197), ('segment.freed', 0), ('segment.peak', 197)])",574943232,True,process_lifetime_not_reset_per_case,327696384
418.5998886823654,26.157184600830078,385.98208236694336,"[26.157184600830078, 26.1329288482666, 26.130624771118164, 26.13577651977539, 26.12700843811035, 26.116384506225586, 26.137088775634766, 26.174272537231445, 26.15398406982422, 26.12246322631836, 26.11414337158203, 26.114912033081055, 26.10495948791504, 26.10915184020996, 26.126880645751953, 20.181503295898438]",16,38.222657082789716,cpu_overlap_p128_b1_m1,cpu_overlap,128,1,1,2,measured,True,11b6e6b9534480a9926113f54e64ea00f4e7c2ca66316a3b2801b9bc70a226f6,2014420992,185854976,224395264,10,,"OrderedDict([('allocated_bytes.allocated', 5749432320), ('allocated_bytes.current', 5749434093), ('allocated_bytes.freed', -1773), ('allocated_bytes.peak', 5749434093), ('allocation.allocated', 1970), ('allocation.current', 197), ('allocation.freed', 1773), ('allocation.peak', 197), ('host_alloc_time.avg', 547), ('host_alloc_time.count', 197), ('host_alloc_time.max', 25494), ('host_alloc_time.min', 1), ('host_alloc_time.total', 107914), ('host_free_time.avg', 0), ('host_free_time.count', 0), ('host_free_time.max', 0), ('host_free_time.min', 0), ('host_free_time.total', 0), ('num_host_alloc', 197), ('num_host_free', 0), ('reserved_bytes.allocated', 574943232), ('reserved_bytes.current', 574943232), ('reserved_bytes.freed', 0), ('reserved_bytes.peak', 574943232), ('segment.allocated', 197), ('segment.current', 197), ('segment.freed', 0), ('segment.peak', 197)])",574943232,True,process_lifetime_not_reset_per_case,327696384
418.4457720257342,26.16387176513672,385.77856063842773,"[26.16387176513672, 26.129087448120117, 26.11529541015625, 26.112224578857422, 26.113632202148438, 26.110368728637695, 26.112192153930664, 26.106111526489258, 26.10371208190918, 26.110015869140625, 26.126623153686523, 26.11769676208496, 26.113887786865234, 26.108224868774414, 26.14182472229004, 20.157663345336914]",16,38.236734768623755,cpu_overlap_p128_b1_m1,cpu_overlap,128,1,1,3,measured,True,11b6e6b9534480a9926113f54e64ea00f4e7c2ca66316a3b2801b9bc70a226f6,2014420992,185854976,224395264,10,,"OrderedDict([('allocated_bytes.allocated', 5749432320), ('allocated_bytes.current', 5749434093), ('allocated_bytes.freed', -1773), ('allocated_bytes.peak', 5749434093), ('allocation.allocated', 1970), ('allocation.current', 197), ('allocation.freed', 1773), ('allocation.peak', 197), ('host_alloc_time.avg', 547), ('host_alloc_time.count', 197), ('host_alloc_time.max', 25494), ('host_alloc_time.min', 1), ('host_alloc_time.total', 107914), ('host_free_time.avg', 0), ('host_free_time.count', 0), ('host_free_time.max', 0), ('host_free_time.min', 0), ('host_free_time.total', 0), ('num_host_alloc', 197), ('num_host_free', 0), ('reserved_bytes.allocated', 574943232), ('reserved_bytes.current', 574943232), ('reserved_bytes.freed', 0), ('reserved_bytes.peak', 574943232), ('segment.allocated', 197), ('segment.current', 197), ('segment.freed', 0), ('segment.peak', 197)])",574943232,True,process_lifetime_not_reset_per_case,327696384
418.52800035849214,26.151744842529297,385.92307472229004,"[26.151744842529297, 26.122976303100586, 26.12771224975586, 26.114112854003906, 26.111743927001953, 26.116832733154297, 26.131328582763672, 26.12131118774414, 26.142656326293945, 26.12646484375, 26.10825538635254, 26.120223999023438, 26.126880645751953, 26.142431259155273, 26.135616302490234, 20.174528121948242]",16,38.2292223848706,cpu_overlap_p128_b1_m1,cpu_overlap,128,1,1,4,measured,True,11b6e6b9534480a9926113f54e64ea00f4e7c2ca66316a3b2801b9bc70a226f6,2014420992,185854976,224395264,10,,"OrderedDict([('allocated_bytes.allocated', 5749432320), ('allocated_bytes.current', 5749434093), ('allocated_bytes.freed', -1773), ('allocated_bytes.peak', 5749434093), ('allocation.allocated', 1970), ('allocation.current', 197), ('allocation.freed', 1773), ('allocation.peak', 197), ('host_alloc_time.avg', 547), ('host_alloc_time.count', 197), ('host_alloc_time.max', 25494), ('host_alloc_time.min', 1), ('host_alloc_time.total', 107914), ('host_free_time.avg', 0), ('host_free_time.count', 0), ('host_free_time.max', 0), ('host_free_time.min', 0), ('host_free_time.total', 0), ('num_host_alloc', 197), ('num_host_free', 0), ('reserved_bytes.allocated', 574943232), ('reserved_bytes.current', 574943232), ('reserved_bytes.freed', 0), ('reserved_bytes.peak', 574943232), ('segment.allocated', 197), ('segment.current', 197), ('segment.freed', 0), ('segment.peak', 197)])",574943232,True,process_lifetime_not_reset_per_case,327696384
418.42874605208635,26.141216278076172,385.86080169677734,"[26.141216278076172, 26.12281608581543, 26.126527786254883, 26.112672805786133, 26.112672805786133, 26.120256423950195, 26.111007690429688, 26.115232467651367, 26.12348747253418, 26.113759994506836, 26.137439727783203, 26.141023635864258, 26.121376037597656, 26.1079044342041, 26.110559463500977, 20.184064865112305]",16,38.23829063122806,cpu_overlap_p128_b1_m1,cpu_overlap,128,1,1,5,measured,True,11b6e6b9534480a9926113f54e64ea00f4e7c2ca66316a3b2801b9bc70a226f6,2014420992,185854976,224395264,10,,"OrderedDict([('allocated_bytes.allocated', 5749432320), ('allocated_bytes.current', 5749434093), ('allocated_bytes.freed', -1773), ('allocated_bytes.peak', 5749434093), ('allocation.allocated', 1970), ('allocation.current', 197), ('allocation.freed', 1773), ('allocation.peak', 197), ('host_alloc_time.avg', 547), ('host_alloc_time.count', 197), ('host_alloc_time.max', 25494), ('host_alloc_time.min', 1), ('host_alloc_time.total', 107914), ('host_free_time.avg', 0), ('host_free_time.count', 0), ('host_free_time.max', 0), ('host_free_time.min', 0), ('host_free_time.total', 0), ('num_host_alloc', 197), ('num_host_free', 0), ('reserved_bytes.allocated', 574943232), ('reserved_bytes.current', 574943232), ('reserved_bytes.freed', 0), ('reserved_bytes.peak', 574943232), ('segment.allocated', 197), ('segment.current', 197), ('segment.freed', 0), ('segment.peak', 197)])",574943232,True,process_lifetime_not_reset_per_case,327696384
418.41948218643665,26.141056060791016,385.8435535430908,"[26.141056060791016, 26.124671936035156, 26.131328582763672, 26.117599487304688, 26.115840911865234, 26.10700798034668, 26.104000091552734, 26.127103805541992, 26.12566375732422, 26.123647689819336, 26.116640090942383, 26.15433692932129, 26.107616424560547, 26.112224578857422, 26.106719970703125, 20.169151306152344]",16,38.23913723231181,cpu_overlap_p128_b1_m1,cpu_overlap,128,1,1,6,measured,True,11b6e6b9534480a9926113f54e64ea00f4e7c2ca66316a3b2801b9bc70a226f6,2014420992,185854976,224395264,10,,"OrderedDict([('allocated_bytes.allocated', 5749432320), ('allocated_bytes.current', 5749434093), ('allocated_bytes.freed', -1773), ('allocated_bytes.peak', 5749434093), ('allocation.allocated', 1970), ('allocation.current', 197), ('allocation.freed', 1773), ('allocation.peak', 197), ('host_alloc_time.avg', 547), ('host_alloc_time.count', 197), ('host_alloc_time.max', 25494), ('host_alloc_time.min', 1), ('host_alloc_time.total', 107914), ('host_free_time.avg', 0), ('host_free_time.count', 0), ('host_free_time.max', 0), ('host_free_time.min', 0), ('host_free_time.total', 0), ('num_host_alloc', 197), ('num_host_free', 0), ('reserved_bytes.allocated', 574943232), ('reserved_bytes.current', 574943232), ('reserved_bytes.freed', 0), ('reserved_bytes.peak', 574943232), ('segment.allocated', 197), ('segment.current', 197), ('segment.freed', 0), ('segment.peak', 197)])",574943232,True,process_lifetime_not_reset_per_case,327696384
85.21949406713247,6.1302080154418945,78.60342359542847,"[6.1302080154418945, 5.2861762046813965, 5.289184093475342, 5.267648220062256, 5.246943950653076, 5.193471908569336, 5.268991947174072, 5.244607925415039, 5.27177619934082, 5.235263824462891, 5.248767852783203, 5.234111785888672, 5.276895999908447, 5.254655838012695, 5.315392017364502, 4.969535827636719]",32,375.5009384917457,gpu_p128_b1_m2,gpu,128,1,2,0,measured,True,46942208bb8e37d5d3df92d224355a0e0a1f2fc93e32733ba66566db3d9fce94,2014420992,368245248,381681664,10,,"OrderedDict([('allocated_bytes.allocated', 5749432320), ('allocated_bytes.current', 5749434093), ('allocated_bytes.freed', -1773), ('allocated_bytes.peak', 5749434093), ('allocation.allocated', 1970), ('allocation.current', 197), ('allocation.freed', 1773), ('allocation.peak', 197), ('host_alloc_time.avg', 547), ('host_alloc_time.count', 197), ('host_alloc_time.max', 25494), ('host_alloc_time.min', 1), ('host_alloc_time.total', 107914), ('host_free_time.avg', 0), ('host_free_time.count', 0), ('host_free_time.max', 0), ('host_free_time.min', 0), ('host_free_time.total', 0), ('num_host_alloc', 197), ('num_host_free', 0), ('reserved_bytes.allocated', 574943232), ('reserved_bytes.current', 574943232), ('reserved_bytes.freed', 0), ('reserved_bytes.peak', 574943232), ('segment.allocated', 197), ('segment.current', 197), ('segment.freed', 0), ('segment.peak', 197)])",574943232,True,process_lifetime_not_reset_per_case,0
85.08391166105866,6.14796781539917,78.57036828994751,"[6.14796781539917, 5.28272008895874, 5.235551834106445, 5.295487880706787, 5.231296062469482, 5.235743999481201, 5.233727931976318, 5.237088203430176, 5.265471935272217, 5.257984161376953, 5.354496002197266, 5.276000022888184, 5.256671905517578, 5.2288641929626465, 5.226304054260254, 4.952960014343262]",32,376.09930450160306,gpu_p128_b1_m2,gpu,128,1,2,1,measured,True,46942208bb8e37d5d3df92d224355a0e0a1f2fc93e32733ba66566db3d9fce94,2014420992,368245248,381681664,10,,"OrderedDict([('allocated_bytes.allocated', 5749432320), ('allocated_bytes.current', 5749434093), ('allocated_bytes.freed', -1773), ('allocated_bytes.peak', 5749434093), ('allocation.allocated', 1970), ('allocation.current', 197), ('allocation.freed', 1773), ('allocation.peak', 197), ('host_alloc_time.avg', 547), ('host_alloc_time.count', 197), ('host_alloc_time.max', 25494), ('host_alloc_time.min', 1), ('host_alloc_time.total', 107914), ('host_free_time.avg', 0), ('host_free_time.count', 0), ('host_free_time.max', 0), ('host_free_time.min', 0), ('host_free_time.total', 0), ('num_host_alloc', 197), ('num_host_free', 0), ('reserved_bytes.allocated', 574943232), ('reserved_bytes.current', 574943232), ('reserved_bytes.freed', 0), ('reserved_bytes.peak', 574943232), ('segment.allocated', 197), ('segment.current', 197), ('segment.freed', 0), ('segment.peak', 197)])",574943232,True,process_lifetime_not_reset_per_case,0
84.8652389831841,6.156415939331055,78.33599901199341,"[6.156415939331055, 5.261312007904053, 5.266687870025635, 5.219871997833252, 5.2211198806762695, 5.257919788360596, 5.253536224365234, 5.315648078918457, 5.2314558029174805, 5.227903842926025, 5.241055965423584, 5.221759796142578, 5.227456092834473, 5.234687805175781, 5.250271797180176, 4.9053120613098145]",32,377.0684014257091,gpu_p128_b1_m2,gpu,128,1,2,2,measured,True,46942208bb8e37d5d3df92d224355a0e0a1f2fc93e32733ba66566db3d9fce94,2014420992,368245248,381681664,10,,"OrderedDict([('allocated_bytes.allocated', 5749432320), ('allocated_bytes.current', 5749434093), ('allocated_bytes.freed', -1773), ('allocated_bytes.peak', 5749434093), ('allocation.allocated', 1970), ('allocation.current', 197), ('allocation.freed', 1773), ('allocation.peak', 197), ('host_alloc_time.avg', 547), ('host_alloc_time.count', 197), ('host_alloc_time.max', 25494), ('host_alloc_time.min', 1), ('host_alloc_time.total', 107914), ('host_free_time.avg', 0), ('host_free_time.count', 0), ('host_free_time.max', 0), ('host_free_time.min', 0), ('host_free_time.total', 0), ('num_host_alloc', 197), ('num_host_free', 0), ('reserved_bytes.allocated', 574943232), ('reserved_bytes.current', 574943232), ('reserved_bytes.freed', 0), ('reserved_bytes.peak', 574943232), ('segment.allocated', 197), ('segment.current', 197), ('segment.freed', 0), ('segment.peak', 197)])",574943232,True,process_lifetime_not_reset_per_case,0
85.01864084973931,6.138368129730225,78.5166072845459,"[6.138368129730225, 5.282048225402832, 5.237792015075684, 5.27510404586792, 5.2429118156433105, 5.292064189910889, 5.218527793884277, 5.2396159172058105, 5.219871997833252, 5.2487359046936035, 5.229919910430908, 5.2350077629089355, 5.231776237487793, 5.265535831451416, 5.328767776489258, 4.96892786026001]",32,376.38804478839324,gpu_p128_b1_m2,gpu,128,1,2,3,measured,True,46942208bb8e37d5d3df92d224355a0e0a1f2fc93e32733ba66566db3d9fce94,2014420992,368245248,381681664,10,,"OrderedDict([('allocated_bytes.allocated', 5749432320), ('allocated_bytes.current', 5749434093), ('allocated_bytes.freed', -1773), ('allocated_bytes.peak', 5749434093), ('allocation.allocated', 1970), ('allocation.current', 197), ('allocation.freed', 1773), ('allocation.peak', 197), ('host_alloc_time.avg', 547), ('host_alloc_time.count', 197), ('host_alloc_time.max', 25494), ('host_alloc_time.min', 1), ('host_alloc_time.total', 107914), ('host_free_time.avg', 0), ('host_free_time.count', 0), ('host_free_time.max', 0), ('host_free_time.min', 0), ('host_free_time.total', 0), ('num_host_alloc', 197), ('num_host_free', 0), ('reserved_bytes.allocated', 574943232), ('reserved_bytes.current', 574943232), ('reserved_bytes.freed', 0), ('reserved_bytes.peak', 574943232), ('segment.allocated', 197), ('segment.current', 197), ('segment.freed', 0), ('segment.peak', 197)])",574943232,True,process_lifetime_not_reset_per_case,0
84.84004903584719,6.150591850280762,78.32617568969727,"[6.150591850280762, 5.253791809082031, 5.234303951263428, 5.205376148223877, 5.241824150085449, 5.214367866516113, 5.249248027801514, 5.355519771575928, 5.271327972412109, 5.250336170196533, 5.2406721115112305, 5.224095821380615, 5.214111804962158, 5.231423854827881, 5.232800006866455, 4.906976222991943]",32,377.1803571975677,gpu_p128_b1_m2,gpu,128,1,2,4,measured,True,46942208bb8e37d5d3df92d224355a0e0a1f2fc93e32733ba66566db3d9fce94,2014420992,368245248,381681664,10,,"OrderedDict([('allocated_bytes.allocated', 5749432320), ('allocated_bytes.current', 5749434093), ('allocated_bytes.freed', -1773), ('allocated_bytes.peak', 5749434093), ('allocation.allocated', 1970), ('allocation.current', 197), ('allocation.freed', 1773), ('allocation.peak', 197), ('host_alloc_time.avg', 547), ('host_alloc_time.count', 197), ('host_alloc_time.max', 25494), ('host_alloc_time.min', 1), ('host_alloc_time.total', 107914), ('host_free_time.avg', 0), ('host_free_time.count', 0), ('host_free_time.max', 0), ('host_free_time.min', 0), ('host_free_time.total', 0), ('num_host_alloc', 197), ('num_host_free', 0), ('reserved_bytes.allocated', 574943232), ('reserved_bytes.current', 574943232), ('reserved_bytes.freed', 0), ('reserved_bytes.peak', 574943232), ('segment.allocated', 197), ('segment.current', 197), ('segment.freed', 0), ('segment.peak', 197)])",574943232,True,process_lifetime_not_reset_per_case,0
84.87961487844586,6.16431999206543,78.35007953643799,"[6.16431999206543, 5.272255897521973, 5.246175765991211, 5.283743858337402, 5.2190399169921875, 5.238944053649902, 5.207744121551514, 5.230048179626465, 5.203680038452148, 5.253471851348877, 5.278848171234131, 5.250847816467285, 5.253151893615723, 5.20582389831543, 5.269279956817627, 4.937024116516113]",32,377.00453808404365,gpu_p128_b1_m2,gpu,128,1,2,5,measured,True,46942208bb8e37d5d3df92d224355a0e0a1f2fc93e32733ba66566db3d9fce94,2014420992,368245248,381681664,10,,"OrderedDict([('allocated_bytes.allocated', 5749432320), ('allocated_bytes.current', 5749434093), ('allocated_bytes.freed', -1773), ('allocated_bytes.peak', 5749434093), ('allocation.allocated', 1970), ('allocation.current', 197), ('allocation.freed', 1773), ('allocation.peak', 197), ('host_alloc_time.avg', 547), ('host_alloc_time.count', 197), ('host_alloc_time.max', 25494), ('host_alloc_time.min', 1), ('host_alloc_time.total', 107914), ('host_free_time.avg', 0), ('host_free_time.count', 0), ('host_free_time.max', 0), ('host_free_time.min', 0), ('host_free_time.total', 0), ('num_host_alloc', 197), ('num_host_free', 0), ('reserved_bytes.allocated', 574943232), ('reserved_bytes.current', 574943232), ('reserved_bytes.freed', 0), ('reserved_bytes.peak', 574943232), ('segment.allocated', 197), ('segment.current', 197), ('segment.freed', 0), ('segment.peak', 197)])",574943232,True,process_lifetime_not_reset_per_case,0
84.97524494305253,6.082240104675293,78.48140811920166,"[6.082240104675293, 5.265696048736572, 5.264416217803955, 5.325823783874512, 5.282048225402832, 5.2205119132995605, 5.262911796569824, 5.2142720222473145, 5.232736110687256, 5.2281599044799805, 5.245503902435303, 5.3172478675842285, 5.2388482093811035, 5.243904113769531, 5.2251200675964355, 4.914207935333252]",32,376.58026195093987,gpu_p128_b1_m2,gpu,128,1,2,6,measured,True,46942208bb8e37d5d3df92d224355a0e0a1f2fc93e32733ba66566db3d9fce94,2014420992,368245248,381681664,10,,"OrderedDict([('allocated_bytes.allocated', 5749432320), ('allocated_bytes.current', 5749434093), ('allocated_bytes.freed', -1773), ('allocated_bytes.peak', 5749434093), ('allocation.allocated', 1970), ('allocation.current', 197), ('allocation.freed', 1773), ('allocation.peak', 197), ('host_alloc_time.avg', 547), ('host_alloc_time.count', 197), ('host_alloc_time.max', 25494), ('host_alloc_time.min', 1), ('host_alloc_time.total', 107914), ('host_free_time.avg', 0), ('host_free_time.count', 0), ('host_free_time.max', 0), ('host_free_time.min', 0), ('host_free_time.total', 0), ('num_host_alloc', 197), ('num_host_free', 0), ('reserved_bytes.allocated', 574943232), ('reserved_bytes.current', 574943232), ('reserved_bytes.freed', 0), ('reserved_bytes.peak', 574943232), ('segment.allocated', 197), ('segment.current', 197), ('segment.freed', 0), ('segment.peak', 197)])",574943232,True,process_lifetime_not_reset_per_case,0
456.80644595995545,29.963455200195312,426.3839702606201,"[29.963455200195312, 28.36355209350586, 28.413856506347656, 28.466432571411133, 28.720287322998047, 28.49398422241211, 28.404991149902344, 28.392480850219727, 28.534751892089844, 28.382591247558594, 28.40403175354004, 28.410688400268555, 28.371328353881836, 28.37164878845215, 28.356000900268555, 28.297344207763672]",32,70.05155089866044,cpu_serial_p128_b1_m2,cpu_serial,128,1,2,0,measured,True,46942208bb8e37d5d3df92d224355a0e0a1f2fc93e32733ba66566db3d9fce94,2014420992,110580224,127926272,10,,"OrderedDict([('allocated_bytes.allocated', 6324375552), ('allocated_bytes.current', 6324377522), ('allocated_bytes.freed', -1970), ('allocated_bytes.peak', 6324377522), ('allocation.allocated', 2167), ('allocation.current', 197), ('allocation.freed', 1970), ('allocation.peak', 197), ('host_alloc_time.avg', 547), ('host_alloc_time.count', 197), ('host_alloc_time.max', 25494), ('host_alloc_time.min', 1), ('host_alloc_time.total', 107914), ('host_free_time.avg', 0), ('host_free_time.count', 0), ('host_free_time.max', 0), ('host_free_time.min', 0), ('host_free_time.total', 0), ('num_host_alloc', 197), ('num_host_free', 0), ('reserved_bytes.allocated', 574943232), ('reserved_bytes.current', 574943232), ('reserved_bytes.freed', 0), ('reserved_bytes.peak', 574943232), ('segment.allocated', 197), ('segment.current', 197), ('segment.freed', 0), ('segment.peak', 197)])",574943232,True,process_lifetime_not_reset_per_case,327696384
456.1096839606762,29.948671340942383,425.8060760498047,"[29.948671340942383, 28.399551391601562, 28.397823333740234, 28.574848175048828, 28.39449691772461, 28.419872283935547, 28.35321617126465, 28.372095108032227, 28.3505916595459, 28.381120681762695, 28.364927291870117, 28.37900733947754, 28.36534309387207, 28.357759475708008, 28.38172721862793, 28.313695907592773]",32,70.15856300643443,cpu_serial_p128_b1_m2,cpu_serial,128,1,2,1,measured,True,46942208bb8e37d5d3df92d224355a0e0a1f2fc93e32733ba66566db3d9fce94,2014420992,110580224,127926272,10,,"OrderedDict([('allocated_bytes.allocated', 6324375552), ('allocated_bytes.current', 6324377522), ('allocated_bytes.freed', -1970), ('allocated_bytes.peak', 6324377522), ('allocation.allocated', 2167), ('allocation.current', 197), ('allocation.freed', 1970), ('allocation.peak', 197), ('host_alloc_time.avg', 547), ('host_alloc_time.count', 197), ('host_alloc_time.max', 25494), ('host_alloc_time.min', 1), ('host_alloc_time.total', 107914), ('host_free_time.avg', 0), ('host_free_time.count', 0), ('host_free_time.max', 0), ('host_free_time.min', 0), ('host_free_time.total', 0), ('num_host_alloc', 197), ('num_host_free', 0), ('reserved_bytes.allocated', 574943232), ('reserved_bytes.current', 574943232), ('reserved_bytes.freed', 0), ('reserved_bytes.peak', 574943232), ('segment.allocated', 197), ('segment.current', 197), ('segment.freed', 0), ('segment.peak', 197)])",574943232,True,process_lifetime_not_reset_per_case,327696384
456.2851069495082,29.957088470458984,425.9927043914795,"[29.957088470458984, 28.36025619506836, 28.411264419555664, 28.36400032043457, 28.39798355102539, 28.392032623291016, 28.37446403503418, 28.358911514282227, 28.428447723388672, 28.358015060424805, 28.34752082824707, 28.343168258666992, 28.357376098632812, 28.639616012573242, 28.52092742919922, 28.338720321655273]",32,70.13158990425053,cpu_serial_p128_b1_m2,cpu_serial,128,1,2,2,measured,True,46942208bb8e37d5d3df92d224355a0e0a1f2fc93e32733ba66566db3d9fce94,2014420992,110580224,127926272,10,,"OrderedDict([('allocated_bytes.allocated', 6324375552), ('allocated_bytes.current', 6324377522), ('allocated_bytes.freed', -1970), ('allocated_bytes.peak', 6324377522), ('allocation.allocated', 2167), ('allocation.current', 197), ('allocation.freed', 1970), ('allocation.peak', 197), ('host_alloc_time.avg', 547), ('host_alloc_time.count', 197), ('host_alloc_time.max', 25494), ('host_alloc_time.min', 1), ('host_alloc_time.total', 107914), ('host_free_time.avg', 0), ('host_free_time.count', 0), ('host_free_time.max', 0), ('host_free_time.min', 0), ('host_free_time.total', 0), ('num_host_alloc', 197), ('num_host_free', 0), ('reserved_bytes.allocated', 574943232), ('reserved_bytes.current', 574943232), ('reserved_bytes.freed', 0), ('reserved_bytes.peak', 574943232), ('segment.allocated', 197), ('segment.current', 197), ('segment.freed', 0), ('segment.peak', 197)])",574943232,True,process_lifetime_not_reset_per_case,327696384
455.5098828859627,29.861600875854492,425.2574710845947,"[29.861600875854492, 28.377471923828125, 28.36534309387207, 28.333471298217773, 28.34067153930664, 28.34809684753418, 28.36252784729004, 28.373952865600586, 28.3624324798584, 28.342559814453125, 28.379776000976562, 28.358495712280273, 28.361536026000977, 28.34899139404297, 28.34048080444336, 28.26166343688965]",32,70.25094559366833,cpu_serial_p128_b1_m2,cpu_serial,128,1,2,3,measured,True,46942208bb8e37d5d3df92d224355a0e0a1f2fc93e32733ba66566db3d9fce94,2014420992,110580224,127926272,10,,"OrderedDict([('allocated_bytes.allocated', 6324375552), ('allocated_bytes.current', 6324377522), ('allocated_bytes.freed', -1970), ('allocated_bytes.peak', 6324377522), ('allocation.allocated', 2167), ('allocation.current', 197), ('allocation.freed', 1970), ('allocation.peak', 197), ('host_alloc_time.avg', 547), ('host_alloc_time.count', 197), ('host_alloc_time.max', 25494), ('host_alloc_time.min', 1), ('host_alloc_time.total', 107914), ('host_free_time.avg', 0), ('host_free_time.count', 0), ('host_free_time.max', 0), ('host_free_time.min', 0), ('host_free_time.total', 0), ('num_host_alloc', 197), ('num_host_free', 0), ('reserved_bytes.allocated', 574943232), ('reserved_bytes.current', 574943232), ('reserved_bytes.freed', 0), ('reserved_bytes.peak', 574943232), ('segment.allocated', 197), ('segment.current', 197), ('segment.freed', 0), ('segment.peak', 197)])",574943232,True,process_lifetime_not_reset_per_case,327696384
455.4654899984598,29.802623748779297,425.3306541442871,"[29.802623748779297, 28.36476707458496, 28.40991973876953, 28.379840850830078, 28.34569549560547, 28.350400924682617, 28.444095611572266, 28.347871780395508, 28.35171127319336, 28.34668731689453, 28.382495880126953, 28.32383918762207, 28.331680297851562, 28.339296340942383, 28.345855712890625, 28.266496658325195]",32,70.25779274760907,cpu_serial_p128_b1_m2,cpu_serial,128,1,2,4,measured,True,46942208bb8e37d5d3df92d224355a0e0a1f2fc93e32733ba66566db3d9fce94,2014420992,110580224,127926272,10,,"OrderedDict([('allocated_bytes.allocated', 6324375552), ('allocated_bytes.current', 6324377522), ('allocated_bytes.freed', -1970), ('allocated_bytes.peak', 6324377522), ('allocation.allocated', 2167), ('allocation.current', 197), ('allocation.freed', 1970), ('allocation.peak', 197), ('host_alloc_time.avg', 547), ('host_alloc_time.count', 197), ('host_alloc_time.max', 25494), ('host_alloc_time.min', 1), ('host_alloc_time.total', 107914), ('host_free_time.avg', 0), ('host_free_time.count', 0), ('host_free_time.max', 0), ('host_free_time.min', 0), ('host_free_time.total', 0), ('num_host_alloc', 197), ('num_host_free', 0), ('reserved_bytes.allocated', 574943232), ('reserved_bytes.current', 574943232), ('reserved_bytes.freed', 0), ('reserved_bytes.peak', 574943232), ('segment.allocated', 197), ('segment.current', 197), ('segment.freed', 0), ('segment.peak', 197)])",574943232,True,process_lifetime_not_reset_per_case,327696384
455.3282340057194,29.803552627563477,425.2042236328125,"[29.803552627563477, 28.35491180419922, 28.35968017578125, 28.346879959106445, 28.340351104736328, 28.346784591674805, 28.361759185791016, 28.343488693237305, 28.34124755859375, 28.364255905151367, 28.35740852355957, 28.364063262939453, 28.36355209350586, 28.36617660522461, 28.342687606811523, 28.2509765625]",32,70.27897154209428,cpu_serial_p128_b1_m2,cpu_serial,128,1,2,5,measured,True,46942208bb8e37d5d3df92d224355a0e0a1f2fc93e32733ba66566db3d9fce94,2014420992,110580224,127926272,10,,"OrderedDict([('allocated_bytes.allocated', 6324375552), ('allocated_bytes.current', 6324377522), ('allocated_bytes.freed', -1970), ('allocated_bytes.peak', 6324377522), ('allocation.allocated', 2167), ('allocation.current', 197), ('allocation.freed', 1970), ('allocation.peak', 197), ('host_alloc_time.avg', 547), ('host_alloc_time.count', 197), ('host_alloc_time.max', 25494), ('host_alloc_time.min', 1), ('host_alloc_time.total', 107914), ('host_free_time.avg', 0), ('host_free_time.count', 0), ('host_free_time.max', 0), ('host_free_time.min', 0), ('host_free_time.total', 0), ('num_host_alloc', 197), ('num_host_free', 0), ('reserved_bytes.allocated', 574943232), ('reserved_bytes.current', 574943232), ('reserved_bytes.freed', 0), ('reserved_bytes.peak', 574943232), ('segment.allocated', 197), ('segment.current', 197), ('segment.freed', 0), ('segment.peak', 197)])",574943232,True,process_lifetime_not_reset_per_case,327696384
455.37032512947917,29.817087173461914,425.18210792541504,"[29.817087173461914, 28.35139274597168, 28.369600296020508, 28.348608016967773, 28.352703094482422, 28.343839645385742, 28.339616775512695, 28.35487937927246, 28.377151489257812, 28.34137535095215, 28.35215950012207, 28.352703094482422, 28.350431442260742, 28.354368209838867, 28.360767364501953, 28.232511520385742]",32,70.27247546466972,cpu_serial_p128_b1_m2,cpu_serial,128,1,2,6,measured,True,46942208bb8e37d5d3df92d224355a0e0a1f2fc93e32733ba66566db3d9fce94,2014420992,110580224,127926272,10,,"OrderedDict([('allocated_bytes.allocated', 6324375552), ('allocated_bytes.current', 6324377522), ('allocated_bytes.freed', -1970), ('allocated_bytes.peak', 6324377522), ('allocation.allocated', 2167), ('allocation.current', 197), ('allocation.freed', 1970), ('allocation.peak', 197), ('host_alloc_time.avg', 547), ('host_alloc_time.count', 197), ('host_alloc_time.max', 25494), ('host_alloc_time.min', 1), ('host_alloc_time.total', 107914), ('host_free_time.avg', 0), ('host_free_time.count', 0), ('host_free_time.max', 0), ('host_free_time.min', 0), ('host_free_time.total', 0), ('num_host_alloc', 197), ('num_host_free', 0), ('reserved_bytes.allocated', 574943232), ('reserved_bytes.current', 574943232), ('reserved_bytes.freed', 0), ('reserved_bytes.peak', 574943232), ('segment.allocated', 197), ('segment.current', 197), ('segment.freed', 0), ('segment.peak', 197)])",574943232,True,process_lifetime_not_reset_per_case,327696384
462.9438598640263,29.38652801513672,426.8099193572998,"[29.38652801513672, 28.819135665893555, 28.811904907226562, 29.15679931640625, 28.90768051147461, 29.003679275512695, 28.91721534729004, 28.827743530273438, 28.77689552307129, 28.802656173706055, 28.79680061340332, 28.986976623535156, 28.793664932250977, 28.843135833740234, 28.768159866333008, 22.597471237182617]",32,69.12285219507801,cpu_overlap_p128_b1_m2,cpu_overlap,128,1,2,0,measured,True,46942208bb8e37d5d3df92d224355a0e0a1f2fc93e32733ba66566db3d9fce94,2014420992,191323648,230686720,10,,"OrderedDict([('allocated_bytes.allocated', 6899318784), ('allocated_bytes.current', 6899320951), ('allocated_bytes.freed', -2167), ('allocated_bytes.peak', 6899320951), ('allocation.allocated', 2364), ('allocation.current', 197), ('allocation.freed', 2167), ('allocation.peak', 197), ('host_alloc_time.avg', 547), ('host_alloc_time.count', 197), ('host_alloc_time.max', 25494), ('host_alloc_time.min', 1), ('host_alloc_time.total', 107914), ('host_free_time.avg', 0), ('host_free_time.count', 0), ('host_free_time.max', 0), ('host_free_time.min', 0), ('host_free_time.total', 0), ('num_host_alloc', 197), ('num_host_free', 0), ('reserved_bytes.allocated', 574943232), ('reserved_bytes.current', 574943232), ('reserved_bytes.freed', 0), ('reserved_bytes.peak', 574943232), ('segment.allocated', 197), ('segment.current', 197), ('segment.freed', 0), ('segment.peak', 197)])",574943232,True,process_lifetime_not_reset_per_case,327696384
462.07455825060606,29.313152313232422,426.1795845031738,"[29.313152313232422, 28.806751251220703, 28.800575256347656, 28.84262466430664, 28.774944305419922, 28.79248046875, 28.778207778930664, 28.77961540222168, 28.893760681152344, 28.869632720947266, 28.88591957092285, 28.86342430114746, 28.82828712463379, 28.78771209716797, 28.806976318359375, 22.668672561645508]",32,69.25289312865567,cpu_overlap_p128_b1_m2,cpu_overlap,128,1,2,1,measured,True,46942208bb8e37d5d3df92d224355a0e0a1f2fc93e32733ba66566db3d9fce94,2014420992,191323648,230686720,10,,"OrderedDict([('allocated_bytes.allocated', 6899318784), ('allocated_bytes.current', 6899320951), ('allocated_bytes.freed', -2167), ('allocated_bytes.peak', 6899320951), ('allocation.allocated', 2364), ('allocation.current', 197), ('allocation.freed', 2167), ('allocation.peak', 197), ('host_alloc_time.avg', 547), ('host_alloc_time.count', 197), ('host_alloc_time.max', 25494), ('host_alloc_time.min', 1), ('host_alloc_time.total', 107914), ('host_free_time.avg', 0), ('host_free_time.count', 0), ('host_free_time.max', 0), ('host_free_time.min', 0), ('host_free_time.total', 0), ('num_host_alloc', 197), ('num_host_free', 0), ('reserved_bytes.allocated', 574943232), ('reserved_bytes.current', 574943232), ('reserved_bytes.freed', 0), ('reserved_bytes.peak', 574943232), ('segment.allocated', 197), ('segment.current', 197), ('segment.freed', 0), ('segment.peak', 197)])",574943232,True,process_lifetime_not_reset_per_case,327696384
463.5435100644827,29.772384643554688,427.13203048706055,"[29.772384643554688, 29.05241584777832, 28.822784423828125, 28.96726417541504, 28.957151412963867, 28.81065559387207, 28.89356803894043, 28.784128189086914, 28.83260726928711, 28.822175979614258, 28.813119888305664, 28.85843276977539, 28.849727630615234, 29.127519607543945, 28.87273597717285, 22.667743682861328]",32,69.03343333519769,cpu_overlap_p128_b1_m2,cpu_overlap,128,1,2,2,measured,True,46942208bb8e37d5d3df92d224355a0e0a1f2fc93e32733ba66566db3d9fce94,2014420992,191323648,230686720,10,,"OrderedDict([('allocated_bytes.allocated', 6899318784), ('allocated_bytes.current', 6899320951), ('allocated_bytes.freed', -2167), ('allocated_bytes.peak', 6899320951), ('allocation.allocated', 2364), ('allocation.current', 197), ('allocation.freed', 2167), ('allocation.peak', 197), ('host_alloc_time.avg', 547), ('host_alloc_time.count', 197), ('host_alloc_time.max', 25494), ('host_alloc_time.min', 1), ('host_alloc_time.total', 107914), ('host_free_time.avg', 0), ('host_free_time.count', 0), ('host_free_time.max', 0), ('host_free_time.min', 0), ('host_free_time.total', 0), ('num_host_alloc', 197), ('num_host_free', 0), ('reserved_bytes.allocated', 574943232), ('reserved_bytes.current', 574943232), ('reserved_bytes.freed', 0), ('reserved_bytes.peak', 574943232), ('segment.allocated', 197), ('segment.current', 197), ('segment.freed', 0), ('segment.peak', 197)])",574943232,True,process_lifetime_not_reset_per_case,327696384
462.4154712073505,29.337215423583984,426.4823360443115,"[29.337215423583984, 28.81692886352539, 28.876256942749023, 28.831296920776367, 28.804767608642578, 28.8288631439209, 28.99523162841797, 28.845279693603516, 28.794464111328125, 28.856159210205078, 28.790687561035156, 28.871295928955078, 28.838783264160156, 28.86739158630371, 28.799840927124023, 22.665088653564453]",32,69.20183685993275,cpu_overlap_p128_b1_m2,cpu_overlap,128,1,2,3,measured,True,46942208bb8e37d5d3df92d224355a0e0a1f2fc93e32733ba66566db3d9fce94,2014420992,191323648,230686720,10,,"OrderedDict([('allocated_bytes.allocated', 6899318784), ('allocated_bytes.current', 6899320951), ('allocated_bytes.freed', -2167), ('allocated_bytes.peak', 6899320951), ('allocation.allocated', 2364), ('allocation.current', 197), ('allocation.freed', 2167), ('allocation.peak', 197), ('host_alloc_time.avg', 547), ('host_alloc_time.count', 197), ('host_alloc_time.max', 25494), ('host_alloc_time.min', 1), ('host_alloc_time.total', 107914), ('host_free_time.avg', 0), ('host_free_time.count', 0), ('host_free_time.max', 0), ('host_free_time.min', 0), ('host_free_time.total', 0), ('num_host_alloc', 197), ('num_host_free', 0), ('reserved_bytes.allocated', 574943232), ('reserved_bytes.current', 574943232), ('reserved_bytes.freed', 0), ('reserved_bytes.peak', 574943232), ('segment.allocated', 197), ('segment.current', 197), ('segment.freed', 0), ('segment.peak', 197)])",574943232,True,process_lifetime_not_reset_per_case,327696384
461.8526780977845,29.35366439819336,425.8847999572754,"[29.35366439819336, 28.810848236083984, 28.805631637573242, 28.796031951904297, 28.782880783081055, 28.8121280670166, 28.79248046875, 28.792863845825195, 28.8275203704834, 28.82931137084961, 28.805599212646484, 28.80633544921875, 28.793344497680664, 28.81011199951172, 28.774208068847656, 22.645503997802734]",32,69.28616313712246,cpu_overlap_p128_b1_m2,cpu_overlap,128,1,2,4,measured,True,46942208bb8e37d5d3df92d224355a0e0a1f2fc93e32733ba66566db3d9fce94,2014420992,191323648,230686720,10,,"OrderedDict([('allocated_bytes.allocated', 6899318784), ('allocated_bytes.current', 6899320951), ('allocated_bytes.freed', -2167), ('allocated_bytes.peak', 6899320951), ('allocation.allocated', 2364), ('allocation.current', 197), ('allocation.freed', 2167), ('allocation.peak', 197), ('host_alloc_time.avg', 547), ('host_alloc_time.count', 197), ('host_alloc_time.max', 25494), ('host_alloc_time.min', 1), ('host_alloc_time.total', 107914), ('host_free_time.avg', 0), ('host_free_time.count', 0), ('host_free_time.max', 0), ('host_free_time.min', 0), ('host_free_time.total', 0), ('num_host_alloc', 197), ('num_host_free', 0), ('reserved_bytes.allocated', 574943232), ('reserved_bytes.current', 574943232), ('reserved_bytes.freed', 0), ('reserved_bytes.peak', 574943232), ('segment.allocated', 197), ('segment.current', 197), ('segment.freed', 0), ('segment.peak', 197)])",574943232,True,process_lifetime_not_reset_per_case,327696384
461.8734922260046,29.31862449645996,426.0150737762451,"[29.31862449645996, 28.85910415649414, 28.787456512451172, 28.790559768676758, 28.774688720703125, 28.812063217163086, 28.769184112548828, 28.796703338623047, 28.804128646850586, 28.849760055541992, 28.8175048828125, 28.833951950073242, 28.793888092041016, 28.85875129699707, 28.806560516357422, 22.660768508911133]",32,69.28304078628898,cpu_overlap_p128_b1_m2,cpu_overlap,128,1,2,5,measured,True,46942208bb8e37d5d3df92d224355a0e0a1f2fc93e32733ba66566db3d9fce94,2014420992,191323648,230686720,10,,"OrderedDict([('allocated_bytes.allocated', 6899318784), ('allocated_bytes.current', 6899320951), ('allocated_bytes.freed', -2167), ('allocated_bytes.peak', 6899320951), ('allocation.allocated', 2364), ('allocation.current', 197), ('allocation.freed', 2167), ('allocation.peak', 197), ('host_alloc_time.avg', 547), ('host_alloc_time.count', 197), ('host_alloc_time.max', 25494), ('host_alloc_time.min', 1), ('host_alloc_time.total', 107914), ('host_free_time.avg', 0), ('host_free_time.count', 0), ('host_free_time.max', 0), ('host_free_time.min', 0), ('host_free_time.total', 0), ('num_host_alloc', 197), ('num_host_free', 0), ('reserved_bytes.allocated', 574943232), ('reserved_bytes.current', 574943232), ('reserved_bytes.freed', 0), ('reserved_bytes.peak', 574943232), ('segment.allocated', 197), ('segment.current', 197), ('segment.freed', 0), ('segment.peak', 197)])",574943232,True,process_lifetime_not_reset_per_case,327696384
462.03946229070425,29.33568000793457,426.1116771697998,"[29.33568000793457, 28.815935134887695, 28.89151954650879, 28.800159454345703, 28.786144256591797, 28.84169578552246, 28.822368621826172, 28.829631805419922, 28.79475212097168, 28.81670379638672, 28.813983917236328, 28.814495086669922, 28.833663940429688, 28.786880493164062, 28.825471878051758, 22.63827133178711]",32,69.25815349483365,cpu_overlap_p128_b1_m2,cpu_overlap,128,1,2,6,measured,True,46942208bb8e37d5d3df92d224355a0e0a1f2fc93e32733ba66566db3d9fce94,2014420992,191323648,230686720,10,,"OrderedDict([('allocated_bytes.allocated', 6899318784), ('allocated_bytes.current', 6899320951), ('allocated_bytes.freed', -2167), ('allocated_bytes.peak', 6899320951), ('allocation.allocated', 2364), ('allocation.current', 197), ('allocation.freed', 2167), ('allocation.peak', 197), ('host_alloc_time.avg', 547), ('host_alloc_time.count', 197), ('host_alloc_time.max', 25494), ('host_alloc_time.min', 1), ('host_alloc_time.total', 107914), ('host_free_time.avg', 0), ('host_free_time.count', 0), ('host_free_time.max', 0), ('host_free_time.min', 0), ('host_free_time.total', 0), ('num_host_alloc', 197), ('num_host_free', 0), ('reserved_bytes.allocated', 574943232), ('reserved_bytes.current', 574943232), ('reserved_bytes.freed', 0), ('reserved_bytes.peak', 574943232), ('segment.allocated', 197), ('segment.current', 197), ('segment.freed', 0), ('segment.peak', 197)])",574943232,True,process_lifetime_not_reset_per_case,327696384
47.57241904735565,5.976863861083984,41.340576171875,"[5.976863861083984, 2.7487359046936035, 2.7590720653533936, 2.7532479763031006, 2.789760112762451, 2.7861759662628174, 2.7952001094818115, 2.750943899154663, 2.805216073989868, 2.7893118858337402, 2.777631998062134, 2.761568069458008, 2.7601280212402344, 2.7245121002197266, 2.7318079471588135, 2.6072640419006348]",64,1345.3173347416205,gpu_p128_b4_m1,gpu,128,4,1,0,measured,True,4d70e15cc963c92896ff979af84b1dc49e94e544a5119dcc335a41d75535a061,2014420992,418740224,450887680,10,,"OrderedDict([('allocated_bytes.allocated', 6899318784), ('allocated_bytes.current', 6899320951), ('allocated_bytes.freed', -2167), ('allocated_bytes.peak', 6899320951), ('allocation.allocated', 2364), ('allocation.current', 197), ('allocation.freed', 2167), ('allocation.peak', 197), ('host_alloc_time.avg', 547), ('host_alloc_time.count', 197), ('host_alloc_time.max', 25494), ('host_alloc_time.min', 1), ('host_alloc_time.total', 107914), ('host_free_time.avg', 0), ('host_free_time.count', 0), ('host_free_time.max', 0), ('host_free_time.min', 0), ('host_free_time.total', 0), ('num_host_alloc', 197), ('num_host_free', 0), ('reserved_bytes.allocated', 574943232), ('reserved_bytes.current', 574943232), ('reserved_bytes.freed', 0), ('reserved_bytes.peak', 574943232), ('segment.allocated', 197), ('segment.current', 197), ('segment.freed', 0), ('segment.peak', 197)])",574943232,True,process_lifetime_not_reset_per_case,0
47.392993699759245,5.9863362312316895,41.15510416030884,"[5.9863362312316895, 2.760256052017212, 2.802016019821167, 2.7692480087280273, 2.7198400497436523, 2.725696086883545, 2.816159963607788, 2.7694079875946045, 2.743680000305176, 2.756351947784424, 2.7687039375305176, 2.729151964187622, 2.7445120811462402, 2.71779203414917, 2.748863935470581, 2.5834240913391113]",64,1350.4105776783863,gpu_p128_b4_m1,gpu,128,4,1,1,measured,True,4d70e15cc963c92896ff979af84b1dc49e94e544a5119dcc335a41d75535a061,2014420992,418740224,450887680,10,,"OrderedDict([('allocated_bytes.allocated', 6899318784), ('allocated_bytes.current', 6899320951), ('allocated_bytes.freed', -2167), ('allocated_bytes.peak', 6899320951), ('allocation.allocated', 2364), ('allocation.current', 197), ('allocation.freed', 2167), ('allocation.peak', 197), ('host_alloc_time.avg', 547), ('host_alloc_time.count', 197), ('host_alloc_time.max', 25494), ('host_alloc_time.min', 1), ('host_alloc_time.total', 107914), ('host_free_time.avg', 0), ('host_free_time.count', 0), ('host_free_time.max', 0), ('host_free_time.min', 0), ('host_free_time.total', 0), ('num_host_alloc', 197), ('num_host_free', 0), ('reserved_bytes.allocated', 574943232), ('reserved_bytes.current', 574943232), ('reserved_bytes.freed', 0), ('reserved_bytes.peak', 574943232), ('segment.allocated', 197), ('segment.current', 197), ('segment.freed', 0), ('segment.peak', 197)])",574943232,True,process_lifetime_not_reset_per_case,0
46.98600107803941,5.943808078765869,40.79148840904236,"[5.943808078765869, 2.710592031478882, 2.718496084213257, 2.723968029022217, 2.7697598934173584, 2.7356159687042236, 2.742464065551758, 2.7272961139678955, 2.720319986343384, 2.7554240226745605, 2.7174720764160156, 2.715519905090332, 2.7155520915985107, 2.7376320362091064, 2.7004480361938477, 2.6009280681610107]",64,1362.1078306643274,gpu_p128_b4_m1,gpu,128,4,1,2,measured,True,4d70e15cc963c92896ff979af84b1dc49e94e544a5119dcc335a41d75535a061,2014420992,418740224,450887680,10,,"OrderedDict([('allocated_bytes.allocated', 6899318784), ('allocated_bytes.current', 6899320951), ('allocated_bytes.freed', -2167), ('allocated_bytes.peak', 6899320951), ('allocation.allocated', 2364), ('allocation.current', 197), ('allocation.freed', 2167), ('allocation.peak', 197), ('host_alloc_time.avg', 547), ('host_alloc_time.count', 197), ('host_alloc_time.max', 25494), ('host_alloc_time.min', 1), ('host_alloc_time.total', 107914), ('host_free_time.avg', 0), ('host_free_time.count', 0), ('host_free_time.max', 0), ('host_free_time.min', 0), ('host_free_time.total', 0), ('num_host_alloc', 197), ('num_host_free', 0), ('reserved_bytes.allocated', 574943232), ('reserved_bytes.current', 574943232), ('reserved_bytes.freed', 0), ('reserved_bytes.peak', 574943232), ('segment.allocated', 197), ('segment.current', 197), ('segment.freed', 0), ('segment.peak', 197)])",574943232,True,process_lifetime_not_reset_per_case,0
47.0417202450335,5.970335960388184,40.75814366340637,"[5.970335960388184, 2.761535882949829, 2.737407922744751, 2.7184319496154785, 2.6981759071350098, 2.7477760314941406, 2.7098560333251953, 2.6866559982299805, 2.7031679153442383, 2.772736072540283, 2.713632106781006, 2.7462079524993896, 2.72761607170105, 2.732383966445923, 2.73091197013855, 2.571647882461548]",64,1360.4944646291265,gpu_p128_b4_m1,gpu,128,4,1,3,measured,True,4d70e15cc963c92896ff979af84b1dc49e94e544a5119dcc335a41d75535a061,2014420992,418740224,450887680,10,,"OrderedDict([('allocated_bytes.allocated', 6899318784), ('allocated_bytes.current', 6899320951), ('allocated_bytes.freed', -2167), ('allocated_bytes.peak', 6899320951), ('allocation.allocated', 2364), ('allocation.current', 197), ('allocation.freed', 2167), ('allocation.peak', 197), ('host_alloc_time.avg', 547), ('host_alloc_time.count', 197), ('host_alloc_time.max', 25494), ('host_alloc_time.min', 1), ('host_alloc_time.total', 107914), ('host_free_time.avg', 0), ('host_free_time.count', 0), ('host_free_time.max', 0), ('host_free_time.min', 0), ('host_free_time.total', 0), ('num_host_alloc', 197), ('num_host_free', 0), ('reserved_bytes.allocated', 574943232), ('reserved_bytes.current', 574943232), ('reserved_bytes.freed', 0), ('reserved_bytes.peak', 574943232), ('segment.allocated', 197), ('segment.current', 197), ('segment.freed', 0), ('segment.peak', 197)])",574943232,True,process_lifetime_not_reset_per_case,0
46.93994112312794,5.957727909088135,40.73145580291748,"[5.957727909088135, 2.716032028198242, 2.752255916595459, 2.7253758907318115, 2.705471992492676, 2.712735891342163, 2.7461440563201904, 2.7001280784606934, 2.7596800327301025, 2.700511932373047, 2.746367931365967, 2.6891839504241943, 2.76908802986145, 2.7070720195770264, 2.713376045227051, 2.5880320072174072]",64,1363.4444029685062,gpu_p128_b4_m1,gpu,128,4,1,4,measured,True,4d70e15cc963c92896ff979af84b1dc49e94e544a5119dcc335a41d75535a061,2014420992,418740224,450887680,10,,"OrderedDict([('allocated_bytes.allocated', 6899318784), ('allocated_bytes.current', 6899320951), ('allocated_bytes.freed', -2167), ('allocated_bytes.peak', 6899320951), ('allocation.allocated', 2364), ('allocation.current', 197), ('allocation.freed', 2167), ('allocation.peak', 197), ('host_alloc_time.avg', 547), ('host_alloc_time.count', 197), ('host_alloc_time.max', 25494), ('host_alloc_time.min', 1), ('host_alloc_time.total', 107914), ('host_free_time.avg', 0), ('host_free_time.count', 0), ('host_free_time.max', 0), ('host_free_time.min', 0), ('host_free_time.total', 0), ('num_host_alloc', 197), ('num_host_free', 0), ('reserved_bytes.allocated', 574943232), ('reserved_bytes.current', 574943232), ('reserved_bytes.freed', 0), ('reserved_bytes.peak', 574943232), ('segment.allocated', 197), ('segment.current', 197), ('segment.freed', 0), ('segment.peak', 197)])",574943232,True,process_lifetime_not_reset_per_case,0
46.78379697725177,5.9555840492248535,40.582592248916626,"[5.9555840492248535, 2.7194879055023193, 2.719520092010498, 2.6906239986419678, 2.71014404296875, 2.6895360946655273, 2.6960320472717285, 2.701375961303711, 2.704319953918457, 2.7259840965270996, 2.7062718868255615, 2.7535359859466553, 2.7242560386657715, 2.731264114379883, 2.7145919799804688, 2.5956480503082275]",64,1367.99499260651,gpu_p128_b4_m1,gpu,128,4,1,5,measured,True,4d70e15cc963c92896ff979af84b1dc49e94e544a5119dcc335a41d75535a061,2014420992,418740224,450887680,10,,"OrderedDict([('allocated_bytes.allocated', 6899318784), ('allocated_bytes.current', 6899320951), ('allocated_bytes.freed', -2167), ('allocated_bytes.peak', 6899320951), ('allocation.allocated', 2364), ('allocation.current', 197), ('allocation.freed', 2167), ('allocation.peak', 197), ('host_alloc_time.avg', 547), ('host_alloc_time.count', 197), ('host_alloc_time.max', 25494), ('host_alloc_time.min', 1), ('host_alloc_time.total', 107914), ('host_free_time.avg', 0), ('host_free_time.count', 0), ('host_free_time.max', 0), ('host_free_time.min', 0), ('host_free_time.total', 0), ('num_host_alloc', 197), ('num_host_free', 0), ('reserved_bytes.allocated', 574943232), ('reserved_bytes.current', 574943232), ('reserved_bytes.freed', 0), ('reserved_bytes.peak', 574943232), ('segment.allocated', 197), ('segment.current', 197), ('segment.freed', 0), ('segment.peak', 197)])",574943232,True,process_lifetime_not_reset_per_case,0
46.80407699197531,5.952608108520508,40.60310411453247,"[5.952608108520508, 2.7225921154022217, 2.693631887435913, 2.6907520294189453, 2.738271951675415, 2.7066879272460938, 2.6992321014404297, 2.681920051574707, 2.7335360050201416, 2.731935977935791, 2.698496103286743, 2.7186880111694336, 2.747231960296631, 2.7085120677948, 2.7449278831481934, 2.5866880416870117]",64,1367.4022459832502,gpu_p128_b4_m1,gpu,128,4,1,6,measured,True,4d70e15cc963c92896ff979af84b1dc49e94e544a5119dcc335a41d75535a061,2014420992,418740224,450887680,10,,"OrderedDict([('allocated_bytes.allocated', 6899318784), ('allocated_bytes.current', 6899320951), ('allocated_bytes.freed', -2167), ('allocated_bytes.peak', 6899320951), ('allocation.allocated', 2364), ('allocation.current', 197), ('allocation.freed', 2167), ('allocation.peak', 197), ('host_alloc_time.avg', 547), ('host_alloc_time.count', 197), ('host_alloc_time.max', 25494), ('host_alloc_time.min', 1), ('host_alloc_time.total', 107914), ('host_free_time.avg', 0), ('host_free_time.count', 0), ('host_free_time.max', 0), ('host_free_time.min', 0), ('host_free_time.total', 0), ('num_host_alloc', 197), ('num_host_free', 0), ('reserved_bytes.allocated', 574943232), ('reserved_bytes.current', 574943232), ('reserved_bytes.freed', 0), ('reserved_bytes.peak', 574943232), ('segment.allocated', 197), ('segment.current', 197), ('segment.freed', 0), ('segment.peak', 197)])",574943232,True,process_lifetime_not_reset_per_case,0
436.49789690971375,31.397823333740234,404.8103675842285,"[31.397823333740234, 27.051231384277344, 27.015552520751953, 26.996320724487305, 27.00441551208496, 26.953088760375977, 26.974111557006836, 26.965728759765625, 26.96499252319336, 26.998687744140625, 27.00668716430664, 27.01193618774414, 27.0100154876709, 26.968351364135742, 26.985055923461914, 26.904191970825195]",64,146.621554085604,cpu_serial_p128_b4_m1,cpu_serial,128,4,1,0,measured,True,4d70e15cc963c92896ff979af84b1dc49e94e544a5119dcc335a41d75535a061,2014486528,161075200,184549376,10,,"OrderedDict([('allocated_bytes.allocated', 7474262016), ('allocated_bytes.current', 7474264380), ('allocated_bytes.freed', -2364), ('allocated_bytes.peak', 7474264380), ('allocation.allocated', 2561), ('allocation.current', 197), ('allocation.freed', 2364), ('allocation.peak', 197), ('host_alloc_time.avg', 547), ('host_alloc_time.count', 197), ('host_alloc_time.max', 25494), ('host_alloc_time.min', 1), ('host_alloc_time.total', 107914), ('host_free_time.avg', 0), ('host_free_time.count', 0), ('host_free_time.max', 0), ('host_free_time.min', 0), ('host_free_time.total', 0), ('num_host_alloc', 197), ('num_host_free', 0), ('reserved_bytes.allocated', 574943232), ('reserved_bytes.current', 574943232), ('reserved_bytes.freed', 0), ('reserved_bytes.peak', 574943232), ('segment.allocated', 197), ('segment.current', 197), ('segment.freed', 0), ('segment.peak', 197)])",574943232,True,process_lifetime_not_reset_per_case,327696384
436.0391511581838,31.26460838317871,404.5345935821533,"[31.26460838317871, 26.994592666625977, 26.95315170288086, 26.981311798095703, 26.935136795043945, 26.95302391052246, 26.965951919555664, 27.00809669494629, 26.94451141357422, 26.97808074951172, 26.996896743774414, 26.9237117767334, 26.97817611694336, 27.0183048248291, 26.998783111572266, 26.904863357543945]",64,146.7758109105722,cpu_serial_p128_b4_m1,cpu_serial,128,4,1,1,measured,True,4d70e15cc963c92896ff979af84b1dc49e94e544a5119dcc335a41d75535a061,2014486528,161075200,184549376,10,,"OrderedDict([('allocated_bytes.allocated', 7474262016), ('allocated_bytes.current', 7474264380), ('allocated_bytes.freed', -2364), ('allocated_bytes.peak', 7474264380), ('allocation.allocated', 2561), ('allocation.current', 197), ('allocation.freed', 2364), ('allocation.peak', 197), ('host_alloc_time.avg', 547), ('host_alloc_time.count', 197), ('host_alloc_time.max', 25494), ('host_alloc_time.min', 1), ('host_alloc_time.total', 107914), ('host_free_time.avg', 0), ('host_free_time.count', 0), ('host_free_time.max', 0), ('host_free_time.min', 0), ('host_free_time.total', 0), ('num_host_alloc', 197), ('num_host_free', 0), ('reserved_bytes.allocated', 574943232), ('reserved_bytes.current', 574943232), ('reserved_bytes.freed', 0), ('reserved_bytes.peak', 574943232), ('segment.allocated', 197), ('segment.current', 197), ('segment.freed', 0), ('segment.peak', 197)])",574943232,True,process_lifetime_not_reset_per_case,327696384
436.63927307352424,31.296127319335938,405.1150131225586,"[31.296127319335938, 26.97248077392578, 26.97318458557129, 26.971328735351562, 26.983264923095703, 26.969568252563477, 26.976991653442383, 26.91721534729004, 26.931392669677734, 26.959808349609375, 26.977792739868164, 27.199071884155273, 27.21392059326172, 27.09267234802246, 27.024736404418945, 26.951583862304688]",64,146.5740805894555,cpu_serial_p128_b4_m1,cpu_serial,128,4,1,2,measured,True,4d70e15cc963c92896ff979af84b1dc49e94e544a5119dcc335a41d75535a061,2014486528,161075200,184549376,10,,"OrderedDict([('allocated_bytes.allocated', 7474262016), ('allocated_bytes.current', 7474264380), ('allocated_bytes.freed', -2364), ('allocated_bytes.peak', 7474264380), ('allocation.allocated', 2561), ('allocation.current', 197), ('allocation.freed', 2364), ('allocation.peak', 197), ('host_alloc_time.avg', 547), ('host_alloc_time.count', 197), ('host_alloc_time.max', 25494), ('host_alloc_time.min', 1), ('host_alloc_time.total', 107914), ('host_free_time.avg', 0), ('host_free_time.count', 0), ('host_free_time.max', 0), ('host_free_time.min', 0), ('host_free_time.total', 0), ('num_host_alloc', 197), ('num_host_free', 0), ('reserved_bytes.allocated', 574943232), ('reserved_bytes.current', 574943232), ('reserved_bytes.freed', 0), ('reserved_bytes.peak', 574943232), ('segment.allocated', 197), ('segment.current', 197), ('segment.freed', 0), ('segment.peak', 197)])",574943232,True,process_lifetime_not_reset_per_case,327696384
436.89039209857583,31.476959228515625,405.05513763427734,"[31.476959228515625, 27.000511169433594, 27.04854393005371, 26.996063232421875, 27.0248966217041, 26.962560653686523, 26.986879348754883, 27.028287887573242, 26.964704513549805, 26.975296020507812, 26.997888565063477, 27.068544387817383, 27.066495895385742, 27.009376525878906, 26.986783981323242, 26.938304901123047]",64,146.48983167741451,cpu_serial_p128_b4_m1,cpu_serial,128,4,1,3,measured,True,4d70e15cc963c92896ff979af84b1dc49e94e544a5119dcc335a41d75535a061,2014486528,161075200,184549376,10,,"OrderedDict([('allocated_bytes.allocated', 7474262016), ('allocated_bytes.current', 7474264380), ('allocated_bytes.freed', -2364), ('allocated_bytes.peak', 7474264380), ('allocation.allocated', 2561), ('allocation.current', 197), ('allocation.freed', 2364), ('allocation.peak', 197), ('host_alloc_time.avg', 547), ('host_alloc_time.count', 197), ('host_alloc_time.max', 25494), ('host_alloc_time.min', 1), ('host_alloc_time.total', 107914), ('host_free_time.avg', 0), ('host_free_time.count', 0), ('host_free_time.max', 0), ('host_free_time.min', 0), ('host_free_time.total', 0), ('num_host_alloc', 197), ('num_host_free', 0), ('reserved_bytes.allocated', 574943232), ('reserved_bytes.current', 574943232), ('reserved_bytes.freed', 0), ('reserved_bytes.peak', 574943232), ('segment.allocated', 197), ('segment.current', 197), ('segment.freed', 0), ('segment.peak', 197)])",574943232,True,process_lifetime_not_reset_per_case,327696384
436.16647413000464,31.315872192382812,404.610689163208,"[31.315872192382812, 26.97248077392578, 26.92723274230957, 26.968799591064453, 26.95769691467285, 26.957120895385742, 26.9913272857666, 27.00124740600586, 26.96771240234375, 26.961023330688477, 26.98588752746582, 27.01900863647461, 27.014240264892578, 26.9968318939209, 27.00534439086914, 26.884735107421875]",64,146.73296503968353,cpu_serial_p128_b4_m1,cpu_serial,128,4,1,4,measured,True,4d70e15cc963c92896ff979af84b1dc49e94e544a5119dcc335a41d75535a061,2014486528,161075200,184549376,10,,"OrderedDict([('allocated_bytes.allocated', 7474262016), ('allocated_bytes.current', 7474264380), ('allocated_bytes.freed', -2364), ('allocated_bytes.peak', 7474264380), ('allocation.allocated', 2561), ('allocation.current', 197), ('allocation.freed', 2364), ('allocation.peak', 197), ('host_alloc_time.avg', 547), ('host_alloc_time.count', 197), ('host_alloc_time.max', 25494), ('host_alloc_time.min', 1), ('host_alloc_time.total', 107914), ('host_free_time.avg', 0), ('host_free_time.count', 0), ('host_free_time.max', 0), ('host_free_time.min', 0), ('host_free_time.total', 0), ('num_host_alloc', 197), ('num_host_free', 0), ('reserved_bytes.allocated', 574943232), ('reserved_bytes.current', 574943232), ('reserved_bytes.freed', 0), ('reserved_bytes.peak', 574943232), ('segment.allocated', 197), ('segment.current', 197), ('segment.freed', 0), ('segment.peak', 197)])",574943232,True,process_lifetime_not_reset_per_case,327696384
436.13489903509617,31.305152893066406,404.6054344177246,"[31.305152893066406, 26.988927841186523, 26.94380760192871, 26.977407455444336, 26.96963119506836, 26.968351364135742, 26.99523162841797, 27.00873565673828, 26.9597110748291, 27.00841522216797, 26.954912185668945, 26.9737606048584, 26.963455200195312, 26.961631774902344, 27.01807975769043, 26.913375854492188]",64,146.74358814576283,cpu_serial_p128_b4_m1,cpu_serial,128,4,1,5,measured,True,4d70e15cc963c92896ff979af84b1dc49e94e544a5119dcc335a41d75535a061,2014486528,161075200,184549376,10,,"OrderedDict([('allocated_bytes.allocated', 7474262016), ('allocated_bytes.current', 7474264380), ('allocated_bytes.freed', -2364), ('allocated_bytes.peak', 7474264380), ('allocation.allocated', 2561), ('allocation.current', 197), ('allocation.freed', 2364), ('allocation.peak', 197), ('host_alloc_time.avg', 547), ('host_alloc_time.count', 197), ('host_alloc_time.max', 25494), ('host_alloc_time.min', 1), ('host_alloc_time.total', 107914), ('host_free_time.avg', 0), ('host_free_time.count', 0), ('host_free_time.max', 0), ('host_free_time.min', 0), ('host_free_time.total', 0), ('num_host_alloc', 197), ('num_host_free', 0), ('reserved_bytes.allocated', 574943232), ('reserved_bytes.current', 574943232), ('reserved_bytes.freed', 0), ('reserved_bytes.peak', 574943232), ('segment.allocated', 197), ('segment.current', 197), ('segment.freed', 0), ('segment.peak', 197)])",574943232,True,process_lifetime_not_reset_per_case,327696384
436.28882616758347,31.288288116455078,404.7788429260254,"[31.288288116455078, 26.973920822143555, 26.980127334594727, 27.04457664489746, 26.966880798339844, 26.973215103149414, 27.0581111907959, 26.98406410217285, 26.929407119750977, 26.993087768554688, 26.962751388549805, 26.978527069091797, 27.035839080810547, 27.001983642578125, 26.979679107666016, 26.916671752929688]",64,146.69181551630405,cpu_serial_p128_b4_m1,cpu_serial,128,4,1,6,measured,True,4d70e15cc963c92896ff979af84b1dc49e94e544a5119dcc335a41d75535a061,2014486528,161075200,184549376,10,,"OrderedDict([('allocated_bytes.allocated', 7474262016), ('allocated_bytes.current', 7474264380), ('allocated_bytes.freed', -2364), ('allocated_bytes.peak', 7474264380), ('allocation.allocated', 2561), ('allocation.current', 197), ('allocation.freed', 2364), ('allocation.peak', 197), ('host_alloc_time.avg', 547), ('host_alloc_time.count', 197), ('host_alloc_time.max', 25494), ('host_alloc_time.min', 1), ('host_alloc_time.total', 107914), ('host_free_time.avg', 0), ('host_free_time.count', 0), ('host_free_time.max', 0), ('host_free_time.min', 0), ('host_free_time.total', 0), ('num_host_alloc', 197), ('num_host_free', 0), ('reserved_bytes.allocated', 574943232), ('reserved_bytes.current', 574943232), ('reserved_bytes.freed', 0), ('reserved_bytes.peak', 574943232), ('segment.allocated', 197), ('segment.current', 197), ('segment.freed', 0), ('segment.peak', 197)])",574943232,True,process_lifetime_not_reset_per_case,327696384
419.40174996852875,26.212032318115234,386.7173442840576,"[26.212032318115234, 26.143871307373047, 26.132352828979492, 26.22313690185547, 26.283039093017578, 26.13203239440918, 26.144319534301758, 26.370527267456055, 26.154592514038086, 26.1976318359375, 26.176959991455078, 26.126976013183594, 26.133535385131836, 26.167936325073242, 26.13488006591797, 20.195552825927734]",64,152.59831415773172,cpu_overlap_p128_b4_m1,cpu_overlap,128,4,1,0,measured,True,4d70e15cc963c92896ff979af84b1dc49e94e544a5119dcc335a41d75535a061,2014486528,241818624,285212672,10,,"OrderedDict([('allocated_bytes.allocated', 8049205248), ('allocated_bytes.current', 8049207809), ('allocated_bytes.freed', -2561), ('allocated_bytes.peak', 8049207809), ('allocation.allocated', 2758), ('allocation.current', 197), ('allocation.freed', 2561), ('allocation.peak', 197), ('host_alloc_time.avg', 547), ('host_alloc_time.count', 197), ('host_alloc_time.max', 25494), ('host_alloc_time.min', 1), ('host_alloc_time.total', 107914), ('host_free_time.avg', 0), ('host_free_time.count', 0), ('host_free_time.max', 0), ('host_free_time.min', 0), ('host_free_time.total', 0), ('num_host_alloc', 197), ('num_host_free', 0), ('reserved_bytes.allocated', 574943232), ('reserved_bytes.current', 574943232), ('reserved_bytes.freed', 0), ('reserved_bytes.peak', 574943232), ('segment.allocated', 197), ('segment.current', 197), ('segment.freed', 0), ('segment.peak', 197)])",574943232,True,process_lifetime_not_reset_per_case,327696384
419.0790927968919,26.243167877197266,386.36915588378906,"[26.243167877197266, 26.174495697021484, 26.215328216552734, 26.144479751586914, 26.147008895874023, 26.151935577392578, 26.135360717773438, 26.153728485107422, 26.117952346801758, 26.141759872436523, 26.118080139160156, 26.17353630065918, 26.136640548706055, 26.15532875061035, 26.18921661376953, 20.214303970336914]",64,152.71580257767192,cpu_overlap_p128_b4_m1,cpu_overlap,128,4,1,1,measured,True,4d70e15cc963c92896ff979af84b1dc49e94e544a5119dcc335a41d75535a061,2014486528,241818624,285212672,10,,"OrderedDict([('allocated_bytes.allocated', 8049205248), ('allocated_bytes.current', 8049207809), ('allocated_bytes.freed', -2561), ('allocated_bytes.peak', 8049207809), ('allocation.allocated', 2758), ('allocation.current', 197), ('allocation.freed', 2561), ('allocation.peak', 197), ('host_alloc_time.avg', 547), ('host_alloc_time.count', 197), ('host_alloc_time.max', 25494), ('host_alloc_time.min', 1), ('host_alloc_time.total', 107914), ('host_free_time.avg', 0), ('host_free_time.count', 0), ('host_free_time.max', 0), ('host_free_time.min', 0), ('host_free_time.total', 0), ('num_host_alloc', 197), ('num_host_free', 0), ('reserved_bytes.allocated', 574943232), ('reserved_bytes.current', 574943232), ('reserved_bytes.freed', 0), ('reserved_bytes.peak', 574943232), ('segment.allocated', 197), ('segment.current', 197), ('segment.freed', 0), ('segment.peak', 197)])",574943232,True,process_lifetime_not_reset_per_case,327696384
419.2168270237744,26.20479965209961,386.5244197845459,"[26.20479965209961, 26.156736373901367, 26.188640594482422, 26.182687759399414, 26.18195152282715, 26.135616302490234, 26.170400619506836, 26.190784454345703, 26.127744674682617, 26.197311401367188, 26.17308807373047, 26.174848556518555, 26.140640258789062, 26.157184600830078, 26.165311813354492, 20.181472778320312]",64,152.66562760461537,cpu_overlap_p128_b4_m1,cpu_overlap,128,4,1,2,measured,True,4d70e15cc963c92896ff979af84b1dc49e94e544a5119dcc335a41d75535a061,2014486528,241818624,285212672,10,,"OrderedDict([('allocated_bytes.allocated', 8049205248), ('allocated_bytes.current', 8049207809), ('allocated_bytes.freed', -2561), ('allocated_bytes.peak', 8049207809), ('allocation.allocated', 2758), ('allocation.current', 197), ('allocation.freed', 2561), ('allocation.peak', 197), ('host_alloc_time.avg', 547), ('host_alloc_time.count', 197), ('host_alloc_time.max', 25494), ('host_alloc_time.min', 1), ('host_alloc_time.total', 107914), ('host_free_time.avg', 0), ('host_free_time.count', 0), ('host_free_time.max', 0), ('host_free_time.min', 0), ('host_free_time.total', 0), ('num_host_alloc', 197), ('num_host_free', 0), ('reserved_bytes.allocated', 574943232), ('reserved_bytes.current', 574943232), ('reserved_bytes.freed', 0), ('reserved_bytes.peak', 574943232), ('segment.allocated', 197), ('segment.current', 197), ('segment.freed', 0), ('segment.peak', 197)])",574943232,True,process_lifetime_not_reset_per_case,327696384
419.15370197966695,26.216896057128906,386.41859245300293,"[26.216896057128906, 26.153568267822266, 26.127519607543945, 26.168832778930664, 26.176223754882812, 26.130367279052734, 26.1889591217041, 26.153568267822266, 26.143455505371094, 26.130144119262695, 26.19081687927246, 26.168991088867188, 26.13580894470215, 26.133888244628906, 26.180416107177734, 20.236032485961914]",64,152.68861922900211,cpu_overlap_p128_b4_m1,cpu_overlap,128,4,1,3,measured,True,4d70e15cc963c92896ff979af84b1dc49e94e544a5119dcc335a41d75535a061,2014486528,241818624,285212672,10,,"OrderedDict([('allocated_bytes.allocated', 8049205248), ('allocated_bytes.current', 8049207809), ('allocated_bytes.freed', -2561), ('allocated_bytes.peak', 8049207809), ('allocation.allocated', 2758), ('allocation.current', 197), ('allocation.freed', 2561), ('allocation.peak', 197), ('host_alloc_time.avg', 547), ('host_alloc_time.count', 197), ('host_alloc_time.max', 25494), ('host_alloc_time.min', 1), ('host_alloc_time.total', 107914), ('host_free_time.avg', 0), ('host_free_time.count', 0), ('host_free_time.max', 0), ('host_free_time.min', 0), ('host_free_time.total', 0), ('num_host_alloc', 197), ('num_host_free', 0), ('reserved_bytes.allocated', 574943232), ('reserved_bytes.current', 574943232), ('reserved_bytes.freed', 0), ('reserved_bytes.peak', 574943232), ('segment.allocated', 197), ('segment.current', 197), ('segment.freed', 0), ('segment.peak', 197)])",574943232,True,process_lifetime_not_reset_per_case,327696384
419.0805540420115,26.182111740112305,386.4534339904785,"[26.182111740112305, 26.141151428222656, 26.197023391723633, 26.153087615966797, 26.15235137939453, 26.17545509338379, 26.142047882080078, 26.1331844329834, 26.1409912109375, 26.188383102416992, 26.129440307617188, 26.1441593170166, 26.15737533569336, 26.130367279052734, 26.191200256347656, 20.2772159576416]",64,152.71527009001758,cpu_overlap_p128_b4_m1,cpu_overlap,128,4,1,4,measured,True,4d70e15cc963c92896ff979af84b1dc49e94e544a5119dcc335a41d75535a061,2014486528,241818624,285212672,10,,"OrderedDict([('allocated_bytes.allocated', 8049205248), ('allocated_bytes.current', 8049207809), ('allocated_bytes.freed', -2561), ('allocated_bytes.peak', 8049207809), ('allocation.allocated', 2758), ('allocation.current', 197), ('allocation.freed', 2561), ('allocation.peak', 197), ('host_alloc_time.avg', 547), ('host_alloc_time.count', 197), ('host_alloc_time.max', 25494), ('host_alloc_time.min', 1), ('host_alloc_time.total', 107914), ('host_free_time.avg', 0), ('host_free_time.count', 0), ('host_free_time.max', 0), ('host_free_time.min', 0), ('host_free_time.total', 0), ('num_host_alloc', 197), ('num_host_free', 0), ('reserved_bytes.allocated', 574943232), ('reserved_bytes.current', 574943232), ('reserved_bytes.freed', 0), ('reserved_bytes.peak', 574943232), ('segment.allocated', 197), ('segment.current', 197), ('segment.freed', 0), ('segment.peak', 197)])",574943232,True,process_lifetime_not_reset_per_case,327696384
419.9600093998015,26.201152801513672,387.29321479797363,"[26.201152801513672, 26.124736785888672, 26.258176803588867, 26.148767471313477, 26.5314884185791, 26.330015182495117, 26.19487953186035, 26.17807960510254, 26.311391830444336, 26.198911666870117, 26.187999725341797, 26.14454460144043, 26.18070411682129, 26.148544311523438, 26.14918327331543, 20.205791473388672]",64,152.3954628238711,cpu_overlap_p128_b4_m1,cpu_overlap,128,4,1,5,measured,True,4d70e15cc963c92896ff979af84b1dc49e94e544a5119dcc335a41d75535a061,2014486528,241818624,285212672,10,,"OrderedDict([('allocated_bytes.allocated', 8049205248), ('allocated_bytes.current', 8049207809), ('allocated_bytes.freed', -2561), ('allocated_bytes.peak', 8049207809), ('allocation.allocated', 2758), ('allocation.current', 197), ('allocation.freed', 2561), ('allocation.peak', 197), ('host_alloc_time.avg', 547), ('host_alloc_time.count', 197), ('host_alloc_time.max', 25494), ('host_alloc_time.min', 1), ('host_alloc_time.total', 107914), ('host_free_time.avg', 0), ('host_free_time.count', 0), ('host_free_time.max', 0), ('host_free_time.min', 0), ('host_free_time.total', 0), ('num_host_alloc', 197), ('num_host_free', 0), ('reserved_bytes.allocated', 574943232), ('reserved_bytes.current', 574943232), ('reserved_bytes.freed', 0), ('reserved_bytes.peak', 574943232), ('segment.allocated', 197), ('segment.current', 197), ('segment.freed', 0), ('segment.peak', 197)])",574943232,True,process_lifetime_not_reset_per_case,327696384
419.497475028038,26.20364761352539,386.80524826049805,"[26.20364761352539, 26.143936157226562, 26.18022346496582, 26.212352752685547, 26.27302360534668, 26.198688507080078, 26.148223876953125, 26.18342399597168, 26.13759994506836, 26.182048797607422, 26.18227195739746, 26.16796875, 26.277023315429688, 26.187423706054688, 26.139007568359375, 20.192031860351562]",64,152.56349277363927,cpu_overlap_p128_b4_m1,cpu_overlap,128,4,1,6,measured,True,4d70e15cc963c92896ff979af84b1dc49e94e544a5119dcc335a41d75535a061,2014486528,241818624,285212672,10,,"OrderedDict([('allocated_bytes.allocated', 8049205248), ('allocated_bytes.current', 8049207809), ('allocated_bytes.freed', -2561), ('allocated_bytes.peak', 8049207809), ('allocation.allocated', 2758), ('allocation.current', 197), ('allocation.freed', 2561), ('allocation.peak', 197), ('host_alloc_time.avg', 547), ('host_alloc_time.count', 197), ('host_alloc_time.max', 25494), ('host_alloc_time.min', 1), ('host_alloc_time.total', 107914), ('host_free_time.avg', 0), ('host_free_time.count', 0), ('host_free_time.max', 0), ('host_free_time.min', 0), ('host_free_time.total', 0), ('num_host_alloc', 197), ('num_host_free', 0), ('reserved_bytes.allocated', 574943232), ('reserved_bytes.current', 574943232), ('reserved_bytes.freed', 0), ('reserved_bytes.peak', 574943232), ('segment.allocated', 197), ('segment.current', 197), ('segment.freed', 0), ('segment.peak', 197)])",574943232,True,process_lifetime_not_reset_per_case,327696384
93.40107208117843,11.849599838256836,81.04774379730225,"[11.849599838256836, 5.397471904754639, 5.474048137664795, 5.378176212310791, 5.403295993804932, 5.4003520011901855, 5.4312639236450195, 5.369887828826904, 5.432960033416748, 5.4694719314575195, 5.424160003662109, 5.452960014343262, 5.469888210296631, 5.484543800354004, 5.441343784332275, 5.017920017242432]",128,1370.4339484320942,gpu_p128_b4_m2,gpu,128,4,2,0,measured,True,84bf859309b6c6cb1b804fa2566092e9b06b3cc7eae5ae7cdd02d12845fae57c,2014486528,440613376,480247808,10,,"OrderedDict([('allocated_bytes.allocated', 8049205248), ('allocated_bytes.current', 8049207809), ('allocated_bytes.freed', -2561), ('allocated_bytes.peak', 8049207809), ('allocation.allocated', 2758), ('allocation.current', 197), ('allocation.freed', 2561), ('allocation.peak', 197), ('host_alloc_time.avg', 547), ('host_alloc_time.count', 197), ('host_alloc_time.max', 25494), ('host_alloc_time.min', 1), ('host_alloc_time.total', 107914), ('host_free_time.avg', 0), ('host_free_time.count', 0), ('host_free_time.max', 0), ('host_free_time.min', 0), ('host_free_time.total', 0), ('num_host_alloc', 197), ('num_host_free', 0), ('reserved_bytes.allocated', 574943232), ('reserved_bytes.current', 574943232), ('reserved_bytes.freed', 0), ('reserved_bytes.peak', 574943232), ('segment.allocated', 197), ('segment.current', 197), ('segment.freed', 0), ('segment.peak', 197)])",574943232,True,process_lifetime_not_reset_per_case,0
93.19540206342936,11.84284782409668,80.95292854309082,"[11.84284782409668, 5.441152095794678, 5.417664051055908, 5.418079853057861, 5.404799938201904, 5.39686393737793, 5.4194560050964355, 5.416128158569336, 5.503392219543457, 5.444159984588623, 5.447328090667725, 5.391136169433594, 5.457376003265381, 5.380288124084473, 5.408512115478516, 5.006591796875]",128,1373.4583162470014,gpu_p128_b4_m2,gpu,128,4,2,1,measured,True,84bf859309b6c6cb1b804fa2566092e9b06b3cc7eae5ae7cdd02d12845fae57c,2014486528,440613376,480247808,10,,"OrderedDict([('allocated_bytes.allocated', 8049205248), ('allocated_bytes.current', 8049207809), ('allocated_bytes.freed', -2561), ('allocated_bytes.peak', 8049207809), ('allocation.allocated', 2758), ('allocation.current', 197), ('allocation.freed', 2561), ('allocation.peak', 197), ('host_alloc_time.avg', 547), ('host_alloc_time.count', 197), ('host_alloc_time.max', 25494), ('host_alloc_time.min', 1), ('host_alloc_time.total', 107914), ('host_free_time.avg', 0), ('host_free_time.count', 0), ('host_free_time.max', 0), ('host_free_time.min', 0), ('host_free_time.total', 0), ('num_host_alloc', 197), ('num_host_free', 0), ('reserved_bytes.allocated', 574943232), ('reserved_bytes.current', 574943232), ('reserved_bytes.freed', 0), ('reserved_bytes.peak', 574943232), ('segment.allocated', 197), ('segment.current', 197), ('segment.freed', 0), ('segment.peak', 197)])",574943232,True,process_lifetime_not_reset_per_case,0
93.23839098215103,11.83788776397705,80.99833488464355,"[11.83788776397705, 5.430335998535156, 5.477503776550293, 5.391615867614746, 5.4054718017578125, 5.436863899230957, 5.436831951141357, 5.3903679847717285, 5.469503879547119, 5.43449592590332, 5.478559970855713, 5.399263858795166, 5.454880237579346, 5.397823810577393, 5.4324798583984375, 4.96233606338501]",128,1372.8250632778886,gpu_p128_b4_m2,gpu,128,4,2,2,measured,True,84bf859309b6c6cb1b804fa2566092e9b06b3cc7eae5ae7cdd02d12845fae57c,2014486528,440613376,480247808,10,,"OrderedDict([('allocated_bytes.allocated', 8049205248), ('allocated_bytes.current', 8049207809), ('allocated_bytes.freed', -2561), ('allocated_bytes.peak', 8049207809), ('allocation.allocated', 2758), ('allocation.current', 197), ('allocation.freed', 2561), ('allocation.peak', 197), ('host_alloc_time.avg', 547), ('host_alloc_time.count', 197), ('host_alloc_time.max', 25494), ('host_alloc_time.min', 1), ('host_alloc_time.total', 107914), ('host_free_time.avg', 0), ('host_free_time.count', 0), ('host_free_time.max', 0), ('host_free_time.min', 0), ('host_free_time.total', 0), ('num_host_alloc', 197), ('num_host_free', 0), ('reserved_bytes.allocated', 574943232), ('reserved_bytes.current', 574943232), ('reserved_bytes.freed', 0), ('reserved_bytes.peak', 574943232), ('segment.allocated', 197), ('segment.current', 197), ('segment.freed', 0), ('segment.peak', 197)])",574943232,True,process_lifetime_not_reset_per_case,0
93.16473687067628,11.856127738952637,80.90953731536865,"[11.856127738952637, 5.416287899017334, 5.463327884674072, 5.397568225860596, 5.434944152832031, 5.398848056793213, 5.405344009399414, 5.470240116119385, 5.387040138244629, 5.385632038116455, 5.422560214996338, 5.454592227935791, 5.407936096191406, 5.444064140319824, 5.439072132110596, 4.982079982757568]",128,1373.9103903409205,gpu_p128_b4_m2,gpu,128,4,2,3,measured,True,84bf859309b6c6cb1b804fa2566092e9b06b3cc7eae5ae7cdd02d12845fae57c,2014486528,440613376,480247808,10,,"OrderedDict([('allocated_bytes.allocated', 8049205248), ('allocated_bytes.current', 8049207809), ('allocated_bytes.freed', -2561), ('allocated_bytes.peak', 8049207809), ('allocation.allocated', 2758), ('allocation.current', 197), ('allocation.freed', 2561), ('allocation.peak', 197), ('host_alloc_time.avg', 547), ('host_alloc_time.count', 197), ('host_alloc_time.max', 25494), ('host_alloc_time.min', 1), ('host_alloc_time.total', 107914), ('host_free_time.avg', 0), ('host_free_time.count', 0), ('host_free_time.max', 0), ('host_free_time.min', 0), ('host_free_time.total', 0), ('num_host_alloc', 197), ('num_host_free', 0), ('reserved_bytes.allocated', 574943232), ('reserved_bytes.current', 574943232), ('reserved_bytes.freed', 0), ('reserved_bytes.peak', 574943232), ('segment.allocated', 197), ('segment.current', 197), ('segment.freed', 0), ('segment.peak', 197)])",574943232,True,process_lifetime_not_reset_per_case,0
93.40774500742555,11.837632179260254,81.17519998550415,"[11.837632179260254, 5.477920055389404, 5.474912166595459, 5.4028801918029785, 5.436031818389893, 5.444863796234131, 5.454944133758545, 5.441343784332275, 5.4007039070129395, 5.468224048614502, 5.437376022338867, 5.453919887542725, 5.462368011474609, 5.394752025604248, 5.445568084716797, 4.979392051696777]",128,1370.3360464362404,gpu_p128_b4_m2,gpu,128,4,2,4,measured,True,84bf859309b6c6cb1b804fa2566092e9b06b3cc7eae5ae7cdd02d12845fae57c,2014486528,440613376,480247808,10,,"OrderedDict([('allocated_bytes.allocated', 8049205248), ('allocated_bytes.current', 8049207809), ('allocated_bytes.freed', -2561), ('allocated_bytes.peak', 8049207809), ('allocation.allocated', 2758), ('allocation.current', 197), ('allocation.freed', 2561), ('allocation.peak', 197), ('host_alloc_time.avg', 547), ('host_alloc_time.count', 197), ('host_alloc_time.max', 25494), ('host_alloc_time.min', 1), ('host_alloc_time.total', 107914), ('host_free_time.avg', 0), ('host_free_time.count', 0), ('host_free_time.max', 0), ('host_free_time.min', 0), ('host_free_time.total', 0), ('num_host_alloc', 197), ('num_host_free', 0), ('reserved_bytes.allocated', 574943232), ('reserved_bytes.current', 574943232), ('reserved_bytes.freed', 0), ('reserved_bytes.peak', 574943232), ('segment.allocated', 197), ('segment.current', 197), ('segment.freed', 0), ('segment.peak', 197)])",574943232,True,process_lifetime_not_reset_per_case,0
93.68629334494472,11.832256317138672,81.45500802993774,"[11.832256317138672, 5.546815872192383, 5.468480110168457, 5.479392051696777, 5.503007888793945, 5.4653120040893555, 5.536896228790283, 5.475935935974121, 5.494751930236816, 5.4170241355896, 5.399295806884766, 5.400576114654541, 5.421919822692871, 5.448160171508789, 5.425727844238281, 4.971712112426758]",128,1366.2617596441266,gpu_p128_b4_m2,gpu,128,4,2,5,measured,True,84bf859309b6c6cb1b804fa2566092e9b06b3cc7eae5ae7cdd02d12845fae57c,2014486528,440613376,480247808,10,,"OrderedDict([('allocated_bytes.allocated', 8049205248), ('allocated_bytes.current', 8049207809), ('allocated_bytes.freed', -2561), ('allocated_bytes.peak', 8049207809), ('allocation.allocated', 2758), ('allocation.current', 197), ('allocation.freed', 2561), ('allocation.peak', 197), ('host_alloc_time.avg', 547), ('host_alloc_time.count', 197), ('host_alloc_time.max', 25494), ('host_alloc_time.min', 1), ('host_alloc_time.total', 107914), ('host_free_time.avg', 0), ('host_free_time.count', 0), ('host_free_time.max', 0), ('host_free_time.min', 0), ('host_free_time.total', 0), ('num_host_alloc', 197), ('num_host_free', 0), ('reserved_bytes.allocated', 574943232), ('reserved_bytes.current', 574943232), ('reserved_bytes.freed', 0), ('reserved_bytes.peak', 574943232), ('segment.allocated', 197), ('segment.current', 197), ('segment.freed', 0), ('segment.peak', 197)])",574943232,True,process_lifetime_not_reset_per_case,0
93.78892881795764,11.830464363098145,81.49440002441406,"[11.830464363098145, 5.496448040008545, 5.569759845733643, 5.459680080413818, 5.427872180938721, 5.421408176422119, 5.439680099487305, 5.421855926513672, 5.503583908081055, 5.463263988494873, 5.458943843841553, 5.456575870513916, 5.439072132110596, 5.471456050872803, 5.467135906219482, 4.997663974761963]",128,1364.7666266499891,gpu_p128_b4_m2,gpu,128,4,2,6,measured,True,84bf859309b6c6cb1b804fa2566092e9b06b3cc7eae5ae7cdd02d12845fae57c,2014486528,440613376,480247808,10,,"OrderedDict([('allocated_bytes.allocated', 8049205248), ('allocated_bytes.current', 8049207809), ('allocated_bytes.freed', -2561), ('allocated_bytes.peak', 8049207809), ('allocation.allocated', 2758), ('allocation.current', 197), ('allocation.freed', 2561), ('allocation.peak', 197), ('host_alloc_time.avg', 547), ('host_alloc_time.count', 197), ('host_alloc_time.max', 25494), ('host_alloc_time.min', 1), ('host_alloc_time.total', 107914), ('host_free_time.avg', 0), ('host_free_time.count', 0), ('host_free_time.max', 0), ('host_free_time.min', 0), ('host_free_time.total', 0), ('num_host_alloc', 197), ('num_host_free', 0), ('reserved_bytes.allocated', 574943232), ('reserved_bytes.current', 574943232), ('reserved_bytes.freed', 0), ('reserved_bytes.peak', 574943232), ('segment.allocated', 197), ('segment.current', 197), ('segment.freed', 0), ('segment.peak', 197)])",574943232,True,process_lifetime_not_reset_per_case,0
461.16808941587806,36.78521728515625,423.9052486419678,"[36.78521728515625, 28.285791397094727, 28.323808670043945, 28.28758430480957, 28.28691291809082, 28.232608795166016, 28.315359115600586, 28.19910430908203, 28.27849578857422, 28.24220848083496, 28.2620792388916, 28.24367904663086, 28.25814437866211, 28.24844741821289, 28.23516845703125, 28.205856323242188]",128,277.5560645623304,cpu_serial_p128_b4_m2,cpu_serial,128,4,2,0,measured,True,84bf859309b6c6cb1b804fa2566092e9b06b3cc7eae5ae7cdd02d12845fae57c,2014486528,182948352,211812352,10,,"OrderedDict([('allocated_bytes.allocated', 8624148480), ('allocated_bytes.current', 8624151238), ('allocated_bytes.freed', -2758), ('allocated_bytes.peak', 8624151238), ('allocation.allocated', 2955), ('allocation.current', 197), ('allocation.freed', 2758), ('allocation.peak', 197), ('host_alloc_time.avg', 547), ('host_alloc_time.count', 197), ('host_alloc_time.max', 25494), ('host_alloc_time.min', 1), ('host_alloc_time.total', 107914), ('host_free_time.avg', 0), ('host_free_time.count', 0), ('host_free_time.max', 0), ('host_free_time.min', 0), ('host_free_time.total', 0), ('num_host_alloc', 197), ('num_host_free', 0), ('reserved_bytes.allocated', 574943232), ('reserved_bytes.current', 574943232), ('reserved_bytes.freed', 0), ('reserved_bytes.peak', 574943232), ('segment.allocated', 197), ('segment.current', 197), ('segment.freed', 0), ('segment.peak', 197)])",574943232,True,process_lifetime_not_reset_per_case,327696384
460.8699232339859,36.76486587524414,423.76218032836914,"[36.76486587524414, 28.295167922973633, 28.305728912353516, 28.249696731567383, 28.242496490478516, 28.220991134643555, 28.265663146972656, 28.2227840423584, 28.248992919921875, 28.256160736083984, 28.31862449645996, 28.207744598388672, 28.260608673095703, 28.265920639038086, 28.217472076416016, 28.184127807617188]",128,277.7356333036595,cpu_serial_p128_b4_m2,cpu_serial,128,4,2,1,measured,True,84bf859309b6c6cb1b804fa2566092e9b06b3cc7eae5ae7cdd02d12845fae57c,2014486528,182948352,211812352,10,,"OrderedDict([('allocated_bytes.allocated', 8624148480), ('allocated_bytes.current', 8624151238), ('allocated_bytes.freed', -2758), ('allocated_bytes.peak', 8624151238), ('allocation.allocated', 2955), ('allocation.current', 197), ('allocation.freed', 2758), ('allocation.peak', 197), ('host_alloc_time.avg', 547), ('host_alloc_time.count', 197), ('host_alloc_time.max', 25494), ('host_alloc_time.min', 1), ('host_alloc_time.total', 107914), ('host_free_time.avg', 0), ('host_free_time.count', 0), ('host_free_time.max', 0), ('host_free_time.min', 0), ('host_free_time.total', 0), ('num_host_alloc', 197), ('num_host_free', 0), ('reserved_bytes.allocated', 574943232), ('reserved_bytes.current', 574943232), ('reserved_bytes.freed', 0), ('reserved_bytes.peak', 574943232), ('segment.allocated', 197), ('segment.current', 197), ('segment.freed', 0), ('segment.peak', 197)])",574943232,True,process_lifetime_not_reset_per_case,327696384
460.82610078155994,36.73040008544922,423.7588119506836,"[36.73040008544922, 28.292831420898438, 28.28233528137207, 28.262367248535156, 28.226015090942383, 28.24742317199707, 28.238847732543945, 28.242271423339844, 28.223648071289062, 28.26585578918457, 28.28758430480957, 28.26265525817871, 28.27030372619629, 28.242591857910156, 28.228736877441406, 28.185344696044922]",128,277.7620446908548,cpu_serial_p128_b4_m2,cpu_serial,128,4,2,2,measured,True,84bf859309b6c6cb1b804fa2566092e9b06b3cc7eae5ae7cdd02d12845fae57c,2014486528,182948352,211812352,10,,"OrderedDict([('allocated_bytes.allocated', 8624148480), ('allocated_bytes.current', 8624151238), ('allocated_bytes.freed', -2758), ('allocated_bytes.peak', 8624151238), ('allocation.allocated', 2955), ('allocation.current', 197), ('allocation.freed', 2758), ('allocation.peak', 197), ('host_alloc_time.avg', 547), ('host_alloc_time.count', 197), ('host_alloc_time.max', 25494), ('host_alloc_time.min', 1), ('host_alloc_time.total', 107914), ('host_free_time.avg', 0), ('host_free_time.count', 0), ('host_free_time.max', 0), ('host_free_time.min', 0), ('host_free_time.total', 0), ('num_host_alloc', 197), ('num_host_free', 0), ('reserved_bytes.allocated', 574943232), ('reserved_bytes.current', 574943232), ('reserved_bytes.freed', 0), ('reserved_bytes.peak', 574943232), ('segment.allocated', 197), ('segment.current', 197), ('segment.freed', 0), ('segment.peak', 197)])",574943232,True,process_lifetime_not_reset_per_case,327696384
460.82541393116117,36.743038177490234,423.7405471801758,"[36.743038177490234, 28.32636833190918, 28.297664642333984, 28.256927490234375, 28.257375717163086, 28.239744186401367, 28.25836753845215, 28.224544525146484, 28.228416442871094, 28.2825927734375, 28.238048553466797, 28.21651268005371, 28.234880447387695, 28.24140739440918, 28.247039794921875, 28.190656661987305]",128,277.76245868922683,cpu_serial_p128_b4_m2,cpu_serial,128,4,2,3,measured,True,84bf859309b6c6cb1b804fa2566092e9b06b3cc7eae5ae7cdd02d12845fae57c,2014486528,182948352,211812352,10,,"OrderedDict([('allocated_bytes.allocated', 8624148480), ('allocated_bytes.current', 8624151238), ('allocated_bytes.freed', -2758), ('allocated_bytes.peak', 8624151238), ('allocation.allocated', 2955), ('allocation.current', 197), ('allocation.freed', 2758), ('allocation.peak', 197), ('host_alloc_time.avg', 547), ('host_alloc_time.count', 197), ('host_alloc_time.max', 25494), ('host_alloc_time.min', 1), ('host_alloc_time.total', 107914), ('host_free_time.avg', 0), ('host_free_time.count', 0), ('host_free_time.max', 0), ('host_free_time.min', 0), ('host_free_time.total', 0), ('num_host_alloc', 197), ('num_host_free', 0), ('reserved_bytes.allocated', 574943232), ('reserved_bytes.current', 574943232), ('reserved_bytes.freed', 0), ('reserved_bytes.peak', 574943232), ('segment.allocated', 197), ('segment.current', 197), ('segment.freed', 0), ('segment.peak', 197)])",574943232,True,process_lifetime_not_reset_per_case,327696384
460.9952727332711,36.77190399169922,423.8866271972656,"[36.77190399169922, 28.328927993774414, 28.30678367614746, 28.257183074951172, 28.26300811767578, 28.247648239135742, 28.244159698486328, 28.25200080871582, 28.300512313842773, 28.2509765625, 28.26470375061035, 28.234336853027344, 28.244159698486328, 28.251712799072266, 28.230016708374023, 28.21049690246582]",128,277.6601140421237,cpu_serial_p128_b4_m2,cpu_serial,128,4,2,4,measured,True,84bf859309b6c6cb1b804fa2566092e9b06b3cc7eae5ae7cdd02d12845fae57c,2014486528,182948352,211812352,10,,"OrderedDict([('allocated_bytes.allocated', 8624148480), ('allocated_bytes.current', 8624151238), ('allocated_bytes.freed', -2758), ('allocated_bytes.peak', 8624151238), ('allocation.allocated', 2955), ('allocation.current', 197), ('allocation.freed', 2758), ('allocation.peak', 197), ('host_alloc_time.avg', 547), ('host_alloc_time.count', 197), ('host_alloc_time.max', 25494), ('host_alloc_time.min', 1), ('host_alloc_time.total', 107914), ('host_free_time.avg', 0), ('host_free_time.count', 0), ('host_free_time.max', 0), ('host_free_time.min', 0), ('host_free_time.total', 0), ('num_host_alloc', 197), ('num_host_free', 0), ('reserved_bytes.allocated', 574943232), ('reserved_bytes.current', 574943232), ('reserved_bytes.freed', 0), ('reserved_bytes.peak', 574943232), ('segment.allocated', 197), ('segment.current', 197), ('segment.freed', 0), ('segment.peak', 197)])",574943232,True,process_lifetime_not_reset_per_case,327696384
461.7961463518441,37.090110778808594,424.36098861694336,"[37.090110778808594, 28.43948745727539, 28.401151657104492, 28.281984329223633, 28.357311248779297, 28.295711517333984, 28.277664184570312, 28.23855972290039, 28.218975067138672, 28.250944137573242, 28.296096801757812, 28.236831665039062, 28.271711349487305, 28.341503143310547, 28.24518394470215, 28.20787239074707]",128,277.1785797936832,cpu_serial_p128_b4_m2,cpu_serial,128,4,2,5,measured,True,84bf859309b6c6cb1b804fa2566092e9b06b3cc7eae5ae7cdd02d12845fae57c,2014486528,182948352,211812352,10,,"OrderedDict([('allocated_bytes.allocated', 8624148480), ('allocated_bytes.current', 8624151238), ('allocated_bytes.freed', -2758), ('allocated_bytes.peak', 8624151238), ('allocation.allocated', 2955), ('allocation.current', 197), ('allocation.freed', 2758), ('allocation.peak', 197), ('host_alloc_time.avg', 547), ('host_alloc_time.count', 197), ('host_alloc_time.max', 25494), ('host_alloc_time.min', 1), ('host_alloc_time.total', 107914), ('host_free_time.avg', 0), ('host_free_time.count', 0), ('host_free_time.max', 0), ('host_free_time.min', 0), ('host_free_time.total', 0), ('num_host_alloc', 197), ('num_host_free', 0), ('reserved_bytes.allocated', 574943232), ('reserved_bytes.current', 574943232), ('reserved_bytes.freed', 0), ('reserved_bytes.peak', 574943232), ('segment.allocated', 197), ('segment.current', 197), ('segment.freed', 0), ('segment.peak', 197)])",574943232,True,process_lifetime_not_reset_per_case,327696384
460.92703519389033,36.780609130859375,423.71900749206543,"[36.780609130859375, 28.286399841308594, 28.317567825317383, 28.23404884338379, 28.236831665039062, 28.246688842773438, 28.24985694885254, 28.244543075561523, 28.2324161529541, 28.23695945739746, 28.29427146911621, 28.240320205688477, 28.24367904663086, 28.237855911254883, 28.22719955444336, 28.19036865234375]",128,277.70121999061394,cpu_serial_p128_b4_m2,cpu_serial,128,4,2,6,measured,True,84bf859309b6c6cb1b804fa2566092e9b06b3cc7eae5ae7cdd02d12845fae57c,2014486528,182948352,211812352,10,,"OrderedDict([('allocated_bytes.allocated', 8624148480), ('allocated_bytes.current', 8624151238), ('allocated_bytes.freed', -2758), ('allocated_bytes.peak', 8624151238), ('allocation.allocated', 2955), ('allocation.current', 197), ('allocation.freed', 2758), ('allocation.peak', 197), ('host_alloc_time.avg', 547), ('host_alloc_time.count', 197), ('host_alloc_time.max', 25494), ('host_alloc_time.min', 1), ('host_alloc_time.total', 107914), ('host_free_time.avg', 0), ('host_free_time.count', 0), ('host_free_time.max', 0), ('host_free_time.min', 0), ('host_free_time.total', 0), ('num_host_alloc', 197), ('num_host_free', 0), ('reserved_bytes.allocated', 574943232), ('reserved_bytes.current', 574943232), ('reserved_bytes.freed', 0), ('reserved_bytes.peak', 574943232), ('segment.allocated', 197), ('segment.current', 197), ('segment.freed', 0), ('segment.peak', 197)])",574943232,True,process_lifetime_not_reset_per_case,327696384
466.55975794419646,32.09235382080078,427.78947257995605,"[32.09235382080078, 28.878047943115234, 28.941728591918945, 29.165407180786133, 29.024032592773438, 28.934303283691406, 28.883808135986328, 28.922496795654297, 28.924448013305664, 28.883264541625977, 28.905183792114258, 28.9083194732666, 28.910751342773438, 28.93222427368164, 28.933631896972656, 22.64182472229004]",128,274.3485648312378,cpu_overlap_p128_b4_m2,cpu_overlap,128,4,2,0,measured,True,84bf859309b6c6cb1b804fa2566092e9b06b3cc7eae5ae7cdd02d12845fae57c,2014486528,263691776,314572800,10,,"OrderedDict([('allocated_bytes.allocated', 9199091712), ('allocated_bytes.current', 9199094667), ('allocated_bytes.freed', -2955), ('allocated_bytes.peak', 9199094667), ('allocation.allocated', 3152), ('allocation.current', 197), ('allocation.freed', 2955), ('allocation.peak', 197), ('host_alloc_time.avg', 547), ('host_alloc_time.count', 197), ('host_alloc_time.max', 25494), ('host_alloc_time.min', 1), ('host_alloc_time.total', 107914), ('host_free_time.avg', 0), ('host_free_time.count', 0), ('host_free_time.max', 0), ('host_free_time.min', 0), ('host_free_time.total', 0), ('num_host_alloc', 197), ('num_host_free', 0), ('reserved_bytes.allocated', 574943232), ('reserved_bytes.current', 574943232), ('reserved_bytes.freed', 0), ('reserved_bytes.peak', 574943232), ('segment.allocated', 197), ('segment.current', 197), ('segment.freed', 0), ('segment.peak', 197)])",574943232,True,process_lifetime_not_reset_per_case,327696384
466.10841155052185,32.08729553222656,427.4524173736572,"[32.08729553222656, 28.876224517822266, 28.923648834228516, 28.905216217041016, 28.914783477783203, 28.955455780029297, 29.01478385925293, 28.870880126953125, 28.94438362121582, 28.872800827026367, 28.900896072387695, 28.91084861755371, 28.969215393066406, 28.88595199584961, 28.887487411499023, 22.619840621948242]",128,274.6142245624889,cpu_overlap_p128_b4_m2,cpu_overlap,128,4,2,1,measured,True,84bf859309b6c6cb1b804fa2566092e9b06b3cc7eae5ae7cdd02d12845fae57c,2014486528,263691776,314572800,10,,"OrderedDict([('allocated_bytes.allocated', 9199091712), ('allocated_bytes.current', 9199094667), ('allocated_bytes.freed', -2955), ('allocated_bytes.peak', 9199094667), ('allocation.allocated', 3152), ('allocation.current', 197), ('allocation.freed', 2955), ('allocation.peak', 197), ('host_alloc_time.avg', 547), ('host_alloc_time.count', 197), ('host_alloc_time.max', 25494), ('host_alloc_time.min', 1), ('host_alloc_time.total', 107914), ('host_free_time.avg', 0), ('host_free_time.count', 0), ('host_free_time.max', 0), ('host_free_time.min', 0), ('host_free_time.total', 0), ('num_host_alloc', 197), ('num_host_free', 0), ('reserved_bytes.allocated', 574943232), ('reserved_bytes.current', 574943232), ('reserved_bytes.freed', 0), ('reserved_bytes.peak', 574943232), ('segment.allocated', 197), ('segment.current', 197), ('segment.freed', 0), ('segment.peak', 197)])",574943232,True,process_lifetime_not_reset_per_case,327696384
465.8112176693976,32.09926223754883,427.145694732666,"[32.09926223754883, 28.888864517211914, 28.94060707092285, 28.889312744140625, 28.884864807128906, 28.899839401245117, 28.923583984375, 28.87164878845215, 28.915103912353516, 28.86604881286621, 28.890239715576172, 28.88822364807129, 28.892927169799805, 28.88003158569336, 28.904287338256836, 22.610111236572266]",128,274.78943216615716,cpu_overlap_p128_b4_m2,cpu_overlap,128,4,2,2,measured,True,84bf859309b6c6cb1b804fa2566092e9b06b3cc7eae5ae7cdd02d12845fae57c,2014486528,263691776,314572800,10,,"OrderedDict([('allocated_bytes.allocated', 9199091712), ('allocated_bytes.current', 9199094667), ('allocated_bytes.freed', -2955), ('allocated_bytes.peak', 9199094667), ('allocation.allocated', 3152), ('allocation.current', 197), ('allocation.freed', 2955), ('allocation.peak', 197), ('host_alloc_time.avg', 547), ('host_alloc_time.count', 197), ('host_alloc_time.max', 25494), ('host_alloc_time.min', 1), ('host_alloc_time.total', 107914), ('host_free_time.avg', 0), ('host_free_time.count', 0), ('host_free_time.max', 0), ('host_free_time.min', 0), ('host_free_time.total', 0), ('num_host_alloc', 197), ('num_host_free', 0), ('reserved_bytes.allocated', 574943232), ('reserved_bytes.current', 574943232), ('reserved_bytes.freed', 0), ('reserved_bytes.peak', 574943232), ('segment.allocated', 197), ('segment.current', 197), ('segment.freed', 0), ('segment.peak', 197)])",574943232,True,process_lifetime_not_reset_per_case,327696384
466.1511806771159,32.10502243041992,427.48243141174316,"[32.10502243041992, 28.915327072143555, 28.886560440063477, 28.900415420532227, 28.925888061523438, 28.93395233154297, 28.986560821533203, 28.947519302368164, 28.919103622436523, 28.901695251464844, 28.913503646850586, 28.863744735717773, 28.902528762817383, 28.88390350341797, 28.948543548583984, 22.65318489074707]",128,274.58902885126537,cpu_overlap_p128_b4_m2,cpu_overlap,128,4,2,3,measured,True,84bf859309b6c6cb1b804fa2566092e9b06b3cc7eae5ae7cdd02d12845fae57c,2014486528,263691776,314572800,10,,"OrderedDict([('allocated_bytes.allocated', 9199091712), ('allocated_bytes.current', 9199094667), ('allocated_bytes.freed', -2955), ('allocated_bytes.peak', 9199094667), ('allocation.allocated', 3152), ('allocation.current', 197), ('allocation.freed', 2955), ('allocation.peak', 197), ('host_alloc_time.avg', 547), ('host_alloc_time.count', 197), ('host_alloc_time.max', 25494), ('host_alloc_time.min', 1), ('host_alloc_time.total', 107914), ('host_free_time.avg', 0), ('host_free_time.count', 0), ('host_free_time.max', 0), ('host_free_time.min', 0), ('host_free_time.total', 0), ('num_host_alloc', 197), ('num_host_free', 0), ('reserved_bytes.allocated', 574943232), ('reserved_bytes.current', 574943232), ('reserved_bytes.freed', 0), ('reserved_bytes.peak', 574943232), ('segment.allocated', 197), ('segment.current', 197), ('segment.freed', 0), ('segment.peak', 197)])",574943232,True,process_lifetime_not_reset_per_case,327696384
465.9788617864251,32.104190826416016,427.30941009521484,"[32.104190826416016, 28.902080535888672, 28.972000122070312, 28.906591415405273, 28.8789119720459, 28.917247772216797, 28.891456604003906, 28.881120681762695, 28.913856506347656, 28.87273597717285, 28.92246437072754, 28.865568161010742, 28.92915153503418, 28.90822410583496, 28.92745590209961, 22.62054443359375]",128,274.69057181968697,cpu_overlap_p128_b4_m2,cpu_overlap,128,4,2,4,measured,True,84bf859309b6c6cb1b804fa2566092e9b06b3cc7eae5ae7cdd02d12845fae57c,2014486528,263691776,314572800,10,,"OrderedDict([('allocated_bytes.allocated', 9199091712), ('allocated_bytes.current', 9199094667), ('allocated_bytes.freed', -2955), ('allocated_bytes.peak', 9199094667), ('allocation.allocated', 3152), ('allocation.current', 197), ('allocation.freed', 2955), ('allocation.peak', 197), ('host_alloc_time.avg', 547), ('host_alloc_time.count', 197), ('host_alloc_time.max', 25494), ('host_alloc_time.min', 1), ('host_alloc_time.total', 107914), ('host_free_time.avg', 0), ('host_free_time.count', 0), ('host_free_time.max', 0), ('host_free_time.min', 0), ('host_free_time.total', 0), ('num_host_alloc', 197), ('num_host_free', 0), ('reserved_bytes.allocated', 574943232), ('reserved_bytes.current', 574943232), ('reserved_bytes.freed', 0), ('reserved_bytes.peak', 574943232), ('segment.allocated', 197), ('segment.current', 197), ('segment.freed', 0), ('segment.peak', 197)])",574943232,True,process_lifetime_not_reset_per_case,327696384
465.7473531551659,32.1033935546875,427.0830726623535,"[32.1033935546875, 28.87164878845215, 28.875776290893555, 28.955936431884766, 28.86079978942871, 28.888959884643555, 28.884639739990234, 28.92131233215332, 28.90265655517578, 28.886463165283203, 28.902751922607422, 28.87868881225586, 28.930208206176758, 28.868831634521484, 28.86534309387207, 22.58905601501465]",128,274.82711202302033,cpu_overlap_p128_b4_m2,cpu_overlap,128,4,2,5,measured,True,84bf859309b6c6cb1b804fa2566092e9b06b3cc7eae5ae7cdd02d12845fae57c,2014486528,263691776,314572800,10,,"OrderedDict([('allocated_bytes.allocated', 9199091712), ('allocated_bytes.current', 9199094667), ('allocated_bytes.freed', -2955), ('allocated_bytes.peak', 9199094667), ('allocation.allocated', 3152), ('allocation.current', 197), ('allocation.freed', 2955), ('allocation.peak', 197), ('host_alloc_time.avg', 547), ('host_alloc_time.count', 197), ('host_alloc_time.max', 25494), ('host_alloc_time.min', 1), ('host_alloc_time.total', 107914), ('host_free_time.avg', 0), ('host_free_time.count', 0), ('host_free_time.max', 0), ('host_free_time.min', 0), ('host_free_time.total', 0), ('num_host_alloc', 197), ('num_host_free', 0), ('reserved_bytes.allocated', 574943232), ('reserved_bytes.current', 574943232), ('reserved_bytes.freed', 0), ('reserved_bytes.peak', 574943232), ('segment.allocated', 197), ('segment.current', 197), ('segment.freed', 0), ('segment.peak', 197)])",574943232,True,process_lifetime_not_reset_per_case,327696384
467.54728397354484,32.09164810180664,428.844482421875,"[32.09164810180664, 28.916736602783203, 28.91472053527832, 28.879968643188477, 28.884864807128906, 28.865312576293945, 28.89241600036621, 28.923967361450195, 28.92473602294922, 29.54537582397461, 29.269664764404297, 28.99830436706543, 28.977951049804688, 29.141887664794922, 29.066463470458984, 22.642112731933594]",128,273.76910183750016,cpu_overlap_p128_b4_m2,cpu_overlap,128,4,2,6,measured,True,84bf859309b6c6cb1b804fa2566092e9b06b3cc7eae5ae7cdd02d12845fae57c,2014486528,263691776,314572800,10,,"OrderedDict([('allocated_bytes.allocated', 9199091712), ('allocated_bytes.current', 9199094667), ('allocated_bytes.freed', -2955), ('allocated_bytes.peak', 9199094667), ('allocation.allocated', 3152), ('allocation.current', 197), ('allocation.freed', 2955), ('allocation.peak', 197), ('host_alloc_time.avg', 547), ('host_alloc_time.count', 197), ('host_alloc_time.max', 25494), ('host_alloc_time.min', 1), ('host_alloc_time.total', 107914), ('host_free_time.avg', 0), ('host_free_time.count', 0), ('host_free_time.max', 0), ('host_free_time.min', 0), ('host_free_time.total', 0), ('num_host_alloc', 197), ('num_host_free', 0), ('reserved_bytes.allocated', 574943232), ('reserved_bytes.current', 574943232), ('reserved_bytes.freed', 0), ('reserved_bytes.peak', 574943232), ('segment.allocated', 197), ('segment.current', 197), ('segment.freed', 0), ('segment.peak', 197)])",574943232,True,process_lifetime_not_reset_per_case,327696384
44.37280958518386,3.5825281143188477,40.52985620498657,"[3.5825281143188477, 2.7161600589752197, 2.7081921100616455, 2.659424066543579, 2.6298561096191406, 2.7003839015960693, 2.6383039951324463, 2.6658239364624023, 2.7468481063842773, 2.8254079818725586, 2.7673919200897217, 2.767967939376831, 2.71996808052063, 2.7480640411376953, 2.6712000370025635, 2.564863920211792]",16,360.58117909537157,gpu_p256_b1_m1,gpu,256,1,1,0,measured,True,822c1fd7624ebbda7ca9fae5e4b119c25a525cba575348b85c90d3378d503e36,2014486528,380561408,406847488,10,,"OrderedDict([('allocated_bytes.allocated', 9199091712), ('allocated_bytes.current', 9199094667), ('allocated_bytes.freed', -2955), ('allocated_bytes.peak', 9199094667), ('allocation.allocated', 3152), ('allocation.current', 197), ('allocation.freed', 2955), ('allocation.peak', 197), ('host_alloc_time.avg', 547), ('host_alloc_time.count', 197), ('host_alloc_time.max', 25494), ('host_alloc_time.min', 1), ('host_alloc_time.total', 107914), ('host_free_time.avg', 0), ('host_free_time.count', 0), ('host_free_time.max', 0), ('host_free_time.min', 0), ('host_free_time.total', 0), ('num_host_alloc', 197), ('num_host_free', 0), ('reserved_bytes.allocated', 574943232), ('reserved_bytes.current', 574943232), ('reserved_bytes.freed', 0), ('reserved_bytes.peak', 574943232), ('segment.allocated', 197), ('segment.current', 197), ('segment.freed', 0), ('segment.peak', 197)])",574943232,True,process_lifetime_not_reset_per_case,0
44.26334518939257,3.6142079830169678,40.37820768356323,"[3.6142079830169678, 2.786623954772949, 2.65881609916687, 2.643296003341675, 2.6768319606781006, 2.6775999069213867, 2.6624319553375244, 2.690239906311035, 2.688096046447754, 2.7280960083007812, 2.7938239574432373, 2.766079902648926, 2.6834239959716797, 2.7087039947509766, 2.649600028991699, 2.5645439624786377]",16,361.47290566358504,gpu_p256_b1_m1,gpu,256,1,1,1,measured,True,822c1fd7624ebbda7ca9fae5e4b119c25a525cba575348b85c90d3378d503e36,2014486528,380561408,406847488,10,,"OrderedDict([('allocated_bytes.allocated', 9199091712), ('allocated_bytes.current', 9199094667), ('allocated_bytes.freed', -2955), ('allocated_bytes.peak', 9199094667), ('allocation.allocated', 3152), ('allocation.current', 197), ('allocation.freed', 2955), ('allocation.peak', 197), ('host_alloc_time.avg', 547), ('host_alloc_time.count', 197), ('host_alloc_time.max', 25494), ('host_alloc_time.min', 1), ('host_alloc_time.total', 107914), ('host_free_time.avg', 0), ('host_free_time.count', 0), ('host_free_time.max', 0), ('host_free_time.min', 0), ('host_free_time.total', 0), ('num_host_alloc', 197), ('num_host_free', 0), ('reserved_bytes.allocated', 574943232), ('reserved_bytes.current', 574943232), ('reserved_bytes.freed', 0), ('reserved_bytes.peak', 574943232), ('segment.allocated', 197), ('segment.current', 197), ('segment.freed', 0), ('segment.peak', 197)])",574943232,True,process_lifetime_not_reset_per_case,0
43.79945807158947,3.6074559688568115,39.952704191207886,"[3.6074559688568115, 2.6691839694976807, 2.681472063064575, 2.6303999423980713, 2.659071922302246, 2.6963839530944824, 2.675679922103882, 2.6786561012268066, 2.694528102874756, 2.6677119731903076, 2.6908481121063232, 2.6461760997772217, 2.6665279865264893, 2.672384023666382, 2.6558399200439453, 2.567840099334717]",16,365.301323451269,gpu_p256_b1_m1,gpu,256,1,1,2,measured,True,822c1fd7624ebbda7ca9fae5e4b119c25a525cba575348b85c90d3378d503e36,2014486528,380561408,406847488,10,,"OrderedDict([('allocated_bytes.allocated', 9199091712), ('allocated_bytes.current', 9199094667), ('allocated_bytes.freed', -2955), ('allocated_bytes.peak', 9199094667), ('allocation.allocated', 3152), ('allocation.current', 197), ('allocation.freed', 2955), ('allocation.peak', 197), ('host_alloc_time.avg', 547), ('host_alloc_time.count', 197), ('host_alloc_time.max', 25494), ('host_alloc_time.min', 1), ('host_alloc_time.total', 107914), ('host_free_time.avg', 0), ('host_free_time.count', 0), ('host_free_time.max', 0), ('host_free_time.min', 0), ('host_free_time.total', 0), ('num_host_alloc', 197), ('num_host_free', 0), ('reserved_bytes.allocated', 574943232), ('reserved_bytes.current', 574943232), ('reserved_bytes.freed', 0), ('reserved_bytes.peak', 574943232), ('segment.allocated', 197), ('segment.current', 197), ('segment.freed', 0), ('segment.peak', 197)])",574943232,True,process_lifetime_not_reset_per_case,0
43.9912099391222,3.5899839401245117,40.09427189826965,"[3.5899839401245117, 2.696352005004883, 2.6471359729766846, 2.660543918609619, 2.647520065307617, 2.6952641010284424, 2.684000015258789, 2.6668479442596436, 2.687455892562866, 2.6348159313201904, 2.6287999153137207, 2.7350399494171143, 2.749567985534668, 2.676896095275879, 2.7092161178588867, 2.5748159885406494]",16,363.70902328310143,gpu_p256_b1_m1,gpu,256,1,1,3,measured,True,822c1fd7624ebbda7ca9fae5e4b119c25a525cba575348b85c90d3378d503e36,2014486528,380561408,406847488,10,,"OrderedDict([('allocated_bytes.allocated', 9199091712), ('allocated_bytes.current', 9199094667), ('allocated_bytes.freed', -2955), ('allocated_bytes.peak', 9199094667), ('allocation.allocated', 3152), ('allocation.current', 197), ('allocation.freed', 2955), ('allocation.peak', 197), ('host_alloc_time.avg', 547), ('host_alloc_time.count', 197), ('host_alloc_time.max', 25494), ('host_alloc_time.min', 1), ('host_alloc_time.total', 107914), ('host_free_time.avg', 0), ('host_free_time.count', 0), ('host_free_time.max', 0), ('host_free_time.min', 0), ('host_free_time.total', 0), ('num_host_alloc', 197), ('num_host_free', 0), ('reserved_bytes.allocated', 574943232), ('reserved_bytes.current', 574943232), ('reserved_bytes.freed', 0), ('reserved_bytes.peak', 574943232), ('segment.allocated', 197), ('segment.current', 197), ('segment.freed', 0), ('segment.peak', 197)])",574943232,True,process_lifetime_not_reset_per_case,0
43.978794012218714,3.5822079181671143,40.15846395492554,"[3.5822079181671143, 2.7211520671844482, 2.6733760833740234, 2.6895999908447266, 2.731168031692505, 2.7319040298461914, 2.6519360542297363, 2.7239999771118164, 2.735424041748047, 2.657855987548828, 2.63702392578125, 2.6783039569854736, 2.625920057296753, 2.6774399280548096, 2.6460158824920654, 2.5773439407348633]",16,363.8117042398818,gpu_p256_b1_m1,gpu,256,1,1,4,measured,True,822c1fd7624ebbda7ca9fae5e4b119c25a525cba575348b85c90d3378d503e36,2014486528,380561408,406847488,10,,"OrderedDict([('allocated_bytes.allocated', 9199091712), ('allocated_bytes.current', 9199094667), ('allocated_bytes.freed', -2955), ('allocated_bytes.peak', 9199094667), ('allocation.allocated', 3152), ('allocation.current', 197), ('allocation.freed', 2955), ('allocation.peak', 197), ('host_alloc_time.avg', 547), ('host_alloc_time.count', 197), ('host_alloc_time.max', 25494), ('host_alloc_time.min', 1), ('host_alloc_time.total', 107914), ('host_free_time.avg', 0), ('host_free_time.count', 0), ('host_free_time.max', 0), ('host_free_time.min', 0), ('host_free_time.total', 0), ('num_host_alloc', 197), ('num_host_free', 0), ('reserved_bytes.allocated', 574943232), ('reserved_bytes.current', 574943232), ('reserved_bytes.freed', 0), ('reserved_bytes.peak', 574943232), ('segment.allocated', 197), ('segment.current', 197), ('segment.freed', 0), ('segment.peak', 197)])",574943232,True,process_lifetime_not_reset_per_case,0
43.369976337999105,3.592031955718994,39.53871941566467,"[3.592031955718994, 2.687903881072998, 2.673759937286377, 2.649280071258545, 2.65065598487854, 2.6182401180267334, 2.6335039138793945, 2.6544320583343506, 2.636159896850586, 2.6175038814544678, 2.61411190032959, 2.6248319149017334, 2.6527678966522217, 2.66428804397583, 2.6170239448547363, 2.5442559719085693]",16,368.91880860865064,gpu_p256_b1_m1,gpu,256,1,1,5,measured,True,822c1fd7624ebbda7ca9fae5e4b119c25a525cba575348b85c90d3378d503e36,2014486528,380561408,406847488,10,,"OrderedDict([('allocated_bytes.allocated', 9199091712), ('allocated_bytes.current', 9199094667), ('allocated_bytes.freed', -2955), ('allocated_bytes.peak', 9199094667), ('allocation.allocated', 3152), ('allocation.current', 197), ('allocation.freed', 2955), ('allocation.peak', 197), ('host_alloc_time.avg', 547), ('host_alloc_time.count', 197), ('host_alloc_time.max', 25494), ('host_alloc_time.min', 1), ('host_alloc_time.total', 107914), ('host_free_time.avg', 0), ('host_free_time.count', 0), ('host_free_time.max', 0), ('host_free_time.min', 0), ('host_free_time.total', 0), ('num_host_alloc', 197), ('num_host_free', 0), ('reserved_bytes.allocated', 574943232), ('reserved_bytes.current', 574943232), ('reserved_bytes.freed', 0), ('reserved_bytes.peak', 574943232), ('segment.allocated', 197), ('segment.current', 197), ('segment.freed', 0), ('segment.peak', 197)])",574943232,True,process_lifetime_not_reset_per_case,0
43.37710002437234,3.5803840160369873,39.560927867889404,"[3.5803840160369873, 2.715712070465088, 2.655519962310791, 2.637183904647827, 2.663424015045166, 2.633375883102417, 2.6295359134674072, 2.6387200355529785, 2.634176015853882, 2.6170880794525146, 2.6381759643554688, 2.6535680294036865, 2.6442880630493164, 2.6329920291900635, 2.6163198947906494, 2.5508480072021484]",16,368.8582222188681,gpu_p256_b1_m1,gpu,256,1,1,6,measured,True,822c1fd7624ebbda7ca9fae5e4b119c25a525cba575348b85c90d3378d503e36,2014486528,380561408,406847488,10,,"OrderedDict([('allocated_bytes.allocated', 9199091712), ('allocated_bytes.current', 9199094667), ('allocated_bytes.freed', -2955), ('allocated_bytes.peak', 9199094667), ('allocation.allocated', 3152), ('allocation.current', 197), ('allocation.freed', 2955), ('allocation.peak', 197), ('host_alloc_time.avg', 547), ('host_alloc_time.count', 197), ('host_alloc_time.max', 25494), ('host_alloc_time.min', 1), ('host_alloc_time.total', 107914), ('host_free_time.avg', 0), ('host_free_time.count', 0), ('host_free_time.max', 0), ('host_free_time.min', 0), ('host_free_time.total', 0), ('num_host_alloc', 197), ('num_host_free', 0), ('reserved_bytes.allocated', 574943232), ('reserved_bytes.current', 574943232), ('reserved_bytes.freed', 0), ('reserved_bytes.peak', 574943232), ('segment.allocated', 197), ('segment.current', 197), ('segment.freed', 0), ('segment.peak', 197)])",574943232,True,process_lifetime_not_reset_per_case,0
434.22370683401823,28.696447372436523,405.2789115905762,"[28.696447372436523, 27.011615753173828, 27.012319564819336, 27.009471893310547, 27.013216018676758, 27.004159927368164, 27.011999130249023, 27.047359466552734, 27.018239974975586, 27.03468894958496, 27.004928588867188, 27.050975799560547, 26.99920082092285, 27.045759201049805, 27.00115203857422, 27.013824462890625]",16,36.84736634178288,cpu_serial_p256_b1_m1,cpu_serial,256,1,1,0,measured,True,822c1fd7624ebbda7ca9fae5e4b119c25a525cba575348b85c90d3378d503e36,2014486528,122896384,140509184,10,,"OrderedDict([('allocated_bytes.allocated', 9774034944), ('allocated_bytes.current', 9774038096), ('allocated_bytes.freed', -3152), ('allocated_bytes.peak', 9774038096), ('allocation.allocated', 3349), ('allocation.current', 197), ('allocation.freed', 3152), ('allocation.peak', 197), ('host_alloc_time.avg', 547), ('host_alloc_time.count', 197), ('host_alloc_time.max', 25494), ('host_alloc_time.min', 1), ('host_alloc_time.total', 107914), ('host_free_time.avg', 0), ('host_free_time.count', 0), ('host_free_time.max', 0), ('host_free_time.min', 0), ('host_free_time.total', 0), ('num_host_alloc', 197), ('num_host_free', 0), ('reserved_bytes.allocated', 574943232), ('reserved_bytes.current', 574943232), ('reserved_bytes.freed', 0), ('reserved_bytes.peak', 574943232), ('segment.allocated', 197), ('segment.current', 197), ('segment.freed', 0), ('segment.peak', 197)])",574943232,True,process_lifetime_not_reset_per_case,327696384
434.1924269683659,28.669408798217773,405.29855728149414,"[28.669408798217773, 27.010175704956055, 27.034847259521484, 27.01375961303711, 27.033056259155273, 27.005760192871094, 27.01193618774414, 27.042015075683594, 26.990623474121094, 27.0512638092041, 27.015487670898438, 27.019359588623047, 26.993247985839844, 27.032928466796875, 27.04252815246582, 27.001567840576172]",16,36.8500208806399,cpu_serial_p256_b1_m1,cpu_serial,256,1,1,1,measured,True,822c1fd7624ebbda7ca9fae5e4b119c25a525cba575348b85c90d3378d503e36,2014486528,122896384,140509184,10,,"OrderedDict([('allocated_bytes.allocated', 9774034944), ('allocated_bytes.current', 9774038096), ('allocated_bytes.freed', -3152), ('allocated_bytes.peak', 9774038096), ('allocation.allocated', 3349), ('allocation.current', 197), ('allocation.freed', 3152), ('allocation.peak', 197), ('host_alloc_time.avg', 547), ('host_alloc_time.count', 197), ('host_alloc_time.max', 25494), ('host_alloc_time.min', 1), ('host_alloc_time.total', 107914), ('host_free_time.avg', 0), ('host_free_time.count', 0), ('host_free_time.max', 0), ('host_free_time.min', 0), ('host_free_time.total', 0), ('num_host_alloc', 197), ('num_host_free', 0), ('reserved_bytes.allocated', 574943232), ('reserved_bytes.current', 574943232), ('reserved_bytes.freed', 0), ('reserved_bytes.peak', 574943232), ('segment.allocated', 197), ('segment.current', 197), ('segment.freed', 0), ('segment.peak', 197)])",574943232,True,process_lifetime_not_reset_per_case,327696384
434.2496679164469,28.676288604736328,405.35916900634766,"[28.676288604736328, 27.036863327026367, 26.99875259399414, 27.050432205200195, 26.999040603637695, 27.0118408203125, 26.99577522277832, 27.041568756103516, 26.999807357788086, 27.068159103393555, 27.0251522064209, 27.040000915527344, 27.011743545532227, 27.05356788635254, 27.02351951599121, 27.002944946289062]",16,36.845163467294874,cpu_serial_p256_b1_m1,cpu_serial,256,1,1,2,measured,True,822c1fd7624ebbda7ca9fae5e4b119c25a525cba575348b85c90d3378d503e36,2014486528,122896384,140509184,10,,"OrderedDict([('allocated_bytes.allocated', 9774034944), ('allocated_bytes.current', 9774038096), ('allocated_bytes.freed', -3152), ('allocated_bytes.peak', 9774038096), ('allocation.allocated', 3349), ('allocation.current', 197), ('allocation.freed', 3152), ('allocation.peak', 197), ('host_alloc_time.avg', 547), ('host_alloc_time.count', 197), ('host_alloc_time.max', 25494), ('host_alloc_time.min', 1), ('host_alloc_time.total', 107914), ('host_free_time.avg', 0), ('host_free_time.count', 0), ('host_free_time.max', 0), ('host_free_time.min', 0), ('host_free_time.total', 0), ('num_host_alloc', 197), ('num_host_free', 0), ('reserved_bytes.allocated', 574943232), ('reserved_bytes.current', 574943232), ('reserved_bytes.freed', 0), ('reserved_bytes.peak', 574943232), ('segment.allocated', 197), ('segment.current', 197), ('segment.freed', 0), ('segment.peak', 197)])",574943232,True,process_lifetime_not_reset_per_case,327696384
434.22340601682663,28.700223922729492,405.2369956970215,"[28.700223922729492, 27.020896911621094, 27.00364875793457, 26.99283218383789, 27.016704559326172, 27.019424438476562, 27.02115249633789, 27.030912399291992, 27.022432327270508, 27.01590347290039, 27.01865577697754, 27.03433609008789, 26.98828887939453, 27.029184341430664, 27.009727478027344, 27.012895584106445]",16,36.84739186855345,cpu_serial_p256_b1_m1,cpu_serial,256,1,1,3,measured,True,822c1fd7624ebbda7ca9fae5e4b119c25a525cba575348b85c90d3378d503e36,2014486528,122896384,140509184,10,,"OrderedDict([('allocated_bytes.allocated', 9774034944), ('allocated_bytes.current', 9774038096), ('allocated_bytes.freed', -3152), ('allocated_bytes.peak', 9774038096), ('allocation.allocated', 3349), ('allocation.current', 197), ('allocation.freed', 3152), ('allocation.peak', 197), ('host_alloc_time.avg', 547), ('host_alloc_time.count', 197), ('host_alloc_time.max', 25494), ('host_alloc_time.min', 1), ('host_alloc_time.total', 107914), ('host_free_time.avg', 0), ('host_free_time.count', 0), ('host_free_time.max', 0), ('host_free_time.min', 0), ('host_free_time.total', 0), ('num_host_alloc', 197), ('num_host_free', 0), ('reserved_bytes.allocated', 574943232), ('reserved_bytes.current', 574943232), ('reserved_bytes.freed', 0), ('reserved_bytes.peak', 574943232), ('segment.allocated', 197), ('segment.current', 197), ('segment.freed', 0), ('segment.peak', 197)])",574943232,True,process_lifetime_not_reset_per_case,327696384
434.1952851973474,28.67990493774414,405.29865646362305,"[28.67990493774414, 27.01263999938965, 27.022367477416992, 27.010944366455078, 26.98240089416504, 27.02092742919922, 27.045984268188477, 27.008832931518555, 26.996416091918945, 27.063392639160156, 27.00022315979004, 27.00102424621582, 27.0064640045166, 27.069215774536133, 27.033567428588867, 27.024255752563477]",16,36.84977830362159,cpu_serial_p256_b1_m1,cpu_serial,256,1,1,4,measured,True,822c1fd7624ebbda7ca9fae5e4b119c25a525cba575348b85c90d3378d503e36,2014486528,122896384,140509184,10,,"OrderedDict([('allocated_bytes.allocated', 9774034944), ('allocated_bytes.current', 9774038096), ('allocated_bytes.freed', -3152), ('allocated_bytes.peak', 9774038096), ('allocation.allocated', 3349), ('allocation.current', 197), ('allocation.freed', 3152), ('allocation.peak', 197), ('host_alloc_time.avg', 547), ('host_alloc_time.count', 197), ('host_alloc_time.max', 25494), ('host_alloc_time.min', 1), ('host_alloc_time.total', 107914), ('host_free_time.avg', 0), ('host_free_time.count', 0), ('host_free_time.max', 0), ('host_free_time.min', 0), ('host_free_time.total', 0), ('num_host_alloc', 197), ('num_host_free', 0), ('reserved_bytes.allocated', 574943232), ('reserved_bytes.current', 574943232), ('reserved_bytes.freed', 0), ('reserved_bytes.peak', 574943232), ('segment.allocated', 197), ('segment.current', 197), ('segment.freed', 0), ('segment.peak', 197)])",574943232,True,process_lifetime_not_reset_per_case,327696384
434.2843350023031,28.676128387451172,405.3896656036377,"[28.676128387451172, 27.007007598876953, 26.994464874267578, 27.050495147705078, 27.02057647705078, 27.05673599243164, 27.01945686340332, 27.01055908203125, 27.02057647705078, 27.058944702148438, 27.011615753173828, 27.06470489501953, 27.0020809173584, 27.04537582397461, 26.998815536499023, 27.028255462646484]",16,36.84222227337568,cpu_serial_p256_b1_m1,cpu_serial,256,1,1,5,measured,True,822c1fd7624ebbda7ca9fae5e4b119c25a525cba575348b85c90d3378d503e36,2014486528,122896384,140509184,10,,"OrderedDict([('allocated_bytes.allocated', 9774034944), ('allocated_bytes.current', 9774038096), ('allocated_bytes.freed', -3152), ('allocated_bytes.peak', 9774038096), ('allocation.allocated', 3349), ('allocation.current', 197), ('allocation.freed', 3152), ('allocation.peak', 197), ('host_alloc_time.avg', 547), ('host_alloc_time.count', 197), ('host_alloc_time.max', 25494), ('host_alloc_time.min', 1), ('host_alloc_time.total', 107914), ('host_free_time.avg', 0), ('host_free_time.count', 0), ('host_free_time.max', 0), ('host_free_time.min', 0), ('host_free_time.total', 0), ('num_host_alloc', 197), ('num_host_free', 0), ('reserved_bytes.allocated', 574943232), ('reserved_bytes.current', 574943232), ('reserved_bytes.freed', 0), ('reserved_bytes.peak', 574943232), ('segment.allocated', 197), ('segment.current', 197), ('segment.freed', 0), ('segment.peak', 197)])",574943232,True,process_lifetime_not_reset_per_case,327696384
434.23413718119264,28.69219207763672,405.3264636993408,"[28.69219207763672, 27.0100154876709, 27.03651237487793, 27.01318359375, 27.00444793701172, 27.000320434570312, 27.0086727142334, 27.02409553527832, 27.007455825805664, 27.031455993652344, 27.028799057006836, 27.042144775390625, 27.064544677734375, 27.043359756469727, 27.00886344909668, 27.002592086791992]",16,36.84648126437763,cpu_serial_p256_b1_m1,cpu_serial,256,1,1,6,measured,True,822c1fd7624ebbda7ca9fae5e4b119c25a525cba575348b85c90d3378d503e36,2014486528,122896384,140509184,10,,"OrderedDict([('allocated_bytes.allocated', 9774034944), ('allocated_bytes.current', 9774038096), ('allocated_bytes.freed', -3152), ('allocated_bytes.peak', 9774038096), ('allocation.allocated', 3349), ('allocation.current', 197), ('allocation.freed', 3152), ('allocation.peak', 197), ('host_alloc_time.avg', 547), ('host_alloc_time.count', 197), ('host_alloc_time.max', 25494), ('host_alloc_time.min', 1), ('host_alloc_time.total', 107914), ('host_free_time.avg', 0), ('host_free_time.count', 0), ('host_free_time.max', 0), ('host_free_time.min', 0), ('host_free_time.total', 0), ('num_host_alloc', 197), ('num_host_free', 0), ('reserved_bytes.allocated', 574943232), ('reserved_bytes.current', 574943232), ('reserved_bytes.freed', 0), ('reserved_bytes.peak', 574943232), ('segment.allocated', 197), ('segment.current', 197), ('segment.freed', 0), ('segment.peak', 197)])",574943232,True,process_lifetime_not_reset_per_case,327696384
418.94564405083656,26.166271209716797,386.3077735900879,"[26.166271209716797, 26.116287231445312, 26.133440017700195, 26.123903274536133, 26.132511138916016, 26.13488006591797, 26.161792755126953, 26.371295928955078, 26.14499282836914, 26.138591766357422, 26.136991500854492, 26.14313507080078, 26.133695602416992, 26.133440017700195, 26.124000549316406, 20.178815841674805]",16,38.1911119669226,cpu_overlap_p256_b1_m1,cpu_overlap,256,1,1,0,measured,True,822c1fd7624ebbda7ca9fae5e4b119c25a525cba575348b85c90d3378d503e36,2014486528,203639808,241172480,10,,"OrderedDict([('allocated_bytes.allocated', 10348978176), ('allocated_bytes.current', 10348981525), ('allocated_bytes.freed', -3349), ('allocated_bytes.peak', 10348981525), ('allocation.allocated', 3546), ('allocation.current', 197), ('allocation.freed', 3349), ('allocation.peak', 197), ('host_alloc_time.avg', 547), ('host_alloc_time.count', 197), ('host_alloc_time.max', 25494), ('host_alloc_time.min', 1), ('host_alloc_time.total', 107914), ('host_free_time.avg', 0), ('host_free_time.count', 0), ('host_free_time.max', 0), ('host_free_time.min', 0), ('host_free_time.total', 0), ('num_host_alloc', 197), ('num_host_free', 0), ('reserved_bytes.allocated', 574943232), ('reserved_bytes.current', 574943232), ('reserved_bytes.freed', 0), ('reserved_bytes.peak', 574943232), ('segment.allocated', 197), ('segment.current', 197), ('segment.freed', 0), ('segment.peak', 197)])",574943232,True,process_lifetime_not_reset_per_case,327696384
418.53559017181396,26.160768508911133,385.9177589416504,"[26.160768508911133, 26.13279914855957, 26.10652732849121, 26.129568099975586, 26.1246395111084, 26.116928100585938, 26.11414337158203, 26.124832153320312, 26.11142349243164, 26.205759048461914, 26.11440086364746, 26.11395263671875, 26.12259292602539, 26.103008270263672, 26.11564826965332, 20.181535720825195]",16,38.228529128029,cpu_overlap_p256_b1_m1,cpu_overlap,256,1,1,1,measured,True,822c1fd7624ebbda7ca9fae5e4b119c25a525cba575348b85c90d3378d503e36,2014486528,203639808,241172480,10,,"OrderedDict([('allocated_bytes.allocated', 10348978176), ('allocated_bytes.current', 10348981525), ('allocated_bytes.freed', -3349), ('allocated_bytes.peak', 10348981525), ('allocation.allocated', 3546), ('allocation.current', 197), ('allocation.freed', 3349), ('allocation.peak', 197), ('host_alloc_time.avg', 547), ('host_alloc_time.count', 197), ('host_alloc_time.max', 25494), ('host_alloc_time.min', 1), ('host_alloc_time.total', 107914), ('host_free_time.avg', 0), ('host_free_time.count', 0), ('host_free_time.max', 0), ('host_free_time.min', 0), ('host_free_time.total', 0), ('num_host_alloc', 197), ('num_host_free', 0), ('reserved_bytes.allocated', 574943232), ('reserved_bytes.current', 574943232), ('reserved_bytes.freed', 0), ('reserved_bytes.peak', 574943232), ('segment.allocated', 197), ('segment.current', 197), ('segment.freed', 0), ('segment.peak', 197)])",574943232,True,process_lifetime_not_reset_per_case,327696384
418.5251467861235,26.15158462524414,385.9312973022461,"[26.15158462524414, 26.14348793029785, 26.118560791015625, 26.161088943481445, 26.12099266052246, 26.117664337158203, 26.134687423706055, 26.110559463500977, 26.144224166870117, 26.109600067138672, 26.129600524902344, 26.105215072631836, 26.116607666015625, 26.107711791992188, 26.142047882080078, 20.169248580932617]",16,38.22948303791262,cpu_overlap_p256_b1_m1,cpu_overlap,256,1,1,2,measured,True,822c1fd7624ebbda7ca9fae5e4b119c25a525cba575348b85c90d3378d503e36,2014486528,203639808,241172480,10,,"OrderedDict([('allocated_bytes.allocated', 10348978176), ('allocated_bytes.current', 10348981525), ('allocated_bytes.freed', -3349), ('allocated_bytes.peak', 10348981525), ('allocation.allocated', 3546), ('allocation.current', 197), ('allocation.freed', 3349), ('allocation.peak', 197), ('host_alloc_time.avg', 547), ('host_alloc_time.count', 197), ('host_alloc_time.max', 25494), ('host_alloc_time.min', 1), ('host_alloc_time.total', 107914), ('host_free_time.avg', 0), ('host_free_time.count', 0), ('host_free_time.max', 0), ('host_free_time.min', 0), ('host_free_time.total', 0), ('num_host_alloc', 197), ('num_host_free', 0), ('reserved_bytes.allocated', 574943232), ('reserved_bytes.current', 574943232), ('reserved_bytes.freed', 0), ('reserved_bytes.peak', 574943232), ('segment.allocated', 197), ('segment.current', 197), ('segment.freed', 0), ('segment.peak', 197)])",574943232,True,process_lifetime_not_reset_per_case,327696384
418.7732059508562,26.14739227294922,386.11170959472656,"[26.14739227294922, 26.119487762451172, 26.12019157409668, 26.122432708740234, 26.119808197021484, 26.18511962890625, 26.143903732299805, 26.107967376708984, 26.12188720703125, 26.124319076538086, 26.133056640625, 26.11408042907715, 26.124191284179688, 26.206815719604492, 26.168800354003906, 20.199647903442383]",16,38.20683790805286,cpu_overlap_p256_b1_m1,cpu_overlap,256,1,1,3,measured,True,822c1fd7624ebbda7ca9fae5e4b119c25a525cba575348b85c90d3378d503e36,2014486528,203639808,241172480,10,,"OrderedDict([('allocated_bytes.allocated', 10348978176), ('allocated_bytes.current', 10348981525), ('allocated_bytes.freed', -3349), ('allocated_bytes.peak', 10348981525), ('allocation.allocated', 3546), ('allocation.current', 197), ('allocation.freed', 3349), ('allocation.peak', 197), ('host_alloc_time.avg', 547), ('host_alloc_time.count', 197), ('host_alloc_time.max', 25494), ('host_alloc_time.min', 1), ('host_alloc_time.total', 107914), ('host_free_time.avg', 0), ('host_free_time.count', 0), ('host_free_time.max', 0), ('host_free_time.min', 0), ('host_free_time.total', 0), ('num_host_alloc', 197), ('num_host_free', 0), ('reserved_bytes.allocated', 574943232), ('reserved_bytes.current', 574943232), ('reserved_bytes.freed', 0), ('reserved_bytes.peak', 574943232), ('segment.allocated', 197), ('segment.current', 197), ('segment.freed', 0), ('segment.peak', 197)])",574943232,True,process_lifetime_not_reset_per_case,327696384
418.5122228227556,26.16486358642578,385.89504051208496,"[26.16486358642578, 26.120960235595703, 26.149280548095703, 26.116287231445312, 26.120512008666992, 26.124832153320312, 26.116416931152344, 26.12518310546875, 26.116960525512695, 26.13609504699707, 26.138208389282227, 26.106815338134766, 26.12214469909668, 26.123104095458984, 26.119680404663086, 20.158559799194336]",16,38.23066359229411,cpu_overlap_p256_b1_m1,cpu_overlap,256,1,1,4,measured,True,822c1fd7624ebbda7ca9fae5e4b119c25a525cba575348b85c90d3378d503e36,2014486528,203639808,241172480,10,,"OrderedDict([('allocated_bytes.allocated', 10348978176), ('allocated_bytes.current', 10348981525), ('allocated_bytes.freed', -3349), ('allocated_bytes.peak', 10348981525), ('allocation.allocated', 3546), ('allocation.current', 197), ('allocation.freed', 3349), ('allocation.peak', 197), ('host_alloc_time.avg', 547), ('host_alloc_time.count', 197), ('host_alloc_time.max', 25494), ('host_alloc_time.min', 1), ('host_alloc_time.total', 107914), ('host_free_time.avg', 0), ('host_free_time.count', 0), ('host_free_time.max', 0), ('host_free_time.min', 0), ('host_free_time.total', 0), ('num_host_alloc', 197), ('num_host_free', 0), ('reserved_bytes.allocated', 574943232), ('reserved_bytes.current', 574943232), ('reserved_bytes.freed', 0), ('reserved_bytes.peak', 574943232), ('segment.allocated', 197), ('segment.current', 197), ('segment.freed', 0), ('segment.peak', 197)])",574943232,True,process_lifetime_not_reset_per_case,327696384
418.525286950171,26.170080184936523,385.9162540435791,"[26.170080184936523, 26.14134407043457, 26.11369514465332, 26.106624603271484, 26.116159439086914, 26.115039825439453, 26.123199462890625, 26.130239486694336, 26.125024795532227, 26.11756706237793, 26.119487762451172, 26.15216064453125, 26.116512298583984, 26.120223999023438, 26.12771224975586, 20.19126319885254]",16,38.22947023486525,cpu_overlap_p256_b1_m1,cpu_overlap,256,1,1,5,measured,True,822c1fd7624ebbda7ca9fae5e4b119c25a525cba575348b85c90d3378d503e36,2014486528,203639808,241172480,10,,"OrderedDict([('allocated_bytes.allocated', 10348978176), ('allocated_bytes.current', 10348981525), ('allocated_bytes.freed', -3349), ('allocated_bytes.peak', 10348981525), ('allocation.allocated', 3546), ('allocation.current', 197), ('allocation.freed', 3349), ('allocation.peak', 197), ('host_alloc_time.avg', 547), ('host_alloc_time.count', 197), ('host_alloc_time.max', 25494), ('host_alloc_time.min', 1), ('host_alloc_time.total', 107914), ('host_free_time.avg', 0), ('host_free_time.count', 0), ('host_free_time.max', 0), ('host_free_time.min', 0), ('host_free_time.total', 0), ('num_host_alloc', 197), ('num_host_free', 0), ('reserved_bytes.allocated', 574943232), ('reserved_bytes.current', 574943232), ('reserved_bytes.freed', 0), ('reserved_bytes.peak', 574943232), ('segment.allocated', 197), ('segment.current', 197), ('segment.freed', 0), ('segment.peak', 197)])",574943232,True,process_lifetime_not_reset_per_case,327696384
418.4642801992595,26.15894317626953,385.8588447570801,"[26.15894317626953, 26.114112854003906, 26.11769676208496, 26.13884735107422, 26.119583129882812, 26.124736785888672, 26.112831115722656, 26.123327255249023, 26.12236785888672, 26.116607666015625, 26.12518310546875, 26.11737632751465, 26.117183685302734, 26.113727569580078, 26.11417579650879, 20.181087493896484]",16,38.235043603677006,cpu_overlap_p256_b1_m1,cpu_overlap,256,1,1,6,measured,True,822c1fd7624ebbda7ca9fae5e4b119c25a525cba575348b85c90d3378d503e36,2014486528,203639808,241172480,10,,"OrderedDict([('allocated_bytes.allocated', 10348978176), ('allocated_bytes.current', 10348981525), ('allocated_bytes.freed', -3349), ('allocated_bytes.peak', 10348981525), ('allocation.allocated', 3546), ('allocation.current', 197), ('allocation.freed', 3349), ('allocation.peak', 197), ('host_alloc_time.avg', 547), ('host_alloc_time.count', 197), ('host_alloc_time.max', 25494), ('host_alloc_time.min', 1), ('host_alloc_time.total', 107914), ('host_free_time.avg', 0), ('host_free_time.count', 0), ('host_free_time.max', 0), ('host_free_time.min', 0), ('host_free_time.total', 0), ('num_host_alloc', 197), ('num_host_free', 0), ('reserved_bytes.allocated', 574943232), ('reserved_bytes.current', 574943232), ('reserved_bytes.freed', 0), ('reserved_bytes.peak', 574943232), ('segment.allocated', 197), ('segment.current', 197), ('segment.freed', 0), ('segment.peak', 197)])",574943232,True,process_lifetime_not_reset_per_case,327696384
87.30707410722971,7.134175777435303,79.67840051651001,"[7.134175777435303, 5.3394880294799805, 5.289279937744141, 5.317376136779785, 5.3243842124938965, 5.381408214569092, 5.295072078704834, 5.363679885864258, 5.316160202026367, 5.331520080566406, 5.3355841636657715, 5.364704132080078, 5.306687831878662, 5.341055870056152, 5.33190393447876, 5.040095806121826]",32,366.5224190275568,gpu_p256_b1_m2,gpu,256,1,2,0,measured,True,90354df609053b75f369ff1f9f5c2cfa442c28e4451c9de8978702684638f4fc,2014486528,390945280,419430400,10,,"OrderedDict([('allocated_bytes.allocated', 10348978176), ('allocated_bytes.current', 10348981525), ('allocated_bytes.freed', -3349), ('allocated_bytes.peak', 10348981525), ('allocation.allocated', 3546), ('allocation.current', 197), ('allocation.freed', 3349), ('allocation.peak', 197), ('host_alloc_time.avg', 547), ('host_alloc_time.count', 197), ('host_alloc_time.max', 25494), ('host_alloc_time.min', 1), ('host_alloc_time.total', 107914), ('host_free_time.avg', 0), ('host_free_time.count', 0), ('host_free_time.max', 0), ('host_free_time.min', 0), ('host_free_time.total', 0), ('num_host_alloc', 197), ('num_host_free', 0), ('reserved_bytes.allocated', 574943232), ('reserved_bytes.current', 574943232), ('reserved_bytes.freed', 0), ('reserved_bytes.peak', 574943232), ('segment.allocated', 197), ('segment.current', 197), ('segment.freed', 0), ('segment.peak', 197)])",574943232,True,process_lifetime_not_reset_per_case,0
86.64178615435958,7.120672225952148,79.14447975158691,"[7.120672225952148, 5.3106560707092285, 5.324351787567139, 5.299520015716553, 5.276768207550049, 5.277279853820801, 5.261504173278809, 5.285408020019531, 5.281599998474121, 5.292895793914795, 5.32480001449585, 5.307936191558838, 5.29750394821167, 5.309375762939453, 5.310143947601318, 4.98473596572876]",32,369.3367994859816,gpu_p256_b1_m2,gpu,256,1,2,1,measured,True,90354df609053b75f369ff1f9f5c2cfa442c28e4451c9de8978702684638f4fc,2014486528,390945280,419430400,10,,"OrderedDict([('allocated_bytes.allocated', 10348978176), ('allocated_bytes.current', 10348981525), ('allocated_bytes.freed', -3349), ('allocated_bytes.peak', 10348981525), ('allocation.allocated', 3546), ('allocation.current', 197), ('allocation.freed', 3349), ('allocation.peak', 197), ('host_alloc_time.avg', 547), ('host_alloc_time.count', 197), ('host_alloc_time.max', 25494), ('host_alloc_time.min', 1), ('host_alloc_time.total', 107914), ('host_free_time.avg', 0), ('host_free_time.count', 0), ('host_free_time.max', 0), ('host_free_time.min', 0), ('host_free_time.total', 0), ('num_host_alloc', 197), ('num_host_free', 0), ('reserved_bytes.allocated', 574943232), ('reserved_bytes.current', 574943232), ('reserved_bytes.freed', 0), ('reserved_bytes.peak', 574943232), ('segment.allocated', 197), ('segment.current', 197), ('segment.freed', 0), ('segment.peak', 197)])",574943232,True,process_lifetime_not_reset_per_case,0
86.99961891397834,7.100480079650879,79.52364730834961,"[7.100480079650879, 5.3433918952941895, 5.336575984954834, 5.406847953796387, 5.292479991912842, 5.352960109710693, 5.3002238273620605, 5.326943874359131, 5.331520080566406, 5.307551860809326, 5.280576229095459, 5.340384006500244, 5.301119804382324, 5.321951866149902, 5.321023941040039, 4.9600958824157715]",32,367.8177031055767,gpu_p256_b1_m2,gpu,256,1,2,2,measured,True,90354df609053b75f369ff1f9f5c2cfa442c28e4451c9de8978702684638f4fc,2014486528,390945280,419430400,10,,"OrderedDict([('allocated_bytes.allocated', 10348978176), ('allocated_bytes.current', 10348981525), ('allocated_bytes.freed', -3349), ('allocated_bytes.peak', 10348981525), ('allocation.allocated', 3546), ('allocation.current', 197), ('allocation.freed', 3349), ('allocation.peak', 197), ('host_alloc_time.avg', 547), ('host_alloc_time.count', 197), ('host_alloc_time.max', 25494), ('host_alloc_time.min', 1), ('host_alloc_time.total', 107914), ('host_free_time.avg', 0), ('host_free_time.count', 0), ('host_free_time.max', 0), ('host_free_time.min', 0), ('host_free_time.total', 0), ('num_host_alloc', 197), ('num_host_free', 0), ('reserved_bytes.allocated', 574943232), ('reserved_bytes.current', 574943232), ('reserved_bytes.freed', 0), ('reserved_bytes.peak', 574943232), ('segment.allocated', 197), ('segment.current', 197), ('segment.freed', 0), ('segment.peak', 197)])",574943232,True,process_lifetime_not_reset_per_case,0
86.84862405061722,7.134624004364014,79.33564853668213,"[7.134624004364014, 5.352416038513184, 5.282368183135986, 5.288608074188232, 5.320864200592041, 5.365824222564697, 5.336639881134033, 5.3504958152771, 5.294559955596924, 5.298272132873535, 5.2521281242370605, 5.288671970367432, 5.309728145599365, 5.302944183349609, 5.309055805206299, 4.983071804046631]",32,368.4571903102313,gpu_p256_b1_m2,gpu,256,1,2,3,measured,True,90354df609053b75f369ff1f9f5c2cfa442c28e4451c9de8978702684638f4fc,2014486528,390945280,419430400,10,,"OrderedDict([('allocated_bytes.allocated', 10348978176), ('allocated_bytes.current', 10348981525), ('allocated_bytes.freed', -3349), ('allocated_bytes.peak', 10348981525), ('allocation.allocated', 3546), ('allocation.current', 197), ('allocation.freed', 3349), ('allocation.peak', 197), ('host_alloc_time.avg', 547), ('host_alloc_time.count', 197), ('host_alloc_time.max', 25494), ('host_alloc_time.min', 1), ('host_alloc_time.total', 107914), ('host_free_time.avg', 0), ('host_free_time.count', 0), ('host_free_time.max', 0), ('host_free_time.min', 0), ('host_free_time.total', 0), ('num_host_alloc', 197), ('num_host_free', 0), ('reserved_bytes.allocated', 574943232), ('reserved_bytes.current', 574943232), ('reserved_bytes.freed', 0), ('reserved_bytes.peak', 574943232), ('segment.allocated', 197), ('segment.current', 197), ('segment.freed', 0), ('segment.peak', 197)])",574943232,True,process_lifetime_not_reset_per_case,0
86.97447832673788,7.104864120483398,79.49478387832642,"[7.104864120483398, 5.314239978790283, 5.326335906982422, 5.321663856506348, 5.3384318351745605, 5.320511817932129, 5.321728229522705, 5.324927806854248, 5.284800052642822, 5.324895858764648, 5.314527988433838, 5.332640171051025, 5.3100481033325195, 5.322368144989014, 5.333951950073242, 5.003712177276611]",32,367.9240234104686,gpu_p256_b1_m2,gpu,256,1,2,4,measured,True,90354df609053b75f369ff1f9f5c2cfa442c28e4451c9de8978702684638f4fc,2014486528,390945280,419430400,10,,"OrderedDict([('allocated_bytes.allocated', 10348978176), ('allocated_bytes.current', 10348981525), ('allocated_bytes.freed', -3349), ('allocated_bytes.peak', 10348981525), ('allocation.allocated', 3546), ('allocation.current', 197), ('allocation.freed', 3349), ('allocation.peak', 197), ('host_alloc_time.avg', 547), ('host_alloc_time.count', 197), ('host_alloc_time.max', 25494), ('host_alloc_time.min', 1), ('host_alloc_time.total', 107914), ('host_free_time.avg', 0), ('host_free_time.count', 0), ('host_free_time.max', 0), ('host_free_time.min', 0), ('host_free_time.total', 0), ('num_host_alloc', 197), ('num_host_free', 0), ('reserved_bytes.allocated', 574943232), ('reserved_bytes.current', 574943232), ('reserved_bytes.freed', 0), ('reserved_bytes.peak', 574943232), ('segment.allocated', 197), ('segment.current', 197), ('segment.freed', 0), ('segment.peak', 197)])",574943232,True,process_lifetime_not_reset_per_case,0
87.06799009814858,7.114272117614746,79.57811164855957,"[7.114272117614746, 5.370560169219971, 5.308063983917236, 5.334911823272705, 5.295584201812744, 5.368415832519531, 5.316192150115967, 5.376224040985107, 5.276288032531738, 5.322720050811768, 5.368256092071533, 5.336607933044434, 5.289087772369385, 5.31987190246582, 5.293439865112305, 5.001887798309326]",32,367.5288698398523,gpu_p256_b1_m2,gpu,256,1,2,5,measured,True,90354df609053b75f369ff1f9f5c2cfa442c28e4451c9de8978702684638f4fc,2014486528,390945280,419430400,10,,"OrderedDict([('allocated_bytes.allocated', 10348978176), ('allocated_bytes.current', 10348981525), ('allocated_bytes.freed', -3349), ('allocated_bytes.peak', 10348981525), ('allocation.allocated', 3546), ('allocation.current', 197), ('allocation.freed', 3349), ('allocation.peak', 197), ('host_alloc_time.avg', 547), ('host_alloc_time.count', 197), ('host_alloc_time.max', 25494), ('host_alloc_time.min', 1), ('host_alloc_time.total', 107914), ('host_free_time.avg', 0), ('host_free_time.count', 0), ('host_free_time.max', 0), ('host_free_time.min', 0), ('host_free_time.total', 0), ('num_host_alloc', 197), ('num_host_free', 0), ('reserved_bytes.allocated', 574943232), ('reserved_bytes.current', 574943232), ('reserved_bytes.freed', 0), ('reserved_bytes.peak', 574943232), ('segment.allocated', 197), ('segment.current', 197), ('segment.freed', 0), ('segment.peak', 197)])",574943232,True,process_lifetime_not_reset_per_case,0
87.36982569098473,7.131072044372559,79.81951951980591,"[7.131072044372559, 5.355423927307129, 5.327807903289795, 5.295135974884033, 5.34876823425293, 5.3163838386535645, 5.369440078735352, 5.331647872924805, 5.31609582901001, 5.329023838043213, 5.315104007720947, 5.357888221740723, 5.310495853424072, 5.381472110748291, 5.37772798538208, 5.087103843688965]",32,366.2591718241453,gpu_p256_b1_m2,gpu,256,1,2,6,measured,True,90354df609053b75f369ff1f9f5c2cfa442c28e4451c9de8978702684638f4fc,2014486528,390945280,419430400,10,,"OrderedDict([('allocated_bytes.allocated', 10348978176), ('allocated_bytes.current', 10348981525), ('allocated_bytes.freed', -3349), ('allocated_bytes.peak', 10348981525), ('allocation.allocated', 3546), ('allocation.current', 197), ('allocation.freed', 3349), ('allocation.peak', 197), ('host_alloc_time.avg', 547), ('host_alloc_time.count', 197), ('host_alloc_time.max', 25494), ('host_alloc_time.min', 1), ('host_alloc_time.total', 107914), ('host_free_time.avg', 0), ('host_free_time.count', 0), ('host_free_time.max', 0), ('host_free_time.min', 0), ('host_free_time.total', 0), ('num_host_alloc', 197), ('num_host_free', 0), ('reserved_bytes.allocated', 574943232), ('reserved_bytes.current', 574943232), ('reserved_bytes.freed', 0), ('reserved_bytes.peak', 574943232), ('segment.allocated', 197), ('segment.current', 197), ('segment.freed', 0), ('segment.peak', 197)])",574943232,True,process_lifetime_not_reset_per_case,0
457.9755198210478,31.59391975402832,425.88594818115234,"[31.59391975402832, 28.374208450317383, 28.37411117553711, 28.446239471435547, 28.36400032043457, 28.37539291381836, 28.385311126708984, 28.403968811035156, 28.361183166503906, 28.424095153808594, 28.377119064331055, 28.413631439208984, 28.392864227294922, 28.42144012451172, 28.387487411499023, 28.38489532470703]",32,69.87273034266958,cpu_serial_p256_b1_m2,cpu_serial,256,1,2,0,measured,True,90354df609053b75f369ff1f9f5c2cfa442c28e4451c9de8978702684638f4fc,2014486528,133280256,150994944,10,,"OrderedDict([('allocated_bytes.allocated', 10923921408), ('allocated_bytes.current', 10923924954), ('allocated_bytes.freed', -3546), ('allocated_bytes.peak', 10923924954), ('allocation.allocated', 3743), ('allocation.current', 197), ('allocation.freed', 3546), ('allocation.peak', 197), ('host_alloc_time.avg', 547), ('host_alloc_time.count', 197), ('host_alloc_time.max', 25494), ('host_alloc_time.min', 1), ('host_alloc_time.total', 107914), ('host_free_time.avg', 0), ('host_free_time.count', 0), ('host_free_time.max', 0), ('host_free_time.min', 0), ('host_free_time.total', 0), ('num_host_alloc', 197), ('num_host_free', 0), ('reserved_bytes.allocated', 574943232), ('reserved_bytes.current', 574943232), ('reserved_bytes.freed', 0), ('reserved_bytes.peak', 574943232), ('segment.allocated', 197), ('segment.current', 197), ('segment.freed', 0), ('segment.peak', 197)])",574943232,True,process_lifetime_not_reset_per_case,327696384
457.5412501581013,31.536447525024414,425.66617584228516,"[31.536447525024414, 28.383136749267578, 28.380159378051758, 28.35852813720703, 28.382463455200195, 28.369216918945312, 28.38377571105957, 28.3855037689209, 28.365760803222656, 28.394624710083008, 28.370752334594727, 28.39580726623535, 28.358144760131836, 28.3985595703125, 28.36262321472168, 28.377119064331055]",32,69.93904918724277,cpu_serial_p256_b1_m2,cpu_serial,256,1,2,1,measured,True,90354df609053b75f369ff1f9f5c2cfa442c28e4451c9de8978702684638f4fc,2014486528,133280256,150994944,10,,"OrderedDict([('allocated_bytes.allocated', 10923921408), ('allocated_bytes.current', 10923924954), ('allocated_bytes.freed', -3546), ('allocated_bytes.peak', 10923924954), ('allocation.allocated', 3743), ('allocation.current', 197), ('allocation.freed', 3546), ('allocation.peak', 197), ('host_alloc_time.avg', 547), ('host_alloc_time.count', 197), ('host_alloc_time.max', 25494), ('host_alloc_time.min', 1), ('host_alloc_time.total', 107914), ('host_free_time.avg', 0), ('host_free_time.count', 0), ('host_free_time.max', 0), ('host_free_time.min', 0), ('host_free_time.total', 0), ('num_host_alloc', 197), ('num_host_free', 0), ('reserved_bytes.allocated', 574943232), ('reserved_bytes.current', 574943232), ('reserved_bytes.freed', 0), ('reserved_bytes.peak', 574943232), ('segment.allocated', 197), ('segment.current', 197), ('segment.freed', 0), ('segment.peak', 197)])",574943232,True,process_lifetime_not_reset_per_case,327696384
457.6678890734911,31.529695510864258,425.80614471435547,"[31.529695510864258, 28.371328353881836, 28.346912384033203, 28.397119522094727, 28.383583068847656, 28.377887725830078, 28.390975952148438, 28.41868782043457, 28.368928909301758, 28.41980743408203, 28.376224517822266, 28.38243293762207, 28.393728256225586, 28.453855514526367, 28.345407485961914, 28.37926483154297]",32,69.91969671453512,cpu_serial_p256_b1_m2,cpu_serial,256,1,2,2,measured,True,90354df609053b75f369ff1f9f5c2cfa442c28e4451c9de8978702684638f4fc,2014486528,133280256,150994944,10,,"OrderedDict([('allocated_bytes.allocated', 10923921408), ('allocated_bytes.current', 10923924954), ('allocated_bytes.freed', -3546), ('allocated_bytes.peak', 10923924954), ('allocation.allocated', 3743), ('allocation.current', 197), ('allocation.freed', 3546), ('allocation.peak', 197), ('host_alloc_time.avg', 547), ('host_alloc_time.count', 197), ('host_alloc_time.max', 25494), ('host_alloc_time.min', 1), ('host_alloc_time.total', 107914), ('host_free_time.avg', 0), ('host_free_time.count', 0), ('host_free_time.max', 0), ('host_free_time.min', 0), ('host_free_time.total', 0), ('num_host_alloc', 197), ('num_host_free', 0), ('reserved_bytes.allocated', 574943232), ('reserved_bytes.current', 574943232), ('reserved_bytes.freed', 0), ('reserved_bytes.peak', 574943232), ('segment.allocated', 197), ('segment.current', 197), ('segment.freed', 0), ('segment.peak', 197)])",574943232,True,process_lifetime_not_reset_per_case,327696384
457.66692282631993,31.46326446533203,425.8725070953369,"[31.46326446533203, 28.369600296020508, 28.37571144104004, 28.36524772644043, 28.365503311157227, 28.372831344604492, 28.365055084228516, 28.426111221313477, 28.37504005432129, 28.397567749023438, 28.362720489501953, 28.39151954650879, 28.363231658935547, 28.487327575683594, 28.42313575744629, 28.431903839111328]",32,69.91984433217098,cpu_serial_p256_b1_m2,cpu_serial,256,1,2,3,measured,True,90354df609053b75f369ff1f9f5c2cfa442c28e4451c9de8978702684638f4fc,2014486528,133280256,150994944,10,,"OrderedDict([('allocated_bytes.allocated', 10923921408), ('allocated_bytes.current', 10923924954), ('allocated_bytes.freed', -3546), ('allocated_bytes.peak', 10923924954), ('allocation.allocated', 3743), ('allocation.current', 197), ('allocation.freed', 3546), ('allocation.peak', 197), ('host_alloc_time.avg', 547), ('host_alloc_time.count', 197), ('host_alloc_time.max', 25494), ('host_alloc_time.min', 1), ('host_alloc_time.total', 107914), ('host_free_time.avg', 0), ('host_free_time.count', 0), ('host_free_time.max', 0), ('host_free_time.min', 0), ('host_free_time.total', 0), ('num_host_alloc', 197), ('num_host_free', 0), ('reserved_bytes.allocated', 574943232), ('reserved_bytes.current', 574943232), ('reserved_bytes.freed', 0), ('reserved_bytes.peak', 574943232), ('segment.allocated', 197), ('segment.current', 197), ('segment.freed', 0), ('segment.peak', 197)])",574943232,True,process_lifetime_not_reset_per_case,327696384
457.3903880082071,31.434303283691406,425.62057304382324,"[31.434303283691406, 28.39254379272461, 28.353759765625, 28.37228775024414, 28.375999450683594, 28.37081527709961, 28.390527725219727, 28.39708709716797, 28.385696411132812, 28.35500717163086, 28.375551223754883, 28.384992599487305, 28.367456436157227, 28.37468719482422, 28.34435272216797, 28.37980842590332]",32,69.96211734870522,cpu_serial_p256_b1_m2,cpu_serial,256,1,2,4,measured,True,90354df609053b75f369ff1f9f5c2cfa442c28e4451c9de8978702684638f4fc,2014486528,133280256,150994944,10,,"OrderedDict([('allocated_bytes.allocated', 10923921408), ('allocated_bytes.current', 10923924954), ('allocated_bytes.freed', -3546), ('allocated_bytes.peak', 10923924954), ('allocation.allocated', 3743), ('allocation.current', 197), ('allocation.freed', 3546), ('allocation.peak', 197), ('host_alloc_time.avg', 547), ('host_alloc_time.count', 197), ('host_alloc_time.max', 25494), ('host_alloc_time.min', 1), ('host_alloc_time.total', 107914), ('host_free_time.avg', 0), ('host_free_time.count', 0), ('host_free_time.max', 0), ('host_free_time.min', 0), ('host_free_time.total', 0), ('num_host_alloc', 197), ('num_host_free', 0), ('reserved_bytes.allocated', 574943232), ('reserved_bytes.current', 574943232), ('reserved_bytes.freed', 0), ('reserved_bytes.peak', 574943232), ('segment.allocated', 197), ('segment.current', 197), ('segment.freed', 0), ('segment.peak', 197)])",574943232,True,process_lifetime_not_reset_per_case,327696384
457.4239128269255,31.429279327392578,425.66396713256836,"[31.429279327392578, 28.385120391845703, 28.36412811279297, 28.36966323852539, 28.37491226196289, 28.3687686920166, 28.3887996673584, 28.384063720703125, 28.350719451904297, 28.40822410583496, 28.36342430114746, 28.388383865356445, 28.35977554321289, 28.423999786376953, 28.363744735717773, 28.3702392578125]",32,69.95698979145362,cpu_serial_p256_b1_m2,cpu_serial,256,1,2,5,measured,True,90354df609053b75f369ff1f9f5c2cfa442c28e4451c9de8978702684638f4fc,2014486528,133280256,150994944,10,,"OrderedDict([('allocated_bytes.allocated', 10923921408), ('allocated_bytes.current', 10923924954), ('allocated_bytes.freed', -3546), ('allocated_bytes.peak', 10923924954), ('allocation.allocated', 3743), ('allocation.current', 197), ('allocation.freed', 3546), ('allocation.peak', 197), ('host_alloc_time.avg', 547), ('host_alloc_time.count', 197), ('host_alloc_time.max', 25494), ('host_alloc_time.min', 1), ('host_alloc_time.total', 107914), ('host_free_time.avg', 0), ('host_free_time.count', 0), ('host_free_time.max', 0), ('host_free_time.min', 0), ('host_free_time.total', 0), ('num_host_alloc', 197), ('num_host_free', 0), ('reserved_bytes.allocated', 574943232), ('reserved_bytes.current', 574943232), ('reserved_bytes.freed', 0), ('reserved_bytes.peak', 574943232), ('segment.allocated', 197), ('segment.current', 197), ('segment.freed', 0), ('segment.peak', 197)])",574943232,True,process_lifetime_not_reset_per_case,327696384
457.47502986341715,31.4368953704834,425.6625270843506,"[31.4368953704834, 28.39574432373047, 28.35865592956543, 28.361759185791016, 28.364896774291992, 28.364063262939453, 28.367616653442383, 28.371423721313477, 28.37273597717285, 28.392927169799805, 28.35433578491211, 28.418848037719727, 28.389440536499023, 28.399999618530273, 28.34556770324707, 28.404512405395508]",32,69.94917298448804,cpu_serial_p256_b1_m2,cpu_serial,256,1,2,6,measured,True,90354df609053b75f369ff1f9f5c2cfa442c28e4451c9de8978702684638f4fc,2014486528,133280256,150994944,10,,"OrderedDict([('allocated_bytes.allocated', 10923921408), ('allocated_bytes.current', 10923924954), ('allocated_bytes.freed', -3546), ('allocated_bytes.peak', 10923924954), ('allocation.allocated', 3743), ('allocation.current', 197), ('allocation.freed', 3546), ('allocation.peak', 197), ('host_alloc_time.avg', 547), ('host_alloc_time.count', 197), ('host_alloc_time.max', 25494), ('host_alloc_time.min', 1), ('host_alloc_time.total', 107914), ('host_free_time.avg', 0), ('host_free_time.count', 0), ('host_free_time.max', 0), ('host_free_time.min', 0), ('host_free_time.total', 0), ('num_host_alloc', 197), ('num_host_free', 0), ('reserved_bytes.allocated', 574943232), ('reserved_bytes.current', 574943232), ('reserved_bytes.freed', 0), ('reserved_bytes.peak', 574943232), ('segment.allocated', 197), ('segment.current', 197), ('segment.freed', 0), ('segment.peak', 197)])",574943232,True,process_lifetime_not_reset_per_case,327696384
466.3851731456816,29.77939224243164,429.9343032836914,"[29.77939224243164, 28.900287628173828, 28.85785675048828, 29.17897605895996, 29.04684829711914, 28.874399185180664, 28.818527221679688, 28.922239303588867, 29.062944412231445, 28.906879425048828, 29.213504791259766, 29.076032638549805, 29.867103576660156, 29.33558464050293, 29.09494400024414, 22.778175354003906]",32,68.61281584953898,cpu_overlap_p256_b1_m2,cpu_overlap,256,1,2,0,measured,True,90354df609053b75f369ff1f9f5c2cfa442c28e4451c9de8978702684638f4fc,2014486528,214023680,253755392,10,,"OrderedDict([('allocated_bytes.allocated', 11498864640), ('allocated_bytes.current', 11498868383), ('allocated_bytes.freed', -3743), ('allocated_bytes.peak', 11498868383), ('allocation.allocated', 3940), ('allocation.current', 197), ('allocation.freed', 3743), ('allocation.peak', 197), ('host_alloc_time.avg', 547), ('host_alloc_time.count', 197), ('host_alloc_time.max', 25494), ('host_alloc_time.min', 1), ('host_alloc_time.total', 107914), ('host_free_time.avg', 0), ('host_free_time.count', 0), ('host_free_time.max', 0), ('host_free_time.min', 0), ('host_free_time.total', 0), ('num_host_alloc', 197), ('num_host_free', 0), ('reserved_bytes.allocated', 574943232), ('reserved_bytes.current', 574943232), ('reserved_bytes.freed', 0), ('reserved_bytes.peak', 574943232), ('segment.allocated', 197), ('segment.current', 197), ('segment.freed', 0), ('segment.peak', 197)])",574943232,True,process_lifetime_not_reset_per_case,327696384
463.8746469281614,29.824256896972656,427.4036808013916,"[29.824256896972656, 28.88425636291504, 28.822912216186523, 28.8306884765625, 28.90073585510254, 28.913055419921875, 28.949216842651367, 29.085119247436523, 28.967008590698242, 28.95088005065918, 28.85590362548828, 28.880863189697266, 28.854368209838867, 28.951488494873047, 28.841567993164062, 22.71561622619629]",32,68.98415382670338,cpu_overlap_p256_b1_m2,cpu_overlap,256,1,2,1,measured,True,90354df609053b75f369ff1f9f5c2cfa442c28e4451c9de8978702684638f4fc,2014486528,214023680,253755392,10,,"OrderedDict([('allocated_bytes.allocated', 11498864640), ('allocated_bytes.current', 11498868383), ('allocated_bytes.freed', -3743), ('allocated_bytes.peak', 11498868383), ('allocation.allocated', 3940), ('allocation.current', 197), ('allocation.freed', 3743), ('allocation.peak', 197), ('host_alloc_time.avg', 547), ('host_alloc_time.count', 197), ('host_alloc_time.max', 25494), ('host_alloc_time.min', 1), ('host_alloc_time.total', 107914), ('host_free_time.avg', 0), ('host_free_time.count', 0), ('host_free_time.max', 0), ('host_free_time.min', 0), ('host_free_time.total', 0), ('num_host_alloc', 197), ('num_host_free', 0), ('reserved_bytes.allocated', 574943232), ('reserved_bytes.current', 574943232), ('reserved_bytes.freed', 0), ('reserved_bytes.peak', 574943232), ('segment.allocated', 197), ('segment.current', 197), ('segment.freed', 0), ('segment.peak', 197)])",574943232,True,process_lifetime_not_reset_per_case,327696384
462.98957290127873,29.800735473632812,426.60233879089355,"[29.800735473632812, 28.87104034423828, 28.856800079345703, 28.895872116088867, 28.860767364501953, 28.8621768951416, 28.86400032043457, 28.85628890991211, 28.85001564025879, 28.82249641418457, 28.91632080078125, 28.812896728515625, 28.84774398803711, 28.84556770324707, 28.813215255737305, 22.62713623046875]",32,69.1160273858332,cpu_overlap_p256_b1_m2,cpu_overlap,256,1,2,2,measured,True,90354df609053b75f369ff1f9f5c2cfa442c28e4451c9de8978702684638f4fc,2014486528,214023680,253755392,10,,"OrderedDict([('allocated_bytes.allocated', 11498864640), ('allocated_bytes.current', 11498868383), ('allocated_bytes.freed', -3743), ('allocated_bytes.peak', 11498868383), ('allocation.allocated', 3940), ('allocation.current', 197), ('allocation.freed', 3743), ('allocation.peak', 197), ('host_alloc_time.avg', 547), ('host_alloc_time.count', 197), ('host_alloc_time.max', 25494), ('host_alloc_time.min', 1), ('host_alloc_time.total', 107914), ('host_free_time.avg', 0), ('host_free_time.count', 0), ('host_free_time.max', 0), ('host_free_time.min', 0), ('host_free_time.total', 0), ('num_host_alloc', 197), ('num_host_free', 0), ('reserved_bytes.allocated', 574943232), ('reserved_bytes.current', 574943232), ('reserved_bytes.freed', 0), ('reserved_bytes.peak', 574943232), ('segment.allocated', 197), ('segment.current', 197), ('segment.freed', 0), ('segment.peak', 197)])",574943232,True,process_lifetime_not_reset_per_case,327696384
462.988318875432,29.748735427856445,426.66793632507324,"[29.748735427856445, 28.903871536254883, 28.850784301757812, 28.889280319213867, 28.81875228881836, 28.838144302368164, 28.831327438354492, 28.851551055908203, 28.88652801513672, 28.851232528686523, 28.823360443115234, 28.8472957611084, 28.858240127563477, 28.888736724853516, 28.81782341003418, 22.711008071899414]",32,69.11621458987536,cpu_overlap_p256_b1_m2,cpu_overlap,256,1,2,3,measured,True,90354df609053b75f369ff1f9f5c2cfa442c28e4451c9de8978702684638f4fc,2014486528,214023680,253755392,10,,"OrderedDict([('allocated_bytes.allocated', 11498864640), ('allocated_bytes.current', 11498868383), ('allocated_bytes.freed', -3743), ('allocated_bytes.peak', 11498868383), ('allocation.allocated', 3940), ('allocation.current', 197), ('allocation.freed', 3743), ('allocation.peak', 197), ('host_alloc_time.avg', 547), ('host_alloc_time.count', 197), ('host_alloc_time.max', 25494), ('host_alloc_time.min', 1), ('host_alloc_time.total', 107914), ('host_free_time.avg', 0), ('host_free_time.count', 0), ('host_free_time.max', 0), ('host_free_time.min', 0), ('host_free_time.total', 0), ('num_host_alloc', 197), ('num_host_free', 0), ('reserved_bytes.allocated', 574943232), ('reserved_bytes.current', 574943232), ('reserved_bytes.freed', 0), ('reserved_bytes.peak', 574943232), ('segment.allocated', 197), ('segment.current', 197), ('segment.freed', 0), ('segment.peak', 197)])",574943232,True,process_lifetime_not_reset_per_case,327696384
468.4811197221279,29.911808013916016,431.9816303253174,"[29.911808013916016, 28.86720085144043, 28.813087463378906, 28.92969512939453, 28.861663818359375, 28.850784301757812, 28.8635196685791, 28.842687606811523, 28.87081527709961, 28.91334342956543, 29.64192008972168, 29.17011260986328, 30.244319915771484, 30.306400299072266, 29.827743530273438, 22.978336334228516]",32,68.30584766997715,cpu_overlap_p256_b1_m2,cpu_overlap,256,1,2,4,measured,True,90354df609053b75f369ff1f9f5c2cfa442c28e4451c9de8978702684638f4fc,2014486528,214023680,253755392,10,,"OrderedDict([('allocated_bytes.allocated', 11498864640), ('allocated_bytes.current', 11498868383), ('allocated_bytes.freed', -3743), ('allocated_bytes.peak', 11498868383), ('allocation.allocated', 3940), ('allocation.current', 197), ('allocation.freed', 3743), ('allocation.peak', 197), ('host_alloc_time.avg', 547), ('host_alloc_time.count', 197), ('host_alloc_time.max', 25494), ('host_alloc_time.min', 1), ('host_alloc_time.total', 107914), ('host_free_time.avg', 0), ('host_free_time.count', 0), ('host_free_time.max', 0), ('host_free_time.min', 0), ('host_free_time.total', 0), ('num_host_alloc', 197), ('num_host_free', 0), ('reserved_bytes.allocated', 574943232), ('reserved_bytes.current', 574943232), ('reserved_bytes.freed', 0), ('reserved_bytes.peak', 574943232), ('segment.allocated', 197), ('segment.current', 197), ('segment.freed', 0), ('segment.peak', 197)])",574943232,True,process_lifetime_not_reset_per_case,327696384
470.0251272879541,30.290912628173828,433.09216117858887,"[30.290912628173828, 29.556447982788086, 29.371103286743164, 29.84841537475586, 29.05401611328125, 29.048320770263672, 29.13724708557129, 29.199264526367188, 29.443904876708984, 29.24937629699707, 29.292287826538086, 29.210304260253906, 29.205568313598633, 29.518783569335938, 29.09929656982422, 22.857824325561523]",32,68.08146659018011,cpu_overlap_p256_b1_m2,cpu_overlap,256,1,2,5,measured,True,90354df609053b75f369ff1f9f5c2cfa442c28e4451c9de8978702684638f4fc,2014486528,214023680,253755392,10,,"OrderedDict([('allocated_bytes.allocated', 11498864640), ('allocated_bytes.current', 11498868383), ('allocated_bytes.freed', -3743), ('allocated_bytes.peak', 11498868383), ('allocation.allocated', 3940), ('allocation.current', 197), ('allocation.freed', 3743), ('allocation.peak', 197), ('host_alloc_time.avg', 547), ('host_alloc_time.count', 197), ('host_alloc_time.max', 25494), ('host_alloc_time.min', 1), ('host_alloc_time.total', 107914), ('host_free_time.avg', 0), ('host_free_time.count', 0), ('host_free_time.max', 0), ('host_free_time.min', 0), ('host_free_time.total', 0), ('num_host_alloc', 197), ('num_host_free', 0), ('reserved_bytes.allocated', 574943232), ('reserved_bytes.current', 574943232), ('reserved_bytes.freed', 0), ('reserved_bytes.peak', 574943232), ('segment.allocated', 197), ('segment.current', 197), ('segment.freed', 0), ('segment.peak', 197)])",574943232,True,process_lifetime_not_reset_per_case,327696384
473.29351771622896,30.03868865966797,436.5526695251465,"[30.03868865966797, 29.146495819091797, 29.0765438079834, 29.05619239807129, 29.214752197265625, 29.719520568847656, 29.117408752441406, 29.327743530273438, 29.54819107055664, 29.775423049926758, 29.912063598632812, 29.87651252746582, 29.791711807250977, 29.67804718017578, 29.812095642089844, 23.499967575073242]",32,67.6113210981819,cpu_overlap_p256_b1_m2,cpu_overlap,256,1,2,6,measured,True,90354df609053b75f369ff1f9f5c2cfa442c28e4451c9de8978702684638f4fc,2014486528,214023680,253755392,10,,"OrderedDict([('allocated_bytes.allocated', 11498864640), ('allocated_bytes.current', 11498868383), ('allocated_bytes.freed', -3743), ('allocated_bytes.peak', 11498868383), ('allocation.allocated', 3940), ('allocation.current', 197), ('allocation.freed', 3743), ('allocation.peak', 197), ('host_alloc_time.avg', 547), ('host_alloc_time.count', 197), ('host_alloc_time.max', 25494), ('host_alloc_time.min', 1), ('host_alloc_time.total', 107914), ('host_free_time.avg', 0), ('host_free_time.count', 0), ('host_free_time.max', 0), ('host_free_time.min', 0), ('host_free_time.total', 0), ('num_host_alloc', 197), ('num_host_free', 0), ('reserved_bytes.allocated', 574943232), ('reserved_bytes.current', 574943232), ('reserved_bytes.freed', 0), ('reserved_bytes.peak', 574943232), ('segment.allocated', 197), ('segment.current', 197), ('segment.freed', 0), ('segment.peak', 197)])",574943232,True,process_lifetime_not_reset_per_case,327696384
51.71215673908591,9.536895751953125,41.90489602088928,"[9.536895751953125, 2.8183679580688477, 2.8427200317382812, 2.830048084259033, 2.81443190574646, 2.800287961959839, 2.7831039428710938, 2.7655038833618164, 2.7658560276031494, 2.808864116668701, 2.811583995819092, 2.804255962371826, 2.8771839141845703, 2.777024030685425, 2.799168109893799, 2.6064960956573486]",64,1237.620011149651,gpu_p256_b4_m1,gpu,256,4,1,0,measured,True,afae6653ac9107a3812aa8b3cf945e1a597a2ea571383f9f69110f236a353077,2014486528,489921024,534773760,10,,"OrderedDict([('allocated_bytes.allocated', 11498864640), ('allocated_bytes.current', 11498868383), ('allocated_bytes.freed', -3743), ('allocated_bytes.peak', 11498868383), ('allocation.allocated', 3940), ('allocation.current', 197), ('allocation.freed', 3743), ('allocation.peak', 197), ('host_alloc_time.avg', 547), ('host_alloc_time.count', 197), ('host_alloc_time.max', 25494), ('host_alloc_time.min', 1), ('host_alloc_time.total', 107914), ('host_free_time.avg', 0), ('host_free_time.count', 0), ('host_free_time.max', 0), ('host_free_time.min', 0), ('host_free_time.total', 0), ('num_host_alloc', 197), ('num_host_free', 0), ('reserved_bytes.allocated', 574943232), ('reserved_bytes.current', 574943232), ('reserved_bytes.freed', 0), ('reserved_bytes.peak', 574943232), ('segment.allocated', 197), ('segment.current', 197), ('segment.freed', 0), ('segment.peak', 197)])",574943232,True,process_lifetime_not_reset_per_case,0
51.810608711093664,9.541824340820312,42.01263999938965,"[9.541824340820312, 2.8401920795440674, 2.794464111328125, 2.7859840393066406, 2.8064000606536865, 2.8474559783935547, 2.8126399517059326, 2.7535998821258545, 2.829024076461792, 2.790911912918091, 2.8085439205169678, 2.7899839878082275, 2.857759952545166, 2.867327928543091, 2.789184093475342, 2.6391680240631104]",64,1235.2682508880916,gpu_p256_b4_m1,gpu,256,4,1,1,measured,True,afae6653ac9107a3812aa8b3cf945e1a597a2ea571383f9f69110f236a353077,2014486528,489921024,534773760,10,,"OrderedDict([('allocated_bytes.allocated', 11498864640), ('allocated_bytes.current', 11498868383), ('allocated_bytes.freed', -3743), ('allocated_bytes.peak', 11498868383), ('allocation.allocated', 3940), ('allocation.current', 197), ('allocation.freed', 3743), ('allocation.peak', 197), ('host_alloc_time.avg', 547), ('host_alloc_time.count', 197), ('host_alloc_time.max', 25494), ('host_alloc_time.min', 1), ('host_alloc_time.total', 107914), ('host_free_time.avg', 0), ('host_free_time.count', 0), ('host_free_time.max', 0), ('host_free_time.min', 0), ('host_free_time.total', 0), ('num_host_alloc', 197), ('num_host_free', 0), ('reserved_bytes.allocated', 574943232), ('reserved_bytes.current', 574943232), ('reserved_bytes.freed', 0), ('reserved_bytes.peak', 574943232), ('segment.allocated', 197), ('segment.current', 197), ('segment.freed', 0), ('segment.peak', 197)])",574943232,True,process_lifetime_not_reset_per_case,0
51.65153183043003,9.53872013092041,41.85014367103577,"[9.53872013092041, 2.809760093688965, 2.7897279262542725, 2.810879945755005, 2.790816068649292, 2.7665278911590576, 2.787264108657837, 2.7727999687194824, 2.8034560680389404, 2.7703359127044678, 2.788831949234009, 2.7583999633789062, 2.832223892211914, 2.864192008972168, 2.8213438987731934, 2.683583974838257]",64,1239.0726418358608,gpu_p256_b4_m1,gpu,256,4,1,2,measured,True,afae6653ac9107a3812aa8b3cf945e1a597a2ea571383f9f69110f236a353077,2014486528,489921024,534773760,10,,"OrderedDict([('allocated_bytes.allocated', 11498864640), ('allocated_bytes.current', 11498868383), ('allocated_bytes.freed', -3743), ('allocated_bytes.peak', 11498868383), ('allocation.allocated', 3940), ('allocation.current', 197), ('allocation.freed', 3743), ('allocation.peak', 197), ('host_alloc_time.avg', 547), ('host_alloc_time.count', 197), ('host_alloc_time.max', 25494), ('host_alloc_time.min', 1), ('host_alloc_time.total', 107914), ('host_free_time.avg', 0), ('host_free_time.count', 0), ('host_free_time.max', 0), ('host_free_time.min', 0), ('host_free_time.total', 0), ('num_host_alloc', 197), ('num_host_free', 0), ('reserved_bytes.allocated', 574943232), ('reserved_bytes.current', 574943232), ('reserved_bytes.freed', 0), ('reserved_bytes.peak', 574943232), ('segment.allocated', 197), ('segment.current', 197), ('segment.freed', 0), ('segment.peak', 197)])",574943232,True,process_lifetime_not_reset_per_case,0
51.62962805479765,9.523263931274414,41.782464027404785,"[9.523263931274414, 2.7917120456695557, 2.7948479652404785, 2.755647897720337, 2.837951898574829, 2.8093440532684326, 2.7680959701538086, 2.829024076461792, 2.781343936920166, 2.770751953125, 2.8365120887756348, 2.816927909851074, 2.795520067214966, 2.750688076019287, 2.7877120971679688, 2.656383991241455]",64,1239.598316146553,gpu_p256_b4_m1,gpu,256,4,1,3,measured,True,afae6653ac9107a3812aa8b3cf945e1a597a2ea571383f9f69110f236a353077,2014486528,489921024,534773760,10,,"OrderedDict([('allocated_bytes.allocated', 11498864640), ('allocated_bytes.current', 11498868383), ('allocated_bytes.freed', -3743), ('allocated_bytes.peak', 11498868383), ('allocation.allocated', 3940), ('allocation.current', 197), ('allocation.freed', 3743), ('allocation.peak', 197), ('host_alloc_time.avg', 547), ('host_alloc_time.count', 197), ('host_alloc_time.max', 25494), ('host_alloc_time.min', 1), ('host_alloc_time.total', 107914), ('host_free_time.avg', 0), ('host_free_time.count', 0), ('host_free_time.max', 0), ('host_free_time.min', 0), ('host_free_time.total', 0), ('num_host_alloc', 197), ('num_host_free', 0), ('reserved_bytes.allocated', 574943232), ('reserved_bytes.current', 574943232), ('reserved_bytes.freed', 0), ('reserved_bytes.peak', 574943232), ('segment.allocated', 197), ('segment.current', 197), ('segment.freed', 0), ('segment.peak', 197)])",574943232,True,process_lifetime_not_reset_per_case,0
52.036372013390064,9.558048248291016,42.21775984764099,"[9.558048248291016, 2.844575881958008, 2.7794559001922607, 2.8078720569610596, 2.8399360179901123, 2.9237120151519775, 2.769984006881714, 2.8735039234161377, 2.80732798576355, 2.7458560466766357, 2.8007359504699707, 2.833631992340088, 2.836064100265503, 2.813215970993042, 2.898848056793213, 2.6430399417877197]",64,1229.9089564416875,gpu_p256_b4_m1,gpu,256,4,1,4,measured,True,afae6653ac9107a3812aa8b3cf945e1a597a2ea571383f9f69110f236a353077,2014486528,489921024,534773760,10,,"OrderedDict([('allocated_bytes.allocated', 11498864640), ('allocated_bytes.current', 11498868383), ('allocated_bytes.freed', -3743), ('allocated_bytes.peak', 11498868383), ('allocation.allocated', 3940), ('allocation.current', 197), ('allocation.freed', 3743), ('allocation.peak', 197), ('host_alloc_time.avg', 547), ('host_alloc_time.count', 197), ('host_alloc_time.max', 25494), ('host_alloc_time.min', 1), ('host_alloc_time.total', 107914), ('host_free_time.avg', 0), ('host_free_time.count', 0), ('host_free_time.max', 0), ('host_free_time.min', 0), ('host_free_time.total', 0), ('num_host_alloc', 197), ('num_host_free', 0), ('reserved_bytes.allocated', 574943232), ('reserved_bytes.current', 574943232), ('reserved_bytes.freed', 0), ('reserved_bytes.peak', 574943232), ('segment.allocated', 197), ('segment.current', 197), ('segment.freed', 0), ('segment.peak', 197)])",574943232,True,process_lifetime_not_reset_per_case,0
51.45974596962333,9.54092788696289,41.626944065093994,"[9.54092788696289, 2.8433918952941895, 2.7555201053619385, 2.779520034790039, 2.7768640518188477, 2.7507200241088867, 2.8426880836486816, 2.7629759311676025, 2.8179519176483154, 2.777791976928711, 2.786112070083618, 2.792543888092041, 2.802720069885254, 2.7832000255584717, 2.737312078475952, 2.6176319122314453]",64,1243.6905545118543,gpu_p256_b4_m1,gpu,256,4,1,5,measured,True,afae6653ac9107a3812aa8b3cf945e1a597a2ea571383f9f69110f236a353077,2014486528,489921024,534773760,10,,"OrderedDict([('allocated_bytes.allocated', 11498864640), ('allocated_bytes.current', 11498868383), ('allocated_bytes.freed', -3743), ('allocated_bytes.peak', 11498868383), ('allocation.allocated', 3940), ('allocation.current', 197), ('allocation.freed', 3743), ('allocation.peak', 197), ('host_alloc_time.avg', 547), ('host_alloc_time.count', 197), ('host_alloc_time.max', 25494), ('host_alloc_time.min', 1), ('host_alloc_time.total', 107914), ('host_free_time.avg', 0), ('host_free_time.count', 0), ('host_free_time.max', 0), ('host_free_time.min', 0), ('host_free_time.total', 0), ('num_host_alloc', 197), ('num_host_free', 0), ('reserved_bytes.allocated', 574943232), ('reserved_bytes.current', 574943232), ('reserved_bytes.freed', 0), ('reserved_bytes.peak', 574943232), ('segment.allocated', 197), ('segment.current', 197), ('segment.freed', 0), ('segment.peak', 197)])",574943232,True,process_lifetime_not_reset_per_case,0
51.77876120433211,9.590463638305664,41.92736029624939,"[9.590463638305664, 2.8055360317230225, 2.8829760551452637, 2.756351947784424, 2.780735969543457, 2.741472005844116, 2.8084800243377686, 2.7938239574432373, 2.761568069458008, 2.791232109069824, 2.7684481143951416, 2.8448638916015625, 2.8134400844573975, 2.8954880237579346, 2.858880043029785, 2.6240639686584473]",64,1236.0280259977596,gpu_p256_b4_m1,gpu,256,4,1,6,measured,True,afae6653ac9107a3812aa8b3cf945e1a597a2ea571383f9f69110f236a353077,2014486528,489921024,534773760,10,,"OrderedDict([('allocated_bytes.allocated', 11498864640), ('allocated_bytes.current', 11498868383), ('allocated_bytes.freed', -3743), ('allocated_bytes.peak', 11498868383), ('allocation.allocated', 3940), ('allocation.current', 197), ('allocation.freed', 3743), ('allocation.peak', 197), ('host_alloc_time.avg', 547), ('host_alloc_time.count', 197), ('host_alloc_time.max', 25494), ('host_alloc_time.min', 1), ('host_alloc_time.total', 107914), ('host_free_time.avg', 0), ('host_free_time.count', 0), ('host_free_time.max', 0), ('host_free_time.min', 0), ('host_free_time.total', 0), ('num_host_alloc', 197), ('num_host_free', 0), ('reserved_bytes.allocated', 574943232), ('reserved_bytes.current', 574943232), ('reserved_bytes.freed', 0), ('reserved_bytes.peak', 574943232), ('segment.allocated', 197), ('segment.current', 197), ('segment.freed', 0), ('segment.peak', 197)])",574943232,True,process_lifetime_not_reset_per_case,0
440.5482062138617,35.001792907714844,405.2809638977051,"[35.001792907714844, 27.15001678466797, 26.978336334228516, 27.02288055419922, 26.96771240234375, 27.058944702148438, 27.005599975585938, 27.027936935424805, 26.97599983215332, 26.97532844543457, 27.031551361083984, 27.025087356567383, 27.009824752807617, 26.991680145263672, 27.03980827331543, 27.02025604248047]",64,145.27354577158704,cpu_serial_p256_b4_m1,cpu_serial,256,4,1,0,measured,True,afae6653ac9107a3812aa8b3cf945e1a597a2ea571383f9f69110f236a353077,2014486528,232397312,247463936,10,,"OrderedDict([('allocated_bytes.allocated', 12073807872), ('allocated_bytes.current', 12073811812), ('allocated_bytes.freed', -3940), ('allocated_bytes.peak', 12073811812), ('allocation.allocated', 4137), ('allocation.current', 197), ('allocation.freed', 3940), ('allocation.peak', 197), ('host_alloc_time.avg', 547), ('host_alloc_time.count', 197), ('host_alloc_time.max', 25494), ('host_alloc_time.min', 1), ('host_alloc_time.total', 107914), ('host_free_time.avg', 0), ('host_free_time.count', 0), ('host_free_time.max', 0), ('host_free_time.min', 0), ('host_free_time.total', 0), ('num_host_alloc', 197), ('num_host_free', 0), ('reserved_bytes.allocated', 574943232), ('reserved_bytes.current', 574943232), ('reserved_bytes.freed', 0), ('reserved_bytes.peak', 574943232), ('segment.allocated', 197), ('segment.current', 197), ('segment.freed', 0), ('segment.peak', 197)])",574943232,True,process_lifetime_not_reset_per_case,327696384
441.31891475990415,35.01161575317383,406.07116889953613,"[35.01161575317383, 27.381248474121094, 27.199935913085938, 27.048032760620117, 27.140256881713867, 27.09721565246582, 27.09401512145996, 27.045215606689453, 26.969728469848633, 26.995712280273438, 27.0546875, 26.984447479248047, 27.012447357177734, 27.002784729003906, 27.021728515625, 27.023712158203125]",64,145.01984360860368,cpu_serial_p256_b4_m1,cpu_serial,256,4,1,1,measured,True,afae6653ac9107a3812aa8b3cf945e1a597a2ea571383f9f69110f236a353077,2014486528,232397312,247463936,10,,"OrderedDict([('allocated_bytes.allocated', 12073807872), ('allocated_bytes.current', 12073811812), ('allocated_bytes.freed', -3940), ('allocated_bytes.peak', 12073811812), ('allocation.allocated', 4137), ('allocation.current', 197), ('allocation.freed', 3940), ('allocation.peak', 197), ('host_alloc_time.avg', 547), ('host_alloc_time.count', 197), ('host_alloc_time.max', 25494), ('host_alloc_time.min', 1), ('host_alloc_time.total', 107914), ('host_free_time.avg', 0), ('host_free_time.count', 0), ('host_free_time.max', 0), ('host_free_time.min', 0), ('host_free_time.total', 0), ('num_host_alloc', 197), ('num_host_free', 0), ('reserved_bytes.allocated', 574943232), ('reserved_bytes.current', 574943232), ('reserved_bytes.freed', 0), ('reserved_bytes.peak', 574943232), ('segment.allocated', 197), ('segment.current', 197), ('segment.freed', 0), ('segment.peak', 197)])",574943232,True,process_lifetime_not_reset_per_case,327696384
440.6274389475584,35.13488006591797,405.22009468078613,"[35.13488006591797, 27.087936401367188, 27.033119201660156, 27.004287719726562, 27.06025505065918, 27.0199031829834, 27.003711700439453, 26.9783992767334, 26.9683837890625, 26.983776092529297, 27.029216766357422, 27.020320892333984, 27.002592086791992, 26.974336624145508, 27.057024002075195, 26.9968318939209]",64,145.2474229767997,cpu_serial_p256_b4_m1,cpu_serial,256,4,1,2,measured,True,afae6653ac9107a3812aa8b3cf945e1a597a2ea571383f9f69110f236a353077,2014486528,232397312,247463936,10,,"OrderedDict([('allocated_bytes.allocated', 12073807872), ('allocated_bytes.current', 12073811812), ('allocated_bytes.freed', -3940), ('allocated_bytes.peak', 12073811812), ('allocation.allocated', 4137), ('allocation.current', 197), ('allocation.freed', 3940), ('allocation.peak', 197), ('host_alloc_time.avg', 547), ('host_alloc_time.count', 197), ('host_alloc_time.max', 25494), ('host_alloc_time.min', 1), ('host_alloc_time.total', 107914), ('host_free_time.avg', 0), ('host_free_time.count', 0), ('host_free_time.max', 0), ('host_free_time.min', 0), ('host_free_time.total', 0), ('num_host_alloc', 197), ('num_host_free', 0), ('reserved_bytes.allocated', 574943232), ('reserved_bytes.current', 574943232), ('reserved_bytes.freed', 0), ('reserved_bytes.peak', 574943232), ('segment.allocated', 197), ('segment.current', 197), ('segment.freed', 0), ('segment.peak', 197)])",574943232,True,process_lifetime_not_reset_per_case,327696384
440.486092120409,34.976097106933594,405.2025604248047,"[34.976097106933594, 27.113792419433594, 26.99295997619629, 27.004255294799805, 26.99113655090332, 27.000703811645508, 27.047903060913086, 27.005887985229492, 26.96224021911621, 27.011104583740234, 27.031871795654297, 27.005279541015625, 27.01798439025879, 27.008800506591797, 27.04854393005371, 26.96009635925293]",64,145.2940311734185,cpu_serial_p256_b4_m1,cpu_serial,256,4,1,3,measured,True,afae6653ac9107a3812aa8b3cf945e1a597a2ea571383f9f69110f236a353077,2014486528,232397312,247463936,10,,"OrderedDict([('allocated_bytes.allocated', 12073807872), ('allocated_bytes.current', 12073811812), ('allocated_bytes.freed', -3940), ('allocated_bytes.peak', 12073811812), ('allocation.allocated', 4137), ('allocation.current', 197), ('allocation.freed', 3940), ('allocation.peak', 197), ('host_alloc_time.avg', 547), ('host_alloc_time.count', 197), ('host_alloc_time.max', 25494), ('host_alloc_time.min', 1), ('host_alloc_time.total', 107914), ('host_free_time.avg', 0), ('host_free_time.count', 0), ('host_free_time.max', 0), ('host_free_time.min', 0), ('host_free_time.total', 0), ('num_host_alloc', 197), ('num_host_free', 0), ('reserved_bytes.allocated', 574943232), ('reserved_bytes.current', 574943232), ('reserved_bytes.freed', 0), ('reserved_bytes.peak', 574943232), ('segment.allocated', 197), ('segment.current', 197), ('segment.freed', 0), ('segment.peak', 197)])",574943232,True,process_lifetime_not_reset_per_case,327696384
440.3268229216337,34.992000579833984,405.10249519348145,"[34.992000579833984, 27.11836814880371, 26.946815490722656, 26.989055633544922, 26.96950340270996, 26.9586238861084, 27.000831604003906, 26.980127334594727, 26.99078369140625, 27.00592041015625, 27.02886390686035, 26.99385643005371, 27.046592712402344, 26.98297691345215, 27.104415893554688, 26.985759735107422]",64,145.34658501008528,cpu_serial_p256_b4_m1,cpu_serial,256,4,1,4,measured,True,afae6653ac9107a3812aa8b3cf945e1a597a2ea571383f9f69110f236a353077,2014486528,232397312,247463936,10,,"OrderedDict([('allocated_bytes.allocated', 12073807872), ('allocated_bytes.current', 12073811812), ('allocated_bytes.freed', -3940), ('allocated_bytes.peak', 12073811812), ('allocation.allocated', 4137), ('allocation.current', 197), ('allocation.freed', 3940), ('allocation.peak', 197), ('host_alloc_time.avg', 547), ('host_alloc_time.count', 197), ('host_alloc_time.max', 25494), ('host_alloc_time.min', 1), ('host_alloc_time.total', 107914), ('host_free_time.avg', 0), ('host_free_time.count', 0), ('host_free_time.max', 0), ('host_free_time.min', 0), ('host_free_time.total', 0), ('num_host_alloc', 197), ('num_host_free', 0), ('reserved_bytes.allocated', 574943232), ('reserved_bytes.current', 574943232), ('reserved_bytes.freed', 0), ('reserved_bytes.peak', 574943232), ('segment.allocated', 197), ('segment.current', 197), ('segment.freed', 0), ('segment.peak', 197)])",574943232,True,process_lifetime_not_reset_per_case,327696384
440.33062597736716,34.980960845947266,405.1191654205322,"[34.980960845947266, 27.09449577331543, 27.003936767578125, 27.020511627197266, 26.97667121887207, 26.981407165527344, 27.016447067260742, 27.001087188720703, 26.946495056152344, 27.03206443786621, 26.996992111206055, 26.988767623901367, 27.037824630737305, 26.990144729614258, 27.02560043334961, 27.0067195892334]",64,145.34532967799876,cpu_serial_p256_b4_m1,cpu_serial,256,4,1,5,measured,True,afae6653ac9107a3812aa8b3cf945e1a597a2ea571383f9f69110f236a353077,2014486528,232397312,247463936,10,,"OrderedDict([('allocated_bytes.allocated', 12073807872), ('allocated_bytes.current', 12073811812), ('allocated_bytes.freed', -3940), ('allocated_bytes.peak', 12073811812), ('allocation.allocated', 4137), ('allocation.current', 197), ('allocation.freed', 3940), ('allocation.peak', 197), ('host_alloc_time.avg', 547), ('host_alloc_time.count', 197), ('host_alloc_time.max', 25494), ('host_alloc_time.min', 1), ('host_alloc_time.total', 107914), ('host_free_time.avg', 0), ('host_free_time.count', 0), ('host_free_time.max', 0), ('host_free_time.min', 0), ('host_free_time.total', 0), ('num_host_alloc', 197), ('num_host_free', 0), ('reserved_bytes.allocated', 574943232), ('reserved_bytes.current', 574943232), ('reserved_bytes.freed', 0), ('reserved_bytes.peak', 574943232), ('segment.allocated', 197), ('segment.current', 197), ('segment.freed', 0), ('segment.peak', 197)])",574943232,True,process_lifetime_not_reset_per_case,327696384
440.3567900881171,34.961185455322266,405.16374588012695,"[34.961185455322266, 27.118879318237305, 26.974912643432617, 27.021888732910156, 26.994752883911133, 27.025535583496094, 27.037504196166992, 26.99260711669922, 26.951263427734375, 26.990079879760742, 26.992448806762695, 27.0166072845459, 26.994176864624023, 27.020896911621094, 27.053312301635742, 26.978879928588867]",64,145.33669388223433,cpu_serial_p256_b4_m1,cpu_serial,256,4,1,6,measured,True,afae6653ac9107a3812aa8b3cf945e1a597a2ea571383f9f69110f236a353077,2014486528,232397312,247463936,10,,"OrderedDict([('allocated_bytes.allocated', 12073807872), ('allocated_bytes.current', 12073811812), ('allocated_bytes.freed', -3940), ('allocated_bytes.peak', 12073811812), ('allocation.allocated', 4137), ('allocation.current', 197), ('allocation.freed', 3940), ('allocation.peak', 197), ('host_alloc_time.avg', 547), ('host_alloc_time.count', 197), ('host_alloc_time.max', 25494), ('host_alloc_time.min', 1), ('host_alloc_time.total', 107914), ('host_free_time.avg', 0), ('host_free_time.count', 0), ('host_free_time.max', 0), ('host_free_time.min', 0), ('host_free_time.total', 0), ('num_host_alloc', 197), ('num_host_free', 0), ('reserved_bytes.allocated', 574943232), ('reserved_bytes.current', 574943232), ('reserved_bytes.freed', 0), ('reserved_bytes.peak', 574943232), ('segment.allocated', 197), ('segment.current', 197), ('segment.freed', 0), ('segment.peak', 197)])",574943232,True,process_lifetime_not_reset_per_case,327696384
419.5060869678855,26.222368240356445,386.8096981048584,"[26.222368240356445, 26.16851234436035, 26.152864456176758, 26.159423828125, 26.17558479309082, 26.134592056274414, 26.160287857055664, 26.486207962036133, 26.154495239257812, 26.226720809936523, 26.132768630981445, 26.16124725341797, 26.148319244384766, 26.201568603515625, 26.144384384155273, 20.202720642089844]",64,152.56036083428606,cpu_overlap_p256_b4_m1,cpu_overlap,256,4,1,0,measured,True,afae6653ac9107a3812aa8b3cf945e1a597a2ea571383f9f69110f236a353077,2014486528,313140736,369098752,10,,"OrderedDict([('allocated_bytes.allocated', 12648751104), ('allocated_bytes.current', 12648755241), ('allocated_bytes.freed', -4137), ('allocated_bytes.peak', 12648755241), ('allocation.allocated', 4334), ('allocation.current', 197), ('allocation.freed', 4137), ('allocation.peak', 197), ('host_alloc_time.avg', 547), ('host_alloc_time.count', 197), ('host_alloc_time.max', 25494), ('host_alloc_time.min', 1), ('host_alloc_time.total', 107914), ('host_free_time.avg', 0), ('host_free_time.count', 0), ('host_free_time.max', 0), ('host_free_time.min', 0), ('host_free_time.total', 0), ('num_host_alloc', 197), ('num_host_free', 0), ('reserved_bytes.allocated', 574943232), ('reserved_bytes.current', 574943232), ('reserved_bytes.freed', 0), ('reserved_bytes.peak', 574943232), ('segment.allocated', 197), ('segment.current', 197), ('segment.freed', 0), ('segment.peak', 197)])",574943232,True,process_lifetime_not_reset_per_case,327696384
418.99591963738203,26.23561668395996,386.27996826171875,"[26.23561668395996, 26.16156768798828, 26.13408088684082, 26.14873504638672, 26.128992080688477, 26.147968292236328, 26.137184143066406, 26.18307113647461, 26.146015167236328, 26.129440307617188, 26.17731285095215, 26.148895263671875, 26.1463680267334, 26.147520065307617, 26.152896881103516, 20.18992042541504]",64,152.74611756455405,cpu_overlap_p256_b4_m1,cpu_overlap,256,4,1,1,measured,True,afae6653ac9107a3812aa8b3cf945e1a597a2ea571383f9f69110f236a353077,2014486528,313140736,369098752,10,,"OrderedDict([('allocated_bytes.allocated', 12648751104), ('allocated_bytes.current', 12648755241), ('allocated_bytes.freed', -4137), ('allocated_bytes.peak', 12648755241), ('allocation.allocated', 4334), ('allocation.current', 197), ('allocation.freed', 4137), ('allocation.peak', 197), ('host_alloc_time.avg', 547), ('host_alloc_time.count', 197), ('host_alloc_time.max', 25494), ('host_alloc_time.min', 1), ('host_alloc_time.total', 107914), ('host_free_time.avg', 0), ('host_free_time.count', 0), ('host_free_time.max', 0), ('host_free_time.min', 0), ('host_free_time.total', 0), ('num_host_alloc', 197), ('num_host_free', 0), ('reserved_bytes.allocated', 574943232), ('reserved_bytes.current', 574943232), ('reserved_bytes.freed', 0), ('reserved_bytes.peak', 574943232), ('segment.allocated', 197), ('segment.current', 197), ('segment.freed', 0), ('segment.peak', 197)])",574943232,True,process_lifetime_not_reset_per_case,327696384
418.9647720195353,26.211807250976562,386.29718017578125,"[26.211807250976562, 26.157119750976562, 26.154399871826172, 26.14486312866211, 26.149375915527344, 26.158559799194336, 26.151744842529297, 26.15452766418457, 26.138111114501953, 26.129247665405273, 26.144672393798828, 26.130111694335938, 26.147232055664062, 26.21843147277832, 26.130111694335938, 20.188671112060547]",64,152.75747335868095,cpu_overlap_p256_b4_m1,cpu_overlap,256,4,1,2,measured,True,afae6653ac9107a3812aa8b3cf945e1a597a2ea571383f9f69110f236a353077,2014486528,313140736,369098752,10,,"OrderedDict([('allocated_bytes.allocated', 12648751104), ('allocated_bytes.current', 12648755241), ('allocated_bytes.freed', -4137), ('allocated_bytes.peak', 12648755241), ('allocation.allocated', 4334), ('allocation.current', 197), ('allocation.freed', 4137), ('allocation.peak', 197), ('host_alloc_time.avg', 547), ('host_alloc_time.count', 197), ('host_alloc_time.max', 25494), ('host_alloc_time.min', 1), ('host_alloc_time.total', 107914), ('host_free_time.avg', 0), ('host_free_time.count', 0), ('host_free_time.max', 0), ('host_free_time.min', 0), ('host_free_time.total', 0), ('num_host_alloc', 197), ('num_host_free', 0), ('reserved_bytes.allocated', 574943232), ('reserved_bytes.current', 574943232), ('reserved_bytes.freed', 0), ('reserved_bytes.peak', 574943232), ('segment.allocated', 197), ('segment.current', 197), ('segment.freed', 0), ('segment.peak', 197)])",574943232,True,process_lifetime_not_reset_per_case,327696384
419.7709718719125,26.176576614379883,387.07936096191406,"[26.176576614379883, 26.154560089111328, 26.143903732299805, 26.14860725402832, 26.13654327392578, 26.16489601135254, 26.121183395385742, 26.162336349487305, 26.552959442138672, 26.283552169799805, 26.19638442993164, 26.155744552612305, 26.236928939819336, 26.239328384399414, 26.145503997802734, 20.236928939819336]",64,152.46409182273982,cpu_overlap_p256_b4_m1,cpu_overlap,256,4,1,3,measured,True,afae6653ac9107a3812aa8b3cf945e1a597a2ea571383f9f69110f236a353077,2014486528,313140736,369098752,10,,"OrderedDict([('allocated_bytes.allocated', 12648751104), ('allocated_bytes.current', 12648755241), ('allocated_bytes.freed', -4137), ('allocated_bytes.peak', 12648755241), ('allocation.allocated', 4334), ('allocation.current', 197), ('allocation.freed', 4137), ('allocation.peak', 197), ('host_alloc_time.avg', 547), ('host_alloc_time.count', 197), ('host_alloc_time.max', 25494), ('host_alloc_time.min', 1), ('host_alloc_time.total', 107914), ('host_free_time.avg', 0), ('host_free_time.count', 0), ('host_free_time.max', 0), ('host_free_time.min', 0), ('host_free_time.total', 0), ('num_host_alloc', 197), ('num_host_free', 0), ('reserved_bytes.allocated', 574943232), ('reserved_bytes.current', 574943232), ('reserved_bytes.freed', 0), ('reserved_bytes.peak', 574943232), ('segment.allocated', 197), ('segment.current', 197), ('segment.freed', 0), ('segment.peak', 197)])",574943232,True,process_lifetime_not_reset_per_case,327696384
419.32167671620846,26.180543899536133,386.6327667236328,"[26.180543899536133, 26.152320861816406, 26.14841651916504, 26.127487182617188, 26.170751571655273, 26.18195152282715, 26.303455352783203, 26.190176010131836, 26.17478370666504, 26.15020751953125, 26.155071258544922, 26.192960739135742, 26.145248413085938, 26.173248291015625, 26.144351959228516, 20.222335815429688]",64,152.6274541807539,cpu_overlap_p256_b4_m1,cpu_overlap,256,4,1,4,measured,True,afae6653ac9107a3812aa8b3cf945e1a597a2ea571383f9f69110f236a353077,2014486528,313140736,369098752,10,,"OrderedDict([('allocated_bytes.allocated', 12648751104), ('allocated_bytes.current', 12648755241), ('allocated_bytes.freed', -4137), ('allocated_bytes.peak', 12648755241), ('allocation.allocated', 4334), ('allocation.current', 197), ('allocation.freed', 4137), ('allocation.peak', 197), ('host_alloc_time.avg', 547), ('host_alloc_time.count', 197), ('host_alloc_time.max', 25494), ('host_alloc_time.min', 1), ('host_alloc_time.total', 107914), ('host_free_time.avg', 0), ('host_free_time.count', 0), ('host_free_time.max', 0), ('host_free_time.min', 0), ('host_free_time.total', 0), ('num_host_alloc', 197), ('num_host_free', 0), ('reserved_bytes.allocated', 574943232), ('reserved_bytes.current', 574943232), ('reserved_bytes.freed', 0), ('reserved_bytes.peak', 574943232), ('segment.allocated', 197), ('segment.current', 197), ('segment.freed', 0), ('segment.peak', 197)])",574943232,True,process_lifetime_not_reset_per_case,327696384
419.10082660615444,26.18953514099121,386.4436492919922,"[26.18953514099121, 26.148096084594727, 26.14998435974121, 26.17206382751465, 26.22640037536621, 26.222335815429688, 26.187456130981445, 26.14169692993164, 26.132160186767578, 26.160032272338867, 26.122175216674805, 26.184511184692383, 26.1297607421875, 26.131711959838867, 26.14473533630371, 20.190528869628906]",64,152.70788301294218,cpu_overlap_p256_b4_m1,cpu_overlap,256,4,1,5,measured,True,afae6653ac9107a3812aa8b3cf945e1a597a2ea571383f9f69110f236a353077,2014486528,313140736,369098752,10,,"OrderedDict([('allocated_bytes.allocated', 12648751104), ('allocated_bytes.current', 12648755241), ('allocated_bytes.freed', -4137), ('allocated_bytes.peak', 12648755241), ('allocation.allocated', 4334), ('allocation.current', 197), ('allocation.freed', 4137), ('allocation.peak', 197), ('host_alloc_time.avg', 547), ('host_alloc_time.count', 197), ('host_alloc_time.max', 25494), ('host_alloc_time.min', 1), ('host_alloc_time.total', 107914), ('host_free_time.avg', 0), ('host_free_time.count', 0), ('host_free_time.max', 0), ('host_free_time.min', 0), ('host_free_time.total', 0), ('num_host_alloc', 197), ('num_host_free', 0), ('reserved_bytes.allocated', 574943232), ('reserved_bytes.current', 574943232), ('reserved_bytes.freed', 0), ('reserved_bytes.peak', 574943232), ('segment.allocated', 197), ('segment.current', 197), ('segment.freed', 0), ('segment.peak', 197)])",574943232,True,process_lifetime_not_reset_per_case,327696384
418.88646595180035,26.17830467224121,386.2536315917969,"[26.17830467224121, 26.178239822387695, 26.135616302490234, 26.143455505371094, 26.165088653564453, 26.157760620117188, 26.149023056030273, 26.146272659301758, 26.147615432739258, 26.13987159729004, 26.137439727783203, 26.12918472290039, 26.139999389648438, 26.133407592773438, 26.144704818725586, 20.205951690673828]",64,152.78602963353853,cpu_overlap_p256_b4_m1,cpu_overlap,256,4,1,6,measured,True,afae6653ac9107a3812aa8b3cf945e1a597a2ea571383f9f69110f236a353077,2014486528,313140736,369098752,10,,"OrderedDict([('allocated_bytes.allocated', 12648751104), ('allocated_bytes.current', 12648755241), ('allocated_bytes.freed', -4137), ('allocated_bytes.peak', 12648755241), ('allocation.allocated', 4334), ('allocation.current', 197), ('allocation.freed', 4137), ('allocation.peak', 197), ('host_alloc_time.avg', 547), ('host_alloc_time.count', 197), ('host_alloc_time.max', 25494), ('host_alloc_time.min', 1), ('host_alloc_time.total', 107914), ('host_free_time.avg', 0), ('host_free_time.count', 0), ('host_free_time.max', 0), ('host_free_time.min', 0), ('host_free_time.total', 0), ('num_host_alloc', 197), ('num_host_free', 0), ('reserved_bytes.allocated', 574943232), ('reserved_bytes.current', 574943232), ('reserved_bytes.freed', 0), ('reserved_bytes.peak', 574943232), ('segment.allocated', 197), ('segment.current', 197), ('segment.freed', 0), ('segment.peak', 197)])",574943232,True,process_lifetime_not_reset_per_case,327696384
102.62711718678474,19.19049644470215,82.90761661529541,"[19.19049644470215, 5.595392227172852, 5.5373759269714355, 5.551616191864014, 5.524191856384277, 5.5327677726745605, 5.52780818939209, 5.676000118255615, 5.54585599899292, 5.589280128479004, 5.577600002288818, 5.5438079833984375, 5.563231945037842, 5.528768062591553, 5.547616004943848, 5.0663042068481445]",128,1247.233708874778,gpu_p256_b4_m2,gpu,256,4,2,0,measured,True,a4e66acab205dd4f3431c4462e4481cc89827d0f278d80918cfc8d2ae5c05da7,2014486528,533437952,576716800,10,,"OrderedDict([('allocated_bytes.allocated', 12648751104), ('allocated_bytes.current', 12648755241), ('allocated_bytes.freed', -4137), ('allocated_bytes.peak', 12648755241), ('allocation.allocated', 4334), ('allocation.current', 197), ('allocation.freed', 4137), ('allocation.peak', 197), ('host_alloc_time.avg', 547), ('host_alloc_time.count', 197), ('host_alloc_time.max', 25494), ('host_alloc_time.min', 1), ('host_alloc_time.total', 107914), ('host_free_time.avg', 0), ('host_free_time.count', 0), ('host_free_time.max', 0), ('host_free_time.min', 0), ('host_free_time.total', 0), ('num_host_alloc', 197), ('num_host_free', 0), ('reserved_bytes.allocated', 574943232), ('reserved_bytes.current', 574943232), ('reserved_bytes.freed', 0), ('reserved_bytes.peak', 574943232), ('segment.allocated', 197), ('segment.current', 197), ('segment.freed', 0), ('segment.peak', 197)])",574943232,True,process_lifetime_not_reset_per_case,0
102.5851252488792,19.203744888305664,82.96454381942749,"[19.203744888305664, 5.554912090301514, 5.589983940124512, 5.604928016662598, 5.574079990386963, 5.585824012756348, 5.611231803894043, 5.551199913024902, 5.542943954467773, 5.4969282150268555, 5.5917439460754395, 5.528543949127197, 5.574016094207764, 5.516960144042969, 5.5720319747924805, 5.069215774536133]",128,1247.7442483933457,gpu_p256_b4_m2,gpu,256,4,2,1,measured,True,a4e66acab205dd4f3431c4462e4481cc89827d0f278d80918cfc8d2ae5c05da7,2014486528,533437952,576716800,10,,"OrderedDict([('allocated_bytes.allocated', 12648751104), ('allocated_bytes.current', 12648755241), ('allocated_bytes.freed', -4137), ('allocated_bytes.peak', 12648755241), ('allocation.allocated', 4334), ('allocation.current', 197), ('allocation.freed', 4137), ('allocation.peak', 197), ('host_alloc_time.avg', 547), ('host_alloc_time.count', 197), ('host_alloc_time.max', 25494), ('host_alloc_time.min', 1), ('host_alloc_time.total', 107914), ('host_free_time.avg', 0), ('host_free_time.count', 0), ('host_free_time.max', 0), ('host_free_time.min', 0), ('host_free_time.total', 0), ('num_host_alloc', 197), ('num_host_free', 0), ('reserved_bytes.allocated', 574943232), ('reserved_bytes.current', 574943232), ('reserved_bytes.freed', 0), ('reserved_bytes.peak', 574943232), ('segment.allocated', 197), ('segment.current', 197), ('segment.freed', 0), ('segment.peak', 197)])",574943232,True,process_lifetime_not_reset_per_case,0
102.98493597656488,19.178464889526367,83.3911361694336,"[19.178464889526367, 5.580160140991211, 5.612480163574219, 5.51855993270874, 5.627583980560303, 5.576223850250244, 5.6211838722229, 5.572544097900391, 5.6136322021484375, 5.5292158126831055, 5.584352016448975, 5.574848175048828, 5.596960067749023, 5.64572811126709, 5.581503868103027, 5.1561598777771]",128,1242.90022405925,gpu_p256_b4_m2,gpu,256,4,2,2,measured,True,a4e66acab205dd4f3431c4462e4481cc89827d0f278d80918cfc8d2ae5c05da7,2014486528,533437952,576716800,10,,"OrderedDict([('allocated_bytes.allocated', 12648751104), ('allocated_bytes.current', 12648755241), ('allocated_bytes.freed', -4137), ('allocated_bytes.peak', 12648755241), ('allocation.allocated', 4334), ('allocation.current', 197), ('allocation.freed', 4137), ('allocation.peak', 197), ('host_alloc_time.avg', 547), ('host_alloc_time.count', 197), ('host_alloc_time.max', 25494), ('host_alloc_time.min', 1), ('host_alloc_time.total', 107914), ('host_free_time.avg', 0), ('host_free_time.count', 0), ('host_free_time.max', 0), ('host_free_time.min', 0), ('host_free_time.total', 0), ('num_host_alloc', 197), ('num_host_free', 0), ('reserved_bytes.allocated', 574943232), ('reserved_bytes.current', 574943232), ('reserved_bytes.freed', 0), ('reserved_bytes.peak', 574943232), ('segment.allocated', 197), ('segment.current', 197), ('segment.freed', 0), ('segment.peak', 197)])",574943232,True,process_lifetime_not_reset_per_case,0
102.53090923652053,19.179359436035156,82.93286466598511,"[19.179359436035156, 5.594816207885742, 5.583968162536621, 5.530943870544434, 5.5944318771362305, 5.4937920570373535, 5.609792232513428, 5.530432224273682, 5.525472164154053, 5.575456142425537, 5.489696025848389, 5.553887844085693, 5.5352959632873535, 5.577568054199219, 5.635871887207031, 5.101439952850342]",128,1248.4040271673277,gpu_p256_b4_m2,gpu,256,4,2,3,measured,True,a4e66acab205dd4f3431c4462e4481cc89827d0f278d80918cfc8d2ae5c05da7,2014486528,533437952,576716800,10,,"OrderedDict([('allocated_bytes.allocated', 12648751104), ('allocated_bytes.current', 12648755241), ('allocated_bytes.freed', -4137), ('allocated_bytes.peak', 12648755241), ('allocation.allocated', 4334), ('allocation.current', 197), ('allocation.freed', 4137), ('allocation.peak', 197), ('host_alloc_time.avg', 547), ('host_alloc_time.count', 197), ('host_alloc_time.max', 25494), ('host_alloc_time.min', 1), ('host_alloc_time.total', 107914), ('host_free_time.avg', 0), ('host_free_time.count', 0), ('host_free_time.max', 0), ('host_free_time.min', 0), ('host_free_time.total', 0), ('num_host_alloc', 197), ('num_host_free', 0), ('reserved_bytes.allocated', 574943232), ('reserved_bytes.current', 574943232), ('reserved_bytes.freed', 0), ('reserved_bytes.peak', 574943232), ('segment.allocated', 197), ('segment.current', 197), ('segment.freed', 0), ('segment.peak', 197)])",574943232,True,process_lifetime_not_reset_per_case,0
102.6274599134922,19.179424285888672,83.03692770004272,"[19.179424285888672, 5.600704193115234, 5.608799934387207, 5.586719989776611, 5.5709757804870605, 5.545216083526611, 5.553855895996094, 5.559328079223633, 5.571487903594971, 5.573760032653809, 5.51584005355835, 5.575136184692383, 5.608223915100098, 5.51043176651001, 5.567296028137207, 5.089151859283447]",128,1247.2295437097935,gpu_p256_b4_m2,gpu,256,4,2,4,measured,True,a4e66acab205dd4f3431c4462e4481cc89827d0f278d80918cfc8d2ae5c05da7,2014486528,533437952,576716800,10,,"OrderedDict([('allocated_bytes.allocated', 12648751104), ('allocated_bytes.current', 12648755241), ('allocated_bytes.freed', -4137), ('allocated_bytes.peak', 12648755241), ('allocation.allocated', 4334), ('allocation.current', 197), ('allocation.freed', 4137), ('allocation.peak', 197), ('host_alloc_time.avg', 547), ('host_alloc_time.count', 197), ('host_alloc_time.max', 25494), ('host_alloc_time.min', 1), ('host_alloc_time.total', 107914), ('host_free_time.avg', 0), ('host_free_time.count', 0), ('host_free_time.max', 0), ('host_free_time.min', 0), ('host_free_time.total', 0), ('num_host_alloc', 197), ('num_host_free', 0), ('reserved_bytes.allocated', 574943232), ('reserved_bytes.current', 574943232), ('reserved_bytes.freed', 0), ('reserved_bytes.peak', 574943232), ('segment.allocated', 197), ('segment.current', 197), ('segment.freed', 0), ('segment.peak', 197)])",574943232,True,process_lifetime_not_reset_per_case,0
102.35242219641805,19.175615310668945,82.76208066940308,"[19.175615310668945, 5.608736038208008, 5.544608116149902, 5.611904144287109, 5.534592151641846, 5.55785608291626, 5.517471790313721, 5.475615978240967, 5.547904014587402, 5.518527984619141, 5.551648139953613, 5.5166401863098145, 5.5693440437316895, 5.550528049468994, 5.578752040863037, 5.077951908111572]",128,1250.5810537083657,gpu_p256_b4_m2,gpu,256,4,2,5,measured,True,a4e66acab205dd4f3431c4462e4481cc89827d0f278d80918cfc8d2ae5c05da7,2014486528,533437952,576716800,10,,"OrderedDict([('allocated_bytes.allocated', 12648751104), ('allocated_bytes.current', 12648755241), ('allocated_bytes.freed', -4137), ('allocated_bytes.peak', 12648755241), ('allocation.allocated', 4334), ('allocation.current', 197), ('allocation.freed', 4137), ('allocation.peak', 197), ('host_alloc_time.avg', 547), ('host_alloc_time.count', 197), ('host_alloc_time.max', 25494), ('host_alloc_time.min', 1), ('host_alloc_time.total', 107914), ('host_free_time.avg', 0), ('host_free_time.count', 0), ('host_free_time.max', 0), ('host_free_time.min', 0), ('host_free_time.total', 0), ('num_host_alloc', 197), ('num_host_free', 0), ('reserved_bytes.allocated', 574943232), ('reserved_bytes.current', 574943232), ('reserved_bytes.freed', 0), ('reserved_bytes.peak', 574943232), ('segment.allocated', 197), ('segment.current', 197), ('segment.freed', 0), ('segment.peak', 197)])",574943232,True,process_lifetime_not_reset_per_case,0
102.63588139787316,19.204959869384766,82.97276782989502,"[19.204959869384766, 5.557024002075195, 5.600480079650879, 5.604991912841797, 5.505216121673584, 5.530720233917236, 5.556352138519287, 5.501728057861328, 5.559199810028076, 5.606719970703125, 5.6091837882995605, 5.644063949584961, 5.551743984222412, 5.501215934753418, 5.603007793426514, 5.0411200523376465]",128,1247.127205970021,gpu_p256_b4_m2,gpu,256,4,2,6,measured,True,a4e66acab205dd4f3431c4462e4481cc89827d0f278d80918cfc8d2ae5c05da7,2014486528,533437952,576716800,10,,"OrderedDict([('allocated_bytes.allocated', 12648751104), ('allocated_bytes.current', 12648755241), ('allocated_bytes.freed', -4137), ('allocated_bytes.peak', 12648755241), ('allocation.allocated', 4334), ('allocation.current', 197), ('allocation.freed', 4137), ('allocation.peak', 197), ('host_alloc_time.avg', 547), ('host_alloc_time.count', 197), ('host_alloc_time.max', 25494), ('host_alloc_time.min', 1), ('host_alloc_time.total', 107914), ('host_free_time.avg', 0), ('host_free_time.count', 0), ('host_free_time.max', 0), ('host_free_time.min', 0), ('host_free_time.total', 0), ('num_host_alloc', 197), ('num_host_free', 0), ('reserved_bytes.allocated', 574943232), ('reserved_bytes.current', 574943232), ('reserved_bytes.freed', 0), ('reserved_bytes.peak', 574943232), ('segment.allocated', 197), ('segment.current', 197), ('segment.freed', 0), ('segment.peak', 197)])",574943232,True,process_lifetime_not_reset_per_case,0
470.5401617102325,44.239166259765625,425.80252838134766,"[44.239166259765625, 28.40153694152832, 28.379487991333008, 28.554527282714844, 28.414304733276367, 28.371007919311523, 28.398303985595703, 28.34649658203125, 28.319744110107422, 28.31737518310547, 28.42095947265625, 28.334911346435547, 28.45212745666504, 28.325664520263672, 28.43824005126953, 28.32784080505371]",128,272.0277893703467,cpu_serial_p256_b4_m2,cpu_serial,256,4,2,0,measured,True,a4e66acab205dd4f3431c4462e4481cc89827d0f278d80918cfc8d2ae5c05da7,2014486528,275914240,289406976,10,,"OrderedDict([('allocated_bytes.allocated', 13223694336), ('allocated_bytes.current', 13223698670), ('allocated_bytes.freed', -4334), ('allocated_bytes.peak', 13223698670), ('allocation.allocated', 4531), ('allocation.current', 197), ('allocation.freed', 4334), ('allocation.peak', 197), ('host_alloc_time.avg', 547), ('host_alloc_time.count', 197), ('host_alloc_time.max', 25494), ('host_alloc_time.min', 1), ('host_alloc_time.total', 107914), ('host_free_time.avg', 0), ('host_free_time.count', 0), ('host_free_time.max', 0), ('host_free_time.min', 0), ('host_free_time.total', 0), ('num_host_alloc', 197), ('num_host_free', 0), ('reserved_bytes.allocated', 574943232), ('reserved_bytes.current', 574943232), ('reserved_bytes.freed', 0), ('reserved_bytes.peak', 574943232), ('segment.allocated', 197), ('segment.current', 197), ('segment.freed', 0), ('segment.peak', 197)])",574943232,True,process_lifetime_not_reset_per_case,327696384
470.1177142560482,44.2795524597168,425.47286796569824,"[44.2795524597168, 28.440319061279297, 28.36332893371582, 28.37366485595703, 28.346464157104492, 28.33875274658203, 28.41200065612793, 28.324031829833984, 28.29193687438965, 28.324256896972656, 28.42233657836914, 28.318239212036133, 28.42336082458496, 28.318143844604492, 28.469215393066406, 28.30681610107422]",128,272.2722333544853,cpu_serial_p256_b4_m2,cpu_serial,256,4,2,1,measured,True,a4e66acab205dd4f3431c4462e4481cc89827d0f278d80918cfc8d2ae5c05da7,2014486528,275914240,289406976,10,,"OrderedDict([('allocated_bytes.allocated', 13223694336), ('allocated_bytes.current', 13223698670), ('allocated_bytes.freed', -4334), ('allocated_bytes.peak', 13223698670), ('allocation.allocated', 4531), ('allocation.current', 197), ('allocation.freed', 4334), ('allocation.peak', 197), ('host_alloc_time.avg', 547), ('host_alloc_time.count', 197), ('host_alloc_time.max', 25494), ('host_alloc_time.min', 1), ('host_alloc_time.total', 107914), ('host_free_time.avg', 0), ('host_free_time.count', 0), ('host_free_time.max', 0), ('host_free_time.min', 0), ('host_free_time.total', 0), ('num_host_alloc', 197), ('num_host_free', 0), ('reserved_bytes.allocated', 574943232), ('reserved_bytes.current', 574943232), ('reserved_bytes.freed', 0), ('reserved_bytes.peak', 574943232), ('segment.allocated', 197), ('segment.current', 197), ('segment.freed', 0), ('segment.peak', 197)])",574943232,True,process_lifetime_not_reset_per_case,327696384
470.1986238360405,44.25580978393555,425.5891513824463,"[44.25580978393555, 28.38387107849121, 28.441055297851562, 28.34432029724121, 28.344736099243164, 28.36390495300293, 28.408191680908203, 28.342144012451172, 28.34432029724121, 28.343807220458984, 28.422687530517578, 28.332416534423828, 28.415584564208984, 28.338239669799805, 28.422048568725586, 28.34182357788086]",128,272.2253820220323,cpu_serial_p256_b4_m2,cpu_serial,256,4,2,2,measured,True,a4e66acab205dd4f3431c4462e4481cc89827d0f278d80918cfc8d2ae5c05da7,2014486528,275914240,289406976,10,,"OrderedDict([('allocated_bytes.allocated', 13223694336), ('allocated_bytes.current', 13223698670), ('allocated_bytes.freed', -4334), ('allocated_bytes.peak', 13223698670), ('allocation.allocated', 4531), ('allocation.current', 197), ('allocation.freed', 4334), ('allocation.peak', 197), ('host_alloc_time.avg', 547), ('host_alloc_time.count', 197), ('host_alloc_time.max', 25494), ('host_alloc_time.min', 1), ('host_alloc_time.total', 107914), ('host_free_time.avg', 0), ('host_free_time.count', 0), ('host_free_time.max', 0), ('host_free_time.min', 0), ('host_free_time.total', 0), ('num_host_alloc', 197), ('num_host_free', 0), ('reserved_bytes.allocated', 574943232), ('reserved_bytes.current', 574943232), ('reserved_bytes.freed', 0), ('reserved_bytes.peak', 574943232), ('segment.allocated', 197), ('segment.current', 197), ('segment.freed', 0), ('segment.peak', 197)])",574943232,True,process_lifetime_not_reset_per_case,327696384
471.2677039206028,44.318878173828125,426.57337379455566,"[44.318878173828125, 28.737279891967773, 28.627647399902344, 28.38217544555664, 28.506431579589844, 28.428831100463867, 28.47212791442871, 28.327199935913086, 28.29267120361328, 28.319616317749023, 28.41689682006836, 28.32592010498047, 28.44972801208496, 28.389408111572266, 28.461631774902344, 28.435808181762695]",128,271.607833371847,cpu_serial_p256_b4_m2,cpu_serial,256,4,2,3,measured,True,a4e66acab205dd4f3431c4462e4481cc89827d0f278d80918cfc8d2ae5c05da7,2014486528,275914240,289406976,10,,"OrderedDict([('allocated_bytes.allocated', 13223694336), ('allocated_bytes.current', 13223698670), ('allocated_bytes.freed', -4334), ('allocated_bytes.peak', 13223698670), ('allocation.allocated', 4531), ('allocation.current', 197), ('allocation.freed', 4334), ('allocation.peak', 197), ('host_alloc_time.avg', 547), ('host_alloc_time.count', 197), ('host_alloc_time.max', 25494), ('host_alloc_time.min', 1), ('host_alloc_time.total', 107914), ('host_free_time.avg', 0), ('host_free_time.count', 0), ('host_free_time.max', 0), ('host_free_time.min', 0), ('host_free_time.total', 0), ('num_host_alloc', 197), ('num_host_free', 0), ('reserved_bytes.allocated', 574943232), ('reserved_bytes.current', 574943232), ('reserved_bytes.freed', 0), ('reserved_bytes.peak', 574943232), ('segment.allocated', 197), ('segment.current', 197), ('segment.freed', 0), ('segment.peak', 197)])",574943232,True,process_lifetime_not_reset_per_case,327696384
470.3934150747955,44.3917121887207,425.5618209838867,"[44.3917121887207, 28.37887954711914, 28.47123146057129, 28.358720779418945, 28.33286476135254, 28.350143432617188, 28.442623138427734, 28.335647583007812, 28.302303314208984, 28.342016220092773, 28.434303283691406, 28.341087341308594, 28.423200607299805, 28.31510353088379, 28.441919326782227, 28.291776657104492]",128,272.11265272420366,cpu_serial_p256_b4_m2,cpu_serial,256,4,2,4,measured,True,a4e66acab205dd4f3431c4462e4481cc89827d0f278d80918cfc8d2ae5c05da7,2014486528,275914240,289406976,10,,"OrderedDict([('allocated_bytes.allocated', 13223694336), ('allocated_bytes.current', 13223698670), ('allocated_bytes.freed', -4334), ('allocated_bytes.peak', 13223698670), ('allocation.allocated', 4531), ('allocation.current', 197), ('allocation.freed', 4334), ('allocation.peak', 197), ('host_alloc_time.avg', 547), ('host_alloc_time.count', 197), ('host_alloc_time.max', 25494), ('host_alloc_time.min', 1), ('host_alloc_time.total', 107914), ('host_free_time.avg', 0), ('host_free_time.count', 0), ('host_free_time.max', 0), ('host_free_time.min', 0), ('host_free_time.total', 0), ('num_host_alloc', 197), ('num_host_free', 0), ('reserved_bytes.allocated', 574943232), ('reserved_bytes.current', 574943232), ('reserved_bytes.freed', 0), ('reserved_bytes.peak', 574943232), ('segment.allocated', 197), ('segment.current', 197), ('segment.freed', 0), ('segment.peak', 197)])",574943232,True,process_lifetime_not_reset_per_case,327696384
470.0416927225888,44.31148910522461,425.34428787231445,"[44.31148910522461, 28.37401580810547, 28.37139129638672, 28.31724739074707, 28.360416412353516, 28.32326316833496, 28.38435173034668, 28.33990478515625, 28.303808212280273, 28.33625602722168, 28.397504806518555, 28.327104568481445, 28.419103622436523, 28.32361602783203, 28.46236801147461, 28.303936004638672]",128,272.3162689220073,cpu_serial_p256_b4_m2,cpu_serial,256,4,2,5,measured,True,a4e66acab205dd4f3431c4462e4481cc89827d0f278d80918cfc8d2ae5c05da7,2014486528,275914240,289406976,10,,"OrderedDict([('allocated_bytes.allocated', 13223694336), ('allocated_bytes.current', 13223698670), ('allocated_bytes.freed', -4334), ('allocated_bytes.peak', 13223698670), ('allocation.allocated', 4531), ('allocation.current', 197), ('allocation.freed', 4334), ('allocation.peak', 197), ('host_alloc_time.avg', 547), ('host_alloc_time.count', 197), ('host_alloc_time.max', 25494), ('host_alloc_time.min', 1), ('host_alloc_time.total', 107914), ('host_free_time.avg', 0), ('host_free_time.count', 0), ('host_free_time.max', 0), ('host_free_time.min', 0), ('host_free_time.total', 0), ('num_host_alloc', 197), ('num_host_free', 0), ('reserved_bytes.allocated', 574943232), ('reserved_bytes.current', 574943232), ('reserved_bytes.freed', 0), ('reserved_bytes.peak', 574943232), ('segment.allocated', 197), ('segment.current', 197), ('segment.freed', 0), ('segment.peak', 197)])",574943232,True,process_lifetime_not_reset_per_case,327696384
470.2606680803001,44.28518295288086,425.5641899108887,"[44.28518295288086, 28.413183212280273, 28.42265510559082, 28.3305606842041, 28.319679260253906, 28.31920051574707, 28.412607192993164, 28.30451202392578, 28.325023651123047, 28.33616065979004, 28.427391052246094, 28.39664077758789, 28.459936141967773, 28.35260772705078, 28.447359085083008, 28.296672821044922]",128,272.18946573295636,cpu_serial_p256_b4_m2,cpu_serial,256,4,2,6,measured,True,a4e66acab205dd4f3431c4462e4481cc89827d0f278d80918cfc8d2ae5c05da7,2014486528,275914240,289406976,10,,"OrderedDict([('allocated_bytes.allocated', 13223694336), ('allocated_bytes.current', 13223698670), ('allocated_bytes.freed', -4334), ('allocated_bytes.peak', 13223698670), ('allocation.allocated', 4531), ('allocation.current', 197), ('allocation.freed', 4334), ('allocation.peak', 197), ('host_alloc_time.avg', 547), ('host_alloc_time.count', 197), ('host_alloc_time.max', 25494), ('host_alloc_time.min', 1), ('host_alloc_time.total', 107914), ('host_free_time.avg', 0), ('host_free_time.count', 0), ('host_free_time.max', 0), ('host_free_time.min', 0), ('host_free_time.total', 0), ('num_host_alloc', 197), ('num_host_free', 0), ('reserved_bytes.allocated', 574943232), ('reserved_bytes.current', 574943232), ('reserved_bytes.freed', 0), ('reserved_bytes.peak', 574943232), ('segment.allocated', 197), ('segment.current', 197), ('segment.freed', 0), ('segment.peak', 197)])",574943232,True,process_lifetime_not_reset_per_case,327696384
472.9200527071953,35.93183898925781,430.2627544403076,"[35.93183898925781, 29.26460838317871, 29.146879196166992, 29.420896530151367, 29.222463607788086, 29.049440383911133, 29.07219123840332, 29.03411293029785, 29.020639419555664, 29.010112762451172, 29.060800552368164, 29.076383590698242, 29.093568801879883, 28.998336791992188, 29.066335678100586, 22.725984573364258]",128,270.6588550586375,cpu_overlap_p256_b4_m2,cpu_overlap,256,4,2,0,measured,True,a4e66acab205dd4f3431c4462e4481cc89827d0f278d80918cfc8d2ae5c05da7,2014486528,356657664,411041792,10,,"OrderedDict([('allocated_bytes.allocated', 13798637568), ('allocated_bytes.current', 13798642099), ('allocated_bytes.freed', -4531), ('allocated_bytes.peak', 13798642099), ('allocation.allocated', 4728), ('allocation.current', 197), ('allocation.freed', 4531), ('allocation.peak', 197), ('host_alloc_time.avg', 547), ('host_alloc_time.count', 197), ('host_alloc_time.max', 25494), ('host_alloc_time.min', 1), ('host_alloc_time.total', 107914), ('host_free_time.avg', 0), ('host_free_time.count', 0), ('host_free_time.max', 0), ('host_free_time.min', 0), ('host_free_time.total', 0), ('num_host_alloc', 197), ('num_host_free', 0), ('reserved_bytes.allocated', 574943232), ('reserved_bytes.current', 574943232), ('reserved_bytes.freed', 0), ('reserved_bytes.peak', 574943232), ('segment.allocated', 197), ('segment.current', 197), ('segment.freed', 0), ('segment.peak', 197)])",574943232,True,process_lifetime_not_reset_per_case,327696384
471.6130248270929,35.90345764160156,429.06748962402344,"[35.90345764160156, 29.044288635253906, 29.014816284179688, 29.007904052734375, 29.022207260131836, 29.04889678955078, 29.00739288330078, 28.99625587463379, 29.03011131286621, 29.023040771484375, 28.994464874267578, 29.019487380981445, 29.132383346557617, 29.066463470458984, 28.983232498168945, 22.676544189453125]",128,271.4089587473301,cpu_overlap_p256_b4_m2,cpu_overlap,256,4,2,1,measured,True,a4e66acab205dd4f3431c4462e4481cc89827d0f278d80918cfc8d2ae5c05da7,2014486528,356657664,411041792,10,,"OrderedDict([('allocated_bytes.allocated', 13798637568), ('allocated_bytes.current', 13798642099), ('allocated_bytes.freed', -4531), ('allocated_bytes.peak', 13798642099), ('allocation.allocated', 4728), ('allocation.current', 197), ('allocation.freed', 4531), ('allocation.peak', 197), ('host_alloc_time.avg', 547), ('host_alloc_time.count', 197), ('host_alloc_time.max', 25494), ('host_alloc_time.min', 1), ('host_alloc_time.total', 107914), ('host_free_time.avg', 0), ('host_free_time.count', 0), ('host_free_time.max', 0), ('host_free_time.min', 0), ('host_free_time.total', 0), ('num_host_alloc', 197), ('num_host_free', 0), ('reserved_bytes.allocated', 574943232), ('reserved_bytes.current', 574943232), ('reserved_bytes.freed', 0), ('reserved_bytes.peak', 574943232), ('segment.allocated', 197), ('segment.current', 197), ('segment.freed', 0), ('segment.peak', 197)])",574943232,True,process_lifetime_not_reset_per_case,327696384
471.71067306771874,35.87686538696289,429.2533779144287,"[35.87686538696289, 29.032032012939453, 29.07161521911621, 29.048927307128906, 29.05606460571289, 29.044832229614258, 29.040895462036133, 28.99273681640625, 29.013439178466797, 29.055648803710938, 29.014751434326172, 29.027360916137695, 29.066272735595703, 28.977632522583008, 29.108863830566406, 22.70230484008789]",128,271.3527747158359,cpu_overlap_p256_b4_m2,cpu_overlap,256,4,2,2,measured,True,a4e66acab205dd4f3431c4462e4481cc89827d0f278d80918cfc8d2ae5c05da7,2014486528,356657664,411041792,10,,"OrderedDict([('allocated_bytes.allocated', 13798637568), ('allocated_bytes.current', 13798642099), ('allocated_bytes.freed', -4531), ('allocated_bytes.peak', 13798642099), ('allocation.allocated', 4728), ('allocation.current', 197), ('allocation.freed', 4531), ('allocation.peak', 197), ('host_alloc_time.avg', 547), ('host_alloc_time.count', 197), ('host_alloc_time.max', 25494), ('host_alloc_time.min', 1), ('host_alloc_time.total', 107914), ('host_free_time.avg', 0), ('host_free_time.count', 0), ('host_free_time.max', 0), ('host_free_time.min', 0), ('host_free_time.total', 0), ('num_host_alloc', 197), ('num_host_free', 0), ('reserved_bytes.allocated', 574943232), ('reserved_bytes.current', 574943232), ('reserved_bytes.freed', 0), ('reserved_bytes.peak', 574943232), ('segment.allocated', 197), ('segment.current', 197), ('segment.freed', 0), ('segment.peak', 197)])",574943232,True,process_lifetime_not_reset_per_case,327696384
471.48863272741437,35.945152282714844,428.95801734924316,"[35.945152282714844, 28.992128372192383, 29.083999633789062, 29.030399322509766, 29.02582359313965, 29.04096031188965, 29.033376693725586, 29.036832809448242, 29.02649688720703, 28.995071411132812, 29.001279830932617, 29.004159927368164, 29.002880096435547, 28.976287841796875, 29.033056259155273, 22.675264358520508]",128,271.48056414331774,cpu_overlap_p256_b4_m2,cpu_overlap,256,4,2,3,measured,True,a4e66acab205dd4f3431c4462e4481cc89827d0f278d80918cfc8d2ae5c05da7,2014486528,356657664,411041792,10,,"OrderedDict([('allocated_bytes.allocated', 13798637568), ('allocated_bytes.current', 13798642099), ('allocated_bytes.freed', -4531), ('allocated_bytes.peak', 13798642099), ('allocation.allocated', 4728), ('allocation.current', 197), ('allocation.freed', 4531), ('allocation.peak', 197), ('host_alloc_time.avg', 547), ('host_alloc_time.count', 197), ('host_alloc_time.max', 25494), ('host_alloc_time.min', 1), ('host_alloc_time.total', 107914), ('host_free_time.avg', 0), ('host_free_time.count', 0), ('host_free_time.max', 0), ('host_free_time.min', 0), ('host_free_time.total', 0), ('num_host_alloc', 197), ('num_host_free', 0), ('reserved_bytes.allocated', 574943232), ('reserved_bytes.current', 574943232), ('reserved_bytes.freed', 0), ('reserved_bytes.peak', 574943232), ('segment.allocated', 197), ('segment.current', 197), ('segment.freed', 0), ('segment.peak', 197)])",574943232,True,process_lifetime_not_reset_per_case,327696384
473.93800504505634,35.922977447509766,431.43772888183594,"[35.922977447509766, 29.513856887817383, 29.391647338867188, 29.329343795776367, 29.161216735839844, 29.053728103637695, 29.07926368713379, 28.97871971130371, 29.430431365966797, 29.20707130432129, 29.14793586730957, 29.01958465576172, 29.358047485351562, 29.051488876342773, 28.975040435791016, 22.740352630615234]",128,270.0775178133927,cpu_overlap_p256_b4_m2,cpu_overlap,256,4,2,4,measured,True,a4e66acab205dd4f3431c4462e4481cc89827d0f278d80918cfc8d2ae5c05da7,2014486528,356657664,411041792,10,,"OrderedDict([('allocated_bytes.allocated', 13798637568), ('allocated_bytes.current', 13798642099), ('allocated_bytes.freed', -4531), ('allocated_bytes.peak', 13798642099), ('allocation.allocated', 4728), ('allocation.current', 197), ('allocation.freed', 4531), ('allocation.peak', 197), ('host_alloc_time.avg', 547), ('host_alloc_time.count', 197), ('host_alloc_time.max', 25494), ('host_alloc_time.min', 1), ('host_alloc_time.total', 107914), ('host_free_time.avg', 0), ('host_free_time.count', 0), ('host_free_time.max', 0), ('host_free_time.min', 0), ('host_free_time.total', 0), ('num_host_alloc', 197), ('num_host_free', 0), ('reserved_bytes.allocated', 574943232), ('reserved_bytes.current', 574943232), ('reserved_bytes.freed', 0), ('reserved_bytes.peak', 574943232), ('segment.allocated', 197), ('segment.current', 197), ('segment.freed', 0), ('segment.peak', 197)])",574943232,True,process_lifetime_not_reset_per_case,327696384
472.61530719697475,35.93382263183594,430.0325126647949,"[35.93382263183594, 29.02284812927246, 29.052959442138672, 29.04105567932129, 29.06787109375, 29.30681610107422, 29.092256546020508, 29.01081657409668, 29.120159149169922, 29.06483268737793, 29.0762882232666, 29.045984268188477, 29.083263397216797, 29.108448028564453, 29.16307258605957, 22.775840759277344]",128,270.83337769813846,cpu_overlap_p256_b4_m2,cpu_overlap,256,4,2,5,measured,True,a4e66acab205dd4f3431c4462e4481cc89827d0f278d80918cfc8d2ae5c05da7,2014486528,356657664,411041792,10,,"OrderedDict([('allocated_bytes.allocated', 13798637568), ('allocated_bytes.current', 13798642099), ('allocated_bytes.freed', -4531), ('allocated_bytes.peak', 13798642099), ('allocation.allocated', 4728), ('allocation.current', 197), ('allocation.freed', 4531), ('allocation.peak', 197), ('host_alloc_time.avg', 547), ('host_alloc_time.count', 197), ('host_alloc_time.max', 25494), ('host_alloc_time.min', 1), ('host_alloc_time.total', 107914), ('host_free_time.avg', 0), ('host_free_time.count', 0), ('host_free_time.max', 0), ('host_free_time.min', 0), ('host_free_time.total', 0), ('num_host_alloc', 197), ('num_host_free', 0), ('reserved_bytes.allocated', 574943232), ('reserved_bytes.current', 574943232), ('reserved_bytes.freed', 0), ('reserved_bytes.peak', 574943232), ('segment.allocated', 197), ('segment.current', 197), ('segment.freed', 0), ('segment.peak', 197)])",574943232,True,process_lifetime_not_reset_per_case,327696384
471.7058250680566,35.9496955871582,429.0970916748047,"[35.9496955871582, 29.05023956298828, 29.1615047454834, 28.995264053344727, 29.045536041259766, 29.043519973754883, 28.99283218383789, 29.026336669921875, 28.99171257019043, 29.025728225708008, 28.984800338745117, 29.038175582885742, 29.08768081665039, 29.009023666381836, 28.975616455078125, 22.66912078857422]",128,271.35556356874,cpu_overlap_p256_b4_m2,cpu_overlap,256,4,2,6,measured,True,a4e66acab205dd4f3431c4462e4481cc89827d0f278d80918cfc8d2ae5c05da7,2014486528,356657664,411041792,10,,"OrderedDict([('allocated_bytes.allocated', 13798637568), ('allocated_bytes.current', 13798642099), ('allocated_bytes.freed', -4531), ('allocated_bytes.peak', 13798642099), ('allocation.allocated', 4728), ('allocation.current', 197), ('allocation.freed', 4531), ('allocation.peak', 197), ('host_alloc_time.avg', 547), ('host_alloc_time.count', 197), ('host_alloc_time.max', 25494), ('host_alloc_time.min', 1), ('host_alloc_time.total', 107914), ('host_free_time.avg', 0), ('host_free_time.count', 0), ('host_free_time.max', 0), ('host_free_time.min', 0), ('host_free_time.total', 0), ('num_host_alloc', 197), ('num_host_free', 0), ('reserved_bytes.allocated', 574943232), ('reserved_bytes.current', 574943232), ('reserved_bytes.freed', 0), ('reserved_bytes.peak', 574943232), ('segment.allocated', 197), ('segment.current', 197), ('segment.freed', 0), ('segment.peak', 197)])",574943232,True,process_lifetime_not_reset_per_case,327696384
